term,reading,category,tags,short_def,definition,related_terms,legal_basis,importance,explanation,url_slug,article_title,article_lead,term_detail_body,exam_points,common_mistakes,memory_tip,example_question,example_answer,faq_1_question,faq_1_answer,faq_2_question,faq_2_answer,faq_3_question,faq_3_answer,practice_question,practice_question_label
36協定,36協定,基礎・役割,基礎・役割,36協定は、メンタルヘルスケアの意義、管理監督者の役割、ストレスや疾病の基礎理解に関わる用語です。,36協定は、メンタルヘルスケアの意義、管理監督者の役割、ストレスや疾病の基礎理解に関わる用語です。まず「36協定は、法定労働時間を超える時間外労働や法定休日労働を行わせるために必要な労使協定です」という出題上のポイントと結びつけて理解します。過去問・演習では「2019年施行の改正労基法により、特別条項を含めても年720時間・月100時間未満・2〜6か月平均80時間以内の上限規制が設けられた」という形で扱われるため、単語だけでなく設問の場面も確認します。ラインケアの視点では、管理監督者が医学的判断を抱え込まず、職場で観察できる事実と専門職への連携を分けて理解することが重要です。関連する用語として、特別条項もあわせて確認すると理解がつながります。,特別条項;確認すると理解がつながります,,A,演習の正答の要点は「2019年施行の改正労基法により、特別条項を含めても年720時間・月100時間未満・2〜6か月平均80時間以内の上限規制が設けられた」です。誤り肢は根拠法令の取り違え、対象範囲の限定（のみ・必ず）、責任主体の混同（会社のみ・管理監督者のみ）に注意してください。,36-kyotei,36協定とは？意味・根拠・試験で押さえるポイント,36協定は、基礎・役割分野で頻出の用語です。36協定は、メンタルヘルスケアの意義、管理監督者の役割、ストレスや疾病の基礎理解に関わる用語です。本記事では意味、試験での出題の仕方、混同しやすい点を整理します。,36協定は、メンタルヘルスケアの意義、管理監督者の役割、ストレスや疾病の基礎理解に関わる用語です。36協定は、法定労働時間を超える時間外労働や法定休日労働を行わせるために必要な労使協定です。,36協定は、メンタルヘルスケアの意義、管理監督者の役割、ストレスや疾病の基礎理解に関わる用語です。;まず「36協定は、法定労働時間を超える時間外労働や法定休日労働を行わせるために必要な労使協定です」という出題上のポイントと結びつけて理解します。;過去問・演習では「2019年施行の改正労基法により、特別条項を含めても年720時間・月100時間未満・2〜6か月平均80時間以内の上限規制が設けられた」という形で扱われるため、単語だけでなく設問の場面も確認します。;ラインケアの視点では、管理監督者が医学的判断を抱え込まず、職場で観察できる事実と専門職への連携を分けて理解することが重要です。,根拠法令（労基法・労契法・労安法）の取り違え;「のみ」「必ず」などの断定表現に注意;管理監督者が医学的判断を抱え込む,「36協定」は基礎・役割の重要語。定義→誰が何をするか→連携先の順で覚えると整理しやすい。,,,36協定とは何ですか？,36協定は、メンタルヘルスケアの意義、管理監督者の役割、ストレスや疾病の基礎理解に関わる用語です。,36協定は試験でどのように問われますか？,「36協定」は定義に加え、演習問題の正答肢キーワードと照合して覚えると定着しやすいです。関連演習へリンクした問題を解き、用語記事に戻って確認してください。,36協定を学習するときの注意点は？,単語だけでなく、ラインケア・安全配慮・専門職連携の流れの中で意味を確認してください。数値や義務の有無は法令改正で変わる場合があるため、受験前に公式情報も確認してください。,y2026/q51,演習2026・第51問（36協定）
DALYs損失,DALYs損失,基礎・役割,基礎・役割,DALYsは障害調整生命年と訳され、早期死亡による損失と障害を抱えて生活する期間の損失を合わせて、疾病負担を比較するために使われます。,DALYsは障害調整生命年と訳され、早期死亡による損失と障害を抱えて生活する期間の損失を合わせて、疾病負担を比較するために使われます。メンタルヘルス領域では、うつ病などの精神疾患が社会全体の健康損失に大きく関わることを説明する文脈で出てきます。職場では、用語の意味だけでなく、誰が対応し、どの情報を共有し、どの専門職につなぐかまで確認します。実務では、用語を単独で覚えるのではなく、ラインケア・安全配慮・専門職連携の流れに置いて確認します。,36協定;ILO（国際労働機関）;NPO（民間非営利組織）,,A,「DALYs損失」は選択肢で根拠・対象範囲・責任の所在がずれる肢に注意してください。「のみ」「必ず」などの断定は定義と照合し、管理監督者が医学的判断を抱え込まない点も確認します。,dalys,DALYs損失とは？意味・根拠・試験で押さえるポイント,DALYs損失は、基礎・役割分野で頻出の用語です。DALYsは障害調整生命年と訳され、早期死亡による損失と障害を抱えて生活する期間の損失を合わせて、疾病負担を比較するために使われます。本記事では意味、試験での出題の仕方、混同しやすい点を整理します。,DALYsは障害調整生命年と訳され、早期死亡による損失と障害を抱えて生活する期間の損失を合わせて、疾病負担を比較するために使われます。メンタルヘルス領域では、うつ病などの精神疾患が社会全体の健康損失に大きく関わることを説明する文脈で出てきます。,DALYsは障害調整生命年と訳され、早期死亡による損失と障害を抱えて生活する期間の損失を合わせて、疾病負担を比較するために使われます。;メンタルヘルス領域では、うつ病などの精神疾患が社会全体の健康損失に大きく関わることを説明する文脈で出てきます。;職場では、用語の意味だけでなく、誰が対応し、どの情報を共有し、どの専門職につなぐかまで確認します。;実務では、用語を単独で覚えるのではなく、ラインケア・安全配慮・専門職連携の流れに置いて確認します。,根拠法令（労基法・労契法・労安法）の取り違え;「のみ」「必ず」などの断定表現に注意;管理監督者が医学的判断を抱え込む,「DALYs損失」は基礎・役割分野の用語。定義→職場での見方→連携先の順で整理し、関連演習で確認してください。,,,DALYs損失とは何ですか？,DALYsは障害調整生命年と訳され、早期死亡による損失と障害を抱えて生活する期間の損失を合わせて、疾病負担を比較するために使われます。,DALYs損失は試験でどのように問われますか？,「DALYs損失」は定義に加え、演習問題の正答肢キーワードと照合して覚えると定着しやすいです。関連演習へリンクした問題を解き、用語記事に戻って確認してください。,DALYs損失を学習するときの注意点は？,単語だけでなく、ラインケア・安全配慮・専門職連携の流れの中で意味を確認してください。数値や義務の有無は法令改正で変わる場合があるため、受験前に公式情報も確認してください。,y2026/q07,演習2026・第7問（基礎・労働安全衛生）
ILO（国際労働機関）,ILO（国際労働機関）,基礎・役割,基礎・役割,ILO（国際労働機関）は、労働時間、労働安全衛生、雇用、社会保障など、働く人に関する国際的な基準や勧告を扱います。,ILO（国際労働機関）は、労働時間、労働安全衛生、雇用、社会保障など、働く人に関する国際的な基準や勧告を扱います。メンタルヘルス二種マスターでは、職場の健康確保や働き方の改善を広い労働政策の流れの中で理解する際に関連します。職場では、用語の意味だけでなく、誰が対応し、どの情報を共有し、どの専門職につなぐかまで確認します。実務では、用語を単独で覚えるのではなく、ラインケア・安全配慮・専門職連携の流れに置いて確認します。,36協定;DALYs損失;NPO（民間非営利組織）,,A,「ILO（国際労働機関）」は選択肢で根拠・対象範囲・責任の所在がずれる肢に注意してください。「のみ」「必ず」などの断定は定義と照合し、管理監督者が医学的判断を抱え込まない点も確認します。,ilo,ILO（国際労働機関）とは？意味・根拠・試験で押さえるポイント,ILO（国際労働機関）は、基礎・役割分野で頻出の用語です。ILO（国際労働機関）は、労働時間、労働安全衛生、雇用、社会保障など、働く人に関する国際的な基準や勧告を扱います。本記事では意味、試験での出題の仕方、混同しやすい点を整理します。,ILO（国際労働機関）は、労働時間、労働安全衛生、雇用、社会保障など、働く人に関する国際的な基準や勧告を扱います。メンタルヘルス二種マスターでは、職場の健康確保や働き方の改善を広い労働政策の流れの中で理解する際に関連します。,ILO（国際労働機関）は、労働時間、労働安全衛生、雇用、社会保障など、働く人に関する国際的な基準や勧告を扱います。;メンタルヘルス二種マスターでは、職場の健康確保や働き方の改善を広い労働政策の流れの中で理解する際に関連します。;職場では、用語の意味だけでなく、誰が対応し、どの情報を共有し、どの専門職につなぐかまで確認します。;実務では、用語を単独で覚えるのではなく、ラインケア・安全配慮・専門職連携の流れに置いて確認します。,根拠法令（労基法・労契法・労安法）の取り違え;「のみ」「必ず」などの断定表現に注意;管理監督者が医学的判断を抱え込む,「ILO（国際労働機関）」は基礎・役割分野の用語。定義→職場での見方→連携先の順で整理し、関連演習で確認してください。,,,ILO（国際労働機関）とは何ですか？,ILO（国際労働機関）は、労働時間、労働安全衛生、雇用、社会保障など、働く人に関する国際的な基準や勧告を扱います。,ILO（国際労働機関）は試験でどのように問われますか？,「ILO（国際労働機関）」は定義に加え、演習問題の正答肢キーワードと照合して覚えると定着しやすいです。関連演習へリンクした問題を解き、用語記事に戻って確認してください。,ILO（国際労働機関）を学習するときの注意点は？,単語だけでなく、ラインケア・安全配慮・専門職連携の流れの中で意味を確認してください。数値や義務の有無は法令改正で変わる場合があるため、受験前に公式情報も確認してください。,y2026/q07,演習2026・第7問（基礎・労働安全衛生）
NPO（民間非営利組織）,NPO（民間非営利組織）,基礎・役割,基礎・役割,NPO（民間非営利組織）は、相談支援、啓発、地域福祉、自殺予防など、行政や企業だけでは届きにくい領域を補う外部資源として位置づけられます。,NPO（民間非営利組織）は、相談支援、啓発、地域福祉、自殺予防など、行政や企業だけでは届きにくい領域を補う外部資源として位置づけられます。職場のメンタルヘルス対応では、社内資源だけで抱え込まず、地域や専門的な支援先を知っておくことが大切です。職場では、用語の意味だけでなく、誰が対応し、どの情報を共有し、どの専門職につなぐかまで確認します。実務では、用語を単独で覚えるのではなく、ラインケア・安全配慮・専門職連携の流れに置いて確認します。,36協定;DALYs損失;ILO（国際労働機関）,,A,「NPO（民間非営利組織）」は選択肢で根拠・対象範囲・責任の所在がずれる肢に注意してください。「のみ」「必ず」などの断定は定義と照合し、管理監督者が医学的判断を抱え込まない点も確認します。,npo,NPO（民間非営利組織）とは？意味・根拠・試験で押さえるポイント,NPO（民間非営利組織）は、基礎・役割分野で頻出の用語です。NPO（民間非営利組織）は、相談支援、啓発、地域福祉、自殺予防など、行政や企業だけでは届きにくい領域を補う外部資源として位置づけられます。本記事では意味、試験での出題の仕方、混同しやすい点を整理します。,NPO（民間非営利組織）は、相談支援、啓発、地域福祉、自殺予防など、行政や企業だけでは届きにくい領域を補う外部資源として位置づけられます。職場のメンタルヘルス対応では、社内資源だけで抱え込まず、地域や専門的な支援先を知っておくことが大切です。,NPO（民間非営利組織）は、相談支援、啓発、地域福祉、自殺予防など、行政や企業だけでは届きにくい領域を補う外部資源として位置づけられます。;職場のメンタルヘルス対応では、社内資源だけで抱え込まず、地域や専門的な支援先を知っておくことが大切です。;職場では、用語の意味だけでなく、誰が対応し、どの情報を共有し、どの専門職につなぐかまで確認します。;実務では、用語を単独で覚えるのではなく、ラインケア・安全配慮・専門職連携の流れに置いて確認します。,根拠法令（労基法・労契法・労安法）の取り違え;「のみ」「必ず」などの断定表現に注意;管理監督者が医学的判断を抱え込む,「NPO（民間非営利組織）」は基礎・役割分野の用語。定義→職場での見方→連携先の順で整理し、関連演習で確認してください。,,,NPO（民間非営利組織）とは何ですか？,NPO（民間非営利組織）は、相談支援、啓発、地域福祉、自殺予防など、行政や企業だけでは届きにくい領域を補う外部資源として位置づけられます。,NPO（民間非営利組織）は試験でどのように問われますか？,「NPO（民間非営利組織）」は定義に加え、演習問題の正答肢キーワードと照合して覚えると定着しやすいです。関連演習へリンクした問題を解き、用語記事に戻って確認してください。,NPO（民間非営利組織）を学習するときの注意点は？,単語だけでなく、ラインケア・安全配慮・専門職連携の流れの中で意味を確認してください。数値や義務の有無は法令改正で変わる場合があるため、受験前に公式情報も確認してください。,y2026/q07,演習2026・第7問（基礎・労働安全衛生）
PDCAサイクル,PDCAサイクル,職場環境・配慮,職場環境・配慮,PDCAサイクルは、職場環境の評価・改善、個々の労働者への配慮、ストレスチェック制度に関わる用語です。,PDCAサイクルは、職場環境の評価・改善、個々の労働者への配慮、ストレスチェック制度に関わる用語です。まず「効果がなければ計画を見直すPDCAサイクルを回す」という出題上のポイントと結びつけて理解します。過去問・演習では「PDCA：P＝計画（改善策立案）、D＝実施、C＝評価・検証、A＝見直し・改善」という形で扱われるため、単語だけでなく設問の場面も確認します。ラインケアの視点では、職場要因を把握し、業務量・裁量・支援体制など改善できる点へつなげることが重要です。関連する用語として、ストレス、ストレスチェック、ストレス反応もあわせて確認すると理解がつながります。,ストレス;ストレスチェック;ストレス反応,,A,演習の正答の要点は「PDCA：P＝計画（改善策立案）、D＝実施、C＝評価・検証、A＝見直し・改善」です。誤り肢は根拠法令の取り違え、対象範囲の限定（のみ・必ず）、責任主体の混同（会社のみ・管理監督者のみ）に注意してください。,pdca,PDCAサイクルとは？意味・根拠・試験で押さえるポイント,PDCAサイクルは、職場環境・配慮分野で頻出の用語です。PDCAサイクルは、職場環境の評価・改善、個々の労働者への配慮、ストレスチェック制度に関わる用語です。本記事では意味、試験での出題の仕方、混同しやすい点を整理します。,PDCAサイクルは、職場環境の評価・改善、個々の労働者への配慮、ストレスチェック制度に関わる用語です。効果がなければ計画を見直すPDCAサイクルを回す。,PDCAサイクルは、職場環境の評価・改善、個々の労働者への配慮、ストレスチェック制度に関わる用語です。;まず「効果がなければ計画を見直すPDCAサイクルを回す」という出題上のポイントと結びつけて理解します。;過去問・演習では「PDCA：P＝計画（改善策立案）、D＝実施、C＝評価・検証、A＝見直し・改善」という形で扱われるため、単語だけでなく設問の場面も確認します。;ラインケアの視点では、職場要因を把握し、業務量・裁量・支援体制など改善できる点へつなげることが重要です。,数値基準・義務の有無・誰が実施するかの混同;個人結果と集団分析の取り違え;管理監督者が医学的判断を抱え込む,「PDCAサイクル」は職場環境・配慮の重要語。定義→誰が何をするか→連携先の順で覚えると整理しやすい。,,,PDCAサイクルとは何ですか？,PDCAサイクルは、職場環境の評価・改善、個々の労働者への配慮、ストレスチェック制度に関わる用語です。,PDCAサイクルは試験でどのように問われますか？,「PDCAサイクル」は定義に加え、演習問題の正答肢キーワードと照合して覚えると定着しやすいです。関連演習へリンクした問題を解き、用語記事に戻って確認してください。,PDCAサイクルを学習するときの注意点は？,単語だけでなく、ラインケア・安全配慮・専門職連携の流れの中で意味を確認してください。数値や義務の有無は法令改正で変わる場合があるため、受験前に公式情報も確認してください。,y2026/q04,演習2026・第4問（PDCA・判定図）
SNRI,SNRI,基礎・役割,基礎・役割,SNRIは、脳内の神経伝達物質であるセロトニンとノルアドレナリンの働きを調整する薬物療法で用いられます。,SNRIは、脳内の神経伝達物質であるセロトニンとノルアドレナリンの働きを調整する薬物療法で用いられます。うつ病などの治療で使われることがありますが、管理監督者が薬の適否を判断するものではなく、治療は主治医など医療専門職が担当します。職場では、用語の意味だけでなく、誰が対応し、どの情報を共有し、どの専門職につなぐかまで確認します。実務では、用語を単独で覚えるのではなく、ラインケア・安全配慮・専門職連携の流れに置いて確認します。,36協定;DALYs損失;ILO（国際労働機関）,,A,「SNRI」は選択肢で根拠・対象範囲・責任の所在がずれる肢に注意してください。「のみ」「必ず」などの断定は定義と照合し、管理監督者が医学的判断を抱え込まない点も確認します。,snri,SNRIとは？意味・根拠・試験で押さえるポイント,SNRIは、基礎・役割分野で頻出の用語です。SNRIは、脳内の神経伝達物質であるセロトニンとノルアドレナリンの働きを調整する薬物療法で用いられます。本記事では意味、試験での出題の仕方、混同しやすい点を整理します。,SNRIは、脳内の神経伝達物質であるセロトニンとノルアドレナリンの働きを調整する薬物療法で用いられます。うつ病などの治療で使われることがありますが、管理監督者が薬の適否を判断するものではなく、治療は主治医など医療専門職が担当します。,SNRIは、脳内の神経伝達物質であるセロトニンとノルアドレナリンの働きを調整する薬物療法で用いられます。;うつ病などの治療で使われることがありますが、管理監督者が薬の適否を判断するものではなく、治療は主治医など医療専門職が担当します。;職場では、用語の意味だけでなく、誰が対応し、どの情報を共有し、どの専門職につなぐかまで確認します。;実務では、用語を単独で覚えるのではなく、ラインケア・安全配慮・専門職連携の流れに置いて確認します。,根拠法令（労基法・労契法・労安法）の取り違え;「のみ」「必ず」などの断定表現に注意;管理監督者が医学的判断を抱え込む,「SNRI」は基礎・役割分野の用語。定義→職場での見方→連携先の順で整理し、関連演習で確認してください。,,,SNRIとは何ですか？,SNRIは、脳内の神経伝達物質であるセロトニンとノルアドレナリンの働きを調整する薬物療法で用いられます。,SNRIは試験でどのように問われますか？,「SNRI」は定義に加え、演習問題の正答肢キーワードと照合して覚えると定着しやすいです。関連演習へリンクした問題を解き、用語記事に戻って確認してください。,SNRIを学習するときの注意点は？,単語だけでなく、ラインケア・安全配慮・専門職連携の流れの中で意味を確認してください。数値や義務の有無は法令改正で変わる場合があるため、受験前に公式情報も確認してください。,y2026/q54,演習2026・第54問（薬物療法）
SSRI,SSRI,基礎・役割,基礎・役割,SSRIは、メンタルヘルスケアの意義、管理監督者の役割、ストレスや疾病の基礎理解に関わる用語です。,SSRIは、メンタルヘルスケアの意義、管理監督者の役割、ストレスや疾病の基礎理解に関わる用語です。まず「薬物療法（SSRI等）と認知行動療法が有効」という出題上のポイントと結びつけて理解します。過去問・演習では「パニック障害はパニック発作の繰り返しと予期不安が特徴」という形で扱われるため、単語だけでなく設問の場面も確認します。ラインケアの視点では、管理監督者が医学的判断を抱え込まず、職場で観察できる事実と専門職への連携を分けて理解することが重要です。関連する用語として、ストレス、パニック障害、予期不安、薬物療法もあわせて確認すると理解がつながります。,ストレス;パニック障害;予期不安,,A,演習の正答の要点は「パニック障害はパニック発作の繰り返しと予期不安が特徴」です。誤り肢は根拠法令の取り違え、対象範囲の限定（のみ・必ず）、責任主体の混同（会社のみ・管理監督者のみ）に注意してください。,ssri,SSRIとは？意味・根拠・試験で押さえるポイント,SSRIは、基礎・役割分野で頻出の用語です。SSRIは、メンタルヘルスケアの意義、管理監督者の役割、ストレスや疾病の基礎理解に関わる用語です。本記事では意味、試験での出題の仕方、混同しやすい点を整理します。,SSRIは、メンタルヘルスケアの意義、管理監督者の役割、ストレスや疾病の基礎理解に関わる用語です。薬物療法（SSRI等）と認知行動療法が有効。,SSRIは、メンタルヘルスケアの意義、管理監督者の役割、ストレスや疾病の基礎理解に関わる用語です。;まず「薬物療法（SSRI等）と認知行動療法が有効」という出題上のポイントと結びつけて理解します。;過去問・演習では「パニック障害はパニック発作の繰り返しと予期不安が特徴」という形で扱われるため、単語だけでなく設問の場面も確認します。;ラインケアの視点では、管理監督者が医学的判断を抱え込まず、職場で観察できる事実と専門職への連携を分けて理解することが重要です。,根拠法令（労基法・労契法・労安法）の取り違え;「のみ」「必ず」などの断定表現に注意;管理監督者が医学的判断を抱え込む,「SSRI」は基礎・役割の重要語。定義→誰が何をするか→連携先の順で覚えると整理しやすい。,,,SSRIとは何ですか？,SSRIは、メンタルヘルスケアの意義、管理監督者の役割、ストレスや疾病の基礎理解に関わる用語です。,SSRIは試験でどのように問われますか？,「SSRI」は定義に加え、演習問題の正答肢キーワードと照合して覚えると定着しやすいです。関連演習へリンクした問題を解き、用語記事に戻って確認してください。,SSRIを学習するときの注意点は？,単語だけでなく、ラインケア・安全配慮・専門職連携の流れの中で意味を確認してください。数値や義務の有無は法令改正で変わる場合があるため、受験前に公式情報も確認してください。,y2026/q83,演習2026・第83問（SSRI）
THP,THP,基礎・役割,基礎・役割,THPはTotal Health promotion Planの略で、労働者の健康保持増進を目的に、運動、栄養、休養、メンタルヘルスなどを総合的に進める考え方です。,THPはTotal Health promotion Planの略で、労働者の健康保持増進を目的に、運動、栄養、休養、メンタルヘルスなどを総合的に進める考え方です。病気になってから対応するだけでなく、健康づくりを職場全体で支える点に特徴があります。職場では、用語の意味だけでなく、誰が対応し、どの情報を共有し、どの専門職につなぐかまで確認します。実務では、用語を単独で覚えるのではなく、ラインケア・安全配慮・専門職連携の流れに置いて確認します。,36協定;DALYs損失;ILO（国際労働機関）,,A,「THP」は選択肢で根拠・対象範囲・責任の所在がずれる肢に注意してください。「のみ」「必ず」などの断定は定義と照合し、管理監督者が医学的判断を抱え込まない点も確認します。,thp,THPとは？意味・根拠・試験で押さえるポイント,THPは、基礎・役割分野で頻出の用語です。THPはTotal Health promotion Planの略で、労働者の健康保持増進を目的に、運動、栄養、休養、メンタルヘルスなどを総合的に進める考え方です。本記事では意味、試験での出題の仕方、混同しやすい点を整理します。,THPはTotal Health promotion Planの略で、労働者の健康保持増進を目的に、運動、栄養、休養、メンタルヘルスなどを総合的に進める考え方です。病気になってから対応するだけでなく、健康づくりを職場全体で支える点に特徴があります。,THPはTotal Health promotion Planの略で、労働者の健康保持増進を目的に、運動、栄養、休養、メンタルヘルスなどを総合的に進める考え方です。;病気になってから対応するだけでなく、健康づくりを職場全体で支える点に特徴があります。;職場では、用語の意味だけでなく、誰が対応し、どの情報を共有し、どの専門職につなぐかまで確認します。;実務では、用語を単独で覚えるのではなく、ラインケア・安全配慮・専門職連携の流れに置いて確認します。,根拠法令（労基法・労契法・労安法）の取り違え;「のみ」「必ず」などの断定表現に注意;管理監督者が医学的判断を抱え込む,「THP」は基礎・役割分野の用語。定義→職場での見方→連携先の順で整理し、関連演習で確認してください。,,,THPとは何ですか？,THPはTotal Health promotion Planの略で、労働者の健康保持増進を目的に、運動、栄養、休養、メンタルヘルスなどを総合的に進める考え方です。,THPは試験でどのように問われますか？,「THP」は定義に加え、演習問題の正答肢キーワードと照合して覚えると定着しやすいです。関連演習へリンクした問題を解き、用語記事に戻って確認してください。,THPを学習するときの注意点は？,単語だけでなく、ラインケア・安全配慮・専門職連携の流れの中で意味を確認してください。数値や義務の有無は法令改正で変わる場合があるため、受験前に公式情報も確認してください。,y2026/q07,演習2026・第7問（基礎・労働安全衛生）
いつもと違う様子,いつもと違う様子,職場環境・配慮,職場環境・配慮,いつもと違う様子は、職場環境の評価・改善、個々の労働者への配慮、ストレスチェック制度に関わる用語です。,いつもと違う様子は、職場環境の評価・改善、個々の労働者への配慮、ストレスチェック制度に関わる用語です。まず「「いつもと違う様子」として遅刻・欠勤増加、ミス増加、覇気がない、孤立などに気を配ることが重要」という出題上のポイントと結びつけて理解します。過去問・演習では「積極的な挑戦は不調のサインではなく、むしろポジティブな変化」という形で扱われるため、単語だけでなく設問の場面も確認します。ラインケアの視点では、職場要因を把握し、業務量・裁量・支援体制など改善できる点へつなげることが重要です。関連する用語として、ストレス、うつ病もあわせて確認すると理解がつながります。,ストレス;うつ病;確認すると理解がつながります,,A,演習の正答の要点は「積極的な挑戦は不調のサインではなく、むしろポジティブな変化」です。誤り肢は根拠法令の取り違え、対象範囲の限定（のみ・必ず）、責任主体の混同（会社のみ・管理監督者のみ）に注意してください。,g-db4ea6f17a09b55f,いつもと違う様子とは？意味・根拠・試験で押さえるポイント,いつもと違う様子は、職場環境・配慮分野で頻出の用語です。いつもと違う様子は、職場環境の評価・改善、個々の労働者への配慮、ストレスチェック制度に関わる用語です。本記事では意味、試験での出題の仕方、混同しやすい点を整理します。,いつもと違う様子は、職場環境の評価・改善、個々の労働者への配慮、ストレスチェック制度に関わる用語です。「いつもと違う様子。,いつもと違う様子は、職場環境の評価・改善、個々の労働者への配慮、ストレスチェック制度に関わる用語です。;まず「「いつもと違う様子」として遅刻・欠勤増加、ミス増加、覇気がない、孤立などに気を配ることが重要」という出題上のポイントと結びつけて理解します。;過去問・演習では「積極的な挑戦は不調のサインではなく、むしろポジティブな変化」という形で扱われるため、単語だけでなく設問の場面も確認します。;ラインケアの視点では、職場要因を把握し、業務量・裁量・支援体制など改善できる点へつなげることが重要です。,数値基準・義務の有無・誰が実施するかの混同;個人結果と集団分析の取り違え;管理監督者が医学的判断を抱え込む,「いつもと違う様子」は職場環境・配慮の重要語。定義→誰が何をするか→連携先の順で覚えると整理しやすい。,,,いつもと違う様子とは何ですか？,いつもと違う様子は、職場環境の評価・改善、個々の労働者への配慮、ストレスチェック制度に関わる用語です。,いつもと違う様子は試験でどのように問われますか？,「いつもと違う様子」は定義に加え、演習問題の正答肢キーワードと照合して覚えると定着しやすいです。関連演習へリンクした問題を解き、用語記事に戻って確認してください。,いつもと違う様子を学習するときの注意点は？,単語だけでなく、ラインケア・安全配慮・専門職連携の流れの中で意味を確認してください。数値や義務の有無は法令改正で変わる場合があるため、受験前に公式情報も確認してください。,y2026/q104,演習2026・第104問（いつもと違う様子）
いのちの電話,いのちの電話,相談・連携・復職,相談・連携・復職,いのちの電話は、強い悩みや自殺念慮を抱える人が相談できる外部相談資源です。,いのちの電話は、強い悩みや自殺念慮を抱える人が相談できる外部相談資源です。職場で「死にたい」などの言葉が出た場合、管理監督者は一人で抱え込まず、産業医、保健師、医療機関、緊急時の公的支援などへつなぐ必要があります。職場では、用語の意味だけでなく、誰が対応し、どの情報を共有し、どの専門職につなぐかまで確認します。実務では、本人の安心感を保ちつつ、社内外の支援先とどのタイミングで連携するかを意識します。,こころの耳メール相談;こころの耳電話相談;アクティブリスニング,,A,選択肢では根拠法令・対象範囲・責任の所在がずれる肢に注意し、用語の定義と照合してください。,g-3b8f2bd746c4036d,いのちの電話とは？意味・根拠・試験で押さえるポイント,いのちの電話は、相談・連携・復職分野で頻出の用語です。いのちの電話は、強い悩みや自殺念慮を抱える人が相談できる外部相談資源です。本記事では意味、試験での出題の仕方、混同しやすい点を整理します。,いのちの電話は、強い悩みや自殺念慮を抱える人が相談できる外部相談資源です。,いのちの電話は、強い悩みや自殺念慮を抱える人が相談できる外部相談資源です。;職場で「死にたい」などの言葉が出た場合、管理監督者は一人で抱え込まず、産業医、保健師、医療機関、緊急時の公的支援などへつなぐ必要があります。;職場では、用語の意味だけでなく、誰が対応し、どの情報を共有し、どの専門職につなぐかまで確認します。;実務では、本人の安心感を保ちつつ、社内外の支援先とどのタイミングで連携するかを意識します。,手順の順序・禁止事項（やってはいけないこと）の混同;主治医と産業医の役割の逆転;管理監督者が医学的判断を抱え込む,「いのちの電話」は相談・連携・復職の重要語。定義→誰が何をするか→連携先の順で覚えると整理しやすい。,,,いのちの電話とは何ですか？,いのちの電話は、強い悩みや自殺念慮を抱える人が相談できる外部相談資源です。,いのちの電話は試験でどのように問われますか？,「いのちの電話」は定義に加え、演習問題の正答肢キーワードと照合して覚えると定着しやすいです。関連演習へリンクした問題を解き、用語記事に戻って確認してください。,いのちの電話を学習するときの注意点は？,単語だけでなく、ラインケア・安全配慮・専門職連携の流れの中で意味を確認してください。数値や義務の有無は法令改正で変わる場合があるため、受験前に公式情報も確認してください。,y2026/q05,演習2026・第5問（危機対応）
うつ病,うつ病,基礎・役割,基礎・役割,うつ病は、メンタルヘルスケアの意義、管理監督者の役割、ストレスや疾病の基礎理解に関わる用語です。,うつ病は、メンタルヘルスケアの意義、管理監督者の役割、ストレスや疾病の基礎理解に関わる用語です。まず「うつ病患者への「頑張れ」という励ましは、さらに追い詰める可能性があり不適切」という出題上のポイントと結びつけて理解します。過去問・演習では「精神科はうつ病・統合失調症・双極性障害など広く精神疾患を扱う」という形で扱われるため、単語だけでなく設問の場面も確認します。ラインケアの視点では、管理監督者が医学的判断を抱え込まず、職場で観察できる事実と専門職への連携を分けて理解することが重要です。関連する用語として、ストレス、精神科、心療内科、心身症もあわせて確認すると理解がつながります。,ストレス;精神科;心療内科,,A,演習の正答の要点は「精神科はうつ病・統合失調症・双極性障害など広く精神疾患を扱う」です。誤り肢は根拠法令の取り違え、対象範囲の限定（のみ・必ず）、責任主体の混同（会社のみ・管理監督者のみ）に注意してください。,utsu-byo,うつ病とは？意味・根拠・試験で押さえるポイント,うつ病は、基礎・役割分野で頻出の用語です。うつ病は、メンタルヘルスケアの意義、管理監督者の役割、ストレスや疾病の基礎理解に関わる用語です。本記事では意味、試験での出題の仕方、混同しやすい点を整理します。,うつ病は、メンタルヘルスケアの意義、管理監督者の役割、ストレスや疾病の基礎理解に関わる用語です。うつ病患者への「頑張れ。,うつ病は、メンタルヘルスケアの意義、管理監督者の役割、ストレスや疾病の基礎理解に関わる用語です。;まず「うつ病患者への「頑張れ」という励ましは、さらに追い詰める可能性があり不適切」という出題上のポイントと結びつけて理解します。;過去問・演習では「精神科はうつ病・統合失調症・双極性障害など広く精神疾患を扱う」という形で扱われるため、単語だけでなく設問の場面も確認します。;ラインケアの視点では、管理監督者が医学的判断を抱え込まず、職場で観察できる事実と専門職への連携を分けて理解することが重要です。,根拠法令（労基法・労契法・労安法）の取り違え;「のみ」「必ず」などの断定表現に注意;管理監督者が医学的判断を抱え込む,「うつ病」は基礎・役割の重要語。定義→誰が何をするか→連携先の順で覚えると整理しやすい。,,,うつ病とは何ですか？,うつ病は、メンタルヘルスケアの意義、管理監督者の役割、ストレスや疾病の基礎理解に関わる用語です。,うつ病は試験でどのように問われますか？,「うつ病」は定義に加え、演習問題の正答肢キーワードと照合して覚えると定着しやすいです。関連演習へリンクした問題を解き、用語記事に戻って確認してください。,うつ病を学習するときの注意点は？,単語だけでなく、ラインケア・安全配慮・専門職連携の流れの中で意味を確認してください。数値や義務の有無は法令改正で変わる場合があるため、受験前に公式情報も確認してください。,y2026/q14,演習2026・第14問（うつ病）
うつ病のスクリーニング検査,うつ病のスクリーニング検査,基礎・役割,基礎・役割,スクリーニング検査は、診断を確定するものではなく、症状の有無や程度を把握して医療機関受診などにつなげる入口です。,スクリーニング検査は、診断を確定するものではなく、症状の有無や程度を把握して医療機関受診などにつなげる入口です。職場では、管理監督者が検査で診断するのではなく、気になる変化を専門職へ相談することが基本です。職場では、用語の意味だけでなく、誰が対応し、どの情報を共有し、どの専門職につなぐかまで確認します。実務では、用語を単独で覚えるのではなく、ラインケア・安全配慮・専門職連携の流れに置いて確認します。,36協定;DALYs損失;ILO（国際労働機関）,,A,「うつ病のスクリーニング検査」は選択肢で根拠・対象範囲・責任の所在がずれる肢に注意してください。「のみ」「必ず」などの断定は定義と照合し、管理監督者が医学的判断を抱え込まない点も確認します。,g-000b353dbd8ce555,うつ病のスクリーニング検査とは？意味・根拠・試験で押さえるポイント,うつ病のスクリーニング検査は、基礎・役割分野で頻出の用語です。スクリーニング検査は、診断を確定するものではなく、症状の有無や程度を把握して医療機関受診などにつなげる入口です。本記事では意味、試験での出題の仕方、混同しやすい点を整理します。,スクリーニング検査は、診断を確定するものではなく、症状の有無や程度を把握して医療機関受診などにつなげる入口です。職場では、管理監督者が検査で診断するのではなく、気になる変化を専門職へ相談することが基本です。,スクリーニング検査は、診断を確定するものではなく、症状の有無や程度を把握して医療機関受診などにつなげる入口です。;職場では、管理監督者が検査で診断するのではなく、気になる変化を専門職へ相談することが基本です。;職場では、用語の意味だけでなく、誰が対応し、どの情報を共有し、どの専門職につなぐかまで確認します。;実務では、用語を単独で覚えるのではなく、ラインケア・安全配慮・専門職連携の流れに置いて確認します。,根拠法令（労基法・労契法・労安法）の取り違え;「のみ」「必ず」などの断定表現に注意;管理監督者が医学的判断を抱え込む,「うつ病のスクリーニング検査」は基礎・役割分野の用語。定義→職場での見方→連携先の順で整理し、関連演習で確認してください。,,,うつ病のスクリーニング検査とは何ですか？,スクリーニング検査は、診断を確定するものではなく、症状の有無や程度を把握して医療機関受診などにつなげる入口です。,うつ病のスクリーニング検査は試験でどのように問われますか？,「うつ病のスクリーニング検査」は定義に加え、演習問題の正答肢キーワードと照合して覚えると定着しやすいです。関連演習へリンクした問題を解き、用語記事に戻って確認してください。,うつ病のスクリーニング検査を学習するときの注意点は？,単語だけでなく、ラインケア・安全配慮・専門職連携の流れの中で意味を確認してください。数値や義務の有無は法令改正で変わる場合があるため、受験前に公式情報も確認してください。,y2026/q14,演習2026・第14問（うつ病）
うつ病の治療方法,うつ病の治療方法,基礎・役割,基礎・役割,うつ病の治療では、症状や状況に応じて休養、抗うつ薬などの薬物療法、認知行動療法などの精神療法、職場や家庭での環境調整が検討されます。,うつ病の治療では、症状や状況に応じて休養、抗うつ薬などの薬物療法、認知行動療法などの精神療法、職場や家庭での環境調整が検討されます。治療方針は医師が判断し、職場は就業上の配慮を検討します。職場では、用語の意味だけでなく、誰が対応し、どの情報を共有し、どの専門職につなぐかまで確認します。実務では、用語を単独で覚えるのではなく、ラインケア・安全配慮・専門職連携の流れに置いて確認します。,36協定;DALYs損失;ILO（国際労働機関）,,A,「うつ病の治療方法」は選択肢で根拠・対象範囲・責任の所在がずれる肢に注意してください。「のみ」「必ず」などの断定は定義と照合し、管理監督者が医学的判断を抱え込まない点も確認します。,g-dd432dcbdfdc402e,うつ病の治療方法とは？意味・根拠・試験で押さえるポイント,うつ病の治療方法は、基礎・役割分野で頻出の用語です。うつ病の治療では、症状や状況に応じて休養、抗うつ薬などの薬物療法、認知行動療法などの精神療法、職場や家庭での環境調整が検討されます。本記事では意味、試験での出題の仕方、混同しやすい点を整理します。,うつ病の治療では、症状や状況に応じて休養、抗うつ薬などの薬物療法、認知行動療法などの精神療法、職場や家庭での環境調整が検討されます。治療方針は医師が判断し、職場は就業上の配慮を検討します。,うつ病の治療では、症状や状況に応じて休養、抗うつ薬などの薬物療法、認知行動療法などの精神療法、職場や家庭での環境調整が検討されます。;治療方針は医師が判断し、職場は就業上の配慮を検討します。;職場では、用語の意味だけでなく、誰が対応し、どの情報を共有し、どの専門職につなぐかまで確認します。;実務では、用語を単独で覚えるのではなく、ラインケア・安全配慮・専門職連携の流れに置いて確認します。,根拠法令（労基法・労契法・労安法）の取り違え;「のみ」「必ず」などの断定表現に注意;管理監督者が医学的判断を抱え込む,「うつ病の治療方法」は基礎・役割分野の用語。定義→職場での見方→連携先の順で整理し、関連演習で確認してください。,,,うつ病の治療方法とは何ですか？,うつ病の治療では、症状や状況に応じて休養、抗うつ薬などの薬物療法、認知行動療法などの精神療法、職場や家庭での環境調整が検討されます。,うつ病の治療方法は試験でどのように問われますか？,「うつ病の治療方法」は定義に加え、演習問題の正答肢キーワードと照合して覚えると定着しやすいです。関連演習へリンクした問題を解き、用語記事に戻って確認してください。,うつ病の治療方法を学習するときの注意点は？,単語だけでなく、ラインケア・安全配慮・専門職連携の流れの中で意味を確認してください。数値や義務の有無は法令改正で変わる場合があるため、受験前に公式情報も確認してください。,y2026/q14,演習2026・第14問（うつ病）
こころの耳メール相談,こころの耳メール相談,相談・連携・復職,相談・連携・復職,こころの耳メール相談は、電話で話しにくい場合にも利用しやすい相談手段です。,こころの耳メール相談は、電話で話しにくい場合にも利用しやすい相談手段です。メンタルヘルス不調、ハラスメント、過重労働、家族からの相談など、職場に関連する悩みの入口として位置づけられます。職場では、用語の意味だけでなく、誰が対応し、どの情報を共有し、どの専門職につなぐかまで確認します。実務では、本人の安心感を保ちつつ、社内外の支援先とどのタイミングで連携するかを意識します。,いのちの電話;こころの耳電話相談;アクティブリスニング,,A,「こころの耳メール相談」は選択肢で根拠・対象範囲・責任の所在がずれる肢に注意してください。「のみ」「必ず」などの断定は定義と照合し、管理監督者が医学的判断を抱え込まない点も確認します。,g-b1626719b4132953,こころの耳メール相談とは？意味・根拠・試験で押さえるポイント,こころの耳メール相談は、相談・連携・復職分野で頻出の用語です。こころの耳メール相談は、電話で話しにくい場合にも利用しやすい相談手段です。本記事では意味、試験での出題の仕方、混同しやすい点を整理します。,こころの耳メール相談は、電話で話しにくい場合にも利用しやすい相談手段です。メンタルヘルス不調、ハラスメント、過重労働、家族からの相談など、職場に関連する悩みの入口として位置づけられます。,こころの耳メール相談は、電話で話しにくい場合にも利用しやすい相談手段です。;メンタルヘルス不調、ハラスメント、過重労働、家族からの相談など、職場に関連する悩みの入口として位置づけられます。;職場では、用語の意味だけでなく、誰が対応し、どの情報を共有し、どの専門職につなぐかまで確認します。;実務では、本人の安心感を保ちつつ、社内外の支援先とどのタイミングで連携するかを意識します。,手順の順序・禁止事項（やってはいけないこと）の混同;主治医と産業医の役割の逆転;管理監督者が医学的判断を抱え込む,「こころの耳メール相談」は相談・連携・復職分野の用語。定義→職場での見方→連携先の順で整理し、関連演習で確認してください。,,,こころの耳メール相談とは何ですか？,こころの耳メール相談は、電話で話しにくい場合にも利用しやすい相談手段です。,こころの耳メール相談は試験でどのように問われますか？,「こころの耳メール相談」は定義に加え、演習問題の正答肢キーワードと照合して覚えると定着しやすいです。関連演習へリンクした問題を解き、用語記事に戻って確認してください。,こころの耳メール相談を学習するときの注意点は？,単語だけでなく、ラインケア・安全配慮・専門職連携の流れの中で意味を確認してください。数値や義務の有無は法令改正で変わる場合があるため、受験前に公式情報も確認してください。,y2026/q32,演習2026・第32問（相談窓口）
こころの耳電話相談,こころの耳電話相談,相談・連携・復職,相談・連携・復職,こころの耳は、厚生労働省の働く人のメンタルヘルス・ポータルサイトとして知られ、電話相談やメール相談などの情報提供を行います。,こころの耳は、厚生労働省の働く人のメンタルヘルス・ポータルサイトとして知られ、電話相談やメール相談などの情報提供を行います。労働者本人だけでなく、家族や事業者側が相談先を確認する場面でも使われます。職場では、用語の意味だけでなく、誰が対応し、どの情報を共有し、どの専門職につなぐかまで確認します。実務では、本人の安心感を保ちつつ、社内外の支援先とどのタイミングで連携するかを意識します。,いのちの電話;こころの耳メール相談;アクティブリスニング,,A,「こころの耳電話相談」は選択肢で根拠・対象範囲・責任の所在がずれる肢に注意してください。「のみ」「必ず」などの断定は定義と照合し、管理監督者が医学的判断を抱え込まない点も確認します。,g-c14f209024c79cc9,こころの耳電話相談とは？意味・根拠・試験で押さえるポイント,こころの耳電話相談は、相談・連携・復職分野で頻出の用語です。こころの耳は、厚生労働省の働く人のメンタルヘルス・ポータルサイトとして知られ、電話相談やメール相談などの情報提供を行います。本記事では意味、試験での出題の仕方、混同しやすい点を整理します。,こころの耳は、厚生労働省の働く人のメンタルヘルス・ポータルサイトとして知られ、電話相談やメール相談などの情報提供を行います。労働者本人だけでなく、家族や事業者側が相談先を確認する場面でも使われます。,こころの耳は、厚生労働省の働く人のメンタルヘルス・ポータルサイトとして知られ、電話相談やメール相談などの情報提供を行います。;労働者本人だけでなく、家族や事業者側が相談先を確認する場面でも使われます。;職場では、用語の意味だけでなく、誰が対応し、どの情報を共有し、どの専門職につなぐかまで確認します。;実務では、本人の安心感を保ちつつ、社内外の支援先とどのタイミングで連携するかを意識します。,手順の順序・禁止事項（やってはいけないこと）の混同;主治医と産業医の役割の逆転;管理監督者が医学的判断を抱え込む,「こころの耳電話相談」は相談・連携・復職分野の用語。定義→職場での見方→連携先の順で整理し、関連演習で確認してください。,,,こころの耳電話相談とは何ですか？,こころの耳は、厚生労働省の働く人のメンタルヘルス・ポータルサイトとして知られ、電話相談やメール相談などの情報提供を行います。,こころの耳電話相談は試験でどのように問われますか？,「こころの耳電話相談」は定義に加え、演習問題の正答肢キーワードと照合して覚えると定着しやすいです。関連演習へリンクした問題を解き、用語記事に戻って確認してください。,こころの耳電話相談を学習するときの注意点は？,単語だけでなく、ラインケア・安全配慮・専門職連携の流れの中で意味を確認してください。数値や義務の有無は法令改正で変わる場合があるため、受験前に公式情報も確認してください。,y2026/q32,演習2026・第32問（相談窓口）
アイビイ（Allen E.Ivey）,アイビイ（Allen E.Ivey）,基礎・役割,基礎・役割,Allen E. Iveyは、傾聴、質問、要約、感情の反映など、面接や相談場面で使う基本技法を体系化した人物として扱われます。,Allen E. Iveyは、傾聴、質問、要約、感情の反映など、面接や相談場面で使う基本技法を体系化した人物として扱われます。職場の相談対応では、専門的治療ではなく、相手が話しやすい関わり方を学ぶ文脈で出ます。職場では、用語の意味だけでなく、誰が対応し、どの情報を共有し、どの専門職につなぐかまで確認します。実務では、用語を単独で覚えるのではなく、ラインケア・安全配慮・専門職連携の流れに置いて確認します。,36協定;DALYs損失;ILO（国際労働機関）,,A,「アイビイ（Allen E.Ivey）」は選択肢で根拠・対象範囲・責任の所在がずれる肢に注意してください。「のみ」「必ず」などの断定は定義と照合し、管理監督者が医学的判断を抱え込まない点も確認します。,g-c767f1a96c29b8c9,アイビイ（Allen E.Ivey）とは？意味・根拠・試験で押さえるポイント,アイビイ（Allen E.Ivey）は、基礎・役割分野で頻出の用語です。Allen E. Iveyは、傾聴、質問、要約、感情の反映など、面接や相談場面で使う基本技法を体系化した人物として扱われます。本記事では意味、試験での出題の仕方、混同しやすい点を整理します。,Allen E. Iveyは、傾聴、質問、要約、感情の反映など、面接や相談場面で使う基本技法を体系化した人物として扱われます。職場の相談対応では、専門的治療ではなく、相手が話しやすい関わり方を学ぶ文脈で出ます。,Allen E. Iveyは、傾聴、質問、要約、感情の反映など、面接や相談場面で使う基本技法を体系化した人物として扱われます。;職場の相談対応では、専門的治療ではなく、相手が話しやすい関わり方を学ぶ文脈で出ます。;職場では、用語の意味だけでなく、誰が対応し、どの情報を共有し、どの専門職につなぐかまで確認します。;実務では、用語を単独で覚えるのではなく、ラインケア・安全配慮・専門職連携の流れに置いて確認します。,根拠法令（労基法・労契法・労安法）の取り違え;「のみ」「必ず」などの断定表現に注意;管理監督者が医学的判断を抱え込む,「アイビイ（Allen E.Ivey）」は基礎・役割分野の用語。定義→職場での見方→連携先の順で整理し、関連演習で確認してください。,,,アイビイ（Allen E.Ivey）とは何ですか？,Allen E. Iveyは、傾聴、質問、要約、感情の反映など、面接や相談場面で使う基本技法を体系化した人物として扱われます。,アイビイ（Allen E.Ivey）は試験でどのように問われますか？,「アイビイ（Allen E.Ivey）」は定義に加え、演習問題の正答肢キーワードと照合して覚えると定着しやすいです。関連演習へリンクした問題を解き、用語記事に戻って確認してください。,アイビイ（Allen E.Ivey）を学習するときの注意点は？,単語だけでなく、ラインケア・安全配慮・専門職連携の流れの中で意味を確認してください。数値や義務の有無は法令改正で変わる場合があるため、受験前に公式情報も確認してください。,y2026/q28,演習2026・第28問（傾聴・対人）
アウトカムの評価,アウトカムの評価,基礎・役割,基礎・役割,アウトカムの評価では、研修や職場環境改善を行った後に、ストレス反応、相談件数、休業者数、職場の健康リスクなどにどのような変化があったかを見ます。,アウトカムの評価では、研修や職場環境改善を行った後に、ストレス反応、相談件数、休業者数、職場の健康リスクなどにどのような変化があったかを見ます。取り組みの実施そのものではなく、結果に注目する点が特徴です。職場では、用語の意味だけでなく、誰が対応し、どの情報を共有し、どの専門職につなぐかまで確認します。実務では、用語を単独で覚えるのではなく、ラインケア・安全配慮・専門職連携の流れに置いて確認します。,36協定;DALYs損失;ILO（国際労働機関）,,A,「アウトカムの評価」は選択肢で根拠・対象範囲・責任の所在がずれる肢に注意してください。「のみ」「必ず」などの断定は定義と照合し、管理監督者が医学的判断を抱え込まない点も確認します。,g-89a7e0d5f741a3b0,アウトカムの評価とは？意味・根拠・試験で押さえるポイント,アウトカムの評価は、基礎・役割分野で頻出の用語です。アウトカムの評価では、研修や職場環境改善を行った後に、ストレス反応、相談件数、休業者数、職場の健康リスクなどにどのような変化があったかを見ます。本記事では意味、試験での出題の仕方、混同しやすい点を整理します。,アウトカムの評価では、研修や職場環境改善を行った後に、ストレス反応、相談件数、休業者数、職場の健康リスクなどにどのような変化があったかを見ます。取り組みの実施そのものではなく、結果に注目する点が特徴です。,アウトカムの評価では、研修や職場環境改善を行った後に、ストレス反応、相談件数、休業者数、職場の健康リスクなどにどのような変化があったかを見ます。;取り組みの実施そのものではなく、結果に注目する点が特徴です。;職場では、用語の意味だけでなく、誰が対応し、どの情報を共有し、どの専門職につなぐかまで確認します。;実務では、用語を単独で覚えるのではなく、ラインケア・安全配慮・専門職連携の流れに置いて確認します。,根拠法令（労基法・労契法・労安法）の取り違え;「のみ」「必ず」などの断定表現に注意;管理監督者が医学的判断を抱え込む,「アウトカムの評価」は基礎・役割分野の用語。定義→職場での見方→連携先の順で整理し、関連演習で確認してください。,,,アウトカムの評価とは何ですか？,アウトカムの評価では、研修や職場環境改善を行った後に、ストレス反応、相談件数、休業者数、職場の健康リスクなどにどのような変化があったかを見ます。,アウトカムの評価は試験でどのように問われますか？,「アウトカムの評価」は定義に加え、演習問題の正答肢キーワードと照合して覚えると定着しやすいです。関連演習へリンクした問題を解き、用語記事に戻って確認してください。,アウトカムの評価を学習するときの注意点は？,単語だけでなく、ラインケア・安全配慮・専門職連携の流れの中で意味を確認してください。数値や義務の有無は法令改正で変わる場合があるため、受験前に公式情報も確認してください。,y2026/q07,演習2026・第7問（基礎・労働安全衛生）
アクティブリスニング,アクティブリスニング,相談・連携・復職,相談・連携・復職,アクティブリスニングは、相談対応、社内外資源との連携、休業者の職場復帰支援に関わる用語です。,アクティブリスニングは、相談対応、社内外資源との連携、休業者の職場復帰支援に関わる用語です。まず「アクティブリスニングは、試験では「沈黙はクライエントが内省している大切な時間であり、急かしたり話題転換したりすることは傾聴の妨げになる」という文脈で確認される用語です」という出題上のポイントと結びつけて理解します。過去問・演習では「沈黙はクライエントが内省している大切な時間であり、急かしたり話題転換したりすることは傾聴の妨げになる」という形で扱われるため、単語だけでなく設問の場面も確認します。ラインケアの視点では、本人の話を聴き、必要な範囲で産業保健スタッフや社外資源へつなぐことが重要です。関連する用語として、傾聴、積極的傾聴もあわせて確認すると理解がつながります。,傾聴;積極的傾聴;確認すると理解がつながります,,A,演習の正答の要点は「沈黙はクライエントが内省している大切な時間であり、急かしたり話題転換したりすることは傾聴の妨げになる」です。誤り肢は根拠法令の取り違え、対象範囲の限定（のみ・必ず）、責任主体の混同（会社のみ・管理監督者のみ）に注意してください。,g-5d86ea87ea301a07,アクティブリスニングとは？意味・根拠・試験で押さえるポイント,アクティブリスニングは、相談・連携・復職分野で頻出の用語です。アクティブリスニングは、相談対応、社内外資源との連携、休業者の職場復帰支援に関わる用語です。本記事では意味、試験での出題の仕方、混同しやすい点を整理します。,アクティブリスニングは、相談対応、社内外資源との連携、休業者の職場復帰支援に関わる用語です。アクティブリスニングは、試験では「沈黙はクライエントが内省している大切な時間であり、急かしたり話題転換したりすることは傾聴の妨げになる。,アクティブリスニングは、相談対応、社内外資源との連携、休業者の職場復帰支援に関わる用語です。;まず「アクティブリスニングは、試験では「沈黙はクライエントが内省している大切な時間であり、急かしたり話題転換したりすることは傾聴の妨げになる」という文脈で確認される用語です」という出題上のポイントと結びつけて理解します。;過去問・演習では「沈黙はクライエントが内省している大切な時間であり、急かしたり話題転換したりすることは傾聴の妨げになる」という形で扱われるため、単語だけでなく設問の場面も確認します。;ラインケアの視点では、本人の話を聴き、必要な範囲で産業保健スタッフや社外資源へつなぐことが重要です。,手順の順序・禁止事項（やってはいけないこと）の混同;主治医と産業医の役割の逆転;管理監督者が医学的判断を抱え込む,「アクティブリスニング」は相談・連携・復職の重要語。定義→誰が何をするか→連携先の順で覚えると整理しやすい。,,,アクティブリスニングとは何ですか？,アクティブリスニングは、相談対応、社内外資源との連携、休業者の職場復帰支援に関わる用語です。,アクティブリスニングは試験でどのように問われますか？,「アクティブリスニング」は定義に加え、演習問題の正答肢キーワードと照合して覚えると定着しやすいです。関連演習へリンクした問題を解き、用語記事に戻って確認してください。,アクティブリスニングを学習するときの注意点は？,単語だけでなく、ラインケア・安全配慮・専門職連携の流れの中で意味を確認してください。数値や義務の有無は法令改正で変わる場合があるため、受験前に公式情報も確認してください。,y2026/q28,演習2026・第28問（傾聴）
アサーション,アサーション,基礎・役割,基礎・役割,アサーションは、攻撃的でも受け身でもなく、自分の考えや感情を適切に表現する方法です。,アサーションは、攻撃的でも受け身でもなく、自分の考えや感情を適切に表現する方法です。職場のメンタルヘルスでは、相談対応、部下への声かけ、対人関係の摩擦を減らす方法として関連します。職場では、用語の意味だけでなく、誰が対応し、どの情報を共有し、どの専門職につなぐかまで確認します。実務では、用語を単独で覚えるのではなく、ラインケア・安全配慮・専門職連携の流れに置いて確認します。,36協定;DALYs損失;ILO（国際労働機関）,,A,「アサーション」は選択肢で根拠・対象範囲・責任の所在がずれる肢に注意してください。「のみ」「必ず」などの断定は定義と照合し、管理監督者が医学的判断を抱え込まない点も確認します。,g-e5a17c5f233d2330,アサーションとは？意味・根拠・試験で押さえるポイント,アサーションは、基礎・役割分野で頻出の用語です。アサーションは、攻撃的でも受け身でもなく、自分の考えや感情を適切に表現する方法です。本記事では意味、試験での出題の仕方、混同しやすい点を整理します。,アサーションは、攻撃的でも受け身でもなく、自分の考えや感情を適切に表現する方法です。職場のメンタルヘルスでは、相談対応、部下への声かけ、対人関係の摩擦を減らす方法として関連します。,アサーションは、攻撃的でも受け身でもなく、自分の考えや感情を適切に表現する方法です。;職場のメンタルヘルスでは、相談対応、部下への声かけ、対人関係の摩擦を減らす方法として関連します。;職場では、用語の意味だけでなく、誰が対応し、どの情報を共有し、どの専門職につなぐかまで確認します。;実務では、用語を単独で覚えるのではなく、ラインケア・安全配慮・専門職連携の流れに置いて確認します。,根拠法令（労基法・労契法・労安法）の取り違え;「のみ」「必ず」などの断定表現に注意;管理監督者が医学的判断を抱え込む,「アサーション」は基礎・役割分野の用語。定義→職場での見方→連携先の順で整理し、関連演習で確認してください。,,,アサーションとは何ですか？,アサーションは、攻撃的でも受け身でもなく、自分の考えや感情を適切に表現する方法です。,アサーションは試験でどのように問われますか？,「アサーション」は定義に加え、演習問題の正答肢キーワードと照合して覚えると定着しやすいです。関連演習へリンクした問題を解き、用語記事に戻って確認してください。,アサーションを学習するときの注意点は？,単語だけでなく、ラインケア・安全配慮・専門職連携の流れの中で意味を確認してください。数値や義務の有無は法令改正で変わる場合があるため、受験前に公式情報も確認してください。,y2026/q28,演習2026・第28問（傾聴・対人）
アスペルガー症候群（ASD）,アスペルガー症候群（ASD）,基礎・役割,基礎・役割,アスペルガー症候群（ASD）は、メンタルヘルスケアの意義、管理監督者の役割、ストレスや疾病の基礎理解に関わる用語です。,アスペルガー症候群（ASD）は、メンタルヘルスケアの意義、管理監督者の役割、ストレスや疾病の基礎理解に関わる用語です。まず「試験では「アスペルガー症候群（ASD）は知的障害を必ず伴う」という誤り選択肢に注意する用語です」という出題上のポイントと結びつけて理解します。過去問・演習では「ADHDの3主徴は不注意・多動性・衝動性」という形で扱われるため、単語だけでなく設問の場面も確認します。ラインケアの視点では、管理監督者が医学的判断を抱え込まず、職場で観察できる事実と専門職への連携を分けて理解することが重要です。関連する用語として、ストレス、心身症、発達障害、障害者差別解消法もあわせて確認すると理解がつながります。,ストレス;心身症;発達障害,,A,演習の正答の要点は「ADHDの3主徴は不注意・多動性・衝動性」です。誤り肢は根拠法令の取り違え、対象範囲の限定（のみ・必ず）、責任主体の混同（会社のみ・管理監督者のみ）に注意してください。,asd,アスペルガー症候群（ASD）とは？意味・根拠・試験で押さえるポイント,アスペルガー症候群（ASD）は、基礎・役割分野で頻出の用語です。アスペルガー症候群（ASD）は、メンタルヘルスケアの意義、管理監督者の役割、ストレスや疾病の基礎理解に関わる用語です。本記事では意味、試験での出題の仕方、混同しやすい点を整理します。,アスペルガー症候群（ASD）は、メンタルヘルスケアの意義、管理監督者の役割、ストレスや疾病の基礎理解に関わる用語です。試験では「アスペルガー症候群（ASD）は知的障害を必ず伴う。,アスペルガー症候群（ASD）は、メンタルヘルスケアの意義、管理監督者の役割、ストレスや疾病の基礎理解に関わる用語です。;まず「試験では「アスペルガー症候群（ASD）は知的障害を必ず伴う」という誤り選択肢に注意する用語です」という出題上のポイントと結びつけて理解します。;過去問・演習では「ADHDの3主徴は不注意・多動性・衝動性」という形で扱われるため、単語だけでなく設問の場面も確認します。;ラインケアの視点では、管理監督者が医学的判断を抱え込まず、職場で観察できる事実と専門職への連携を分けて理解することが重要です。,根拠法令（労基法・労契法・労安法）の取り違え;「のみ」「必ず」などの断定表現に注意;管理監督者が医学的判断を抱え込む,「アスペルガー症候群（ASD）」は基礎・役割の重要語。定義→誰が何をするか→連携先の順で覚えると整理しやすい。,,,アスペルガー症候群（ASD）とは何ですか？,アスペルガー症候群（ASD）は、メンタルヘルスケアの意義、管理監督者の役割、ストレスや疾病の基礎理解に関わる用語です。,アスペルガー症候群（ASD）は試験でどのように問われますか？,「アスペルガー症候群（ASD）」は定義に加え、演習問題の正答肢キーワードと照合して覚えると定着しやすいです。関連演習へリンクした問題を解き、用語記事に戻って確認してください。,アスペルガー症候群（ASD）を学習するときの注意点は？,単語だけでなく、ラインケア・安全配慮・専門職連携の流れの中で意味を確認してください。数値や義務の有無は法令改正で変わる場合があるため、受験前に公式情報も確認してください。,y2026/q15,演習2026・第15問（ASD）
アドレナリン,アドレナリン,基礎・役割,基礎・役割,アドレナリンは、メンタルヘルスケアの意義、管理監督者の役割、ストレスや疾病の基礎理解に関わる用語です。,アドレナリンは、メンタルヘルスケアの意義、管理監督者の役割、ストレスや疾病の基礎理解に関わる用語です。まず「アドレナリンは副腎髄質ホルモンで急性ストレス応答（交感神経活性化）に関与」という出題上のポイントと結びつけて理解します。過去問・演習では「コルチゾールは副腎皮質ホルモン（ステロイド）で慢性ストレスに関与・免疫抑制作用あり」という形で扱われるため、単語だけでなく設問の場面も確認します。ラインケアの視点では、管理監督者が医学的判断を抱え込まず、職場で観察できる事実と専門職への連携を分けて理解することが重要です。関連する用語として、ストレス、コルチゾール、ノルアドレナリン、ストレス反応もあわせて確認すると理解がつながります。,ストレス;コルチゾール;ノルアドレナリン,,A,演習の正答の要点は「コルチゾールは副腎皮質ホルモン（ステロイド）で慢性ストレスに関与・免疫抑制作用あり」です。誤り肢は根拠法令の取り違え、対象範囲の限定（のみ・必ず）、責任主体の混同（会社のみ・管理監督者のみ）に注意してください。,g-38f5c4d833e03abf,アドレナリンとは？意味・根拠・試験で押さえるポイント,アドレナリンは、基礎・役割分野で頻出の用語です。アドレナリンは、メンタルヘルスケアの意義、管理監督者の役割、ストレスや疾病の基礎理解に関わる用語です。本記事では意味、試験での出題の仕方、混同しやすい点を整理します。,アドレナリンは、メンタルヘルスケアの意義、管理監督者の役割、ストレスや疾病の基礎理解に関わる用語です。アドレナリンは副腎髄質ホルモンで急性ストレス応答（交感神経活性化）に関与。,アドレナリンは、メンタルヘルスケアの意義、管理監督者の役割、ストレスや疾病の基礎理解に関わる用語です。;まず「アドレナリンは副腎髄質ホルモンで急性ストレス応答（交感神経活性化）に関与」という出題上のポイントと結びつけて理解します。;過去問・演習では「コルチゾールは副腎皮質ホルモン（ステロイド）で慢性ストレスに関与・免疫抑制作用あり」という形で扱われるため、単語だけでなく設問の場面も確認します。;ラインケアの視点では、管理監督者が医学的判断を抱え込まず、職場で観察できる事実と専門職への連携を分けて理解することが重要です。,根拠法令（労基法・労契法・労安法）の取り違え;「のみ」「必ず」などの断定表現に注意;管理監督者が医学的判断を抱え込む,「アドレナリン」は基礎・役割の重要語。定義→誰が何をするか→連携先の順で覚えると整理しやすい。,,,アドレナリンとは何ですか？,アドレナリンは、メンタルヘルスケアの意義、管理監督者の役割、ストレスや疾病の基礎理解に関わる用語です。,アドレナリンは試験でどのように問われますか？,「アドレナリン」は定義に加え、演習問題の正答肢キーワードと照合して覚えると定着しやすいです。関連演習へリンクした問題を解き、用語記事に戻って確認してください。,アドレナリンを学習するときの注意点は？,単語だけでなく、ラインケア・安全配慮・専門職連携の流れの中で意味を確認してください。数値や義務の有無は法令改正で変わる場合があるため、受験前に公式情報も確認してください。,y2026/q82,演習2026・第82問（アドレナリン）
アルコール依存症,アルコール依存症,基礎・役割,基礎・役割,アルコール依存症は、メンタルヘルスケアの意義、管理監督者の役割、ストレスや疾病の基礎理解に関わる用語です。,アルコール依存症は、メンタルヘルスケアの意義、管理監督者の役割、ストレスや疾病の基礎理解に関わる用語です。まず「アルコール依存症は「否認」が特徴的で、本人が「自分は依存症ではない」と主張しやすい」という出題上のポイントと結びつけて理解します。過去問・演習では「アルコール依存症は「否認」が特徴的で、本人が「自分は依存症ではない」と主張しやすい」という形で扱われるため、単語だけでなく設問の場面も確認します。ラインケアの視点では、管理監督者が医学的判断を抱え込まず、職場で観察できる事実と専門職への連携を分けて理解することが重要です。関連する用語として、ストレス、入院治療もあわせて確認すると理解がつながります。,ストレス;入院治療;確認すると理解がつながります,,A,演習の正答の要点は「アルコール依存症は「否認」です。誤り肢は根拠法令の取り違え、対象範囲の限定（のみ・必ず）、責任主体の混同（会社のみ・管理監督者のみ）に注意してください。,g-6b8ad130ce189260,アルコール依存症とは？意味・根拠・試験で押さえるポイント,アルコール依存症は、基礎・役割分野で頻出の用語です。アルコール依存症は、メンタルヘルスケアの意義、管理監督者の役割、ストレスや疾病の基礎理解に関わる用語です。本記事では意味、試験での出題の仕方、混同しやすい点を整理します。,アルコール依存症は、メンタルヘルスケアの意義、管理監督者の役割、ストレスや疾病の基礎理解に関わる用語です。アルコール依存症は「否認。,アルコール依存症は、メンタルヘルスケアの意義、管理監督者の役割、ストレスや疾病の基礎理解に関わる用語です。;まず「アルコール依存症は「否認」が特徴的で、本人が「自分は依存症ではない」と主張しやすい」という出題上のポイントと結びつけて理解します。;過去問・演習では「アルコール依存症は「否認」が特徴的で、本人が「自分は依存症ではない」と主張しやすい」という形で扱われるため、単語だけでなく設問の場面も確認します。;ラインケアの視点では、管理監督者が医学的判断を抱え込まず、職場で観察できる事実と専門職への連携を分けて理解することが重要です。,根拠法令（労基法・労契法・労安法）の取り違え;「のみ」「必ず」などの断定表現に注意;管理監督者が医学的判断を抱え込む,「アルコール依存症」は基礎・役割の重要語。定義→誰が何をするか→連携先の順で覚えると整理しやすい。,,,アルコール依存症とは何ですか？,アルコール依存症は、メンタルヘルスケアの意義、管理監督者の役割、ストレスや疾病の基礎理解に関わる用語です。,アルコール依存症は試験でどのように問われますか？,「アルコール依存症」は定義に加え、演習問題の正答肢キーワードと照合して覚えると定着しやすいです。関連演習へリンクした問題を解き、用語記事に戻って確認してください。,アルコール依存症を学習するときの注意点は？,単語だけでなく、ラインケア・安全配慮・専門職連携の流れの中で意味を確認してください。数値や義務の有無は法令改正で変わる場合があるため、受験前に公式情報も確認してください。,y2026/q208,演習2026・第208問（アルコール依存症）
エンドルフィン,エンドルフィン,基礎・役割,基礎・役割,エンドルフィンは、脳内で働く内因性オピオイドの一種として説明され、痛みの感じ方や快感、ストレス反応と関係します。,エンドルフィンは、脳内で働く内因性オピオイドの一種として説明され、痛みの感じ方や快感、ストレス反応と関係します。メンタルヘルス試験では、生体反応や神経伝達物質の周辺知識として出ることがあります。職場では、用語の意味だけでなく、誰が対応し、どの情報を共有し、どの専門職につなぐかまで確認します。実務では、用語を単独で覚えるのではなく、ラインケア・安全配慮・専門職連携の流れに置いて確認します。,36協定;DALYs損失;ILO（国際労働機関）,,A,「エンドルフィン」は選択肢で根拠・対象範囲・責任の所在がずれる肢に注意してください。「のみ」「必ず」などの断定は定義と照合し、管理監督者が医学的判断を抱え込まない点も確認します。,g-697f75c6bbb4d062,エンドルフィンとは？意味・根拠・試験で押さえるポイント,エンドルフィンは、基礎・役割分野で頻出の用語です。エンドルフィンは、脳内で働く内因性オピオイドの一種として説明され、痛みの感じ方や快感、ストレス反応と関係します。本記事では意味、試験での出題の仕方、混同しやすい点を整理します。,エンドルフィンは、脳内で働く内因性オピオイドの一種として説明され、痛みの感じ方や快感、ストレス反応と関係します。メンタルヘルス試験では、生体反応や神経伝達物質の周辺知識として出ることがあります。,エンドルフィンは、脳内で働く内因性オピオイドの一種として説明され、痛みの感じ方や快感、ストレス反応と関係します。;メンタルヘルス試験では、生体反応や神経伝達物質の周辺知識として出ることがあります。;職場では、用語の意味だけでなく、誰が対応し、どの情報を共有し、どの専門職につなぐかまで確認します。;実務では、用語を単独で覚えるのではなく、ラインケア・安全配慮・専門職連携の流れに置いて確認します。,根拠法令（労基法・労契法・労安法）の取り違え;「のみ」「必ず」などの断定表現に注意;管理監督者が医学的判断を抱え込む,「エンドルフィン」は基礎・役割分野の用語。定義→職場での見方→連携先の順で整理し、関連演習で確認してください。,,,エンドルフィンとは何ですか？,エンドルフィンは、脳内で働く内因性オピオイドの一種として説明され、痛みの感じ方や快感、ストレス反応と関係します。,エンドルフィンは試験でどのように問われますか？,「エンドルフィン」は定義に加え、演習問題の正答肢キーワードと照合して覚えると定着しやすいです。関連演習へリンクした問題を解き、用語記事に戻って確認してください。,エンドルフィンを学習するときの注意点は？,単語だけでなく、ラインケア・安全配慮・専門職連携の流れの中で意味を確認してください。数値や義務の有無は法令改正で変わる場合があるため、受験前に公式情報も確認してください。,y2026/q07,演習2026・第7問（基礎・労働安全衛生）
コミュニケーションの種類（言語・非言語・対面・コンピュータ・道具的）,コミュニケーションの種類（言語・非言語・対面・コンピュータ・道具的）,基礎・役割,基礎・役割,コミュニケーションの種類（言語・非言語・対面・コンピュータ・道具的）は、話の聴き方、伝え方、相手への反応の仕方を考える際に使われます。,コミュニケーションの種類（言語・非言語・対面・コンピュータ・道具的）は、話の聴き方、伝え方、相手への反応の仕方を考える際に使われます。メンタルヘルス対応では、正論を押しつけるのではなく、相手が話しやすい関係をつくり、必要な支援へつなぐことが重要です。職場では、用語の意味だけでなく、誰が対応し、どの情報を共有し、どの専門職につなぐかまで確認します。実務では、用語を単独で覚えるのではなく、ラインケア・安全配慮・専門職連携の流れに置いて確認します。,36協定;DALYs損失;ILO（国際労働機関）,,A,「コミュニケーションの種類（言語・非言語・対面・コンピュータ・道具的）」は選択肢で根拠・対象範囲・責任の所在がずれる肢に注意してください。「のみ」「必ず」などの断定は定義と照合し、管理監督者が医学的判断を抱え込まない点も確認します。,g-f624f4f07e6c54ae,コミュニケーションの種類（言語・非言語・対面・コンピュータ・道具的）とは？意味・根拠・試験で押さえるポイント,コミュニケーションの種類（言語・非言語・対面・コンピュータ・道具的）は、基礎・役割分野で頻出の用語です。コミュニケーションの種類（言語・非言語・対面・コンピュータ・道具的）は、話の聴き方、伝え方、相手への反応の仕方を考える際に使われます。本記事では意味、試験での出題の仕方、混同しやすい点を整理します。,コミュニケーションの種類（言語・非言語・対面・コンピュータ・道具的）は、話の聴き方、伝え方、相手への反応の仕方を考える際に使われます。メンタルヘルス対応では、正論を押しつけるのではなく、相手が話しやすい関係をつくり、必要な支援へつなぐことが重要です。,コミュニケーションの種類（言語・非言語・対面・コンピュータ・道具的）は、話の聴き方、伝え方、相手への反応の仕方を考える際に使われます。;メンタルヘルス対応では、正論を押しつけるのではなく、相手が話しやすい関係をつくり、必要な支援へつなぐことが重要です。;職場では、用語の意味だけでなく、誰が対応し、どの情報を共有し、どの専門職につなぐかまで確認します。;実務では、用語を単独で覚えるのではなく、ラインケア・安全配慮・専門職連携の流れに置いて確認します。,根拠法令（労基法・労契法・労安法）の取り違え;「のみ」「必ず」などの断定表現に注意;管理監督者が医学的判断を抱え込む,「コミュニケーションの種類（言語・非言語・対面・コンピュータ・道具的）」は基礎・役割分野の用語。定義→職場での見方→連携先の順で整理し、関連演習で確認してください。,,,コミュニケーションの種類（言語・非言語・対面・コンピュータ・道具的）とは何ですか？,コミュニケーションの種類（言語・非言語・対面・コンピュータ・道具的）は、話の聴き方、伝え方、相手への反応の仕方を考える際に使われます。,コミュニケーションの種類（言語・非言語・対面・コンピュータ・道具的）は試験でどのように問われますか？,「コミュニケーションの種類（言語・非言語・対面・コンピュータ・道具的）」は定義に加え、演習問題の正答肢キーワードと照合して覚えると定着しやすいです。関連演習へリンクした問題を解き、用語記事に戻って確認してください。,コミュニケーションの種類（言語・非言語・対面・コンピュータ・道具的）を学習するときの注意点は？,単語だけでなく、ラインケア・安全配慮・専門職連携の流れの中で意味を確認してください。数値や義務の有無は法令改正で変わる場合があるため、受験前に公式情報も確認してください。,y2026/q12,演習2026・第12問（コミュニケーションの種類（言語・非言語・対面…）
コルチゾール,コルチゾール,基礎・役割,基礎・役割,コルチゾールは、メンタルヘルスケアの意義、管理監督者の役割、ストレスや疾病の基礎理解に関わる用語です。,コルチゾールは、メンタルヘルスケアの意義、管理監督者の役割、ストレスや疾病の基礎理解に関わる用語です。まず「コルチゾールは副腎皮質ホルモン（ステロイド）で慢性ストレスに関与・免疫抑制作用あり」という出題上のポイントと結びつけて理解します。過去問・演習では「コルチゾールは副腎皮質ホルモン（ステロイド）で慢性ストレスに関与・免疫抑制作用あり」という形で扱われるため、単語だけでなく設問の場面も確認します。ラインケアの視点では、管理監督者が医学的判断を抱え込まず、職場で観察できる事実と専門職への連携を分けて理解することが重要です。関連する用語として、アドレナリン、ストレスもあわせて確認すると理解がつながります。,アドレナリン;ストレス;確認すると理解がつながります,,A,演習の正答の要点は「コルチゾールは副腎皮質ホルモン（ステロイド）で慢性ストレスに関与・免疫抑制作用あり」です。誤り肢は根拠法令の取り違え、対象範囲の限定（のみ・必ず）、責任主体の混同（会社のみ・管理監督者のみ）に注意してください。,g-87fddfe74e535e6e,コルチゾールとは？意味・根拠・試験で押さえるポイント,コルチゾールは、基礎・役割分野で頻出の用語です。コルチゾールは、メンタルヘルスケアの意義、管理監督者の役割、ストレスや疾病の基礎理解に関わる用語です。本記事では意味、試験での出題の仕方、混同しやすい点を整理します。,コルチゾールは、メンタルヘルスケアの意義、管理監督者の役割、ストレスや疾病の基礎理解に関わる用語です。コルチゾールは副腎皮質ホルモン（ステロイド）で慢性ストレスに関与・免疫抑制作用あり。,コルチゾールは、メンタルヘルスケアの意義、管理監督者の役割、ストレスや疾病の基礎理解に関わる用語です。;まず「コルチゾールは副腎皮質ホルモン（ステロイド）で慢性ストレスに関与・免疫抑制作用あり」という出題上のポイントと結びつけて理解します。;過去問・演習では「コルチゾールは副腎皮質ホルモン（ステロイド）で慢性ストレスに関与・免疫抑制作用あり」という形で扱われるため、単語だけでなく設問の場面も確認します。;ラインケアの視点では、管理監督者が医学的判断を抱え込まず、職場で観察できる事実と専門職への連携を分けて理解することが重要です。,根拠法令（労基法・労契法・労安法）の取り違え;「のみ」「必ず」などの断定表現に注意;管理監督者が医学的判断を抱え込む,「コルチゾール」は基礎・役割の重要語。定義→誰が何をするか→連携先の順で覚えると整理しやすい。,,,コルチゾールとは何ですか？,コルチゾールは、メンタルヘルスケアの意義、管理監督者の役割、ストレスや疾病の基礎理解に関わる用語です。,コルチゾールは試験でどのように問われますか？,「コルチゾール」は定義に加え、演習問題の正答肢キーワードと照合して覚えると定着しやすいです。関連演習へリンクした問題を解き、用語記事に戻って確認してください。,コルチゾールを学習するときの注意点は？,単語だけでなく、ラインケア・安全配慮・専門職連携の流れの中で意味を確認してください。数値や義務の有無は法令改正で変わる場合があるため、受験前に公式情報も確認してください。,y2026/q82,演習2026・第82問（コルチゾール）
コーピング,コーピング,職場環境・配慮,職場環境・配慮,コーピングは、職場環境の評価・改善、個々の労働者への配慮、ストレスチェック制度に関わる用語です。,コーピングは、職場環境の評価・改善、個々の労働者への配慮、ストレスチェック制度に関わる用語です。まず「コーピングは、ストレスに対して本人が行う対処行動で、問題焦点型と情動焦点型などに分けられます」という出題上のポイントと結びつけて理解します。過去問・演習では「問題焦点型＝ストレス原因への直接的対処、情動焦点型＝感情の調整・気分転換」という形で扱われるため、単語だけでなく設問の場面も確認します。ラインケアの視点では、職場要因を把握し、業務量・裁量・支援体制など改善できる点へつなげることが重要です。関連する用語として、ストレス、ストレス反応、個人的要因、リラクセーションもあわせて確認すると理解がつながります。,ストレス;ストレス反応;個人的要因,,A,演習の正答の要点は「問題焦点型＝ストレス原因への直接的対処、情動焦点型＝感情の調整・気分転換」です。誤り肢は根拠法令の取り違え、対象範囲の限定（のみ・必ず）、責任主体の混同（会社のみ・管理監督者のみ）に注意してください。,g-19a16d325cfe7f77,コーピングとは？意味・根拠・試験で押さえるポイント,コーピングは、職場環境・配慮分野で頻出の用語です。コーピングは、職場環境の評価・改善、個々の労働者への配慮、ストレスチェック制度に関わる用語です。本記事では意味、試験での出題の仕方、混同しやすい点を整理します。,コーピングは、職場環境の評価・改善、個々の労働者への配慮、ストレスチェック制度に関わる用語です。コーピングは、ストレスに対して本人が行う対処行動で、問題焦点型と情動焦点型などに分けられます。,コーピングは、職場環境の評価・改善、個々の労働者への配慮、ストレスチェック制度に関わる用語です。;まず「コーピングは、ストレスに対して本人が行う対処行動で、問題焦点型と情動焦点型などに分けられます」という出題上のポイントと結びつけて理解します。;過去問・演習では「問題焦点型＝ストレス原因への直接的対処、情動焦点型＝感情の調整・気分転換」という形で扱われるため、単語だけでなく設問の場面も確認します。;ラインケアの視点では、職場要因を把握し、業務量・裁量・支援体制など改善できる点へつなげることが重要です。,数値基準・義務の有無・誰が実施するかの混同;個人結果と集団分析の取り違え;管理監督者が医学的判断を抱え込む,「コーピング」は職場環境・配慮の重要語。定義→誰が何をするか→連携先の順で覚えると整理しやすい。,,,コーピングとは何ですか？,コーピングは、職場環境の評価・改善、個々の労働者への配慮、ストレスチェック制度に関わる用語です。,コーピングは試験でどのように問われますか？,「コーピング」は定義に加え、演習問題の正答肢キーワードと照合して覚えると定着しやすいです。関連演習へリンクした問題を解き、用語記事に戻って確認してください。,コーピングを学習するときの注意点は？,単語だけでなく、ラインケア・安全配慮・専門職連携の流れの中で意味を確認してください。数値や義務の有無は法令改正で変わる場合があるため、受験前に公式情報も確認してください。,y2026/q42,演習2026・第42問（コーピング）
ジョハリの窓,ジョハリの窓,相談・連携・復職,相談・連携・復職,ジョハリの窓は、相談対応、社内外資源との連携、休業者の職場復帰支援に関わる用語です。,ジョハリの窓は、相談対応、社内外資源との連携、休業者の職場復帰支援に関わる用語です。まず「ジョハリの窓：開放・盲点・秘密・未知の4領域で自己開示と他者フィードバックの関係を示す」という出題上のポイントと結びつけて理解します。過去問・演習では「ジョハリの窓：開放・盲点・秘密・未知の4領域で自己開示と他者フィードバックの関係を示す」という形で扱われるため、単語だけでなく設問の場面も確認します。ラインケアの視点では、本人の話を聴き、必要な範囲で産業保健スタッフや社外資源へつなぐことが重要です。関連する用語として、ストレスもあわせて確認すると理解がつながります。,ストレス;確認すると理解がつながります,,A,演習の正答の要点は「ジョハリの窓：開放・盲点・秘密・未知の4領域で自己開示と他者フィードバックの関係を示す」です。誤り肢は根拠法令の取り違え、対象範囲の限定（のみ・必ず）、責任主体の混同（会社のみ・管理監督者のみ）に注意してください。,g-2e39d204976b575d,ジョハリの窓とは？意味・根拠・試験で押さえるポイント,ジョハリの窓は、相談・連携・復職分野で頻出の用語です。ジョハリの窓は、相談対応、社内外資源との連携、休業者の職場復帰支援に関わる用語です。本記事では意味、試験での出題の仕方、混同しやすい点を整理します。,ジョハリの窓は、相談対応、社内外資源との連携、休業者の職場復帰支援に関わる用語です。ジョハリの窓：開放・盲点・秘密・未知の4領域で自己開示と他者フィードバックの関係を示す。,ジョハリの窓は、相談対応、社内外資源との連携、休業者の職場復帰支援に関わる用語です。;まず「ジョハリの窓：開放・盲点・秘密・未知の4領域で自己開示と他者フィードバックの関係を示す」という出題上のポイントと結びつけて理解します。;過去問・演習では「ジョハリの窓：開放・盲点・秘密・未知の4領域で自己開示と他者フィードバックの関係を示す」という形で扱われるため、単語だけでなく設問の場面も確認します。;ラインケアの視点では、本人の話を聴き、必要な範囲で産業保健スタッフや社外資源へつなぐことが重要です。,手順の順序・禁止事項（やってはいけないこと）の混同;主治医と産業医の役割の逆転;管理監督者が医学的判断を抱え込む,「ジョハリの窓」は相談・連携・復職の重要語。定義→誰が何をするか→連携先の順で覚えると整理しやすい。,,,ジョハリの窓とは何ですか？,ジョハリの窓は、相談対応、社内外資源との連携、休業者の職場復帰支援に関わる用語です。,ジョハリの窓は試験でどのように問われますか？,「ジョハリの窓」は定義に加え、演習問題の正答肢キーワードと照合して覚えると定着しやすいです。関連演習へリンクした問題を解き、用語記事に戻って確認してください。,ジョハリの窓を学習するときの注意点は？,単語だけでなく、ラインケア・安全配慮・専門職連携の流れの中で意味を確認してください。数値や義務の有無は法令改正で変わる場合があるため、受験前に公式情報も確認してください。,y2026/q267,演習2026・第267問（ジョハリの窓）
ジョンソン（Johnson）,ジョンソン（Johnson）,基礎・役割,基礎・役割,Johnsonは、仕事の要求度、仕事のコントロール、社会的支援を組み合わせて職場ストレスを捉える考え方と関連して扱われます。,Johnsonは、仕事の要求度、仕事のコントロール、社会的支援を組み合わせて職場ストレスを捉える考え方と関連して扱われます。職場のストレスは仕事量だけでなく、裁量や上司・同僚の支援によっても変わる点を理解します。職場では、用語の意味だけでなく、誰が対応し、どの情報を共有し、どの専門職につなぐかまで確認します。実務では、用語を単独で覚えるのではなく、ラインケア・安全配慮・専門職連携の流れに置いて確認します。,36協定;DALYs損失;ILO（国際労働機関）,,A,「ジョンソン（Johnson）」は選択肢で根拠・対象範囲・責任の所在がずれる肢に注意してください。「のみ」「必ず」などの断定は定義と照合し、管理監督者が医学的判断を抱え込まない点も確認します。,johnson,ジョンソン（Johnson）とは？意味・根拠・試験で押さえるポイント,ジョンソン（Johnson）は、基礎・役割分野で頻出の用語です。Johnsonは、仕事の要求度、仕事のコントロール、社会的支援を組み合わせて職場ストレスを捉える考え方と関連して扱われます。本記事では意味、試験での出題の仕方、混同しやすい点を整理します。,Johnsonは、仕事の要求度、仕事のコントロール、社会的支援を組み合わせて職場ストレスを捉える考え方と関連して扱われます。職場のストレスは仕事量だけでなく、裁量や上司・同僚の支援によっても変わる点を理解します。,Johnsonは、仕事の要求度、仕事のコントロール、社会的支援を組み合わせて職場ストレスを捉える考え方と関連して扱われます。;職場のストレスは仕事量だけでなく、裁量や上司・同僚の支援によっても変わる点を理解します。;職場では、用語の意味だけでなく、誰が対応し、どの情報を共有し、どの専門職につなぐかまで確認します。;実務では、用語を単独で覚えるのではなく、ラインケア・安全配慮・専門職連携の流れに置いて確認します。,根拠法令（労基法・労契法・労安法）の取り違え;「のみ」「必ず」などの断定表現に注意;管理監督者が医学的判断を抱え込む,「ジョンソン（Johnson）」は基礎・役割分野の用語。定義→職場での見方→連携先の順で整理し、関連演習で確認してください。,,,ジョンソン（Johnson）とは何ですか？,Johnsonは、仕事の要求度、仕事のコントロール、社会的支援を組み合わせて職場ストレスを捉える考え方と関連して扱われます。,ジョンソン（Johnson）は試験でどのように問われますか？,「ジョンソン（Johnson）」は定義に加え、演習問題の正答肢キーワードと照合して覚えると定着しやすいです。関連演習へリンクした問題を解き、用語記事に戻って確認してください。,ジョンソン（Johnson）を学習するときの注意点は？,単語だけでなく、ラインケア・安全配慮・専門職連携の流れの中で意味を確認してください。数値や義務の有無は法令改正で変わる場合があるため、受験前に公式情報も確認してください。,y2026/q07,演習2026・第7問（基礎・労働安全衛生）
ストレス,ストレス,基礎・役割,基礎・役割,ストレスは、メンタルヘルスケアの意義、管理監督者の役割、ストレスや疾病の基礎理解に関わる用語です。,ストレスは、メンタルヘルスケアの意義、管理監督者の役割、ストレスや疾病の基礎理解に関わる用語です。まず「ストレスは、外部からの刺激に対して心身に生じる反応で、ストレッサー・個人要因・支援資源などの影響を受けます」という出題上のポイントと結びつけて理解します。過去問・演習では「NIOSHモデルでは仕事のストレス要因に加え、個人的要因・緩衝要因（上司・同僚・家族の支援など）がストレス反応を修飾し、最終的な健康障害に至るプロセスを示している」という形で扱われるため、単語だけでなく設問の場面も確認します。ラインケアの視点では、管理監督者が医学的判断を抱え込まず、職場で観察できる事実と専門職への連携を分けて理解することが重要です。関連する用語として、産業医、ストレス反応、ストレスチェック、セルフケアもあわせて確認すると理解がつながります。,産業医;ストレス反応;ストレスチェック,,A,演習の正答の要点は「NIOSHモデルでは仕事のストレス要因に加え、個人的要因・緩衝要因（上司・同僚・家族の支援など）がストレス反応を修飾し、最終的な健康障害に至るプロセスを示している」です。誤り肢は根拠法令の取り違え、対象範囲の限定（のみ・必ず）、責任主体の混同（会社のみ・管理監督者のみ）に注意してください。,stress,ストレスとは？意味・根拠・試験で押さえるポイント,ストレスは、基礎・役割分野で頻出の用語です。ストレスは、メンタルヘルスケアの意義、管理監督者の役割、ストレスや疾病の基礎理解に関わる用語です。本記事では意味、試験での出題の仕方、混同しやすい点を整理します。,ストレスは、メンタルヘルスケアの意義、管理監督者の役割、ストレスや疾病の基礎理解に関わる用語です。ストレスは、外部からの刺激に対して心身に生じる反応で、ストレッサー・個人要因・支援資源などの影響を受けます。,ストレスは、メンタルヘルスケアの意義、管理監督者の役割、ストレスや疾病の基礎理解に関わる用語です。;まず「ストレスは、外部からの刺激に対して心身に生じる反応で、ストレッサー・個人要因・支援資源などの影響を受けます」という出題上のポイントと結びつけて理解します。;過去問・演習では「NIOSHモデルでは仕事のストレス要因に加え、個人的要因・緩衝要因（上司・同僚・家族の支援など）がストレス反応を修飾し、最終的な健康障害に至るプロセスを示している」という形で扱われるため、単語だけでなく設問の場面も確認します。;ラインケアの視点では、管理監督者が医学的判断を抱え込まず、職場で観察できる事実と専門職への連携を分けて理解することが重要です。,根拠法令（労基法・労契法・労安法）の取り違え;「のみ」「必ず」などの断定表現に注意;管理監督者が医学的判断を抱え込む,「ストレス」は基礎・役割の重要語。定義→誰が何をするか→連携先の順で覚えると整理しやすい。,,,ストレスとは何ですか？,ストレスは、メンタルヘルスケアの意義、管理監督者の役割、ストレスや疾病の基礎理解に関わる用語です。,ストレスは試験でどのように問われますか？,「ストレス」は定義に加え、演習問題の正答肢キーワードと照合して覚えると定着しやすいです。関連演習へリンクした問題を解き、用語記事に戻って確認してください。,ストレスを学習するときの注意点は？,単語だけでなく、ラインケア・安全配慮・専門職連携の流れの中で意味を確認してください。数値や義務の有無は法令改正で変わる場合があるため、受験前に公式情報も確認してください。,y2026/q07,演習2026・第7問（ストレス調査）
ストレスチェック,ストレスチェック,基礎・役割,基礎・役割,ストレスチェックは、メンタルヘルスケアの意義、管理監督者の役割、ストレスや疾病の基礎理解に関わる用語です。,ストレスチェックは、メンタルヘルスケアの意義、管理監督者の役割、ストレスや疾病の基礎理解に関わる用語です。まず「ストレスチェックは、労働者自身のストレスへの気づきと職場環境改善を目的に行う検査制度です」という出題上のポイントと結びつけて理解します。過去問・演習では「ストレスチェック結果を理由とした不利益取り扱いは禁止（労働安全衛生法）」という形で扱われるため、単語だけでなく設問の場面も確認します。ラインケアの視点では、管理監督者が医学的判断を抱え込まず、職場で観察できる事実と専門職への連携を分けて理解することが重要です。関連する用語として、ストレス、面接指導、保健師、職業性ストレス簡易調査票もあわせて確認すると理解がつながります。,ストレス;面接指導;保健師,,A,演習の正答の要点は「ストレスチェック結果を理由とした不利益取り扱いは禁止（労働安全衛生法）」です。誤り肢は根拠法令の取り違え、対象範囲の限定（のみ・必ず）、責任主体の混同（会社のみ・管理監督者のみ）に注意してください。,stress-check,ストレスチェックとは？意味・根拠・試験で押さえるポイント,ストレスチェックは、基礎・役割分野で頻出の用語です。ストレスチェックは、メンタルヘルスケアの意義、管理監督者の役割、ストレスや疾病の基礎理解に関わる用語です。本記事では意味、試験での出題の仕方、混同しやすい点を整理します。,ストレスチェックは、メンタルヘルスケアの意義、管理監督者の役割、ストレスや疾病の基礎理解に関わる用語です。ストレスチェックは、労働者自身のストレスへの気づきと職場環境改善を目的に行う検査制度です。,ストレスチェックは、メンタルヘルスケアの意義、管理監督者の役割、ストレスや疾病の基礎理解に関わる用語です。;まず「ストレスチェックは、労働者自身のストレスへの気づきと職場環境改善を目的に行う検査制度です」という出題上のポイントと結びつけて理解します。;過去問・演習では「ストレスチェック結果を理由とした不利益取り扱いは禁止（労働安全衛生法）」という形で扱われるため、単語だけでなく設問の場面も確認します。;ラインケアの視点では、管理監督者が医学的判断を抱え込まず、職場で観察できる事実と専門職への連携を分けて理解することが重要です。,根拠法令（労基法・労契法・労安法）の取り違え;「のみ」「必ず」などの断定表現に注意;管理監督者が医学的判断を抱え込む,「ストレスチェック」は基礎・役割の重要語。定義→誰が何をするか→連携先の順で覚えると整理しやすい。,,,ストレスチェックとは何ですか？,ストレスチェックは、メンタルヘルスケアの意義、管理監督者の役割、ストレスや疾病の基礎理解に関わる用語です。,ストレスチェックは試験でどのように問われますか？,「ストレスチェック」は定義に加え、演習問題の正答肢キーワードと照合して覚えると定着しやすいです。関連演習へリンクした問題を解き、用語記事に戻って確認してください。,ストレスチェックを学習するときの注意点は？,単語だけでなく、ラインケア・安全配慮・専門職連携の流れの中で意味を確認してください。数値や義務の有無は法令改正で変わる場合があるため、受験前に公式情報も確認してください。,y2026/q10,演習2026・第10問（ストレスチェック）
ストレスチェック実施事務従事者,ストレスチェック実施事務従事者,職場環境・配慮,職場環境・配慮,ストレスチェック実施事務従事者は、調査票の回収、データ入力、結果通知の補助などを行います。,ストレスチェック実施事務従事者は、調査票の回収、データ入力、結果通知の補助などを行います。ただし、人事権を持つ者が労働者の個人結果を扱う立場になることは避ける必要があり、秘密保持が求められます。職場では、用語の意味だけでなく、誰が対応し、どの情報を共有し、どの専門職につなぐかまで確認します。実務では、個人の努力だけでなく、職場の仕組みや環境をどう変えるかまで考えると理解が深まります。,PDCAサイクル;いつもと違う様子;コーピング,,A,「ストレスチェック実施事務従事者」は選択肢で根拠・対象範囲・責任の所在がずれる肢に注意してください。「のみ」「必ず」などの断定は定義と照合し、管理監督者が医学的判断を抱え込まない点も確認します。,g-76a46dd625e43ae1,ストレスチェック実施事務従事者とは？意味・根拠・試験で押さえるポイント,ストレスチェック実施事務従事者は、職場環境・配慮分野で頻出の用語です。ストレスチェック実施事務従事者は、調査票の回収、データ入力、結果通知の補助などを行います。本記事では意味、試験での出題の仕方、混同しやすい点を整理します。,ストレスチェック実施事務従事者は、調査票の回収、データ入力、結果通知の補助などを行います。ただし、人事権を持つ者が労働者の個人結果を扱う立場になることは避ける必要があり、秘密保持が求められます。,ストレスチェック実施事務従事者は、調査票の回収、データ入力、結果通知の補助などを行います。;ただし、人事権を持つ者が労働者の個人結果を扱う立場になることは避ける必要があり、秘密保持が求められます。;職場では、用語の意味だけでなく、誰が対応し、どの情報を共有し、どの専門職につなぐかまで確認します。;実務では、個人の努力だけでなく、職場の仕組みや環境をどう変えるかまで考えると理解が深まります。,数値基準・義務の有無・誰が実施するかの混同;個人結果と集団分析の取り違え;管理監督者が医学的判断を抱え込む,「ストレスチェック実施事務従事者」は職場環境・配慮分野の用語。定義→職場での見方→連携先の順で整理し、関連演習で確認してください。,,,ストレスチェック実施事務従事者とは何ですか？,ストレスチェック実施事務従事者は、調査票の回収、データ入力、結果通知の補助などを行います。,ストレスチェック実施事務従事者は試験でどのように問われますか？,「ストレスチェック実施事務従事者」は定義に加え、演習問題の正答肢キーワードと照合して覚えると定着しやすいです。関連演習へリンクした問題を解き、用語記事に戻って確認してください。,ストレスチェック実施事務従事者を学習するときの注意点は？,単語だけでなく、ラインケア・安全配慮・専門職連携の流れの中で意味を確認してください。数値や義務の有無は法令改正で変わる場合があるため、受験前に公式情報も確認してください。,y2026/q04,演習2026・第4問（ストレスチェック実施事務従事者）
ストレスチェック実施者,ストレスチェック実施者,職場環境・配慮,職場環境・配慮,ストレスチェック実施者は、調査票の実施、結果の評価、高ストレス者の選定などに関わります。,ストレスチェック実施者は、調査票の実施、結果の評価、高ストレス者の選定などに関わります。事業者や人事権を持つ者が労働者の個人結果を自由に扱えるわけではなく、実施者や実施事務従事者には守秘義務があります。職場では、用語の意味だけでなく、誰が対応し、どの情報を共有し、どの専門職につなぐかまで確認します。実務では、個人の努力だけでなく、職場の仕組みや環境をどう変えるかまで考えると理解が深まります。,PDCAサイクル;いつもと違う様子;コーピング,,A,「ストレスチェック実施者」は選択肢で根拠・対象範囲・責任の所在がずれる肢に注意してください。「のみ」「必ず」などの断定は定義と照合し、管理監督者が医学的判断を抱え込まない点も確認します。,g-5022f3221ce759a6,ストレスチェック実施者とは？意味・根拠・試験で押さえるポイント,ストレスチェック実施者は、職場環境・配慮分野で頻出の用語です。ストレスチェック実施者は、調査票の実施、結果の評価、高ストレス者の選定などに関わります。本記事では意味、試験での出題の仕方、混同しやすい点を整理します。,ストレスチェック実施者は、調査票の実施、結果の評価、高ストレス者の選定などに関わります。事業者や人事権を持つ者が労働者の個人結果を自由に扱えるわけではなく、実施者や実施事務従事者には守秘義務があります。,ストレスチェック実施者は、調査票の実施、結果の評価、高ストレス者の選定などに関わります。;事業者や人事権を持つ者が労働者の個人結果を自由に扱えるわけではなく、実施者や実施事務従事者には守秘義務があります。;職場では、用語の意味だけでなく、誰が対応し、どの情報を共有し、どの専門職につなぐかまで確認します。;実務では、個人の努力だけでなく、職場の仕組みや環境をどう変えるかまで考えると理解が深まります。,数値基準・義務の有無・誰が実施するかの混同;個人結果と集団分析の取り違え;管理監督者が医学的判断を抱え込む,「ストレスチェック実施者」は職場環境・配慮分野の用語。定義→職場での見方→連携先の順で整理し、関連演習で確認してください。,,,ストレスチェック実施者とは何ですか？,ストレスチェック実施者は、調査票の実施、結果の評価、高ストレス者の選定などに関わります。,ストレスチェック実施者は試験でどのように問われますか？,「ストレスチェック実施者」は定義に加え、演習問題の正答肢キーワードと照合して覚えると定着しやすいです。関連演習へリンクした問題を解き、用語記事に戻って確認してください。,ストレスチェック実施者を学習するときの注意点は？,単語だけでなく、ラインケア・安全配慮・専門職連携の流れの中で意味を確認してください。数値や義務の有無は法令改正で変わる場合があるため、受験前に公式情報も確認してください。,y2026/q04,演習2026・第4問（ストレスチェック実施者）
ストレス反応,ストレス反応,基礎・役割,基礎・役割,ストレス反応は、メンタルヘルスケアの意義、管理監督者の役割、ストレスや疾病の基礎理解に関わる用語です。,ストレス反応は、メンタルヘルスケアの意義、管理監督者の役割、ストレスや疾病の基礎理解に関わる用語です。まず「NIOSHモデルでは仕事のストレス要因に加え、個人的要因・緩衝要因（上司・同僚・家族の支援など）がストレス反応を修飾し、最終的な健康障害に至るプロセスを示している」という出題上のポイントと結びつけて理解します。過去問・演習では「NIOSHモデルでは仕事のストレス要因に加え、個人的要因・緩衝要因（上司・同僚・家族の支援など）がストレス反応を修飾し、最終的な健康障害に至るプロセスを示している」という形で扱われるため、単語だけでなく設問の場面も確認します。ラインケアの視点では、管理監督者が医学的判断を抱え込まず、職場で観察できる事実と専門職への連携を分けて理解することが重要です。関連する用語として、ストレス、ストレッサー、個人的要因、緩衝要因もあわせて確認すると理解がつながります。,ストレス;ストレッサー;個人的要因,,A,演習の正答の要点は「NIOSHモデルでは仕事のストレス要因に加え、個人的要因・緩衝要因（上司・同僚・家族の支援など）がストレス反応を修飾し、最終的な健康障害に至るプロセスを示している」です。誤り肢は根拠法令の取り違え、対象範囲の限定（のみ・必ず）、責任主体の混同（会社のみ・管理監督者のみ）に注意してください。,g-dd2498e515050497,ストレス反応とは？意味・根拠・試験で押さえるポイント,ストレス反応は、基礎・役割分野で頻出の用語です。ストレス反応は、メンタルヘルスケアの意義、管理監督者の役割、ストレスや疾病の基礎理解に関わる用語です。本記事では意味、試験での出題の仕方、混同しやすい点を整理します。,ストレス反応は、メンタルヘルスケアの意義、管理監督者の役割、ストレスや疾病の基礎理解に関わる用語です。NIOSHモデルでは仕事のストレス要因に加え、個人的要因・緩衝要因（上司・同僚・家族の支援など）がストレス反応を修飾し、最終的な健康障害に至るプロセスを示している。,ストレス反応は、メンタルヘルスケアの意義、管理監督者の役割、ストレスや疾病の基礎理解に関わる用語です。;まず「NIOSHモデルでは仕事のストレス要因に加え、個人的要因・緩衝要因（上司・同僚・家族の支援など）がストレス反応を修飾し、最終的な健康障害に至るプロセスを示している」という出題上のポイントと結びつけて理解します。;過去問・演習では「NIOSHモデルでは仕事のストレス要因に加え、個人的要因・緩衝要因（上司・同僚・家族の支援など）がストレス反応を修飾し、最終的な健康障害に至るプロセスを示している」という形で扱われるため、単語だけでなく設問の場面も確認します。;ラインケアの視点では、管理監督者が医学的判断を抱え込まず、職場で観察できる事実と専門職への連携を分けて理解することが重要です。,根拠法令（労基法・労契法・労安法）の取り違え;「のみ」「必ず」などの断定表現に注意;管理監督者が医学的判断を抱え込む,「ストレス反応」は基礎・役割の重要語。定義→誰が何をするか→連携先の順で覚えると整理しやすい。,,,ストレス反応とは何ですか？,ストレス反応は、メンタルヘルスケアの意義、管理監督者の役割、ストレスや疾病の基礎理解に関わる用語です。,ストレス反応は試験でどのように問われますか？,「ストレス反応」は定義に加え、演習問題の正答肢キーワードと照合して覚えると定着しやすいです。関連演習へリンクした問題を解き、用語記事に戻って確認してください。,ストレス反応を学習するときの注意点は？,単語だけでなく、ラインケア・安全配慮・専門職連携の流れの中で意味を確認してください。数値や義務の有無は法令改正で変わる場合があるため、受験前に公式情報も確認してください。,y2026/q13,演習2026・第13問（ストレス反応）
ストレス増加の社会的背景,ストレス増加の社会的背景,基礎・役割,基礎・役割,ストレス増加の社会的背景は、仕事の量や質、人間関係、裁量、支援、個人要因などがストレス反応にどう関わるかを整理する際に使われます。,ストレス増加の社会的背景は、仕事の量や質、人間関係、裁量、支援、個人要因などがストレス反応にどう関わるかを整理する際に使われます。職場のメンタルヘルスでは、本人の弱さだけでなく、環境要因と緩衝要因を合わせて見ることが重要です。職場では、用語の意味だけでなく、誰が対応し、どの情報を共有し、どの専門職につなぐかまで確認します。実務では、用語を単独で覚えるのではなく、ラインケア・安全配慮・専門職連携の流れに置いて確認します。,36協定;DALYs損失;ILO（国際労働機関）,,A,「ストレス増加の社会的背景」は選択肢で根拠・対象範囲・責任の所在がずれる肢に注意してください。「のみ」「必ず」などの断定は定義と照合し、管理監督者が医学的判断を抱え込まない点も確認します。,g-a1bcc7fc61dcaba6,ストレス増加の社会的背景とは？意味・根拠・試験で押さえるポイント,ストレス増加の社会的背景は、基礎・役割分野で頻出の用語です。ストレス増加の社会的背景は、仕事の量や質、人間関係、裁量、支援、個人要因などがストレス反応にどう関わるかを整理する際に使われます。本記事では意味、試験での出題の仕方、混同しやすい点を整理します。,ストレス増加の社会的背景は、仕事の量や質、人間関係、裁量、支援、個人要因などがストレス反応にどう関わるかを整理する際に使われます。職場のメンタルヘルスでは、本人の弱さだけでなく、環境要因と緩衝要因を合わせて見ることが重要です。,ストレス増加の社会的背景は、仕事の量や質、人間関係、裁量、支援、個人要因などがストレス反応にどう関わるかを整理する際に使われます。;職場のメンタルヘルスでは、本人の弱さだけでなく、環境要因と緩衝要因を合わせて見ることが重要です。;職場では、用語の意味だけでなく、誰が対応し、どの情報を共有し、どの専門職につなぐかまで確認します。;実務では、用語を単独で覚えるのではなく、ラインケア・安全配慮・専門職連携の流れに置いて確認します。,根拠法令（労基法・労契法・労安法）の取り違え;「のみ」「必ず」などの断定表現に注意;管理監督者が医学的判断を抱え込む,「ストレス増加の社会的背景」は基礎・役割分野の用語。定義→職場での見方→連携先の順で整理し、関連演習で確認してください。,,,ストレス増加の社会的背景とは何ですか？,ストレス増加の社会的背景は、仕事の量や質、人間関係、裁量、支援、個人要因などがストレス反応にどう関わるかを整理する際に使われます。,ストレス増加の社会的背景は試験でどのように問われますか？,「ストレス増加の社会的背景」は定義に加え、演習問題の正答肢キーワードと照合して覚えると定着しやすいです。関連演習へリンクした問題を解き、用語記事に戻って確認してください。,ストレス増加の社会的背景を学習するときの注意点は？,単語だけでなく、ラインケア・安全配慮・専門職連携の流れの中で意味を確認してください。数値や義務の有無は法令改正で変わる場合があるため、受験前に公式情報も確認してください。,y2026/q07,演習2026・第7問（基礎・労働安全衛生）
ストレス対処行動,ストレス対処行動,基礎・役割,基礎・役割,ストレス対処行動は、メンタルヘルスケアの意義、管理監督者の役割、ストレスや疾病の基礎理解に関わる用語です。,ストレス対処行動は、メンタルヘルスケアの意義、管理監督者の役割、ストレスや疾病の基礎理解に関わる用語です。まず「ストレス対処行動は、試験では「コーピングは問題焦点型・情動焦点型・回避型・社会的支援希求型等に分類される」という文脈で確認される用語です」という出題上のポイントと結びつけて理解します。過去問・演習では「コーピングは問題焦点型・情動焦点型・回避型・社会的支援希求型等に分類される」という形で扱われるため、単語だけでなく設問の場面も確認します。ラインケアの視点では、管理監督者が医学的判断を抱え込まず、職場で観察できる事実と専門職への連携を分けて理解することが重要です。関連する用語として、コーピング、ストレスもあわせて確認すると理解がつながります。,コーピング;ストレス;確認すると理解がつながります,,A,演習の正答の要点は「コーピングは問題焦点型・情動焦点型・回避型・社会的支援希求型等に分類される」です。誤り肢は根拠法令の取り違え、対象範囲の限定（のみ・必ず）、責任主体の混同（会社のみ・管理監督者のみ）に注意してください。,g-5d2cce262dab67a1,ストレス対処行動とは？意味・根拠・試験で押さえるポイント,ストレス対処行動は、基礎・役割分野で頻出の用語です。ストレス対処行動は、メンタルヘルスケアの意義、管理監督者の役割、ストレスや疾病の基礎理解に関わる用語です。本記事では意味、試験での出題の仕方、混同しやすい点を整理します。,ストレス対処行動は、メンタルヘルスケアの意義、管理監督者の役割、ストレスや疾病の基礎理解に関わる用語です。ストレス対処行動は、試験では「コーピングは問題焦点型・情動焦点型・回避型・社会的支援希求型等に分類される。,ストレス対処行動は、メンタルヘルスケアの意義、管理監督者の役割、ストレスや疾病の基礎理解に関わる用語です。;まず「ストレス対処行動は、試験では「コーピングは問題焦点型・情動焦点型・回避型・社会的支援希求型等に分類される」という文脈で確認される用語です」という出題上のポイントと結びつけて理解します。;過去問・演習では「コーピングは問題焦点型・情動焦点型・回避型・社会的支援希求型等に分類される」という形で扱われるため、単語だけでなく設問の場面も確認します。;ラインケアの視点では、管理監督者が医学的判断を抱え込まず、職場で観察できる事実と専門職への連携を分けて理解することが重要です。,根拠法令（労基法・労契法・労安法）の取り違え;「のみ」「必ず」などの断定表現に注意;管理監督者が医学的判断を抱え込む,「ストレス対処行動」は基礎・役割の重要語。定義→誰が何をするか→連携先の順で覚えると整理しやすい。,,,ストレス対処行動とは何ですか？,ストレス対処行動は、メンタルヘルスケアの意義、管理監督者の役割、ストレスや疾病の基礎理解に関わる用語です。,ストレス対処行動は試験でどのように問われますか？,「ストレス対処行動」は定義に加え、演習問題の正答肢キーワードと照合して覚えると定着しやすいです。関連演習へリンクした問題を解き、用語記事に戻って確認してください。,ストレス対処行動を学習するときの注意点は？,単語だけでなく、ラインケア・安全配慮・専門職連携の流れの中で意味を確認してください。数値や義務の有無は法令改正で変わる場合があるため、受験前に公式情報も確認してください。,y2026/q205,演習2026・第205問（ストレス対処）
ストレス病,ストレス病,基礎・役割,基礎・役割,ストレス病は、仕事の量や質、人間関係、裁量、支援、個人要因などがストレス反応にどう関わるかを整理する際に使われます。,ストレス病は、仕事の量や質、人間関係、裁量、支援、個人要因などがストレス反応にどう関わるかを整理する際に使われます。職場のメンタルヘルスでは、本人の弱さだけでなく、環境要因と緩衝要因を合わせて見ることが重要です。職場では、用語の意味だけでなく、誰が対応し、どの情報を共有し、どの専門職につなぐかまで確認します。実務では、用語を単独で覚えるのではなく、ラインケア・安全配慮・専門職連携の流れに置いて確認します。,36協定;DALYs損失;ILO（国際労働機関）,,A,「ストレス病」は選択肢で根拠・対象範囲・責任の所在がずれる肢に注意してください。「のみ」「必ず」などの断定は定義と照合し、管理監督者が医学的判断を抱え込まない点も確認します。,g-e2560596b37e3114,ストレス病とは？意味・根拠・試験で押さえるポイント,ストレス病は、基礎・役割分野で頻出の用語です。ストレス病は、仕事の量や質、人間関係、裁量、支援、個人要因などがストレス反応にどう関わるかを整理する際に使われます。本記事では意味、試験での出題の仕方、混同しやすい点を整理します。,ストレス病は、仕事の量や質、人間関係、裁量、支援、個人要因などがストレス反応にどう関わるかを整理する際に使われます。職場のメンタルヘルスでは、本人の弱さだけでなく、環境要因と緩衝要因を合わせて見ることが重要です。,ストレス病は、仕事の量や質、人間関係、裁量、支援、個人要因などがストレス反応にどう関わるかを整理する際に使われます。;職場のメンタルヘルスでは、本人の弱さだけでなく、環境要因と緩衝要因を合わせて見ることが重要です。;職場では、用語の意味だけでなく、誰が対応し、どの情報を共有し、どの専門職につなぐかまで確認します。;実務では、用語を単独で覚えるのではなく、ラインケア・安全配慮・専門職連携の流れに置いて確認します。,根拠法令（労基法・労契法・労安法）の取り違え;「のみ」「必ず」などの断定表現に注意;管理監督者が医学的判断を抱え込む,「ストレス病」は基礎・役割分野の用語。定義→職場での見方→連携先の順で整理し、関連演習で確認してください。,,,ストレス病とは何ですか？,ストレス病は、仕事の量や質、人間関係、裁量、支援、個人要因などがストレス反応にどう関わるかを整理する際に使われます。,ストレス病は試験でどのように問われますか？,「ストレス病」は定義に加え、演習問題の正答肢キーワードと照合して覚えると定着しやすいです。関連演習へリンクした問題を解き、用語記事に戻って確認してください。,ストレス病を学習するときの注意点は？,単語だけでなく、ラインケア・安全配慮・専門職連携の流れの中で意味を確認してください。数値や義務の有無は法令改正で変わる場合があるため、受験前に公式情報も確認してください。,y2026/q07,演習2026・第7問（基礎・労働安全衛生）
ストレッサー,ストレッサー,基礎・役割,基礎・役割,ストレッサーは、メンタルヘルスケアの意義、管理監督者の役割、ストレスや疾病の基礎理解に関わる用語です。,ストレッサーは、メンタルヘルスケアの意義、管理監督者の役割、ストレスや疾病の基礎理解に関わる用語です。まず「これらがストレッサーとストレス反応の間を修飾する」という出題上のポイントと結びつけて理解します。過去問・演習では「セリエの汎適応症候群は警告反応期→抵抗期→疲憊期の3段階」という形で扱われるため、単語だけでなく設問の場面も確認します。ラインケアの視点では、管理監督者が医学的判断を抱え込まず、職場で観察できる事実と専門職への連携を分けて理解することが重要です。関連する用語として、ストレス、ストレス反応、個人的要因、緩衝要因もあわせて確認すると理解がつながります。,ストレス;ストレス反応;個人的要因,,A,演習の正答の要点は「セリエの汎適応症候群は警告反応期→抵抗期→疲憊期の3段階」です。誤り肢は根拠法令の取り違え、対象範囲の限定（のみ・必ず）、責任主体の混同（会社のみ・管理監督者のみ）に注意してください。,g-dd92bf919dbe7997,ストレッサーとは？意味・根拠・試験で押さえるポイント,ストレッサーは、基礎・役割分野で頻出の用語です。ストレッサーは、メンタルヘルスケアの意義、管理監督者の役割、ストレスや疾病の基礎理解に関わる用語です。本記事では意味、試験での出題の仕方、混同しやすい点を整理します。,ストレッサーは、メンタルヘルスケアの意義、管理監督者の役割、ストレスや疾病の基礎理解に関わる用語です。これらがストレッサーとストレス反応の間を修飾する。,ストレッサーは、メンタルヘルスケアの意義、管理監督者の役割、ストレスや疾病の基礎理解に関わる用語です。;まず「これらがストレッサーとストレス反応の間を修飾する」という出題上のポイントと結びつけて理解します。;過去問・演習では「セリエの汎適応症候群は警告反応期→抵抗期→疲憊期の3段階」という形で扱われるため、単語だけでなく設問の場面も確認します。;ラインケアの視点では、管理監督者が医学的判断を抱え込まず、職場で観察できる事実と専門職への連携を分けて理解することが重要です。,根拠法令（労基法・労契法・労安法）の取り違え;「のみ」「必ず」などの断定表現に注意;管理監督者が医学的判断を抱え込む,「ストレッサー」は基礎・役割の重要語。定義→誰が何をするか→連携先の順で覚えると整理しやすい。,,,ストレッサーとは何ですか？,ストレッサーは、メンタルヘルスケアの意義、管理監督者の役割、ストレスや疾病の基礎理解に関わる用語です。,ストレッサーは試験でどのように問われますか？,「ストレッサー」は定義に加え、演習問題の正答肢キーワードと照合して覚えると定着しやすいです。関連演習へリンクした問題を解き、用語記事に戻って確認してください。,ストレッサーを学習するときの注意点は？,単語だけでなく、ラインケア・安全配慮・専門職連携の流れの中で意味を確認してください。数値や義務の有無は法令改正で変わる場合があるため、受験前に公式情報も確認してください。,y2026/q13,演習2026・第13問（ストレッサー・セリエ）
スルピリド,スルピリド,基礎・役割,基礎・役割,スルピリドは、用量や目的によって抑うつ症状や精神症状などに用いられることがある薬剤です。,スルピリドは、用量や目的によって抑うつ症状や精神症状などに用いられることがある薬剤です。メンタルヘルス二種マスターでは、薬剤名そのものを深く学ぶより、薬物療法は医師が判断する領域であることを確認します。職場では、用語の意味だけでなく、誰が対応し、どの情報を共有し、どの専門職につなぐかまで確認します。実務では、用語を単独で覚えるのではなく、ラインケア・安全配慮・専門職連携の流れに置いて確認します。,36協定;DALYs損失;ILO（国際労働機関）,,A,「スルピリド」は選択肢で根拠・対象範囲・責任の所在がずれる肢に注意してください。「のみ」「必ず」などの断定は定義と照合し、管理監督者が医学的判断を抱え込まない点も確認します。,g-f1d07643b3fd03a4,スルピリドとは？意味・根拠・試験で押さえるポイント,スルピリドは、基礎・役割分野で頻出の用語です。スルピリドは、用量や目的によって抑うつ症状や精神症状などに用いられることがある薬剤です。本記事では意味、試験での出題の仕方、混同しやすい点を整理します。,スルピリドは、用量や目的によって抑うつ症状や精神症状などに用いられることがある薬剤です。メンタルヘルス二種マスターでは、薬剤名そのものを深く学ぶより、薬物療法は医師が判断する領域であることを確認します。,スルピリドは、用量や目的によって抑うつ症状や精神症状などに用いられることがある薬剤です。;メンタルヘルス二種マスターでは、薬剤名そのものを深く学ぶより、薬物療法は医師が判断する領域であることを確認します。;職場では、用語の意味だけでなく、誰が対応し、どの情報を共有し、どの専門職につなぐかまで確認します。;実務では、用語を単独で覚えるのではなく、ラインケア・安全配慮・専門職連携の流れに置いて確認します。,根拠法令（労基法・労契法・労安法）の取り違え;「のみ」「必ず」などの断定表現に注意;管理監督者が医学的判断を抱え込む,「スルピリド」は基礎・役割分野の用語。定義→職場での見方→連携先の順で整理し、関連演習で確認してください。,,,スルピリドとは何ですか？,スルピリドは、用量や目的によって抑うつ症状や精神症状などに用いられることがある薬剤です。,スルピリドは試験でどのように問われますか？,「スルピリド」は定義に加え、演習問題の正答肢キーワードと照合して覚えると定着しやすいです。関連演習へリンクした問題を解き、用語記事に戻って確認してください。,スルピリドを学習するときの注意点は？,単語だけでなく、ラインケア・安全配慮・専門職連携の流れの中で意味を確認してください。数値や義務の有無は法令改正で変わる場合があるため、受験前に公式情報も確認してください。,y2026/q54,演習2026・第54問（薬物療法）
セルフケア,セルフケア,職場環境・配慮,職場環境・配慮,セルフケアは、職場環境の評価・改善、個々の労働者への配慮、ストレスチェック制度に関わる用語です。,セルフケアは、職場環境の評価・改善、個々の労働者への配慮、ストレスチェック制度に関わる用語です。まず「セルフケアは、労働者自身がストレスや心身の変化に気づき、早めに対処・相談するためのケアです」という出題上のポイントと結びつけて理解します。過去問・演習では「4つのケア：①セルフケア（労働者自身）②ラインによるケア（管理監督者）③事業場内産業保健スタッフ等によるケア（産業医・保健師等）④事業場外資源によるケア（外部機関）」という形で扱われるため、単語だけでなく設問の場面も確認します。ラインケアの視点では、職場要因を把握し、業務量・裁量・支援体制など改善できる点へつなげることが重要です。関連する用語として、ストレス、産業医、事業場外資源によるケア、事業場内産業保健スタッフ等によるケアもあわせて確認すると理解がつながります。,ストレス;産業医;事業場外資源によるケア,,A,演習の正答の要点は「4つのケア：①セルフケア（労働者自身）②ラインによるケア（管理監督者）③事業場内産業保健スタッフ等によるケア（産業医・保健師等）④事業場外資源によるケア（外部機関）」です。誤り肢は根拠法令の取り違え、対象範囲の限定（のみ・必ず）、責任主体の混同（会社のみ・管理監督者のみ）に注意してください。,g-84e78d8bdb892ca5,セルフケアとは？意味・根拠・試験で押さえるポイント,セルフケアは、職場環境・配慮分野で頻出の用語です。セルフケアは、職場環境の評価・改善、個々の労働者への配慮、ストレスチェック制度に関わる用語です。本記事では意味、試験での出題の仕方、混同しやすい点を整理します。,セルフケアは、職場環境の評価・改善、個々の労働者への配慮、ストレスチェック制度に関わる用語です。セルフケアは、労働者自身がストレスや心身の変化に気づき、早めに対処・相談するためのケアです。,セルフケアは、職場環境の評価・改善、個々の労働者への配慮、ストレスチェック制度に関わる用語です。;まず「セルフケアは、労働者自身がストレスや心身の変化に気づき、早めに対処・相談するためのケアです」という出題上のポイントと結びつけて理解します。;過去問・演習では「4つのケア：①セルフケア（労働者自身）②ラインによるケア（管理監督者）③事業場内産業保健スタッフ等によるケア（産業医・保健師等）④事業場外資源によるケア（外部機関）」という形で扱われるため、単語だけでなく設問の場面も確認します。;ラインケアの視点では、職場要因を把握し、業務量・裁量・支援体制など改善できる点へつなげることが重要です。,数値基準・義務の有無・誰が実施するかの混同;個人結果と集団分析の取り違え;管理監督者が医学的判断を抱え込む,「セルフケア」は職場環境・配慮の重要語。定義→誰が何をするか→連携先の順で覚えると整理しやすい。,,,セルフケアとは何ですか？,セルフケアは、職場環境の評価・改善、個々の労働者への配慮、ストレスチェック制度に関わる用語です。,セルフケアは試験でどのように問われますか？,「セルフケア」は定義に加え、演習問題の正答肢キーワードと照合して覚えると定着しやすいです。関連演習へリンクした問題を解き、用語記事に戻って確認してください。,セルフケアを学習するときの注意点は？,単語だけでなく、ラインケア・安全配慮・専門職連携の流れの中で意味を確認してください。数値や義務の有無は法令改正で変わる場合があるため、受験前に公式情報も確認してください。,y2026/q02,演習2026・第2問（セルフケア）
セロトニン,セロトニン,基礎・役割,基礎・役割,セロトニンは脳内の神経伝達物質の一つで、気分、意欲、睡眠、食欲などと関連して説明されます。,セロトニンは脳内の神経伝達物質の一つで、気分、意欲、睡眠、食欲などと関連して説明されます。うつ病や不安障害の治療薬であるSSRI、SNRIの理解にもつながる基礎用語です。職場では、用語の意味だけでなく、誰が対応し、どの情報を共有し、どの専門職につなぐかまで確認します。実務では、用語を単独で覚えるのではなく、ラインケア・安全配慮・専門職連携の流れに置いて確認します。,36協定;DALYs損失;ILO（国際労働機関）,,A,「セロトニン」は選択肢で根拠・対象範囲・責任の所在がずれる肢に注意してください。「のみ」「必ず」などの断定は定義と照合し、管理監督者が医学的判断を抱え込まない点も確認します。,g-3d5a49fdc5cdaad0,セロトニンとは？意味・根拠・試験で押さえるポイント,セロトニンは、基礎・役割分野で頻出の用語です。セロトニンは脳内の神経伝達物質の一つで、気分、意欲、睡眠、食欲などと関連して説明されます。本記事では意味、試験での出題の仕方、混同しやすい点を整理します。,セロトニンは脳内の神経伝達物質の一つで、気分、意欲、睡眠、食欲などと関連して説明されます。うつ病や不安障害の治療薬であるSSRI、SNRIの理解にもつながる基礎用語です。,セロトニンは脳内の神経伝達物質の一つで、気分、意欲、睡眠、食欲などと関連して説明されます。;うつ病や不安障害の治療薬であるSSRI、SNRIの理解にもつながる基礎用語です。;職場では、用語の意味だけでなく、誰が対応し、どの情報を共有し、どの専門職につなぐかまで確認します。;実務では、用語を単独で覚えるのではなく、ラインケア・安全配慮・専門職連携の流れに置いて確認します。,根拠法令（労基法・労契法・労安法）の取り違え;「のみ」「必ず」などの断定表現に注意;管理監督者が医学的判断を抱え込む,「セロトニン」は基礎・役割分野の用語。定義→職場での見方→連携先の順で整理し、関連演習で確認してください。,,,セロトニンとは何ですか？,セロトニンは脳内の神経伝達物質の一つで、気分、意欲、睡眠、食欲などと関連して説明されます。,セロトニンは試験でどのように問われますか？,「セロトニン」は定義に加え、演習問題の正答肢キーワードと照合して覚えると定着しやすいです。関連演習へリンクした問題を解き、用語記事に戻って確認してください。,セロトニンを学習するときの注意点は？,単語だけでなく、ラインケア・安全配慮・専門職連携の流れの中で意味を確認してください。数値や義務の有無は法令改正で変わる場合があるため、受験前に公式情報も確認してください。,y2026/q54,演習2026・第54問（薬物療法）
ソーシャルサポートの種類（情緒的・情報的・評価的・道具的）,ソーシャルサポートの種類（情緒的・情報的・評価的・道具的）,基礎・役割,基礎・役割,ソーシャルサポートの種類（情緒的・情報的・評価的・道具的）は、メンタルヘルスケアの意義、管理監督者の役割、ストレスや疾病の基礎理解に関わる用語です。,ソーシャルサポートの種類（情緒的・情報的・評価的・道具的）は、メンタルヘルスケアの意義、管理監督者の役割、ストレスや疾病の基礎理解に関わる用語です。まず「ソーシャルサポートの種類（情緒的・情報的・評価的・道具的）は、試験では「社会的支援はストレスの直接効果（主効果）と緩衝効果（バッファー効果）の両方がある」という文脈で確認される用語です」という出題上のポイントと結びつけて理解します。過去問・演習では「社会的支援はストレスの直接効果（主効果）と緩衝効果（バッファー効果）の両方がある」という形で扱われるため、単語だけでなく設問の場面も確認します。ラインケアの視点では、管理監督者が医学的判断を抱え込まず、職場で観察できる事実と専門職への連携を分けて理解することが重要です。,36協定;DALYs損失;ILO（国際労働機関）,,A,演習の正答の要点は「社会的支援はストレスの直接効果（主効果）と緩衝効果（バッファー効果）の両方がある」です。誤り肢は根拠法令の取り違え、対象範囲の限定（のみ・必ず）、責任主体の混同（会社のみ・管理監督者のみ）に注意してください。,g-30d6c6481476640c,ソーシャルサポートの種類（情緒的・情報的・評価的・道具的）とは？意味・根拠・試験で押さえるポイント,ソーシャルサポートの種類（情緒的・情報的・評価的・道具的）は、基礎・役割分野で頻出の用語です。ソーシャルサポートの種類（情緒的・情報的・評価的・道具的）は、メンタルヘルスケアの意義、管理監督者の役割、ストレスや疾病の基礎理解に関わる用語です。本記事では意味、試験での出題の仕方、混同しやすい点を整理します。,ソーシャルサポートの種類（情緒的・情報的・評価的・道具的）は、メンタルヘルスケアの意義、管理監督者の役割、ストレスや疾病の基礎理解に関わる用語です。ソーシャルサポートの種類（情緒的・情報的・評価的・道具的）は、試験では「社会的支援はストレスの直接効果（主効果）と緩衝効果（バッファー効果）の両方がある。,ソーシャルサポートの種類（情緒的・情報的・評価的・道具的）は、メンタルヘルスケアの意義、管理監督者の役割、ストレスや疾病の基礎理解に関わる用語です。;まず「ソーシャルサポートの種類（情緒的・情報的・評価的・道具的）は、試験では「社会的支援はストレスの直接効果（主効果）と緩衝効果（バッファー効果）の両方がある」という文脈で確認される用語です」という出題上のポイントと結びつけて理解します。;過去問・演習では「社会的支援はストレスの直接効果（主効果）と緩衝効果（バッファー効果）の両方がある」という形で扱われるため、単語だけでなく設問の場面も確認します。;ラインケアの視点では、管理監督者が医学的判断を抱え込まず、職場で観察できる事実と専門職への連携を分けて理解することが重要です。,根拠法令（労基法・労契法・労安法）の取り違え;「のみ」「必ず」などの断定表現に注意;管理監督者が医学的判断を抱え込む,「ソーシャルサポートの種類（情緒的・情報的・評価的・道具的）」は基礎・役割の重要語。定義→誰が何をするか→連携先の順で覚えると整理しやすい。,,,ソーシャルサポートの種類（情緒的・情報的・評価的・道具的）とは何ですか？,ソーシャルサポートの種類（情緒的・情報的・評価的・道具的）は、メンタルヘルスケアの意義、管理監督者の役割、ストレスや疾病の基礎理解に関わる用語です。,ソーシャルサポートの種類（情緒的・情報的・評価的・道具的）は試験でどのように問われますか？,「ソーシャルサポートの種類（情緒的・情報的・評価的・道具的）」は定義に加え、演習問題の正答肢キーワードと照合して覚えると定着しやすいです。関連演習へリンクした問題を解き、用語記事に戻って確認してください。,ソーシャルサポートの種類（情緒的・情報的・評価的・道具的）を学習するときの注意点は？,単語だけでなく、ラインケア・安全配慮・専門職連携の流れの中で意味を確認してください。数値や義務の有無は法令改正で変わる場合があるため、受験前に公式情報も確認してください。,y2026/q220,演習2026・第220問（ソーシャルサポート）
ソーシャルサポート源,ソーシャルサポート源,基礎・役割,基礎・役割,ソーシャルサポート源は、仕事の量や質、人間関係、裁量、支援、個人要因などがストレス反応にどう関わるかを整理する際に使われます。,ソーシャルサポート源は、仕事の量や質、人間関係、裁量、支援、個人要因などがストレス反応にどう関わるかを整理する際に使われます。職場のメンタルヘルスでは、本人の弱さだけでなく、環境要因と緩衝要因を合わせて見ることが重要です。職場では、用語の意味だけでなく、誰が対応し、どの情報を共有し、どの専門職につなぐかまで確認します。実務では、用語を単独で覚えるのではなく、ラインケア・安全配慮・専門職連携の流れに置いて確認します。,36協定;DALYs損失;ILO（国際労働機関）,,A,「ソーシャルサポート源」は選択肢で根拠・対象範囲・責任の所在がずれる肢に注意してください。「のみ」「必ず」などの断定は定義と照合し、管理監督者が医学的判断を抱え込まない点も確認します。,g-4da97dfb7b387705,ソーシャルサポート源とは？意味・根拠・試験で押さえるポイント,ソーシャルサポート源は、基礎・役割分野で頻出の用語です。ソーシャルサポート源は、仕事の量や質、人間関係、裁量、支援、個人要因などがストレス反応にどう関わるかを整理する際に使われます。本記事では意味、試験での出題の仕方、混同しやすい点を整理します。,ソーシャルサポート源は、仕事の量や質、人間関係、裁量、支援、個人要因などがストレス反応にどう関わるかを整理する際に使われます。職場のメンタルヘルスでは、本人の弱さだけでなく、環境要因と緩衝要因を合わせて見ることが重要です。,ソーシャルサポート源は、仕事の量や質、人間関係、裁量、支援、個人要因などがストレス反応にどう関わるかを整理する際に使われます。;職場のメンタルヘルスでは、本人の弱さだけでなく、環境要因と緩衝要因を合わせて見ることが重要です。;職場では、用語の意味だけでなく、誰が対応し、どの情報を共有し、どの専門職につなぐかまで確認します。;実務では、用語を単独で覚えるのではなく、ラインケア・安全配慮・専門職連携の流れに置いて確認します。,根拠法令（労基法・労契法・労安法）の取り違え;「のみ」「必ず」などの断定表現に注意;管理監督者が医学的判断を抱え込む,「ソーシャルサポート源」は基礎・役割分野の用語。定義→職場での見方→連携先の順で整理し、関連演習で確認してください。,,,ソーシャルサポート源とは何ですか？,ソーシャルサポート源は、仕事の量や質、人間関係、裁量、支援、個人要因などがストレス反応にどう関わるかを整理する際に使われます。,ソーシャルサポート源は試験でどのように問われますか？,「ソーシャルサポート源」は定義に加え、演習問題の正答肢キーワードと照合して覚えると定着しやすいです。関連演習へリンクした問題を解き、用語記事に戻って確認してください。,ソーシャルサポート源を学習するときの注意点は？,単語だけでなく、ラインケア・安全配慮・専門職連携の流れの中で意味を確認してください。数値や義務の有無は法令改正で変わる場合があるため、受験前に公式情報も確認してください。,y2026/q65,演習2026・第65問（ソーシャルサポート源）
ドーパミン,ドーパミン,基礎・役割,基礎・役割,ドーパミンは脳内の神経伝達物質の一つで、報酬系、意欲、快感、注意、運動調整などと関連して説明されます。,ドーパミンは脳内の神経伝達物質の一つで、報酬系、意欲、快感、注意、運動調整などと関連して説明されます。精神疾患や薬物療法を理解する前提として出てくることがあります。職場では、用語の意味だけでなく、誰が対応し、どの情報を共有し、どの専門職につなぐかまで確認します。実務では、用語を単独で覚えるのではなく、ラインケア・安全配慮・専門職連携の流れに置いて確認します。,36協定;DALYs損失;ILO（国際労働機関）,,A,「ドーパミン」は選択肢で根拠・対象範囲・責任の所在がずれる肢に注意してください。「のみ」「必ず」などの断定は定義と照合し、管理監督者が医学的判断を抱え込まない点も確認します。,g-5a03651d664749d7,ドーパミンとは？意味・根拠・試験で押さえるポイント,ドーパミンは、基礎・役割分野で頻出の用語です。ドーパミンは脳内の神経伝達物質の一つで、報酬系、意欲、快感、注意、運動調整などと関連して説明されます。本記事では意味、試験での出題の仕方、混同しやすい点を整理します。,ドーパミンは脳内の神経伝達物質の一つで、報酬系、意欲、快感、注意、運動調整などと関連して説明されます。精神疾患や薬物療法を理解する前提として出てくることがあります。,ドーパミンは脳内の神経伝達物質の一つで、報酬系、意欲、快感、注意、運動調整などと関連して説明されます。;精神疾患や薬物療法を理解する前提として出てくることがあります。;職場では、用語の意味だけでなく、誰が対応し、どの情報を共有し、どの専門職につなぐかまで確認します。;実務では、用語を単独で覚えるのではなく、ラインケア・安全配慮・専門職連携の流れに置いて確認します。,根拠法令（労基法・労契法・労安法）の取り違え;「のみ」「必ず」などの断定表現に注意;管理監督者が医学的判断を抱え込む,「ドーパミン」は基礎・役割分野の用語。定義→職場での見方→連携先の順で整理し、関連演習で確認してください。,,,ドーパミンとは何ですか？,ドーパミンは脳内の神経伝達物質の一つで、報酬系、意欲、快感、注意、運動調整などと関連して説明されます。,ドーパミンは試験でどのように問われますか？,「ドーパミン」は定義に加え、演習問題の正答肢キーワードと照合して覚えると定着しやすいです。関連演習へリンクした問題を解き、用語記事に戻って確認してください。,ドーパミンを学習するときの注意点は？,単語だけでなく、ラインケア・安全配慮・専門職連携の流れの中で意味を確認してください。数値や義務の有無は法令改正で変わる場合があるため、受験前に公式情報も確認してください。,y2026/q54,演習2026・第54問（薬物療法）
ナルコレプシー,ナルコレプシー,基礎・役割,基礎・役割,ナルコレプシーでは、十分に寝ていても日中に強い眠気が出ることがあり、仕事中の集中困難や安全上の問題につながる場合があります。,ナルコレプシーでは、十分に寝ていても日中に強い眠気が出ることがあり、仕事中の集中困難や安全上の問題につながる場合があります。医学的診断や治療は専門医が行います。職場では、用語の意味だけでなく、誰が対応し、どの情報を共有し、どの専門職につなぐかまで確認します。実務では、用語を単独で覚えるのではなく、ラインケア・安全配慮・専門職連携の流れに置いて確認します。,36協定;DALYs損失;ILO（国際労働機関）,,A,「ナルコレプシー」は選択肢で根拠・対象範囲・責任の所在がずれる肢に注意してください。「のみ」「必ず」などの断定は定義と照合し、管理監督者が医学的判断を抱え込まない点も確認します。,g-e84c364c09cb60af,ナルコレプシーとは？意味・根拠・試験で押さえるポイント,ナルコレプシーは、基礎・役割分野で頻出の用語です。ナルコレプシーでは、十分に寝ていても日中に強い眠気が出ることがあり、仕事中の集中困難や安全上の問題につながる場合があります。本記事では意味、試験での出題の仕方、混同しやすい点を整理します。,ナルコレプシーでは、十分に寝ていても日中に強い眠気が出ることがあり、仕事中の集中困難や安全上の問題につながる場合があります。医学的診断や治療は専門医が行います。,ナルコレプシーでは、十分に寝ていても日中に強い眠気が出ることがあり、仕事中の集中困難や安全上の問題につながる場合があります。;医学的診断や治療は専門医が行います。;職場では、用語の意味だけでなく、誰が対応し、どの情報を共有し、どの専門職につなぐかまで確認します。;実務では、用語を単独で覚えるのではなく、ラインケア・安全配慮・専門職連携の流れに置いて確認します。,根拠法令（労基法・労契法・労安法）の取り違え;「のみ」「必ず」などの断定表現に注意;管理監督者が医学的判断を抱え込む,「ナルコレプシー」は基礎・役割分野の用語。定義→職場での見方→連携先の順で整理し、関連演習で確認してください。,,,ナルコレプシーとは何ですか？,ナルコレプシーでは、十分に寝ていても日中に強い眠気が出ることがあり、仕事中の集中困難や安全上の問題につながる場合があります。,ナルコレプシーは試験でどのように問われますか？,「ナルコレプシー」は定義に加え、演習問題の正答肢キーワードと照合して覚えると定着しやすいです。関連演習へリンクした問題を解き、用語記事に戻って確認してください。,ナルコレプシーを学習するときの注意点は？,単語だけでなく、ラインケア・安全配慮・専門職連携の流れの中で意味を確認してください。数値や義務の有無は法令改正で変わる場合があるため、受験前に公式情報も確認してください。,y2026/q07,演習2026・第7問（基礎・労働安全衛生）
ノルアドレナリン,ノルアドレナリン,基礎・役割,基礎・役割,ノルアドレナリンは、メンタルヘルスケアの意義、管理監督者の役割、ストレスや疾病の基礎理解に関わる用語です。,ノルアドレナリンは、メンタルヘルスケアの意義、管理監督者の役割、ストレスや疾病の基礎理解に関わる用語です。まず「急性ストレス（闘争・逃走反応）：交感神経活性化→心拍数・血圧上昇・アドレナリン・ノルアドレナリン分泌増加・筋肉への血流増加」という出題上のポイントと結びつけて理解します。過去問・演習では「急性ストレス（闘争・逃走反応）：交感神経活性化→心拍数・血圧上昇・アドレナリン・ノルアドレナリン分泌増加・筋肉への血流増加」という形で扱われるため、単語だけでなく設問の場面も確認します。ラインケアの視点では、管理監督者が医学的判断を抱え込まず、職場で観察できる事実と専門職への連携を分けて理解することが重要です。関連する用語として、アドレナリン、ストレス、ストレス反応、急性ストレス反応もあわせて確認すると理解がつながります。,アドレナリン;ストレス;ストレス反応,,A,演習の正答の要点は「急性ストレス（闘争・逃走反応）：交感神経活性化→心拍数・血圧上昇・アドレナリン・ノルアドレナリン分泌増加・筋肉への血流増加」です。誤り肢は根拠法令の取り違え、対象範囲の限定（のみ・必ず）、責任主体の混同（会社のみ・管理監督者のみ）に注意してください。,g-db125cfde30a3123,ノルアドレナリンとは？意味・根拠・試験で押さえるポイント,ノルアドレナリンは、基礎・役割分野で頻出の用語です。ノルアドレナリンは、メンタルヘルスケアの意義、管理監督者の役割、ストレスや疾病の基礎理解に関わる用語です。本記事では意味、試験での出題の仕方、混同しやすい点を整理します。,ノルアドレナリンは、メンタルヘルスケアの意義、管理監督者の役割、ストレスや疾病の基礎理解に関わる用語です。急性ストレス（闘争・逃走反応）：交感神経活性化→心拍数・血圧上昇・アドレナリン・ノルアドレナリン分泌増加・筋肉への血流増加。,ノルアドレナリンは、メンタルヘルスケアの意義、管理監督者の役割、ストレスや疾病の基礎理解に関わる用語です。;まず「急性ストレス（闘争・逃走反応）：交感神経活性化→心拍数・血圧上昇・アドレナリン・ノルアドレナリン分泌増加・筋肉への血流増加」という出題上のポイントと結びつけて理解します。;過去問・演習では「急性ストレス（闘争・逃走反応）：交感神経活性化→心拍数・血圧上昇・アドレナリン・ノルアドレナリン分泌増加・筋肉への血流増加」という形で扱われるため、単語だけでなく設問の場面も確認します。;ラインケアの視点では、管理監督者が医学的判断を抱え込まず、職場で観察できる事実と専門職への連携を分けて理解することが重要です。,根拠法令（労基法・労契法・労安法）の取り違え;「のみ」「必ず」などの断定表現に注意;管理監督者が医学的判断を抱え込む,「ノルアドレナリン」は基礎・役割の重要語。定義→誰が何をするか→連携先の順で覚えると整理しやすい。,,,ノルアドレナリンとは何ですか？,ノルアドレナリンは、メンタルヘルスケアの意義、管理監督者の役割、ストレスや疾病の基礎理解に関わる用語です。,ノルアドレナリンは試験でどのように問われますか？,「ノルアドレナリン」は定義に加え、演習問題の正答肢キーワードと照合して覚えると定着しやすいです。関連演習へリンクした問題を解き、用語記事に戻って確認してください。,ノルアドレナリンを学習するときの注意点は？,単語だけでなく、ラインケア・安全配慮・専門職連携の流れの中で意味を確認してください。数値や義務の有無は法令改正で変わる場合があるため、受験前に公式情報も確認してください。,y2026/q284,演習2026・第284問（ノルアドレナリン）
ハラスメントの種類（パワハラ・セクハラ・マタハラ）,ハラスメントの種類（パワハラ・セクハラ・マタハラ）,職場環境・配慮,職場環境・配慮,ハラスメントは、職場環境を悪化させ、メンタルヘルス不調や休業、離職につながる重要なストレッサーです。,ハラスメントは、職場環境を悪化させ、メンタルヘルス不調や休業、離職につながる重要なストレッサーです。パワハラは優越的関係を背景とした言動、セクハラは性的言動、マタハラは妊娠・出産等に関する不利益な扱いや嫌がらせとして整理されます。職場では、用語の意味だけでなく、誰が対応し、どの情報を共有し、どの専門職につなぐかまで確認します。実務では、個人の努力だけでなく、職場の仕組みや環境をどう変えるかまで考えると理解が深まります。,PDCAサイクル;いつもと違う様子;コーピング,,A,選択肢では根拠法令・対象範囲・責任の所在がずれる肢に注意し、用語の定義と照合してください。,g-e9b4797f21c83831,ハラスメントの種類（パワハラ・セクハラ・マタハラ）とは？意味・根拠・試験で押さえるポイント,ハラスメントの種類（パワハラ・セクハラ・マタハラ）は、職場環境・配慮分野で頻出の用語です。ハラスメントは、職場環境を悪化させ、メンタルヘルス不調や休業、離職につながる重要なストレッサーです。本記事では意味、試験での出題の仕方、混同しやすい点を整理します。,ハラスメントは、職場環境を悪化させ、メンタルヘルス不調や休業、離職につながる重要なストレッサーです。,ハラスメントは、職場環境を悪化させ、メンタルヘルス不調や休業、離職につながる重要なストレッサーです。;パワハラは優越的関係を背景とした言動、セクハラは性的言動、マタハラは妊娠・出産等に関する不利益な扱いや嫌がらせとして整理されます。;職場では、用語の意味だけでなく、誰が対応し、どの情報を共有し、どの専門職につなぐかまで確認します。;実務では、個人の努力だけでなく、職場の仕組みや環境をどう変えるかまで考えると理解が深まります。,数値基準・義務の有無・誰が実施するかの混同;個人結果と集団分析の取り違え;管理監督者が医学的判断を抱え込む,「ハラスメントの種類（パワハラ・セクハラ・マタハラ）」は職場環境・配慮の重要語。定義→誰が何をするか→連携先の順で覚えると整理しやすい。,,,ハラスメントの種類（パワハラ・セクハラ・マタハラ）とは何ですか？,ハラスメントは、職場環境を悪化させ、メンタルヘルス不調や休業、離職につながる重要なストレッサーです。,ハラスメントの種類（パワハラ・セクハラ・マタハラ）は試験でどのように問われますか？,「ハラスメントの種類（パワハラ・セクハラ・マタハラ）」は定義に加え、演習問題の正答肢キーワードと照合して覚えると定着しやすいです。関連演習へリンクした問題を解き、用語記事に戻って確認してください。,ハラスメントの種類（パワハラ・セクハラ・マタハラ）を学習するときの注意点は？,単語だけでなく、ラインケア・安全配慮・専門職連携の流れの中で意味を確認してください。数値や義務の有無は法令改正で変わる場合があるため、受験前に公式情報も確認してください。,y2026/q48,演習2026・第48問（ハラスメント）
パニック障害,パニック障害,基礎・役割,基礎・役割,パニック障害は、メンタルヘルスケアの意義、管理監督者の役割、ストレスや疾病の基礎理解に関わる用語です。,パニック障害は、メンタルヘルスケアの意義、管理監督者の役割、ストレスや疾病の基礎理解に関わる用語です。まず「パニック障害はパニック発作の繰り返しと予期不安が特徴」という出題上のポイントと結びつけて理解します。過去問・演習では「パニック障害はパニック発作の繰り返しと予期不安が特徴」という形で扱われるため、単語だけでなく設問の場面も確認します。ラインケアの視点では、管理監督者が医学的判断を抱え込まず、職場で観察できる事実と専門職への連携を分けて理解することが重要です。関連する用語として、SSRI、ストレス、予期不安、薬物療法もあわせて確認すると理解がつながります。,SSRI;ストレス;予期不安,,A,演習の正答の要点は「パニック障害はパニック発作の繰り返しと予期不安が特徴」です。誤り肢は根拠法令の取り違え、対象範囲の限定（のみ・必ず）、責任主体の混同（会社のみ・管理監督者のみ）に注意してください。,g-73247ca83da9e607,パニック障害とは？意味・根拠・試験で押さえるポイント,パニック障害は、基礎・役割分野で頻出の用語です。パニック障害は、メンタルヘルスケアの意義、管理監督者の役割、ストレスや疾病の基礎理解に関わる用語です。本記事では意味、試験での出題の仕方、混同しやすい点を整理します。,パニック障害は、メンタルヘルスケアの意義、管理監督者の役割、ストレスや疾病の基礎理解に関わる用語です。パニック障害はパニック発作の繰り返しと予期不安が特徴。,パニック障害は、メンタルヘルスケアの意義、管理監督者の役割、ストレスや疾病の基礎理解に関わる用語です。;まず「パニック障害はパニック発作の繰り返しと予期不安が特徴」という出題上のポイントと結びつけて理解します。;過去問・演習では「パニック障害はパニック発作の繰り返しと予期不安が特徴」という形で扱われるため、単語だけでなく設問の場面も確認します。;ラインケアの視点では、管理監督者が医学的判断を抱え込まず、職場で観察できる事実と専門職への連携を分けて理解することが重要です。,根拠法令（労基法・労契法・労安法）の取り違え;「のみ」「必ず」などの断定表現に注意;管理監督者が医学的判断を抱え込む,「パニック障害」は基礎・役割の重要語。定義→誰が何をするか→連携先の順で覚えると整理しやすい。,,,パニック障害とは何ですか？,パニック障害は、メンタルヘルスケアの意義、管理監督者の役割、ストレスや疾病の基礎理解に関わる用語です。,パニック障害は試験でどのように問われますか？,「パニック障害」は定義に加え、演習問題の正答肢キーワードと照合して覚えると定着しやすいです。関連演習へリンクした問題を解き、用語記事に戻って確認してください。,パニック障害を学習するときの注意点は？,単語だけでなく、ラインケア・安全配慮・専門職連携の流れの中で意味を確認してください。数値や義務の有無は法令改正で変わる場合があるため、受験前に公式情報も確認してください。,y2026/q116,演習2026・第116問（パニック障害）
フェスティンガー（Festinger）,フェスティンガー（Festinger）,基礎・役割,基礎・役割,Festingerは、人が自分の考えや行動の矛盾を減らそうとする認知的不協和、他者と比較して自分を理解する社会的比較理論などで知られます。,Festingerは、人が自分の考えや行動の矛盾を減らそうとする認知的不協和、他者と比較して自分を理解する社会的比較理論などで知られます。職場では、態度変容、自己理解、対人認知を考える基礎として関連します。職場では、用語の意味だけでなく、誰が対応し、どの情報を共有し、どの専門職につなぐかまで確認します。実務では、用語を単独で覚えるのではなく、ラインケア・安全配慮・専門職連携の流れに置いて確認します。,36協定;DALYs損失;ILO（国際労働機関）,,A,「フェスティンガー（Festinger）」は選択肢で根拠・対象範囲・責任の所在がずれる肢に注意してください。「のみ」「必ず」などの断定は定義と照合し、管理監督者が医学的判断を抱え込まない点も確認します。,festinger,フェスティンガー（Festinger）とは？意味・根拠・試験で押さえるポイント,フェスティンガー（Festinger）は、基礎・役割分野で頻出の用語です。Festingerは、人が自分の考えや行動の矛盾を減らそうとする認知的不協和、他者と比較して自分を理解する社会的比較理論などで知られます。本記事では意味、試験での出題の仕方、混同しやすい点を整理します。,Festingerは、人が自分の考えや行動の矛盾を減らそうとする認知的不協和、他者と比較して自分を理解する社会的比較理論などで知られます。職場では、態度変容、自己理解、対人認知を考える基礎として関連します。,Festingerは、人が自分の考えや行動の矛盾を減らそうとする認知的不協和、他者と比較して自分を理解する社会的比較理論などで知られます。;職場では、態度変容、自己理解、対人認知を考える基礎として関連します。;職場では、用語の意味だけでなく、誰が対応し、どの情報を共有し、どの専門職につなぐかまで確認します。;実務では、用語を単独で覚えるのではなく、ラインケア・安全配慮・専門職連携の流れに置いて確認します。,根拠法令（労基法・労契法・労安法）の取り違え;「のみ」「必ず」などの断定表現に注意;管理監督者が医学的判断を抱え込む,「フェスティンガー（Festinger）」は基礎・役割分野の用語。定義→職場での見方→連携先の順で整理し、関連演習で確認してください。,,,フェスティンガー（Festinger）とは何ですか？,Festingerは、人が自分の考えや行動の矛盾を減らそうとする認知的不協和、他者と比較して自分を理解する社会的比較理論などで知られます。,フェスティンガー（Festinger）は試験でどのように問われますか？,「フェスティンガー（Festinger）」は定義に加え、演習問題の正答肢キーワードと照合して覚えると定着しやすいです。関連演習へリンクした問題を解き、用語記事に戻って確認してください。,フェスティンガー（Festinger）を学習するときの注意点は？,単語だけでなく、ラインケア・安全配慮・専門職連携の流れの中で意味を確認してください。数値や義務の有無は法令改正で変わる場合があるため、受験前に公式情報も確認してください。,y2026/q07,演習2026・第7問（基礎・労働安全衛生）
プライバシーマーク制度,プライバシーマーク制度,職場環境・配慮,職場環境・配慮,プライバシーマーク制度は、職場環境の評価・改善、個々の労働者への配慮、ストレスチェック制度に関わる用語です。,プライバシーマーク制度は、職場環境の評価・改善、個々の労働者への配慮、ストレスチェック制度に関わる用語です。まず「プライバシーマーク制度はJIPDEC（日本情報経済社会推進協会）が運営する任意認定制度」という出題上のポイントと結びつけて理解します。過去問・演習では「プライバシーマーク制度はJIPDEC（日本情報経済社会推進協会）が運営する任意認定制度」という形で扱われるため、単語だけでなく設問の場面も確認します。ラインケアの視点では、職場要因を把握し、業務量・裁量・支援体制など改善できる点へつなげることが重要です。関連する用語として、個人情報保護法もあわせて確認すると理解がつながります。,個人情報保護法;確認すると理解がつながります,,A,演習の正答の要点は「プライバシーマーク制度はJIPDEC（日本情報経済社会推進協会）が運営する任意認定制度」です。誤り肢は根拠法令の取り違え、対象範囲の限定（のみ・必ず）、責任主体の混同（会社のみ・管理監督者のみ）に注意してください。,g-c94407825dca9803,プライバシーマーク制度とは？意味・根拠・試験で押さえるポイント,プライバシーマーク制度は、職場環境・配慮分野で頻出の用語です。プライバシーマーク制度は、職場環境の評価・改善、個々の労働者への配慮、ストレスチェック制度に関わる用語です。本記事では意味、試験での出題の仕方、混同しやすい点を整理します。,プライバシーマーク制度は、職場環境の評価・改善、個々の労働者への配慮、ストレスチェック制度に関わる用語です。プライバシーマーク制度はJIPDEC（日本情報経済社会推進協会）が運営する任意認定制度。,プライバシーマーク制度は、職場環境の評価・改善、個々の労働者への配慮、ストレスチェック制度に関わる用語です。;まず「プライバシーマーク制度はJIPDEC（日本情報経済社会推進協会）が運営する任意認定制度」という出題上のポイントと結びつけて理解します。;過去問・演習では「プライバシーマーク制度はJIPDEC（日本情報経済社会推進協会）が運営する任意認定制度」という形で扱われるため、単語だけでなく設問の場面も確認します。;ラインケアの視点では、職場要因を把握し、業務量・裁量・支援体制など改善できる点へつなげることが重要です。,数値基準・義務の有無・誰が実施するかの混同;個人結果と集団分析の取り違え;管理監督者が医学的判断を抱え込む,「プライバシーマーク制度」は職場環境・配慮の重要語。定義→誰が何をするか→連携先の順で覚えると整理しやすい。,,,プライバシーマーク制度とは何ですか？,プライバシーマーク制度は、職場環境の評価・改善、個々の労働者への配慮、ストレスチェック制度に関わる用語です。,プライバシーマーク制度は試験でどのように問われますか？,「プライバシーマーク制度」は定義に加え、演習問題の正答肢キーワードと照合して覚えると定着しやすいです。関連演習へリンクした問題を解き、用語記事に戻って確認してください。,プライバシーマーク制度を学習するときの注意点は？,単語だけでなく、ラインケア・安全配慮・専門職連携の流れの中で意味を確認してください。数値や義務の有無は法令改正で変わる場合があるため、受験前に公式情報も確認してください。,y2026/q64,演習2026・第64問（プライバシー）
プロセスの評価,プロセスの評価,基礎・役割,基礎・役割,プロセスの評価では、研修の実施回数、参加率、面談の実施状況、職場環境改善の手順、関係者の連携など、取り組みの進め方を確認します。,プロセスの評価では、研修の実施回数、参加率、面談の実施状況、職場環境改善の手順、関係者の連携など、取り組みの進め方を確認します。結果の良し悪しだけでなく、実施過程を見直すために使います。職場では、用語の意味だけでなく、誰が対応し、どの情報を共有し、どの専門職につなぐかまで確認します。実務では、用語を単独で覚えるのではなく、ラインケア・安全配慮・専門職連携の流れに置いて確認します。,36協定;DALYs損失;ILO（国際労働機関）,,A,「プロセスの評価」は選択肢で根拠・対象範囲・責任の所在がずれる肢に注意してください。「のみ」「必ず」などの断定は定義と照合し、管理監督者が医学的判断を抱え込まない点も確認します。,g-42f08ffc330e15ff,プロセスの評価とは？意味・根拠・試験で押さえるポイント,プロセスの評価は、基礎・役割分野で頻出の用語です。プロセスの評価では、研修の実施回数、参加率、面談の実施状況、職場環境改善の手順、関係者の連携など、取り組みの進め方を確認します。本記事では意味、試験での出題の仕方、混同しやすい点を整理します。,プロセスの評価では、研修の実施回数、参加率、面談の実施状況、職場環境改善の手順、関係者の連携など、取り組みの進め方を確認します。結果の良し悪しだけでなく、実施過程を見直すために使います。,プロセスの評価では、研修の実施回数、参加率、面談の実施状況、職場環境改善の手順、関係者の連携など、取り組みの進め方を確認します。;結果の良し悪しだけでなく、実施過程を見直すために使います。;職場では、用語の意味だけでなく、誰が対応し、どの情報を共有し、どの専門職につなぐかまで確認します。;実務では、用語を単独で覚えるのではなく、ラインケア・安全配慮・専門職連携の流れに置いて確認します。,根拠法令（労基法・労契法・労安法）の取り違え;「のみ」「必ず」などの断定表現に注意;管理監督者が医学的判断を抱え込む,「プロセスの評価」は基礎・役割分野の用語。定義→職場での見方→連携先の順で整理し、関連演習で確認してください。,,,プロセスの評価とは何ですか？,プロセスの評価では、研修の実施回数、参加率、面談の実施状況、職場環境改善の手順、関係者の連携など、取り組みの進め方を確認します。,プロセスの評価は試験でどのように問われますか？,「プロセスの評価」は定義に加え、演習問題の正答肢キーワードと照合して覚えると定着しやすいです。関連演習へリンクした問題を解き、用語記事に戻って確認してください。,プロセスの評価を学習するときの注意点は？,単語だけでなく、ラインケア・安全配慮・専門職連携の流れの中で意味を確認してください。数値や義務の有無は法令改正で変わる場合があるため、受験前に公式情報も確認してください。,y2026/q07,演習2026・第7問（基礎・労働安全衛生）
ホームズ（Holmes）,ホームズ（Holmes）,基礎・役割,基礎・役割,Holmesは、ライフイベントが心身に与えるストレスを点数化する考え方と関連して説明されます。,Holmesは、ライフイベントが心身に与えるストレスを点数化する考え方と関連して説明されます。職場のストレスだけでなく、家庭、病気、転居、昇進など生活上の変化もストレス要因になり得ます。職場では、用語の意味だけでなく、誰が対応し、どの情報を共有し、どの専門職につなぐかまで確認します。実務では、用語を単独で覚えるのではなく、ラインケア・安全配慮・専門職連携の流れに置いて確認します。,36協定;DALYs損失;ILO（国際労働機関）,,A,「ホームズ（Holmes）」は選択肢で根拠・対象範囲・責任の所在がずれる肢に注意してください。「のみ」「必ず」などの断定は定義と照合し、管理監督者が医学的判断を抱え込まない点も確認します。,holmes,ホームズ（Holmes）とは？意味・根拠・試験で押さえるポイント,ホームズ（Holmes）は、基礎・役割分野で頻出の用語です。Holmesは、ライフイベントが心身に与えるストレスを点数化する考え方と関連して説明されます。本記事では意味、試験での出題の仕方、混同しやすい点を整理します。,Holmesは、ライフイベントが心身に与えるストレスを点数化する考え方と関連して説明されます。職場のストレスだけでなく、家庭、病気、転居、昇進など生活上の変化もストレス要因になり得ます。,Holmesは、ライフイベントが心身に与えるストレスを点数化する考え方と関連して説明されます。;職場のストレスだけでなく、家庭、病気、転居、昇進など生活上の変化もストレス要因になり得ます。;職場では、用語の意味だけでなく、誰が対応し、どの情報を共有し、どの専門職につなぐかまで確認します。;実務では、用語を単独で覚えるのではなく、ラインケア・安全配慮・専門職連携の流れに置いて確認します。,根拠法令（労基法・労契法・労安法）の取り違え;「のみ」「必ず」などの断定表現に注意;管理監督者が医学的判断を抱え込む,「ホームズ（Holmes）」は基礎・役割分野の用語。定義→職場での見方→連携先の順で整理し、関連演習で確認してください。,,,ホームズ（Holmes）とは何ですか？,Holmesは、ライフイベントが心身に与えるストレスを点数化する考え方と関連して説明されます。,ホームズ（Holmes）は試験でどのように問われますか？,「ホームズ（Holmes）」は定義に加え、演習問題の正答肢キーワードと照合して覚えると定着しやすいです。関連演習へリンクした問題を解き、用語記事に戻って確認してください。,ホームズ（Holmes）を学習するときの注意点は？,単語だけでなく、ラインケア・安全配慮・専門職連携の流れの中で意味を確認してください。数値や義務の有無は法令改正で変わる場合があるため、受験前に公式情報も確認してください。,y2026/q07,演習2026・第7問（基礎・労働安全衛生）
マイクロ技法,マイクロ技法,基礎・役割,基礎・役割,マイクロ技法には、かかわり行動、開かれた質問、閉ざされた質問、感情の反映、要約などがあります。,マイクロ技法には、かかわり行動、開かれた質問、閉ざされた質問、感情の反映、要約などがあります。職場の相談対応では、管理監督者が治療するためではなく、相手の話を正確に聴き、必要な支援につなげるために使います。職場では、用語の意味だけでなく、誰が対応し、どの情報を共有し、どの専門職につなぐかまで確認します。実務では、用語を単独で覚えるのではなく、ラインケア・安全配慮・専門職連携の流れに置いて確認します。,36協定;DALYs損失;ILO（国際労働機関）,,A,「マイクロ技法」は選択肢で根拠・対象範囲・責任の所在がずれる肢に注意してください。「のみ」「必ず」などの断定は定義と照合し、管理監督者が医学的判断を抱え込まない点も確認します。,g-df2f7d5335757699,マイクロ技法とは？意味・根拠・試験で押さえるポイント,マイクロ技法は、基礎・役割分野で頻出の用語です。マイクロ技法には、かかわり行動、開かれた質問、閉ざされた質問、感情の反映、要約などがあります。本記事では意味、試験での出題の仕方、混同しやすい点を整理します。,マイクロ技法には、かかわり行動、開かれた質問、閉ざされた質問、感情の反映、要約などがあります。職場の相談対応では、管理監督者が治療するためではなく、相手の話を正確に聴き、必要な支援につなげるために使います。,マイクロ技法には、かかわり行動、開かれた質問、閉ざされた質問、感情の反映、要約などがあります。;職場の相談対応では、管理監督者が治療するためではなく、相手の話を正確に聴き、必要な支援につなげるために使います。;職場では、用語の意味だけでなく、誰が対応し、どの情報を共有し、どの専門職につなぐかまで確認します。;実務では、用語を単独で覚えるのではなく、ラインケア・安全配慮・専門職連携の流れに置いて確認します。,根拠法令（労基法・労契法・労安法）の取り違え;「のみ」「必ず」などの断定表現に注意;管理監督者が医学的判断を抱え込む,「マイクロ技法」は基礎・役割分野の用語。定義→職場での見方→連携先の順で整理し、関連演習で確認してください。,,,マイクロ技法とは何ですか？,マイクロ技法には、かかわり行動、開かれた質問、閉ざされた質問、感情の反映、要約などがあります。,マイクロ技法は試験でどのように問われますか？,「マイクロ技法」は定義に加え、演習問題の正答肢キーワードと照合して覚えると定着しやすいです。関連演習へリンクした問題を解き、用語記事に戻って確認してください。,マイクロ技法を学習するときの注意点は？,単語だけでなく、ラインケア・安全配慮・専門職連携の流れの中で意味を確認してください。数値や義務の有無は法令改正で変わる場合があるため、受験前に公式情報も確認してください。,y2026/q07,演習2026・第7問（基礎・労働安全衛生）
メタボリックシンドローム,メタボリックシンドローム,基礎・役割,基礎・役割,メタボリックシンドロームは、生活習慣病や循環器疾患のリスクを高める状態として扱われます。,メタボリックシンドロームは、生活習慣病や循環器疾患のリスクを高める状態として扱われます。メンタルヘルス対策では、睡眠、運動、食事、飲酒、ストレスなど心身の健康を一体で見る文脈で関連します。職場では、用語の意味だけでなく、誰が対応し、どの情報を共有し、どの専門職につなぐかまで確認します。実務では、用語を単独で覚えるのではなく、ラインケア・安全配慮・専門職連携の流れに置いて確認します。,36協定;DALYs損失;ILO（国際労働機関）,,A,「メタボリックシンドローム」は選択肢で根拠・対象範囲・責任の所在がずれる肢に注意してください。「のみ」「必ず」などの断定は定義と照合し、管理監督者が医学的判断を抱え込まない点も確認します。,g-1c87f8aa8976f36f,メタボリックシンドロームとは？意味・根拠・試験で押さえるポイント,メタボリックシンドロームは、基礎・役割分野で頻出の用語です。メタボリックシンドロームは、生活習慣病や循環器疾患のリスクを高める状態として扱われます。本記事では意味、試験での出題の仕方、混同しやすい点を整理します。,メタボリックシンドロームは、生活習慣病や循環器疾患のリスクを高める状態として扱われます。メンタルヘルス対策では、睡眠、運動、食事、飲酒、ストレスなど心身の健康を一体で見る文脈で関連します。,メタボリックシンドロームは、生活習慣病や循環器疾患のリスクを高める状態として扱われます。;メンタルヘルス対策では、睡眠、運動、食事、飲酒、ストレスなど心身の健康を一体で見る文脈で関連します。;職場では、用語の意味だけでなく、誰が対応し、どの情報を共有し、どの専門職につなぐかまで確認します。;実務では、用語を単独で覚えるのではなく、ラインケア・安全配慮・専門職連携の流れに置いて確認します。,根拠法令（労基法・労契法・労安法）の取り違え;「のみ」「必ず」などの断定表現に注意;管理監督者が医学的判断を抱え込む,「メタボリックシンドローム」は基礎・役割分野の用語。定義→職場での見方→連携先の順で整理し、関連演習で確認してください。,,,メタボリックシンドロームとは何ですか？,メタボリックシンドロームは、生活習慣病や循環器疾患のリスクを高める状態として扱われます。,メタボリックシンドロームは試験でどのように問われますか？,「メタボリックシンドローム」は定義に加え、演習問題の正答肢キーワードと照合して覚えると定着しやすいです。関連演習へリンクした問題を解き、用語記事に戻って確認してください。,メタボリックシンドロームを学習するときの注意点は？,単語だけでなく、ラインケア・安全配慮・専門職連携の流れの中で意味を確認してください。数値や義務の有無は法令改正で変わる場合があるため、受験前に公式情報も確認してください。,y2026/q07,演習2026・第7問（基礎・労働安全衛生）
メラトニン,メラトニン,基礎・役割,基礎・役割,メラトニンは夜間に分泌が高まり、体内時計や睡眠リズムの調整に関わるホルモンとして説明されます。,メラトニンは夜間に分泌が高まり、体内時計や睡眠リズムの調整に関わるホルモンとして説明されます。睡眠障害や生活リズムの乱れを理解する際の基礎用語です。職場では、用語の意味だけでなく、誰が対応し、どの情報を共有し、どの専門職につなぐかまで確認します。実務では、用語を単独で覚えるのではなく、ラインケア・安全配慮・専門職連携の流れに置いて確認します。,36協定;DALYs損失;ILO（国際労働機関）,,A,「メラトニン」は選択肢で根拠・対象範囲・責任の所在がずれる肢に注意してください。「のみ」「必ず」などの断定は定義と照合し、管理監督者が医学的判断を抱え込まない点も確認します。,g-38022af93129842f,メラトニンとは？意味・根拠・試験で押さえるポイント,メラトニンは、基礎・役割分野で頻出の用語です。メラトニンは夜間に分泌が高まり、体内時計や睡眠リズムの調整に関わるホルモンとして説明されます。本記事では意味、試験での出題の仕方、混同しやすい点を整理します。,メラトニンは夜間に分泌が高まり、体内時計や睡眠リズムの調整に関わるホルモンとして説明されます。睡眠障害や生活リズムの乱れを理解する際の基礎用語です。,メラトニンは夜間に分泌が高まり、体内時計や睡眠リズムの調整に関わるホルモンとして説明されます。;睡眠障害や生活リズムの乱れを理解する際の基礎用語です。;職場では、用語の意味だけでなく、誰が対応し、どの情報を共有し、どの専門職につなぐかまで確認します。;実務では、用語を単独で覚えるのではなく、ラインケア・安全配慮・専門職連携の流れに置いて確認します。,根拠法令（労基法・労契法・労安法）の取り違え;「のみ」「必ず」などの断定表現に注意;管理監督者が医学的判断を抱え込む,「メラトニン」は基礎・役割分野の用語。定義→職場での見方→連携先の順で整理し、関連演習で確認してください。,,,メラトニンとは何ですか？,メラトニンは夜間に分泌が高まり、体内時計や睡眠リズムの調整に関わるホルモンとして説明されます。,メラトニンは試験でどのように問われますか？,「メラトニン」は定義に加え、演習問題の正答肢キーワードと照合して覚えると定着しやすいです。関連演習へリンクした問題を解き、用語記事に戻って確認してください。,メラトニンを学習するときの注意点は？,単語だけでなく、ラインケア・安全配慮・専門職連携の流れの中で意味を確認してください。数値や義務の有無は法令改正で変わる場合があるため、受験前に公式情報も確認してください。,y2026/q07,演習2026・第7問（基礎・労働安全衛生）
メラビアンの法則,メラビアンの法則,相談・連携・復職,相談・連携・復職,メラビアンの法則は、相談対応、社内外資源との連携、休業者の職場復帰支援に関わる用語です。,メラビアンの法則は、相談対応、社内外資源との連携、休業者の職場復帰支援に関わる用語です。まず「メラビアンの法則：人への印象は言語7%・声のトーン38%・視覚情報55%とされる」という出題上のポイントと結びつけて理解します。過去問・演習では「メラビアンの法則：人への印象は言語7%・声のトーン38%・視覚情報55%とされる」という形で扱われるため、単語だけでなく設問の場面も確認します。ラインケアの視点では、本人の話を聴き、必要な範囲で産業保健スタッフや社外資源へつなぐことが重要です。関連する用語として、傾聴もあわせて確認すると理解がつながります。,傾聴;確認すると理解がつながります,,A,演習の正答の要点は「メラビアンの法則：人への印象は言語7%・声のトーン38%・視覚情報55%とされる」です。誤り肢は根拠法令の取り違え、対象範囲の限定（のみ・必ず）、責任主体の混同（会社のみ・管理監督者のみ）に注意してください。,g-9b26e888612fd823,メラビアンの法則とは？意味・根拠・試験で押さえるポイント,メラビアンの法則は、相談・連携・復職分野で頻出の用語です。メラビアンの法則は、相談対応、社内外資源との連携、休業者の職場復帰支援に関わる用語です。本記事では意味、試験での出題の仕方、混同しやすい点を整理します。,メラビアンの法則は、相談対応、社内外資源との連携、休業者の職場復帰支援に関わる用語です。メラビアンの法則：人への印象は言語7%・声のトーン38%・視覚情報55%とされる。,メラビアンの法則は、相談対応、社内外資源との連携、休業者の職場復帰支援に関わる用語です。;まず「メラビアンの法則：人への印象は言語7%・声のトーン38%・視覚情報55%とされる」という出題上のポイントと結びつけて理解します。;過去問・演習では「メラビアンの法則：人への印象は言語7%・声のトーン38%・視覚情報55%とされる」という形で扱われるため、単語だけでなく設問の場面も確認します。;ラインケアの視点では、本人の話を聴き、必要な範囲で産業保健スタッフや社外資源へつなぐことが重要です。,手順の順序・禁止事項（やってはいけないこと）の混同;主治医と産業医の役割の逆転;管理監督者が医学的判断を抱え込む,「メラビアンの法則」は相談・連携・復職の重要語。定義→誰が何をするか→連携先の順で覚えると整理しやすい。,,,メラビアンの法則とは何ですか？,メラビアンの法則は、相談対応、社内外資源との連携、休業者の職場復帰支援に関わる用語です。,メラビアンの法則は試験でどのように問われますか？,「メラビアンの法則」は定義に加え、演習問題の正答肢キーワードと照合して覚えると定着しやすいです。関連演習へリンクした問題を解き、用語記事に戻って確認してください。,メラビアンの法則を学習するときの注意点は？,単語だけでなく、ラインケア・安全配慮・専門職連携の流れの中で意味を確認してください。数値や義務の有無は法令改正で変わる場合があるため、受験前に公式情報も確認してください。,y2026/q225,演習2026・第225問（メラビアンの法則）
メンタルヘルスケアの体制づくり,メンタルヘルスケアの体制づくり,基礎・役割,基礎・役割,メンタルヘルスケアの体制づくりでは、セルフケア、ラインケア、事業場内産業保健スタッフ等によるケア、事業場外資源によるケアを組み合わせ、教育研修、相談体制、職場環境改善を計画的に進めます。,メンタルヘルスケアの体制づくりでは、セルフケア、ラインケア、事業場内産業保健スタッフ等によるケア、事業場外資源によるケアを組み合わせ、教育研修、相談体制、職場環境改善を計画的に進めます。単発の対応ではなく、組織的な仕組みとして整える点が重要です。職場では、用語の意味だけでなく、誰が対応し、どの情報を共有し、どの専門職につなぐかまで確認します。実務では、用語を単独で覚えるのではなく、ラインケア・安全配慮・専門職連携の流れに置いて確認します。,36協定;DALYs損失;ILO（国際労働機関）,,A,「メンタルヘルスケアの体制づくり」は選択肢で根拠・対象範囲・責任の所在がずれる肢に注意してください。「のみ」「必ず」などの断定は定義と照合し、管理監督者が医学的判断を抱え込まない点も確認します。,g-57121b7f1b1f72a4,メンタルヘルスケアの体制づくりとは？意味・根拠・試験で押さえるポイント,メンタルヘルスケアの体制づくりは、基礎・役割分野で頻出の用語です。メンタルヘルスケアの体制づくりでは、セルフケア、ラインケア、事業場内産業保健スタッフ等によるケア、事業場外資源によるケアを組み合わせ、教育研修、相談体制、職場環境改善を計画的に進めます。本記事では意味、試験での出題の仕方、混同しやすい点を整理します。,メンタルヘルスケアの体制づくりでは、セルフケア、ラインケア、事業場内産業保健スタッフ等によるケア、事業場外資源によるケアを組み合わせ、教育研修、相談体制、職場環境改善を計画的に進めます。単発の対応ではなく、組織的な仕組みとして整える点が重要です。,メンタルヘルスケアの体制づくりでは、セルフケア、ラインケア、事業場内産業保健スタッフ等によるケア、事業場外資源によるケアを組み合わせ、教育研修、相談体制、職場環境改善を計画的に進めます。;単発の対応ではなく、組織的な仕組みとして整える点が重要です。;職場では、用語の意味だけでなく、誰が対応し、どの情報を共有し、どの専門職につなぐかまで確認します。;実務では、用語を単独で覚えるのではなく、ラインケア・安全配慮・専門職連携の流れに置いて確認します。,根拠法令（労基法・労契法・労安法）の取り違え;「のみ」「必ず」などの断定表現に注意;管理監督者が医学的判断を抱え込む,「メンタルヘルスケアの体制づくり」は基礎・役割分野の用語。定義→職場での見方→連携先の順で整理し、関連演習で確認してください。,,,メンタルヘルスケアの体制づくりとは何ですか？,メンタルヘルスケアの体制づくりでは、セルフケア、ラインケア、事業場内産業保健スタッフ等によるケア、事業場外資源によるケアを組み合わせ、教育研修、相談体制、職場環境改善を計画的に進めます。,メンタルヘルスケアの体制づくりは試験でどのように問われますか？,「メンタルヘルスケアの体制づくり」は定義に加え、演習問題の正答肢キーワードと照合して覚えると定着しやすいです。関連演習へリンクした問題を解き、用語記事に戻って確認してください。,メンタルヘルスケアの体制づくりを学習するときの注意点は？,単語だけでなく、ラインケア・安全配慮・専門職連携の流れの中で意味を確認してください。数値や義務の有無は法令改正で変わる場合があるため、受験前に公式情報も確認してください。,y2026/q01,演習2026・第1問（メンタルヘルスケアの体制づくり）
メンタルヘルス不調のサインとなる行動,メンタルヘルス不調のサインとなる行動,基礎・役割,基礎・役割,職場で観察できるサインは、勤怠、仕事の質、対人関係、身だしなみ、発言内容などに表れます。,職場で観察できるサインは、勤怠、仕事の質、対人関係、身だしなみ、発言内容などに表れます。管理監督者は病名を推測するのではなく、いつもと違う様子を具体的な事実として把握します。職場では、用語の意味だけでなく、誰が対応し、どの情報を共有し、どの専門職につなぐかまで確認します。実務では、用語を単独で覚えるのではなく、ラインケア・安全配慮・専門職連携の流れに置いて確認します。,36協定;DALYs損失;ILO（国際労働機関）,,A,「メンタルヘルス不調のサインとなる行動」は選択肢で根拠・対象範囲・責任の所在がずれる肢に注意してください。「のみ」「必ず」などの断定は定義と照合し、管理監督者が医学的判断を抱え込まない点も確認します。,g-af72da1abddf5237,メンタルヘルス不調のサインとなる行動とは？意味・根拠・試験で押さえるポイント,メンタルヘルス不調のサインとなる行動は、基礎・役割分野で頻出の用語です。職場で観察できるサインは、勤怠、仕事の質、対人関係、身だしなみ、発言内容などに表れます。本記事では意味、試験での出題の仕方、混同しやすい点を整理します。,職場で観察できるサインは、勤怠、仕事の質、対人関係、身だしなみ、発言内容などに表れます。管理監督者は病名を推測するのではなく、いつもと違う様子を具体的な事実として把握します。,職場で観察できるサインは、勤怠、仕事の質、対人関係、身だしなみ、発言内容などに表れます。;管理監督者は病名を推測するのではなく、いつもと違う様子を具体的な事実として把握します。;職場では、用語の意味だけでなく、誰が対応し、どの情報を共有し、どの専門職につなぐかまで確認します。;実務では、用語を単独で覚えるのではなく、ラインケア・安全配慮・専門職連携の流れに置いて確認します。,根拠法令（労基法・労契法・労安法）の取り違え;「のみ」「必ず」などの断定表現に注意;管理監督者が医学的判断を抱え込む,「メンタルヘルス不調のサインとなる行動」は基礎・役割分野の用語。定義→職場での見方→連携先の順で整理し、関連演習で確認してください。,,,メンタルヘルス不調のサインとなる行動とは何ですか？,職場で観察できるサインは、勤怠、仕事の質、対人関係、身だしなみ、発言内容などに表れます。,メンタルヘルス不調のサインとなる行動は試験でどのように問われますか？,「メンタルヘルス不調のサインとなる行動」は定義に加え、演習問題の正答肢キーワードと照合して覚えると定着しやすいです。関連演習へリンクした問題を解き、用語記事に戻って確認してください。,メンタルヘルス不調のサインとなる行動を学習するときの注意点は？,単語だけでなく、ラインケア・安全配慮・専門職連携の流れの中で意味を確認してください。数値や義務の有無は法令改正で変わる場合があるため、受験前に公式情報も確認してください。,y2026/q01,演習2026・第1問（メンタルヘルス不調のサインとなる行動）
メンタルヘルス不調の定義,メンタルヘルス不調の定義,基礎・役割,基礎・役割,メンタルヘルス不調は、診断名がついた精神障害に限らず、強いストレス反応、不眠、意欲低下、対人トラブル、仕事ぶりの変化など幅広い状態を含めて考えます。,メンタルヘルス不調は、診断名がついた精神障害に限らず、強いストレス反応、不眠、意欲低下、対人トラブル、仕事ぶりの変化など幅広い状態を含めて考えます。職場では医学的診断よりも、まず事例性に気づくことが重要です。職場では、用語の意味だけでなく、誰が対応し、どの情報を共有し、どの専門職につなぐかまで確認します。実務では、用語を単独で覚えるのではなく、ラインケア・安全配慮・専門職連携の流れに置いて確認します。,36協定;DALYs損失;ILO（国際労働機関）,,A,「メンタルヘルス不調の定義」は選択肢で根拠・対象範囲・責任の所在がずれる肢に注意してください。「のみ」「必ず」などの断定は定義と照合し、管理監督者が医学的判断を抱え込まない点も確認します。,g-d771dd8bd8c0af99,メンタルヘルス不調の定義とは？意味・根拠・試験で押さえるポイント,メンタルヘルス不調の定義は、基礎・役割分野で頻出の用語です。メンタルヘルス不調は、診断名がついた精神障害に限らず、強いストレス反応、不眠、意欲低下、対人トラブル、仕事ぶりの変化など幅広い状態を含めて考えます。本記事では意味、試験での出題の仕方、混同しやすい点を整理します。,メンタルヘルス不調は、診断名がついた精神障害に限らず、強いストレス反応、不眠、意欲低下、対人トラブル、仕事ぶりの変化など幅広い状態を含めて考えます。職場では医学的診断よりも、まず事例性に気づくことが重要です。,メンタルヘルス不調は、診断名がついた精神障害に限らず、強いストレス反応、不眠、意欲低下、対人トラブル、仕事ぶりの変化など幅広い状態を含めて考えます。;職場では医学的診断よりも、まず事例性に気づくことが重要です。;職場では、用語の意味だけでなく、誰が対応し、どの情報を共有し、どの専門職につなぐかまで確認します。;実務では、用語を単独で覚えるのではなく、ラインケア・安全配慮・専門職連携の流れに置いて確認します。,根拠法令（労基法・労契法・労安法）の取り違え;「のみ」「必ず」などの断定表現に注意;管理監督者が医学的判断を抱え込む,「メンタルヘルス不調の定義」は基礎・役割分野の用語。定義→職場での見方→連携先の順で整理し、関連演習で確認してください。,,,メンタルヘルス不調の定義とは何ですか？,メンタルヘルス不調は、診断名がついた精神障害に限らず、強いストレス反応、不眠、意欲低下、対人トラブル、仕事ぶりの変化など幅広い状態を含めて考えます。,メンタルヘルス不調の定義は試験でどのように問われますか？,「メンタルヘルス不調の定義」は定義に加え、演習問題の正答肢キーワードと照合して覚えると定着しやすいです。関連演習へリンクした問題を解き、用語記事に戻って確認してください。,メンタルヘルス不調の定義を学習するときの注意点は？,単語だけでなく、ラインケア・安全配慮・専門職連携の流れの中で意味を確認してください。数値や義務の有無は法令改正で変わる場合があるため、受験前に公式情報も確認してください。,y2026/q01,演習2026・第1問（メンタルヘルス不調の定義）
メンタルヘルス不調の４つの誤解,メンタルヘルス不調の４つの誤解,基礎・役割,基礎・役割,メンタルヘルス不調の４つの誤解では、セルフケア、ラインケア、事業場内産業保健スタッフ等によるケア、事業場外資源によるケアを組み合わせ、教育研修、相談体制、職場環境改善を計画的に進めます。,メンタルヘルス不調の４つの誤解では、セルフケア、ラインケア、事業場内産業保健スタッフ等によるケア、事業場外資源によるケアを組み合わせ、教育研修、相談体制、職場環境改善を計画的に進めます。単発の対応ではなく、組織的な仕組みとして整える点が重要です。職場では、用語の意味だけでなく、誰が対応し、どの情報を共有し、どの専門職につなぐかまで確認します。実務では、用語を単独で覚えるのではなく、ラインケア・安全配慮・専門職連携の流れに置いて確認します。,36協定;DALYs損失;ILO（国際労働機関）,,A,「メンタルヘルス不調の４つの誤解」は選択肢で根拠・対象範囲・責任の所在がずれる肢に注意してください。「のみ」「必ず」などの断定は定義と照合し、管理監督者が医学的判断を抱え込まない点も確認します。,g-d986186f4fd38a0c,メンタルヘルス不調の４つの誤解とは？意味・根拠・試験で押さえるポイント,メンタルヘルス不調の４つの誤解は、基礎・役割分野で頻出の用語です。メンタルヘルス不調の４つの誤解では、セルフケア、ラインケア、事業場内産業保健スタッフ等によるケア、事業場外資源によるケアを組み合わせ、教育研修、相談体制、職場環境改善を計画的に進めます。本記事では意味、試験での出題の仕方、混同しやすい点を整理します。,メンタルヘルス不調の４つの誤解では、セルフケア、ラインケア、事業場内産業保健スタッフ等によるケア、事業場外資源によるケアを組み合わせ、教育研修、相談体制、職場環境改善を計画的に進めます。単発の対応ではなく、組織的な仕組みとして整える点が重要です。,メンタルヘルス不調の４つの誤解では、セルフケア、ラインケア、事業場内産業保健スタッフ等によるケア、事業場外資源によるケアを組み合わせ、教育研修、相談体制、職場環境改善を計画的に進めます。;単発の対応ではなく、組織的な仕組みとして整える点が重要です。;職場では、用語の意味だけでなく、誰が対応し、どの情報を共有し、どの専門職につなぐかまで確認します。;実務では、用語を単独で覚えるのではなく、ラインケア・安全配慮・専門職連携の流れに置いて確認します。,根拠法令（労基法・労契法・労安法）の取り違え;「のみ」「必ず」などの断定表現に注意;管理監督者が医学的判断を抱え込む,「メンタルヘルス不調の４つの誤解」は基礎・役割分野の用語。定義→職場での見方→連携先の順で整理し、関連演習で確認してください。,,,メンタルヘルス不調の４つの誤解とは何ですか？,メンタルヘルス不調の４つの誤解では、セルフケア、ラインケア、事業場内産業保健スタッフ等によるケア、事業場外資源によるケアを組み合わせ、教育研修、相談体制、職場環境改善を計画的に進めます。,メンタルヘルス不調の４つの誤解は試験でどのように問われますか？,「メンタルヘルス不調の４つの誤解」は定義に加え、演習問題の正答肢キーワードと照合して覚えると定着しやすいです。関連演習へリンクした問題を解き、用語記事に戻って確認してください。,メンタルヘルス不調の４つの誤解を学習するときの注意点は？,単語だけでなく、ラインケア・安全配慮・専門職連携の流れの中で意味を確認してください。数値や義務の有無は法令改正で変わる場合があるため、受験前に公式情報も確認してください。,y2026/q01,演習2026・第1問（メンタルヘルス不調の４つの誤解）
メンタルヘルス教育,メンタルヘルス教育,基礎・役割,基礎・役割,メンタルヘルス教育では、セルフケア、ラインケア、事業場内産業保健スタッフ等によるケア、事業場外資源によるケアを組み合わせ、教育研修、相談体制、職場環境改善を計画的に進めます。,メンタルヘルス教育では、セルフケア、ラインケア、事業場内産業保健スタッフ等によるケア、事業場外資源によるケアを組み合わせ、教育研修、相談体制、職場環境改善を計画的に進めます。単発の対応ではなく、組織的な仕組みとして整える点が重要です。職場では、用語の意味だけでなく、誰が対応し、どの情報を共有し、どの専門職につなぐかまで確認します。実務では、用語を単独で覚えるのではなく、ラインケア・安全配慮・専門職連携の流れに置いて確認します。,36協定;DALYs損失;ILO（国際労働機関）,,A,「メンタルヘルス教育」は選択肢で根拠・対象範囲・責任の所在がずれる肢に注意してください。「のみ」「必ず」などの断定は定義と照合し、管理監督者が医学的判断を抱え込まない点も確認します。,g-8ce52c72240516dd,メンタルヘルス教育とは？意味・根拠・試験で押さえるポイント,メンタルヘルス教育は、基礎・役割分野で頻出の用語です。メンタルヘルス教育では、セルフケア、ラインケア、事業場内産業保健スタッフ等によるケア、事業場外資源によるケアを組み合わせ、教育研修、相談体制、職場環境改善を計画的に進めます。本記事では意味、試験での出題の仕方、混同しやすい点を整理します。,メンタルヘルス教育では、セルフケア、ラインケア、事業場内産業保健スタッフ等によるケア、事業場外資源によるケアを組み合わせ、教育研修、相談体制、職場環境改善を計画的に進めます。単発の対応ではなく、組織的な仕組みとして整える点が重要です。,メンタルヘルス教育では、セルフケア、ラインケア、事業場内産業保健スタッフ等によるケア、事業場外資源によるケアを組み合わせ、教育研修、相談体制、職場環境改善を計画的に進めます。;単発の対応ではなく、組織的な仕組みとして整える点が重要です。;職場では、用語の意味だけでなく、誰が対応し、どの情報を共有し、どの専門職につなぐかまで確認します。;実務では、用語を単独で覚えるのではなく、ラインケア・安全配慮・専門職連携の流れに置いて確認します。,根拠法令（労基法・労契法・労安法）の取り違え;「のみ」「必ず」などの断定表現に注意;管理監督者が医学的判断を抱え込む,「メンタルヘルス教育」は基礎・役割分野の用語。定義→職場での見方→連携先の順で整理し、関連演習で確認してください。,,,メンタルヘルス教育とは何ですか？,メンタルヘルス教育では、セルフケア、ラインケア、事業場内産業保健スタッフ等によるケア、事業場外資源によるケアを組み合わせ、教育研修、相談体制、職場環境改善を計画的に進めます。,メンタルヘルス教育は試験でどのように問われますか？,「メンタルヘルス教育」は定義に加え、演習問題の正答肢キーワードと照合して覚えると定着しやすいです。関連演習へリンクした問題を解き、用語記事に戻って確認してください。,メンタルヘルス教育を学習するときの注意点は？,単語だけでなく、ラインケア・安全配慮・専門職連携の流れの中で意味を確認してください。数値や義務の有無は法令改正で変わる場合があるため、受験前に公式情報も確認してください。,y2026/q01,演習2026・第1問（メンタルヘルス教育）
ラインによるケアを推進するための環境整備,ラインによるケアを推進するための環境整備,基礎・役割,基礎・役割,ラインによるケアを推進するための環境整備では、管理監督者教育、相談窓口の明確化、産業医・保健師・人事労務との連携手順、職場環境改善の仕組みを整えます。,ラインによるケアを推進するための環境整備では、管理監督者教育、相談窓口の明確化、産業医・保健師・人事労務との連携手順、職場環境改善の仕組みを整えます。管理監督者個人の努力だけにせず、組織として支える体制を作ることが重要です。職場では、用語の意味だけでなく、誰が対応し、どの情報を共有し、どの専門職につなぐかまで確認します。実務では、用語を単独で覚えるのではなく、ラインケア・安全配慮・専門職連携の流れに置いて確認します。,36協定;DALYs損失;ILO（国際労働機関）,,A,「ラインによるケアを推進するための環境整備」は選択肢で根拠・対象範囲・責任の所在がずれる肢に注意してください。「のみ」「必ず」などの断定は定義と照合し、管理監督者が医学的判断を抱え込まない点も確認します。,g-f507681c73e04364,ラインによるケアを推進するための環境整備とは？意味・根拠・試験で押さえるポイント,ラインによるケアを推進するための環境整備は、基礎・役割分野で頻出の用語です。ラインによるケアを推進するための環境整備では、管理監督者教育、相談窓口の明確化、産業医・保健師・人事労務との連携手順、職場環境改善の仕組みを整えます。本記事では意味、試験での出題の仕方、混同しやすい点を整理します。,ラインによるケアを推進するための環境整備では、管理監督者教育、相談窓口の明確化、産業医・保健師・人事労務との連携手順、職場環境改善の仕組みを整えます。管理監督者個人の努力だけにせず、組織として支える体制を作ることが重要です。,ラインによるケアを推進するための環境整備では、管理監督者教育、相談窓口の明確化、産業医・保健師・人事労務との連携手順、職場環境改善の仕組みを整えます。;管理監督者個人の努力だけにせず、組織として支える体制を作ることが重要です。;職場では、用語の意味だけでなく、誰が対応し、どの情報を共有し、どの専門職につなぐかまで確認します。;実務では、用語を単独で覚えるのではなく、ラインケア・安全配慮・専門職連携の流れに置いて確認します。,根拠法令（労基法・労契法・労安法）の取り違え;「のみ」「必ず」などの断定表現に注意;管理監督者が医学的判断を抱え込む,「ラインによるケアを推進するための環境整備」は基礎・役割分野の用語。定義→職場での見方→連携先の順で整理し、関連演習で確認してください。,,,ラインによるケアを推進するための環境整備とは何ですか？,ラインによるケアを推進するための環境整備では、管理監督者教育、相談窓口の明確化、産業医・保健師・人事労務との連携手順、職場環境改善の仕組みを整えます。,ラインによるケアを推進するための環境整備は試験でどのように問われますか？,「ラインによるケアを推進するための環境整備」は定義に加え、演習問題の正答肢キーワードと照合して覚えると定着しやすいです。関連演習へリンクした問題を解き、用語記事に戻って確認してください。,ラインによるケアを推進するための環境整備を学習するときの注意点は？,単語だけでなく、ラインケア・安全配慮・専門職連携の流れの中で意味を確認してください。数値や義務の有無は法令改正で変わる場合があるため、受験前に公式情報も確認してください。,y2026/q02,演習2026・第2問（ラインによるケアを推進するための環境整備）
ラインケア,ラインケア,基礎・役割,基礎・役割,ラインケアは、メンタルヘルスケアの意義、管理監督者の役割、ストレスや疾病の基礎理解に関わる用語です。,ラインケアは、メンタルヘルスケアの意義、管理監督者の役割、ストレスや疾病の基礎理解に関わる用語です。まず「ラインケアは、管理監督者が日常の職場管理を通じて部下の変化に気づき、相談対応・職場環境改善・専門職への橋渡しを行うケアです」という出題上のポイントと結びつけて理解します。過去問・演習では「管理監督者は抱え込まず、専門家や産業保健スタッフと連携することが重要」という形で扱われるため、単語だけでなく設問の場面も確認します。ラインケアの視点では、管理監督者が医学的判断を抱え込まず、職場で観察できる事実と専門職への連携を分けて理解することが重要です。関連する用語として、ストレス、産業医、事業場外資源によるケア、職場環境の改善もあわせて確認すると理解がつながります。,ストレス;産業医;事業場外資源によるケア,,A,演習の正答の要点は「管理監督者は抱え込まず、専門家や産業保健スタッフと連携することが重要」です。誤り肢は根拠法令の取り違え、対象範囲の限定（のみ・必ず）、責任主体の混同（会社のみ・管理監督者のみ）に注意してください。,line-care,ラインケアとは？意味・根拠・試験で押さえるポイント,ラインケアは、基礎・役割分野で頻出の用語です。ラインケアは、メンタルヘルスケアの意義、管理監督者の役割、ストレスや疾病の基礎理解に関わる用語です。本記事では意味、試験での出題の仕方、混同しやすい点を整理します。,ラインケアは、メンタルヘルスケアの意義、管理監督者の役割、ストレスや疾病の基礎理解に関わる用語です。ラインケアは、管理監督者が日常の職場管理を通じて部下の変化に気づき、相談対応・職場環境改善・専門職への橋渡しを行うケアです。,ラインケアは、メンタルヘルスケアの意義、管理監督者の役割、ストレスや疾病の基礎理解に関わる用語です。;まず「ラインケアは、管理監督者が日常の職場管理を通じて部下の変化に気づき、相談対応・職場環境改善・専門職への橋渡しを行うケアです」という出題上のポイントと結びつけて理解します。;過去問・演習では「管理監督者は抱え込まず、専門家や産業保健スタッフと連携することが重要」という形で扱われるため、単語だけでなく設問の場面も確認します。;ラインケアの視点では、管理監督者が医学的判断を抱え込まず、職場で観察できる事実と専門職への連携を分けて理解することが重要です。,根拠法令（労基法・労契法・労安法）の取り違え;「のみ」「必ず」などの断定表現に注意;管理監督者が医学的判断を抱え込む,「ラインケア」は基礎・役割の重要語。定義→誰が何をするか→連携先の順で覚えると整理しやすい。,,,ラインケアとは何ですか？,ラインケアは、メンタルヘルスケアの意義、管理監督者の役割、ストレスや疾病の基礎理解に関わる用語です。,ラインケアは試験でどのように問われますか？,「ラインケア」は定義に加え、演習問題の正答肢キーワードと照合して覚えると定着しやすいです。関連演習へリンクした問題を解き、用語記事に戻って確認してください。,ラインケアを学習するときの注意点は？,単語だけでなく、ラインケア・安全配慮・専門職連携の流れの中で意味を確認してください。数値や義務の有無は法令改正で変わる場合があるため、受験前に公式情報も確認してください。,y2026/q12,演習2026・第12問（ラインケア）
リスクマネジメント,リスクマネジメント,基礎・役割,基礎・役割,リスクマネジメントでは、メンタルヘルス対策を福利厚生だけでなく、休業・離職の予防、職場の活性化、生産性向上、リスク低減につながる経営課題として捉えます。,リスクマネジメントでは、メンタルヘルス対策を福利厚生だけでなく、休業・離職の予防、職場の活性化、生産性向上、リスク低減につながる経営課題として捉えます。教育研修、相談体制、職場環境改善を継続的に進めることが重要です。職場では、用語の意味だけでなく、誰が対応し、どの情報を共有し、どの専門職につなぐかまで確認します。実務では、用語を単独で覚えるのではなく、ラインケア・安全配慮・専門職連携の流れに置いて確認します。,36協定;DALYs損失;ILO（国際労働機関）,,A,「リスクマネジメント」は選択肢で根拠・対象範囲・責任の所在がずれる肢に注意してください。「のみ」「必ず」などの断定は定義と照合し、管理監督者が医学的判断を抱え込まない点も確認します。,g-7503569f2dd84f2f,リスクマネジメントとは？意味・根拠・試験で押さえるポイント,リスクマネジメントは、基礎・役割分野で頻出の用語です。リスクマネジメントでは、メンタルヘルス対策を福利厚生だけでなく、休業・離職の予防、職場の活性化、生産性向上、リスク低減につながる経営課題として捉えます。本記事では意味、試験での出題の仕方、混同しやすい点を整理します。,リスクマネジメントでは、メンタルヘルス対策を福利厚生だけでなく、休業・離職の予防、職場の活性化、生産性向上、リスク低減につながる経営課題として捉えます。教育研修、相談体制、職場環境改善を継続的に進めることが重要です。,リスクマネジメントでは、メンタルヘルス対策を福利厚生だけでなく、休業・離職の予防、職場の活性化、生産性向上、リスク低減につながる経営課題として捉えます。;教育研修、相談体制、職場環境改善を継続的に進めることが重要です。;職場では、用語の意味だけでなく、誰が対応し、どの情報を共有し、どの専門職につなぐかまで確認します。;実務では、用語を単独で覚えるのではなく、ラインケア・安全配慮・専門職連携の流れに置いて確認します。,根拠法令（労基法・労契法・労安法）の取り違え;「のみ」「必ず」などの断定表現に注意;管理監督者が医学的判断を抱え込む,「リスクマネジメント」は基礎・役割分野の用語。定義→職場での見方→連携先の順で整理し、関連演習で確認してください。,,,リスクマネジメントとは何ですか？,リスクマネジメントでは、メンタルヘルス対策を福利厚生だけでなく、休業・離職の予防、職場の活性化、生産性向上、リスク低減につながる経営課題として捉えます。,リスクマネジメントは試験でどのように問われますか？,「リスクマネジメント」は定義に加え、演習問題の正答肢キーワードと照合して覚えると定着しやすいです。関連演習へリンクした問題を解き、用語記事に戻って確認してください。,リスクマネジメントを学習するときの注意点は？,単語だけでなく、ラインケア・安全配慮・専門職連携の流れの中で意味を確認してください。数値や義務の有無は法令改正で変わる場合があるため、受験前に公式情報も確認してください。,y2026/q07,演習2026・第7問（基礎・労働安全衛生）
リラクセーション,リラクセーション,職場環境・配慮,職場環境・配慮,リラクセーションは、職場環境の評価・改善、個々の労働者への配慮、ストレスチェック制度に関わる用語です。,リラクセーションは、職場環境の評価・改善、個々の労働者への配慮、ストレスチェック制度に関わる用語です。まず「自律訓練法はShultzが開発した自己催眠的リラクセーション技法」という出題上のポイントと結びつけて理解します。過去問・演習では「自律訓練法はShultzが開発した自己催眠的リラクセーション技法」という形で扱われるため、単語だけでなく設問の場面も確認します。ラインケアの視点では、職場要因を把握し、業務量・裁量・支援体制など改善できる点へつなげることが重要です。関連する用語として、ストレス、自律訓練法、自律神経、ストレス反応もあわせて確認すると理解がつながります。,ストレス;自律訓練法;自律神経,,A,演習の正答の要点は「自律訓練法はShultzが開発した自己催眠的リラクセーション技法」です。誤り肢は根拠法令の取り違え、対象範囲の限定（のみ・必ず）、責任主体の混同（会社のみ・管理監督者のみ）に注意してください。,g-b35c57148efff65f,リラクセーションとは？意味・根拠・試験で押さえるポイント,リラクセーションは、職場環境・配慮分野で頻出の用語です。リラクセーションは、職場環境の評価・改善、個々の労働者への配慮、ストレスチェック制度に関わる用語です。本記事では意味、試験での出題の仕方、混同しやすい点を整理します。,リラクセーションは、職場環境の評価・改善、個々の労働者への配慮、ストレスチェック制度に関わる用語です。自律訓練法はShultzが開発した自己催眠的リラクセーション技法。,リラクセーションは、職場環境の評価・改善、個々の労働者への配慮、ストレスチェック制度に関わる用語です。;まず「自律訓練法はShultzが開発した自己催眠的リラクセーション技法」という出題上のポイントと結びつけて理解します。;過去問・演習では「自律訓練法はShultzが開発した自己催眠的リラクセーション技法」という形で扱われるため、単語だけでなく設問の場面も確認します。;ラインケアの視点では、職場要因を把握し、業務量・裁量・支援体制など改善できる点へつなげることが重要です。,数値基準・義務の有無・誰が実施するかの混同;個人結果と集団分析の取り違え;管理監督者が医学的判断を抱え込む,「リラクセーション」は職場環境・配慮の重要語。定義→誰が何をするか→連携先の順で覚えると整理しやすい。,,,リラクセーションとは何ですか？,リラクセーションは、職場環境の評価・改善、個々の労働者への配慮、ストレスチェック制度に関わる用語です。,リラクセーションは試験でどのように問われますか？,「リラクセーション」は定義に加え、演習問題の正答肢キーワードと照合して覚えると定着しやすいです。関連演習へリンクした問題を解き、用語記事に戻って確認してください。,リラクセーションを学習するときの注意点は？,単語だけでなく、ラインケア・安全配慮・専門職連携の流れの中で意味を確認してください。数値や義務の有無は法令改正で変わる場合があるため、受験前に公式情報も確認してください。,y2026/q262,演習2026・第262問（リラクセーション）
リワーク・プログラム,リワーク・プログラム,相談・連携・復職,相談・連携・復職,リワーク・プログラムは、医療機関や支援機関などで行われる職場復帰支援の一つです。,リワーク・プログラムは、医療機関や支援機関などで行われる職場復帰支援の一つです。復職前に生活リズム、集中力、対人場面、ストレス対処、再発予防などを確認し、職場復帰後の安定を目指します。職場では、用語の意味だけでなく、誰が対応し、どの情報を共有し、どの専門職につなぐかまで確認します。実務では、本人の安心感を保ちつつ、社内外の支援先とどのタイミングで連携するかを意識します。,いのちの電話;こころの耳メール相談;こころの耳電話相談,,A,「リワーク・プログラム」は選択肢で根拠・対象範囲・責任の所在がずれる肢に注意してください。「のみ」「必ず」などの断定は定義と照合し、管理監督者が医学的判断を抱え込まない点も確認します。,g-564e2f59d47ed614,リワーク・プログラムとは？意味・根拠・試験で押さえるポイント,リワーク・プログラムは、相談・連携・復職分野で頻出の用語です。リワーク・プログラムは、医療機関や支援機関などで行われる職場復帰支援の一つです。本記事では意味、試験での出題の仕方、混同しやすい点を整理します。,リワーク・プログラムは、医療機関や支援機関などで行われる職場復帰支援の一つです。復職前に生活リズム、集中力、対人場面、ストレス対処、再発予防などを確認し、職場復帰後の安定を目指します。,リワーク・プログラムは、医療機関や支援機関などで行われる職場復帰支援の一つです。;復職前に生活リズム、集中力、対人場面、ストレス対処、再発予防などを確認し、職場復帰後の安定を目指します。;職場では、用語の意味だけでなく、誰が対応し、どの情報を共有し、どの専門職につなぐかまで確認します。;実務では、本人の安心感を保ちつつ、社内外の支援先とどのタイミングで連携するかを意識します。,手順の順序・禁止事項（やってはいけないこと）の混同;主治医と産業医の役割の逆転;管理監督者が医学的判断を抱え込む,「リワーク・プログラム」は相談・連携・復職分野の用語。定義→職場での見方→連携先の順で整理し、関連演習で確認してください。,,,リワーク・プログラムとは何ですか？,リワーク・プログラムは、医療機関や支援機関などで行われる職場復帰支援の一つです。,リワーク・プログラムは試験でどのように問われますか？,「リワーク・プログラム」は定義に加え、演習問題の正答肢キーワードと照合して覚えると定着しやすいです。関連演習へリンクした問題を解き、用語記事に戻って確認してください。,リワーク・プログラムを学習するときの注意点は？,単語だけでなく、ラインケア・安全配慮・専門職連携の流れの中で意味を確認してください。数値や義務の有無は法令改正で変わる場合があるため、受験前に公式情報も確認してください。,y2026/q28,演習2026・第28問（相談・傾聴）
ワーク・エンゲイジメント,ワーク・エンゲイジメント,基礎・役割,基礎・役割,ワーク・エンゲイジメントは、メンタルヘルスケアの意義、管理監督者の役割、ストレスや疾病の基礎理解に関わる用語です。,ワーク・エンゲイジメントは、メンタルヘルスケアの意義、管理監督者の役割、ストレスや疾病の基礎理解に関わる用語です。まず「ワーク・エンゲイジメントを高める職場資源（JD-Rモデル）：社会的サポート・自律性・成長機会・フィードバック・目標の明確さ等」という出題上のポイントと結びつけて理解します。過去問・演習では「ワーク・エンゲイジメントを高める職場資源（JD-Rモデル）：社会的サポート・自律性・成長機会・フィードバック・目標の明確さ等」という形で扱われるため、単語だけでなく設問の場面も確認します。ラインケアの視点では、管理監督者が医学的判断を抱え込まず、職場で観察できる事実と専門職への連携を分けて理解することが重要です。関連する用語として、ストレス、ストレスチェック、新職業性ストレス簡易調査票、職業性ストレス簡易調査票もあわせて確認すると理解がつながります。,ストレス;ストレスチェック;新職業性ストレス簡易調査票,,A,演習の正答の要点は「ワーク・エンゲイジメントを高める職場資源（JD-Rモデル）：社会的サポート・自律性・成長機会・フィードバック・目標の明確さ等」です。誤り肢は根拠法令の取り違え、対象範囲の限定（のみ・必ず）、責任主体の混同（会社のみ・管理監督者のみ）に注意してください。,g-1006a49cde6adbe6,ワーク・エンゲイジメントとは？意味・根拠・試験で押さえるポイント,ワーク・エンゲイジメントは、基礎・役割分野で頻出の用語です。ワーク・エンゲイジメントは、メンタルヘルスケアの意義、管理監督者の役割、ストレスや疾病の基礎理解に関わる用語です。本記事では意味、試験での出題の仕方、混同しやすい点を整理します。,ワーク・エンゲイジメントは、メンタルヘルスケアの意義、管理監督者の役割、ストレスや疾病の基礎理解に関わる用語です。ワーク・エンゲイジメントを高める職場資源（JD-Rモデル）：社会的サポート・自律性・成長機会・フィードバック・目標の明確さ等。,ワーク・エンゲイジメントは、メンタルヘルスケアの意義、管理監督者の役割、ストレスや疾病の基礎理解に関わる用語です。;まず「ワーク・エンゲイジメントを高める職場資源（JD-Rモデル）：社会的サポート・自律性・成長機会・フィードバック・目標の明確さ等」という出題上のポイントと結びつけて理解します。;過去問・演習では「ワーク・エンゲイジメントを高める職場資源（JD-Rモデル）：社会的サポート・自律性・成長機会・フィードバック・目標の明確さ等」という形で扱われるため、単語だけでなく設問の場面も確認します。;ラインケアの視点では、管理監督者が医学的判断を抱え込まず、職場で観察できる事実と専門職への連携を分けて理解することが重要です。,根拠法令（労基法・労契法・労安法）の取り違え;「のみ」「必ず」などの断定表現に注意;管理監督者が医学的判断を抱え込む,「ワーク・エンゲイジメント」は基礎・役割の重要語。定義→誰が何をするか→連携先の順で覚えると整理しやすい。,,,ワーク・エンゲイジメントとは何ですか？,ワーク・エンゲイジメントは、メンタルヘルスケアの意義、管理監督者の役割、ストレスや疾病の基礎理解に関わる用語です。,ワーク・エンゲイジメントは試験でどのように問われますか？,「ワーク・エンゲイジメント」は定義に加え、演習問題の正答肢キーワードと照合して覚えると定着しやすいです。関連演習へリンクした問題を解き、用語記事に戻って確認してください。,ワーク・エンゲイジメントを学習するときの注意点は？,単語だけでなく、ラインケア・安全配慮・専門職連携の流れの中で意味を確認してください。数値や義務の有無は法令改正で変わる場合があるため、受験前に公式情報も確認してください。,y2026/q147,演習2026・第147問（ワーク・エンゲイジメント）
ワーク・ライフ・バランス,ワーク・ライフ・バランス,職場環境・配慮,職場環境・配慮,ワーク・ライフ・バランスは、職場環境の評価・改善、個々の労働者への配慮、ストレスチェック制度に関わる用語です。,ワーク・ライフ・バランスは、職場環境の評価・改善、個々の労働者への配慮、ストレスチェック制度に関わる用語です。まず「ワーク・ライフ・バランスの実現は過重労働防止・健康確保・モチベーション向上・採用力強化など多面的な効果がある」という出題上のポイントと結びつけて理解します。過去問・演習では「ワーク・ライフ・バランスの実現は過重労働防止・健康確保・モチベーション向上・採用力強化など多面的な効果がある」という形で扱われるため、単語だけでなく設問の場面も確認します。ラインケアの視点では、職場要因を把握し、業務量・裁量・支援体制など改善できる点へつなげることが重要です。関連する用語として、仕事と生活の調和推進のための行動指針もあわせて確認すると理解がつながります。,仕事と生活の調和推進のための行動指針;確認すると理解がつながります,,A,演習の正答の要点は「ワーク・ライフ・バランスの実現は過重労働防止・健康確保・モチベーション向上・採用力強化など多面的な効果がある」です。誤り肢は根拠法令の取り違え、対象範囲の限定（のみ・必ず）、責任主体の混同（会社のみ・管理監督者のみ）に注意してください。,g-f6e24368b183600a,ワーク・ライフ・バランスとは？意味・根拠・試験で押さえるポイント,ワーク・ライフ・バランスは、職場環境・配慮分野で頻出の用語です。ワーク・ライフ・バランスは、職場環境の評価・改善、個々の労働者への配慮、ストレスチェック制度に関わる用語です。本記事では意味、試験での出題の仕方、混同しやすい点を整理します。,ワーク・ライフ・バランスは、職場環境の評価・改善、個々の労働者への配慮、ストレスチェック制度に関わる用語です。ワーク・ライフ・バランスの実現は過重労働防止・健康確保・モチベーション向上・採用力強化など多面的な効果がある。,ワーク・ライフ・バランスは、職場環境の評価・改善、個々の労働者への配慮、ストレスチェック制度に関わる用語です。;まず「ワーク・ライフ・バランスの実現は過重労働防止・健康確保・モチベーション向上・採用力強化など多面的な効果がある」という出題上のポイントと結びつけて理解します。;過去問・演習では「ワーク・ライフ・バランスの実現は過重労働防止・健康確保・モチベーション向上・採用力強化など多面的な効果がある」という形で扱われるため、単語だけでなく設問の場面も確認します。;ラインケアの視点では、職場要因を把握し、業務量・裁量・支援体制など改善できる点へつなげることが重要です。,数値基準・義務の有無・誰が実施するかの混同;個人結果と集団分析の取り違え;管理監督者が医学的判断を抱え込む,「ワーク・ライフ・バランス」は職場環境・配慮の重要語。定義→誰が何をするか→連携先の順で覚えると整理しやすい。,,,ワーク・ライフ・バランスとは何ですか？,ワーク・ライフ・バランスは、職場環境の評価・改善、個々の労働者への配慮、ストレスチェック制度に関わる用語です。,ワーク・ライフ・バランスは試験でどのように問われますか？,「ワーク・ライフ・バランス」は定義に加え、演習問題の正答肢キーワードと照合して覚えると定着しやすいです。関連演習へリンクした問題を解き、用語記事に戻って確認してください。,ワーク・ライフ・バランスを学習するときの注意点は？,単語だけでなく、ラインケア・安全配慮・専門職連携の流れの中で意味を確認してください。数値や義務の有無は法令改正で変わる場合があるため、受験前に公式情報も確認してください。,y2026/q185,演習2026・第185問（WLB）
上司や同僚の支援,上司や同僚の支援,職場環境・配慮,職場環境・配慮,上司や同僚の支援は、職場環境の評価・改善、個々の労働者への配慮、ストレスチェック制度に関わる用語です。,上司や同僚の支援は、職場環境の評価・改善、個々の労働者への配慮、ストレスチェック制度に関わる用語です。まず「「仕事の要求度」「仕事のコントロール」「上司や同僚の支援」の3つの尺度で職場のストレスレベルを評価する」という出題上のポイントと結びつけて理解します。過去問・演習では「仕事のストレス判定図は集団分析に活用するツール」という形で扱われるため、単語だけでなく設問の場面も確認します。ラインケアの視点では、職場要因を把握し、業務量・裁量・支援体制など改善できる点へつなげることが重要です。関連する用語として、ストレス、仕事のコントロール、仕事のストレス判定図、仕事の要求度もあわせて確認すると理解がつながります。,ストレス;仕事のコントロール;仕事のストレス判定図,,A,演習の正答の要点は「仕事のストレス判定図は集団分析に活用するツール」です。誤り肢は根拠法令の取り違え、対象範囲の限定（のみ・必ず）、責任主体の混同（会社のみ・管理監督者のみ）に注意してください。,g-d29ffd6c89394fad,上司や同僚の支援とは？意味・根拠・試験で押さえるポイント,上司や同僚の支援は、職場環境・配慮分野で頻出の用語です。上司や同僚の支援は、職場環境の評価・改善、個々の労働者への配慮、ストレスチェック制度に関わる用語です。本記事では意味、試験での出題の仕方、混同しやすい点を整理します。,上司や同僚の支援は、職場環境の評価・改善、個々の労働者への配慮、ストレスチェック制度に関わる用語です。「仕事の要求度。,上司や同僚の支援は、職場環境の評価・改善、個々の労働者への配慮、ストレスチェック制度に関わる用語です。;まず「「仕事の要求度」「仕事のコントロール」「上司や同僚の支援」の3つの尺度で職場のストレスレベルを評価する」という出題上のポイントと結びつけて理解します。;過去問・演習では「仕事のストレス判定図は集団分析に活用するツール」という形で扱われるため、単語だけでなく設問の場面も確認します。;ラインケアの視点では、職場要因を把握し、業務量・裁量・支援体制など改善できる点へつなげることが重要です。,数値基準・義務の有無・誰が実施するかの混同;個人結果と集団分析の取り違え;管理監督者が医学的判断を抱え込む,「上司や同僚の支援」は職場環境・配慮の重要語。定義→誰が何をするか→連携先の順で覚えると整理しやすい。,,,上司や同僚の支援とは何ですか？,上司や同僚の支援は、職場環境の評価・改善、個々の労働者への配慮、ストレスチェック制度に関わる用語です。,上司や同僚の支援は試験でどのように問われますか？,「上司や同僚の支援」は定義に加え、演習問題の正答肢キーワードと照合して覚えると定着しやすいです。関連演習へリンクした問題を解き、用語記事に戻って確認してください。,上司や同僚の支援を学習するときの注意点は？,単語だけでなく、ラインケア・安全配慮・専門職連携の流れの中で意味を確認してください。数値や義務の有無は法令改正で変わる場合があるため、受験前に公式情報も確認してください。,y2026/q04,演習2026・第4問（上司・同僚の支援）
不法行為責任,不法行為責任,基礎・役割,基礎・役割,不法行為責任は、メンタルヘルスケアの意義、管理監督者の役割、ストレスや疾病の基礎理解に関わる用語です。,不法行為責任は、メンタルヘルスケアの意義、管理監督者の役割、ストレスや疾病の基礎理解に関わる用語です。まず「不法行為責任（民法709条）の成立要件：①故意・過失、②権利・法益の侵害、③損害の発生、④因果関係」という出題上のポイントと結びつけて理解します。過去問・演習では「不法行為責任（民法709条）の成立要件：①故意・過失、②権利・法益の侵害、③損害の発生、④因果関係」という形で扱われるため、単語だけでなく設問の場面も確認します。ラインケアの視点では、管理監督者が医学的判断を抱え込まず、職場で観察できる事実と専門職への連携を分けて理解することが重要です。関連する用語として、安全配慮義務もあわせて確認すると理解がつながります。,安全配慮義務;確認すると理解がつながります,,A,演習の正答の要点は「不法行為責任（民法709条）の成立要件：①故意・過失、②権利・法益の侵害、③損害の発生、④因果関係」です。誤り肢は根拠法令の取り違え、対象範囲の限定（のみ・必ず）、責任主体の混同（会社のみ・管理監督者のみ）に注意してください。,g-8272166e508ce4ab,不法行為責任とは？意味・根拠・試験で押さえるポイント,不法行為責任は、基礎・役割分野で頻出の用語です。不法行為責任は、メンタルヘルスケアの意義、管理監督者の役割、ストレスや疾病の基礎理解に関わる用語です。本記事では意味、試験での出題の仕方、混同しやすい点を整理します。,不法行為責任は、メンタルヘルスケアの意義、管理監督者の役割、ストレスや疾病の基礎理解に関わる用語です。不法行為責任（民法709条）の成立要件：①故意・過失、②権利・法益の侵害、③損害の発生、④因果関係。,不法行為責任は、メンタルヘルスケアの意義、管理監督者の役割、ストレスや疾病の基礎理解に関わる用語です。;まず「不法行為責任（民法709条）の成立要件：①故意・過失、②権利・法益の侵害、③損害の発生、④因果関係」という出題上のポイントと結びつけて理解します。;過去問・演習では「不法行為責任（民法709条）の成立要件：①故意・過失、②権利・法益の侵害、③損害の発生、④因果関係」という形で扱われるため、単語だけでなく設問の場面も確認します。;ラインケアの視点では、管理監督者が医学的判断を抱え込まず、職場で観察できる事実と専門職への連携を分けて理解することが重要です。,根拠法令（労基法・労契法・労安法）の取り違え;「のみ」「必ず」などの断定表現に注意;管理監督者が医学的判断を抱え込む,「不法行為責任」は基礎・役割の重要語。定義→誰が何をするか→連携先の順で覚えると整理しやすい。,,,不法行為責任とは何ですか？,不法行為責任は、メンタルヘルスケアの意義、管理監督者の役割、ストレスや疾病の基礎理解に関わる用語です。,不法行為責任は試験でどのように問われますか？,「不法行為責任」は定義に加え、演習問題の正答肢キーワードと照合して覚えると定着しやすいです。関連演習へリンクした問題を解き、用語記事に戻って確認してください。,不法行為責任を学習するときの注意点は？,単語だけでなく、ラインケア・安全配慮・専門職連携の流れの中で意味を確認してください。数値や義務の有無は法令改正で変わる場合があるため、受験前に公式情報も確認してください。,y2026/q95,演習2026・第95問（不法行為責任）
両立支援の留意事項,両立支援の留意事項,職場環境・配慮,職場環境・配慮,両立支援の留意事項では、病気の治療を続ける労働者に対し、勤務時間、業務内容、通院、体調変動、職場の理解を踏まえて配慮を検討します。,両立支援の留意事項では、病気の治療を続ける労働者に対し、勤務時間、業務内容、通院、体調変動、職場の理解を踏まえて配慮を検討します。診断名や治療内容はプライバシー性が高いため、本人同意と必要最小限の共有が基本です。職場では、用語の意味だけでなく、誰が対応し、どの情報を共有し、どの専門職につなぐかまで確認します。実務では、個人の努力だけでなく、職場の仕組みや環境をどう変えるかまで考えると理解が深まります。,PDCAサイクル;いつもと違う様子;コーピング,,A,「両立支援の留意事項」は選択肢で根拠・対象範囲・責任の所在がずれる肢に注意してください。「のみ」「必ず」などの断定は定義と照合し、管理監督者が医学的判断を抱え込まない点も確認します。,g-592435e7520b223a,両立支援の留意事項とは？意味・根拠・試験で押さえるポイント,両立支援の留意事項は、職場環境・配慮分野で頻出の用語です。両立支援の留意事項では、病気の治療を続ける労働者に対し、勤務時間、業務内容、通院、体調変動、職場の理解を踏まえて配慮を検討します。本記事では意味、試験での出題の仕方、混同しやすい点を整理します。,両立支援の留意事項では、病気の治療を続ける労働者に対し、勤務時間、業務内容、通院、体調変動、職場の理解を踏まえて配慮を検討します。診断名や治療内容はプライバシー性が高いため、本人同意と必要最小限の共有が基本です。,両立支援の留意事項では、病気の治療を続ける労働者に対し、勤務時間、業務内容、通院、体調変動、職場の理解を踏まえて配慮を検討します。;診断名や治療内容はプライバシー性が高いため、本人同意と必要最小限の共有が基本です。;職場では、用語の意味だけでなく、誰が対応し、どの情報を共有し、どの専門職につなぐかまで確認します。;実務では、個人の努力だけでなく、職場の仕組みや環境をどう変えるかまで考えると理解が深まります。,数値基準・義務の有無・誰が実施するかの混同;個人結果と集団分析の取り違え;管理監督者が医学的判断を抱え込む,「両立支援の留意事項」は職場環境・配慮分野の用語。定義→職場での見方→連携先の順で整理し、関連演習で確認してください。,,,両立支援の留意事項とは何ですか？,両立支援の留意事項では、病気の治療を続ける労働者に対し、勤務時間、業務内容、通院、体調変動、職場の理解を踏まえて配慮を検討します。,両立支援の留意事項は試験でどのように問われますか？,「両立支援の留意事項」は定義に加え、演習問題の正答肢キーワードと照合して覚えると定着しやすいです。関連演習へリンクした問題を解き、用語記事に戻って確認してください。,両立支援の留意事項を学習するときの注意点は？,単語だけでなく、ラインケア・安全配慮・専門職連携の流れの中で意味を確認してください。数値や義務の有無は法令改正で変わる場合があるため、受験前に公式情報も確認してください。,y2026/q04,演習2026・第4問（職場環境・ストレス調査）
中央労働災害防止協会,中央労働災害防止協会,基礎・役割,基礎・役割,中央労働災害防止協会は、中災防とも呼ばれ、労働災害防止、安全衛生教育、職場の健康づくりに関する情報提供などを行います。,中央労働災害防止協会は、中災防とも呼ばれ、労働災害防止、安全衛生教育、職場の健康づくりに関する情報提供などを行います。メンタルヘルス対策では、事業場が安全衛生水準を高めるための外部情報源として関連します。職場では、用語の意味だけでなく、誰が対応し、どの情報を共有し、どの専門職につなぐかまで確認します。実務では、用語を単独で覚えるのではなく、ラインケア・安全配慮・専門職連携の流れに置いて確認します。,36協定;DALYs損失;ILO（国際労働機関）,,A,「中央労働災害防止協会」は選択肢で根拠・対象範囲・責任の所在がずれる肢に注意してください。「のみ」「必ず」などの断定は定義と照合し、管理監督者が医学的判断を抱え込まない点も確認します。,g-6e33be1f8314dda5,中央労働災害防止協会とは？意味・根拠・試験で押さえるポイント,中央労働災害防止協会は、基礎・役割分野で頻出の用語です。中央労働災害防止協会は、中災防とも呼ばれ、労働災害防止、安全衛生教育、職場の健康づくりに関する情報提供などを行います。本記事では意味、試験での出題の仕方、混同しやすい点を整理します。,中央労働災害防止協会は、中災防とも呼ばれ、労働災害防止、安全衛生教育、職場の健康づくりに関する情報提供などを行います。メンタルヘルス対策では、事業場が安全衛生水準を高めるための外部情報源として関連します。,中央労働災害防止協会は、中災防とも呼ばれ、労働災害防止、安全衛生教育、職場の健康づくりに関する情報提供などを行います。;メンタルヘルス対策では、事業場が安全衛生水準を高めるための外部情報源として関連します。;職場では、用語の意味だけでなく、誰が対応し、どの情報を共有し、どの専門職につなぐかまで確認します。;実務では、用語を単独で覚えるのではなく、ラインケア・安全配慮・専門職連携の流れに置いて確認します。,根拠法令（労基法・労契法・労安法）の取り違え;「のみ」「必ず」などの断定表現に注意;管理監督者が医学的判断を抱え込む,「中央労働災害防止協会」は基礎・役割分野の用語。定義→職場での見方→連携先の順で整理し、関連演習で確認してください。,,,中央労働災害防止協会とは何ですか？,中央労働災害防止協会は、中災防とも呼ばれ、労働災害防止、安全衛生教育、職場の健康づくりに関する情報提供などを行います。,中央労働災害防止協会は試験でどのように問われますか？,「中央労働災害防止協会」は定義に加え、演習問題の正答肢キーワードと照合して覚えると定着しやすいです。関連演習へリンクした問題を解き、用語記事に戻って確認してください。,中央労働災害防止協会を学習するときの注意点は？,単語だけでなく、ラインケア・安全配慮・専門職連携の流れの中で意味を確認してください。数値や義務の有無は法令改正で変わる場合があるため、受験前に公式情報も確認してください。,y2026/q07,演習2026・第7問（基礎・労働安全衛生）
中小規模事業場の外部資源との連携,中小規模事業場の外部資源との連携,相談・連携・復職,相談・連携・復職,中小規模事業場の外部資源との連携では、管理監督者が一人で抱え込まず、本人の話を聴いたうえで、産業医、保健師、人事労務担当者、外部相談機関などへつなぐ流れを確認します。,中小規模事業場の外部資源との連携では、管理監督者が一人で抱え込まず、本人の話を聴いたうえで、産業医、保健師、人事労務担当者、外部相談機関などへつなぐ流れを確認します。相談内容はプライバシーに配慮し、就業上必要な範囲で共有します。職場では、用語の意味だけでなく、誰が対応し、どの情報を共有し、どの専門職につなぐかまで確認します。実務では、本人の安心感を保ちつつ、社内外の支援先とどのタイミングで連携するかを意識します。,いのちの電話;こころの耳メール相談;こころの耳電話相談,,A,「中小規模事業場の外部資源との連携」は選択肢で根拠・対象範囲・責任の所在がずれる肢に注意してください。「のみ」「必ず」などの断定は定義と照合し、管理監督者が医学的判断を抱え込まない点も確認します。,g-b642993f0e5b51b8,中小規模事業場の外部資源との連携とは？意味・根拠・試験で押さえるポイント,中小規模事業場の外部資源との連携は、相談・連携・復職分野で頻出の用語です。中小規模事業場の外部資源との連携では、管理監督者が一人で抱え込まず、本人の話を聴いたうえで、産業医、保健師、人事労務担当者、外部相談機関などへつなぐ流れを確認します。本記事では意味、試験での出題の仕方、混同しやすい点を整理します。,中小規模事業場の外部資源との連携では、管理監督者が一人で抱え込まず、本人の話を聴いたうえで、産業医、保健師、人事労務担当者、外部相談機関などへつなぐ流れを確認します。相談内容はプライバシーに配慮し、就業上必要な範囲で共有します。,中小規模事業場の外部資源との連携では、管理監督者が一人で抱え込まず、本人の話を聴いたうえで、産業医、保健師、人事労務担当者、外部相談機関などへつなぐ流れを確認します。;相談内容はプライバシーに配慮し、就業上必要な範囲で共有します。;職場では、用語の意味だけでなく、誰が対応し、どの情報を共有し、どの専門職につなぐかまで確認します。;実務では、本人の安心感を保ちつつ、社内外の支援先とどのタイミングで連携するかを意識します。,手順の順序・禁止事項（やってはいけないこと）の混同;主治医と産業医の役割の逆転;管理監督者が医学的判断を抱え込む,「中小規模事業場の外部資源との連携」は相談・連携・復職分野の用語。定義→職場での見方→連携先の順で整理し、関連演習で確認してください。,,,中小規模事業場の外部資源との連携とは何ですか？,中小規模事業場の外部資源との連携では、管理監督者が一人で抱え込まず、本人の話を聴いたうえで、産業医、保健師、人事労務担当者、外部相談機関などへつなぐ流れを確認します。,中小規模事業場の外部資源との連携は試験でどのように問われますか？,「中小規模事業場の外部資源との連携」は定義に加え、演習問題の正答肢キーワードと照合して覚えると定着しやすいです。関連演習へリンクした問題を解き、用語記事に戻って確認してください。,中小規模事業場の外部資源との連携を学習するときの注意点は？,単語だけでなく、ラインケア・安全配慮・専門職連携の流れの中で意味を確認してください。数値や義務の有無は法令改正で変わる場合があるため、受験前に公式情報も確認してください。,y2026/q28,演習2026・第28問（相談・傾聴）
中核性タイプ,中核性タイプ,基礎・役割,基礎・役割,中核性タイプは、本人の性格傾向や対人関係の取り方を理解する文脈で扱われます。,中核性タイプは、本人の性格傾向や対人関係の取り方を理解する文脈で扱われます。職場では、心理特性を決めつけるためではなく、ストレスへの反応や相談しやすさに個人差があることを理解する補助概念として位置づけます。職場では、用語の意味だけでなく、誰が対応し、どの情報を共有し、どの専門職につなぐかまで確認します。実務では、用語を単独で覚えるのではなく、ラインケア・安全配慮・専門職連携の流れに置いて確認します。,36協定;DALYs損失;ILO（国際労働機関）,,A,「中核性タイプ」は選択肢で根拠・対象範囲・責任の所在がずれる肢に注意してください。「のみ」「必ず」などの断定は定義と照合し、管理監督者が医学的判断を抱え込まない点も確認します。,g-0f5744c612e837a8,中核性タイプとは？意味・根拠・試験で押さえるポイント,中核性タイプは、基礎・役割分野で頻出の用語です。中核性タイプは、本人の性格傾向や対人関係の取り方を理解する文脈で扱われます。本記事では意味、試験での出題の仕方、混同しやすい点を整理します。,中核性タイプは、本人の性格傾向や対人関係の取り方を理解する文脈で扱われます。職場では、心理特性を決めつけるためではなく、ストレスへの反応や相談しやすさに個人差があることを理解する補助概念として位置づけます。,中核性タイプは、本人の性格傾向や対人関係の取り方を理解する文脈で扱われます。;職場では、心理特性を決めつけるためではなく、ストレスへの反応や相談しやすさに個人差があることを理解する補助概念として位置づけます。;職場では、用語の意味だけでなく、誰が対応し、どの情報を共有し、どの専門職につなぐかまで確認します。;実務では、用語を単独で覚えるのではなく、ラインケア・安全配慮・専門職連携の流れに置いて確認します。,根拠法令（労基法・労契法・労安法）の取り違え;「のみ」「必ず」などの断定表現に注意;管理監督者が医学的判断を抱え込む,「中核性タイプ」は基礎・役割分野の用語。定義→職場での見方→連携先の順で整理し、関連演習で確認してください。,,,中核性タイプとは何ですか？,中核性タイプは、本人の性格傾向や対人関係の取り方を理解する文脈で扱われます。,中核性タイプは試験でどのように問われますか？,「中核性タイプ」は定義に加え、演習問題の正答肢キーワードと照合して覚えると定着しやすいです。関連演習へリンクした問題を解き、用語記事に戻って確認してください。,中核性タイプを学習するときの注意点は？,単語だけでなく、ラインケア・安全配慮・専門職連携の流れの中で意味を確認してください。数値や義務の有無は法令改正で変わる場合があるため、受験前に公式情報も確認してください。,y2026/q07,演習2026・第7問（基礎・労働安全衛生）
主治医による職場復帰可能の判断,主治医による職場復帰可能の判断,相談・連携・復職,相談・連携・復職,主治医による職場復帰可能の判断は、相談対応、社内外資源との連携、休業者の職場復帰支援に関わる用語です。,主治医による職場復帰可能の判断は、相談対応、社内外資源との連携、休業者の職場復帰支援に関わる用語です。まず「主治医による職場復帰可能の判断（診断書の提出）が行われるステップである」という出題上のポイントと結びつけて理解します。過去問・演習では「第1＝病気休業開始・療養、第2＝主治医による復帰可能の判断（診断書）、第3＝復帰可否判断とプラン作成、第4＝最終的な復帰決定、第5＝フォローアップ」という形で扱われるため、単語だけでなく設問の場面も確認します。ラインケアの視点では、本人の話を聴き、必要な範囲で産業保健スタッフや社外資源へつなぐことが重要です。関連する用語として、休業、最終的な職場復帰の決定、職場復帰後のフォローアップもあわせて確認すると理解がつながります。,休業;最終的な職場復帰の決定;職場復帰後のフォローアップ,,A,演習の正答の要点は「第1＝病気休業開始・療養、第2＝主治医による復帰可能の判断（診断書）、第3＝復帰可否判断とプラン作成、第4＝最終的な復帰決定、第5＝フォローアップ」です。誤り肢は根拠法令の取り違え、対象範囲の限定（のみ・必ず）、責任主体の混同（会社のみ・管理監督者のみ）に注意してください。,g-1fb9c036e2c11d66,主治医による職場復帰可能の判断とは？意味・根拠・試験で押さえるポイント,主治医による職場復帰可能の判断は、相談・連携・復職分野で頻出の用語です。主治医による職場復帰可能の判断は、相談対応、社内外資源との連携、休業者の職場復帰支援に関わる用語です。本記事では意味、試験での出題の仕方、混同しやすい点を整理します。,主治医による職場復帰可能の判断は、相談対応、社内外資源との連携、休業者の職場復帰支援に関わる用語です。主治医による職場復帰可能の判断（診断書の提出）が行われるステップである。,主治医による職場復帰可能の判断は、相談対応、社内外資源との連携、休業者の職場復帰支援に関わる用語です。;まず「主治医による職場復帰可能の判断（診断書の提出）が行われるステップである」という出題上のポイントと結びつけて理解します。;過去問・演習では「第1＝病気休業開始・療養、第2＝主治医による復帰可能の判断（診断書）、第3＝復帰可否判断とプラン作成、第4＝最終的な復帰決定、第5＝フォローアップ」という形で扱われるため、単語だけでなく設問の場面も確認します。;ラインケアの視点では、本人の話を聴き、必要な範囲で産業保健スタッフや社外資源へつなぐことが重要です。,手順の順序・禁止事項（やってはいけないこと）の混同;主治医と産業医の役割の逆転;管理監督者が医学的判断を抱え込む,「主治医による職場復帰可能の判断」は相談・連携・復職の重要語。定義→誰が何をするか→連携先の順で覚えると整理しやすい。,,,主治医による職場復帰可能の判断とは何ですか？,主治医による職場復帰可能の判断は、相談対応、社内外資源との連携、休業者の職場復帰支援に関わる用語です。,主治医による職場復帰可能の判断は試験でどのように問われますか？,「主治医による職場復帰可能の判断」は定義に加え、演習問題の正答肢キーワードと照合して覚えると定着しやすいです。関連演習へリンクした問題を解き、用語記事に戻って確認してください。,主治医による職場復帰可能の判断を学習するときの注意点は？,単語だけでなく、ラインケア・安全配慮・専門職連携の流れの中で意味を確認してください。数値や義務の有無は法令改正で変わる場合があるため、受験前に公式情報も確認してください。,y2026/q06,演習2026・第6問（主治医による職場復帰可能の判断）
予期不安,予期不安,基礎・役割,基礎・役割,予期不安は、メンタルヘルスケアの意義、管理監督者の役割、ストレスや疾病の基礎理解に関わる用語です。,予期不安は、メンタルヘルスケアの意義、管理監督者の役割、ストレスや疾病の基礎理解に関わる用語です。まず「パニック障害はパニック発作の繰り返しと予期不安が特徴」という出題上のポイントと結びつけて理解します。過去問・演習では「パニック障害はパニック発作の繰り返しと予期不安が特徴」という形で扱われるため、単語だけでなく設問の場面も確認します。ラインケアの視点では、管理監督者が医学的判断を抱え込まず、職場で観察できる事実と専門職への連携を分けて理解することが重要です。関連する用語として、SSRI、ストレス、パニック障害、薬物療法もあわせて確認すると理解がつながります。,SSRI;ストレス;パニック障害,,A,演習の正答の要点は「パニック障害はパニック発作の繰り返しと予期不安が特徴」です。誤り肢は根拠法令の取り違え、対象範囲の限定（のみ・必ず）、責任主体の混同（会社のみ・管理監督者のみ）に注意してください。,g-dde64fc6eb4d6d5e,予期不安とは？意味・根拠・試験で押さえるポイント,予期不安は、基礎・役割分野で頻出の用語です。予期不安は、メンタルヘルスケアの意義、管理監督者の役割、ストレスや疾病の基礎理解に関わる用語です。本記事では意味、試験での出題の仕方、混同しやすい点を整理します。,予期不安は、メンタルヘルスケアの意義、管理監督者の役割、ストレスや疾病の基礎理解に関わる用語です。パニック障害はパニック発作の繰り返しと予期不安が特徴。,予期不安は、メンタルヘルスケアの意義、管理監督者の役割、ストレスや疾病の基礎理解に関わる用語です。;まず「パニック障害はパニック発作の繰り返しと予期不安が特徴」という出題上のポイントと結びつけて理解します。;過去問・演習では「パニック障害はパニック発作の繰り返しと予期不安が特徴」という形で扱われるため、単語だけでなく設問の場面も確認します。;ラインケアの視点では、管理監督者が医学的判断を抱え込まず、職場で観察できる事実と専門職への連携を分けて理解することが重要です。,根拠法令（労基法・労契法・労安法）の取り違え;「のみ」「必ず」などの断定表現に注意;管理監督者が医学的判断を抱え込む,「予期不安」は基礎・役割の重要語。定義→誰が何をするか→連携先の順で覚えると整理しやすい。,,,予期不安とは何ですか？,予期不安は、メンタルヘルスケアの意義、管理監督者の役割、ストレスや疾病の基礎理解に関わる用語です。,予期不安は試験でどのように問われますか？,「予期不安」は定義に加え、演習問題の正答肢キーワードと照合して覚えると定着しやすいです。関連演習へリンクした問題を解き、用語記事に戻って確認してください。,予期不安を学習するときの注意点は？,単語だけでなく、ラインケア・安全配慮・専門職連携の流れの中で意味を確認してください。数値や義務の有無は法令改正で変わる場合があるため、受験前に公式情報も確認してください。,y2026/q83,演習2026・第83問（予期不安）
事例性,事例性,相談・連携・復職,相談・連携・復職,事例性は、相談対応、社内外資源との連携、休業者の職場復帰支援に関わる用語です。,事例性は、相談対応、社内外資源との連携、休業者の職場復帰支援に関わる用語です。まず「事例性は、遅刻・欠勤・ミス・対人トラブルなど、職場で実際に観察される問題や変化を指します」という出題上のポイントと結びつけて理解します。過去問・演習では「事例性＝職場での問題事実（遅刻・ミス・対人トラブル等）、疾病性＝医学的な病態・診断」という形で扱われるため、単語だけでなく設問の場面も確認します。ラインケアの視点では、本人の話を聴き、必要な範囲で産業保健スタッフや社外資源へつなぐことが重要です。関連する用語として、疾病性、産業医もあわせて確認すると理解がつながります。,疾病性;産業医;確認すると理解がつながります,,A,演習の正答の要点は「事例性＝職場での問題事実（遅刻・ミス・対人トラブル等）、疾病性＝医学的な病態・診断」です。誤り肢は根拠法令の取り違え、対象範囲の限定（のみ・必ず）、責任主体の混同（会社のみ・管理監督者のみ）に注意してください。,g-433782a70ed5b4f5,事例性とは？意味・根拠・試験で押さえるポイント,事例性は、相談・連携・復職分野で頻出の用語です。事例性は、相談対応、社内外資源との連携、休業者の職場復帰支援に関わる用語です。本記事では意味、試験での出題の仕方、混同しやすい点を整理します。,事例性は、相談対応、社内外資源との連携、休業者の職場復帰支援に関わる用語です。事例性は、遅刻・欠勤・ミス・対人トラブルなど、職場で実際に観察される問題や変化を指します。,事例性は、相談対応、社内外資源との連携、休業者の職場復帰支援に関わる用語です。;まず「事例性は、遅刻・欠勤・ミス・対人トラブルなど、職場で実際に観察される問題や変化を指します」という出題上のポイントと結びつけて理解します。;過去問・演習では「事例性＝職場での問題事実（遅刻・ミス・対人トラブル等）、疾病性＝医学的な病態・診断」という形で扱われるため、単語だけでなく設問の場面も確認します。;ラインケアの視点では、本人の話を聴き、必要な範囲で産業保健スタッフや社外資源へつなぐことが重要です。,手順の順序・禁止事項（やってはいけないこと）の混同;主治医と産業医の役割の逆転;管理監督者が医学的判断を抱え込む,「事例性」は相談・連携・復職の重要語。定義→誰が何をするか→連携先の順で覚えると整理しやすい。,,,事例性とは何ですか？,事例性は、相談対応、社内外資源との連携、休業者の職場復帰支援に関わる用語です。,事例性は試験でどのように問われますか？,「事例性」は定義に加え、演習問題の正答肢キーワードと照合して覚えると定着しやすいです。関連演習へリンクした問題を解き、用語記事に戻って確認してください。,事例性を学習するときの注意点は？,単語だけでなく、ラインケア・安全配慮・専門職連携の流れの中で意味を確認してください。数値や義務の有無は法令改正で変わる場合があるため、受験前に公式情報も確認してください。,y2026/q104,演習2026・第104問（事例性）
事後措置,事後措置,基礎・役割,基礎・役割,事後措置では、管理監督者が日常の職場管理の中で変化に気づき、必要な声かけ、業務調整、産業保健スタッフへの連携を行う流れを確認します。,事後措置では、管理監督者が日常の職場管理の中で変化に気づき、必要な声かけ、業務調整、産業保健スタッフへの連携を行う流れを確認します。本人の性格や病名を決めつけるのではなく、職場で観察できる事実を整理します。職場では、用語の意味だけでなく、誰が対応し、どの情報を共有し、どの専門職につなぐかまで確認します。実務では、用語を単独で覚えるのではなく、ラインケア・安全配慮・専門職連携の流れに置いて確認します。,36協定;DALYs損失;ILO（国際労働機関）,,A,「事後措置」は選択肢で根拠・対象範囲・責任の所在がずれる肢に注意してください。「のみ」「必ず」などの断定は定義と照合し、管理監督者が医学的判断を抱え込まない点も確認します。,g-0f03be15e6a76424,事後措置とは？意味・根拠・試験で押さえるポイント,事後措置は、基礎・役割分野で頻出の用語です。事後措置では、管理監督者が日常の職場管理の中で変化に気づき、必要な声かけ、業務調整、産業保健スタッフへの連携を行う流れを確認します。本記事では意味、試験での出題の仕方、混同しやすい点を整理します。,事後措置では、管理監督者が日常の職場管理の中で変化に気づき、必要な声かけ、業務調整、産業保健スタッフへの連携を行う流れを確認します。本人の性格や病名を決めつけるのではなく、職場で観察できる事実を整理します。,事後措置では、管理監督者が日常の職場管理の中で変化に気づき、必要な声かけ、業務調整、産業保健スタッフへの連携を行う流れを確認します。;本人の性格や病名を決めつけるのではなく、職場で観察できる事実を整理します。;職場では、用語の意味だけでなく、誰が対応し、どの情報を共有し、どの専門職につなぐかまで確認します。;実務では、用語を単独で覚えるのではなく、ラインケア・安全配慮・専門職連携の流れに置いて確認します。,根拠法令（労基法・労契法・労安法）の取り違え;「のみ」「必ず」などの断定表現に注意;管理監督者が医学的判断を抱え込む,「事後措置」は基礎・役割分野の用語。定義→職場での見方→連携先の順で整理し、関連演習で確認してください。,,,事後措置とは何ですか？,事後措置では、管理監督者が日常の職場管理の中で変化に気づき、必要な声かけ、業務調整、産業保健スタッフへの連携を行う流れを確認します。,事後措置は試験でどのように問われますか？,「事後措置」は定義に加え、演習問題の正答肢キーワードと照合して覚えると定着しやすいです。関連演習へリンクした問題を解き、用語記事に戻って確認してください。,事後措置を学習するときの注意点は？,単語だけでなく、ラインケア・安全配慮・専門職連携の流れの中で意味を確認してください。数値や義務の有無は法令改正で変わる場合があるため、受験前に公式情報も確認してください。,y2026/q07,演習2026・第7問（基礎・労働安全衛生）
事業の方針,事業の方針,基礎・役割,基礎・役割,事業の方針では、管理監督者が日常の職場管理の中で変化に気づき、必要な声かけ、業務調整、産業保健スタッフへの連携を行う流れを確認します。,事業の方針では、管理監督者が日常の職場管理の中で変化に気づき、必要な声かけ、業務調整、産業保健スタッフへの連携を行う流れを確認します。本人の性格や病名を決めつけるのではなく、職場で観察できる事実を整理します。職場では、用語の意味だけでなく、誰が対応し、どの情報を共有し、どの専門職につなぐかまで確認します。実務では、用語を単独で覚えるのではなく、ラインケア・安全配慮・専門職連携の流れに置いて確認します。,36協定;DALYs損失;ILO（国際労働機関）,,A,「事業の方針」は選択肢で根拠・対象範囲・責任の所在がずれる肢に注意してください。「のみ」「必ず」などの断定は定義と照合し、管理監督者が医学的判断を抱え込まない点も確認します。,g-81757ee347962bfb,事業の方針とは？意味・根拠・試験で押さえるポイント,事業の方針は、基礎・役割分野で頻出の用語です。事業の方針では、管理監督者が日常の職場管理の中で変化に気づき、必要な声かけ、業務調整、産業保健スタッフへの連携を行う流れを確認します。本記事では意味、試験での出題の仕方、混同しやすい点を整理します。,事業の方針では、管理監督者が日常の職場管理の中で変化に気づき、必要な声かけ、業務調整、産業保健スタッフへの連携を行う流れを確認します。本人の性格や病名を決めつけるのではなく、職場で観察できる事実を整理します。,事業の方針では、管理監督者が日常の職場管理の中で変化に気づき、必要な声かけ、業務調整、産業保健スタッフへの連携を行う流れを確認します。;本人の性格や病名を決めつけるのではなく、職場で観察できる事実を整理します。;職場では、用語の意味だけでなく、誰が対応し、どの情報を共有し、どの専門職につなぐかまで確認します。;実務では、用語を単独で覚えるのではなく、ラインケア・安全配慮・専門職連携の流れに置いて確認します。,根拠法令（労基法・労契法・労安法）の取り違え;「のみ」「必ず」などの断定表現に注意;管理監督者が医学的判断を抱え込む,「事業の方針」は基礎・役割分野の用語。定義→職場での見方→連携先の順で整理し、関連演習で確認してください。,,,事業の方針とは何ですか？,事業の方針では、管理監督者が日常の職場管理の中で変化に気づき、必要な声かけ、業務調整、産業保健スタッフへの連携を行う流れを確認します。,事業の方針は試験でどのように問われますか？,「事業の方針」は定義に加え、演習問題の正答肢キーワードと照合して覚えると定着しやすいです。関連演習へリンクした問題を解き、用語記事に戻って確認してください。,事業の方針を学習するときの注意点は？,単語だけでなく、ラインケア・安全配慮・専門職連携の流れの中で意味を確認してください。数値や義務の有無は法令改正で変わる場合があるため、受験前に公式情報も確認してください。,y2026/q07,演習2026・第7問（基礎・労働安全衛生）
事業場内産業保健スタッフ等によるケア,事業場内産業保健スタッフ等によるケア,基礎・役割,基礎・役割,事業場内産業保健スタッフ等によるケアは、メンタルヘルスケアの意義、管理監督者の役割、ストレスや疾病の基礎理解に関わる用語です。,事業場内産業保健スタッフ等によるケアは、メンタルヘルスケアの意義、管理監督者の役割、ストレスや疾病の基礎理解に関わる用語です。まず「4つのケア：①セルフケア（労働者自身）②ラインによるケア（管理監督者）③事業場内産業保健スタッフ等によるケア（産業医・保健師等）④事業場外資源によるケア（外部機関）」という出題上のポイントと結びつけて理解します。過去問・演習では「4つのケア：①セルフケア（労働者自身）②ラインによるケア（管理監督者）③事業場内産業保健スタッフ等によるケア（産業医・保健師等）④事業場外資源によるケア（外部機関）」という形で扱われるため、単語だけでなく設問の場面も確認します。ラインケアの視点では、管理監督者が医学的判断を抱え込まず、職場で観察できる事実と専門職への連携を分けて理解することが重要です。関連する用語として、事業場外資源によるケア、産業医、セルフケア、保健師もあわせて確認すると理解がつながります。,事業場外資源によるケア;産業医;セルフケア,,A,演習の正答の要点は「4つのケア：①セルフケア（労働者自身）②ラインによるケア（管理監督者）③事業場内産業保健スタッフ等によるケア（産業医・保健師等）④事業場外資源によるケア（外部機関）」です。誤り肢は根拠法令の取り違え、対象範囲の限定（のみ・必ず）、責任主体の混同（会社のみ・管理監督者のみ）に注意してください。,g-d3d602f2885a1faa,事業場内産業保健スタッフ等によるケアとは？意味・根拠・試験で押さえるポイント,事業場内産業保健スタッフ等によるケアは、基礎・役割分野で頻出の用語です。事業場内産業保健スタッフ等によるケアは、メンタルヘルスケアの意義、管理監督者の役割、ストレスや疾病の基礎理解に関わる用語です。本記事では意味、試験での出題の仕方、混同しやすい点を整理します。,事業場内産業保健スタッフ等によるケアは、メンタルヘルスケアの意義、管理監督者の役割、ストレスや疾病の基礎理解に関わる用語です。4つのケア：①セルフケア（労働者自身）②ラインによるケア（管理監督者）③事業場内産業保健スタッフ等によるケア（産業医・保健師等）④事業場外資源によるケア（外部機関）。,事業場内産業保健スタッフ等によるケアは、メンタルヘルスケアの意義、管理監督者の役割、ストレスや疾病の基礎理解に関わる用語です。;まず「4つのケア：①セルフケア（労働者自身）②ラインによるケア（管理監督者）③事業場内産業保健スタッフ等によるケア（産業医・保健師等）④事業場外資源によるケア（外部機関）」という出題上のポイントと結びつけて理解します。;過去問・演習では「4つのケア：①セルフケア（労働者自身）②ラインによるケア（管理監督者）③事業場内産業保健スタッフ等によるケア（産業医・保健師等）④事業場外資源によるケア（外部機関）」という形で扱われるため、単語だけでなく設問の場面も確認します。;ラインケアの視点では、管理監督者が医学的判断を抱え込まず、職場で観察できる事実と専門職への連携を分けて理解することが重要です。,根拠法令（労基法・労契法・労安法）の取り違え;「のみ」「必ず」などの断定表現に注意;管理監督者が医学的判断を抱え込む,「事業場内産業保健スタッフ等によるケア」は基礎・役割の重要語。定義→誰が何をするか→連携先の順で覚えると整理しやすい。,,,事業場内産業保健スタッフ等によるケアとは何ですか？,事業場内産業保健スタッフ等によるケアは、メンタルヘルスケアの意義、管理監督者の役割、ストレスや疾病の基礎理解に関わる用語です。,事業場内産業保健スタッフ等によるケアは試験でどのように問われますか？,「事業場内産業保健スタッフ等によるケア」は定義に加え、演習問題の正答肢キーワードと照合して覚えると定着しやすいです。関連演習へリンクした問題を解き、用語記事に戻って確認してください。,事業場内産業保健スタッフ等によるケアを学習するときの注意点は？,単語だけでなく、ラインケア・安全配慮・専門職連携の流れの中で意味を確認してください。数値や義務の有無は法令改正で変わる場合があるため、受験前に公式情報も確認してください。,y2026/q02,演習2026・第2問（事業場内ケア）
事業場外資源との連携,事業場外資源との連携,相談・連携・復職,相談・連携・復職,事業場外資源との連携では、管理監督者が一人で抱え込まず、本人の話を聴いたうえで、産業医、保健師、人事労務担当者、外部相談機関などへつなぐ流れを確認します。,事業場外資源との連携では、管理監督者が一人で抱え込まず、本人の話を聴いたうえで、産業医、保健師、人事労務担当者、外部相談機関などへつなぐ流れを確認します。相談内容はプライバシーに配慮し、就業上必要な範囲で共有します。職場では、用語の意味だけでなく、誰が対応し、どの情報を共有し、どの専門職につなぐかまで確認します。実務では、本人の安心感を保ちつつ、社内外の支援先とどのタイミングで連携するかを意識します。,いのちの電話;こころの耳メール相談;こころの耳電話相談,,A,「事業場外資源との連携」は選択肢で根拠・対象範囲・責任の所在がずれる肢に注意してください。「のみ」「必ず」などの断定は定義と照合し、管理監督者が医学的判断を抱え込まない点も確認します。,g-099ea9349b0427f4,事業場外資源との連携とは？意味・根拠・試験で押さえるポイント,事業場外資源との連携は、相談・連携・復職分野で頻出の用語です。事業場外資源との連携では、管理監督者が一人で抱え込まず、本人の話を聴いたうえで、産業医、保健師、人事労務担当者、外部相談機関などへつなぐ流れを確認します。本記事では意味、試験での出題の仕方、混同しやすい点を整理します。,事業場外資源との連携では、管理監督者が一人で抱え込まず、本人の話を聴いたうえで、産業医、保健師、人事労務担当者、外部相談機関などへつなぐ流れを確認します。相談内容はプライバシーに配慮し、就業上必要な範囲で共有します。,事業場外資源との連携では、管理監督者が一人で抱え込まず、本人の話を聴いたうえで、産業医、保健師、人事労務担当者、外部相談機関などへつなぐ流れを確認します。;相談内容はプライバシーに配慮し、就業上必要な範囲で共有します。;職場では、用語の意味だけでなく、誰が対応し、どの情報を共有し、どの専門職につなぐかまで確認します。;実務では、本人の安心感を保ちつつ、社内外の支援先とどのタイミングで連携するかを意識します。,手順の順序・禁止事項（やってはいけないこと）の混同;主治医と産業医の役割の逆転;管理監督者が医学的判断を抱え込む,「事業場外資源との連携」は相談・連携・復職分野の用語。定義→職場での見方→連携先の順で整理し、関連演習で確認してください。,,,事業場外資源との連携とは何ですか？,事業場外資源との連携では、管理監督者が一人で抱え込まず、本人の話を聴いたうえで、産業医、保健師、人事労務担当者、外部相談機関などへつなぐ流れを確認します。,事業場外資源との連携は試験でどのように問われますか？,「事業場外資源との連携」は定義に加え、演習問題の正答肢キーワードと照合して覚えると定着しやすいです。関連演習へリンクした問題を解き、用語記事に戻って確認してください。,事業場外資源との連携を学習するときの注意点は？,単語だけでなく、ラインケア・安全配慮・専門職連携の流れの中で意味を確認してください。数値や義務の有無は法令改正で変わる場合があるため、受験前に公式情報も確認してください。,y2026/q02,演習2026・第2問（事業場外資源との連携）
事業場外資源によるケア,事業場外資源によるケア,基礎・役割,基礎・役割,事業場外資源によるケアは、メンタルヘルスケアの意義、管理監督者の役割、ストレスや疾病の基礎理解に関わる用語です。,事業場外資源によるケアは、メンタルヘルスケアの意義、管理監督者の役割、ストレスや疾病の基礎理解に関わる用語です。まず「事業場外資源によるケアはラインケアを補完するものであり、ラインケアが機能していても不要にはならない」という出題上のポイントと結びつけて理解します。過去問・演習では「事業場外資源によるケアはラインケアを補完するものであり、ラインケアが機能していても不要にはならない」という形で扱われるため、単語だけでなく設問の場面も確認します。ラインケアの視点では、管理監督者が医学的判断を抱え込まず、職場で観察できる事実と専門職への連携を分けて理解することが重要です。関連する用語として、産業医、セルフケア、事業場内産業保健スタッフ等によるケア、保健師もあわせて確認すると理解がつながります。,産業医;セルフケア;事業場内産業保健スタッフ等によるケア,,A,演習の正答の要点は「事業場外資源によるケアはラインケアを補完するものであり、ラインケアが機能していても不要にはならない」です。誤り肢は根拠法令の取り違え、対象範囲の限定（のみ・必ず）、責任主体の混同（会社のみ・管理監督者のみ）に注意してください。,g-533e2ee8cff4acf5,事業場外資源によるケアとは？意味・根拠・試験で押さえるポイント,事業場外資源によるケアは、基礎・役割分野で頻出の用語です。事業場外資源によるケアは、メンタルヘルスケアの意義、管理監督者の役割、ストレスや疾病の基礎理解に関わる用語です。本記事では意味、試験での出題の仕方、混同しやすい点を整理します。,事業場外資源によるケアは、メンタルヘルスケアの意義、管理監督者の役割、ストレスや疾病の基礎理解に関わる用語です。事業場外資源によるケアはラインケアを補完するものであり、ラインケアが機能していても不要にはならない。,事業場外資源によるケアは、メンタルヘルスケアの意義、管理監督者の役割、ストレスや疾病の基礎理解に関わる用語です。;まず「事業場外資源によるケアはラインケアを補完するものであり、ラインケアが機能していても不要にはならない」という出題上のポイントと結びつけて理解します。;過去問・演習では「事業場外資源によるケアはラインケアを補完するものであり、ラインケアが機能していても不要にはならない」という形で扱われるため、単語だけでなく設問の場面も確認します。;ラインケアの視点では、管理監督者が医学的判断を抱え込まず、職場で観察できる事実と専門職への連携を分けて理解することが重要です。,根拠法令（労基法・労契法・労安法）の取り違え;「のみ」「必ず」などの断定表現に注意;管理監督者が医学的判断を抱え込む,「事業場外資源によるケア」は基礎・役割の重要語。定義→誰が何をするか→連携先の順で覚えると整理しやすい。,,,事業場外資源によるケアとは何ですか？,事業場外資源によるケアは、メンタルヘルスケアの意義、管理監督者の役割、ストレスや疾病の基礎理解に関わる用語です。,事業場外資源によるケアは試験でどのように問われますか？,「事業場外資源によるケア」は定義に加え、演習問題の正答肢キーワードと照合して覚えると定着しやすいです。関連演習へリンクした問題を解き、用語記事に戻って確認してください。,事業場外資源によるケアを学習するときの注意点は？,単語だけでなく、ラインケア・安全配慮・専門職連携の流れの中で意味を確認してください。数値や義務の有無は法令改正で変わる場合があるため、受験前に公式情報も確認してください。,y2026/q02,演習2026・第2問（事業場外ケア）
五大疾病,五大疾病,基礎・役割,基礎・役割,五大疾病は、メンタルヘルスケアの意義、管理監督者の役割、ストレスや疾病の基礎理解に関わる用語です。,五大疾病は、メンタルヘルスケアの意義、管理監督者の役割、ストレスや疾病の基礎理解に関わる用語です。まず「厚生労働省は2011年に精神疾患を「五大疾病」（がん・脳卒中・急性心筋梗塞・糖尿病・精神疾患）に加えた」という出題上のポイントと結びつけて理解します。過去問・演習では「厚生労働省は2011年に精神疾患を「五大疾病」（がん・脳卒中・急性心筋梗塞・糖尿病・精神疾患）に加えた」という形で扱われるため、単語だけでなく設問の場面も確認します。ラインケアの視点では、管理監督者が医学的判断を抱え込まず、職場で観察できる事実と専門職への連携を分けて理解することが重要です。関連する用語として、ストレスもあわせて確認すると理解がつながります。,ストレス;確認すると理解がつながります,,A,演習の正答の要点は「厚生労働省は2011年に精神疾患を「五大疾病」です。誤り肢は根拠法令の取り違え、対象範囲の限定（のみ・必ず）、責任主体の混同（会社のみ・管理監督者のみ）に注意してください。,g-429b3adddd059158,五大疾病とは？意味・根拠・試験で押さえるポイント,五大疾病は、基礎・役割分野で頻出の用語です。五大疾病は、メンタルヘルスケアの意義、管理監督者の役割、ストレスや疾病の基礎理解に関わる用語です。本記事では意味、試験での出題の仕方、混同しやすい点を整理します。,五大疾病は、メンタルヘルスケアの意義、管理監督者の役割、ストレスや疾病の基礎理解に関わる用語です。厚生労働省は2011年に精神疾患を「五大疾病。,五大疾病は、メンタルヘルスケアの意義、管理監督者の役割、ストレスや疾病の基礎理解に関わる用語です。;まず「厚生労働省は2011年に精神疾患を「五大疾病」（がん・脳卒中・急性心筋梗塞・糖尿病・精神疾患）に加えた」という出題上のポイントと結びつけて理解します。;過去問・演習では「厚生労働省は2011年に精神疾患を「五大疾病」（がん・脳卒中・急性心筋梗塞・糖尿病・精神疾患）に加えた」という形で扱われるため、単語だけでなく設問の場面も確認します。;ラインケアの視点では、管理監督者が医学的判断を抱え込まず、職場で観察できる事実と専門職への連携を分けて理解することが重要です。,根拠法令（労基法・労契法・労安法）の取り違え;「のみ」「必ず」などの断定表現に注意;管理監督者が医学的判断を抱え込む,「五大疾病」は基礎・役割の重要語。定義→誰が何をするか→連携先の順で覚えると整理しやすい。,,,五大疾病とは何ですか？,五大疾病は、メンタルヘルスケアの意義、管理監督者の役割、ストレスや疾病の基礎理解に関わる用語です。,五大疾病は試験でどのように問われますか？,「五大疾病」は定義に加え、演習問題の正答肢キーワードと照合して覚えると定着しやすいです。関連演習へリンクした問題を解き、用語記事に戻って確認してください。,五大疾病を学習するときの注意点は？,単語だけでなく、ラインケア・安全配慮・専門職連携の流れの中で意味を確認してください。数値や義務の有無は法令改正で変わる場合があるため、受験前に公式情報も確認してください。,y2026/q197,演習2026・第197問（五大疾病）
人事労務管理スタッフ,人事労務管理スタッフ,基礎・役割,基礎・役割,人事労務管理スタッフは、労働条件、就業規則、休職・復職、配置転換、ハラスメント対応、相談窓口などに関わります。,人事労務管理スタッフは、労働条件、就業規則、休職・復職、配置転換、ハラスメント対応、相談窓口などに関わります。メンタルヘルス対応では、管理監督者や産業保健スタッフと連携し、制度面・労務面から支援します。職場では、用語の意味だけでなく、誰が対応し、どの情報を共有し、どの専門職につなぐかまで確認します。実務では、用語を単独で覚えるのではなく、ラインケア・安全配慮・専門職連携の流れに置いて確認します。,36協定;DALYs損失;ILO（国際労働機関）,,A,「人事労務管理スタッフ」は選択肢で根拠・対象範囲・責任の所在がずれる肢に注意してください。「のみ」「必ず」などの断定は定義と照合し、管理監督者が医学的判断を抱え込まない点も確認します。,g-a50591f5a4830d86,人事労務管理スタッフとは？意味・根拠・試験で押さえるポイント,人事労務管理スタッフは、基礎・役割分野で頻出の用語です。人事労務管理スタッフは、労働条件、就業規則、休職・復職、配置転換、ハラスメント対応、相談窓口などに関わります。本記事では意味、試験での出題の仕方、混同しやすい点を整理します。,人事労務管理スタッフは、労働条件、就業規則、休職・復職、配置転換、ハラスメント対応、相談窓口などに関わります。メンタルヘルス対応では、管理監督者や産業保健スタッフと連携し、制度面・労務面から支援します。,人事労務管理スタッフは、労働条件、就業規則、休職・復職、配置転換、ハラスメント対応、相談窓口などに関わります。;メンタルヘルス対応では、管理監督者や産業保健スタッフと連携し、制度面・労務面から支援します。;職場では、用語の意味だけでなく、誰が対応し、どの情報を共有し、どの専門職につなぐかまで確認します。;実務では、用語を単独で覚えるのではなく、ラインケア・安全配慮・専門職連携の流れに置いて確認します。,根拠法令（労基法・労契法・労安法）の取り違え;「のみ」「必ず」などの断定表現に注意;管理監督者が医学的判断を抱え込む,「人事労務管理スタッフ」は基礎・役割分野の用語。定義→職場での見方→連携先の順で整理し、関連演習で確認してください。,,,人事労務管理スタッフとは何ですか？,人事労務管理スタッフは、労働条件、就業規則、休職・復職、配置転換、ハラスメント対応、相談窓口などに関わります。,人事労務管理スタッフは試験でどのように問われますか？,「人事労務管理スタッフ」は定義に加え、演習問題の正答肢キーワードと照合して覚えると定着しやすいです。関連演習へリンクした問題を解き、用語記事に戻って確認してください。,人事労務管理スタッフを学習するときの注意点は？,単語だけでなく、ラインケア・安全配慮・専門職連携の流れの中で意味を確認してください。数値や義務の有無は法令改正で変わる場合があるため、受験前に公式情報も確認してください。,y2026/q07,演習2026・第7問（基礎・労働安全衛生）
仕事と生活の調和推進のための行動指針,仕事と生活の調和推進のための行動指針,職場環境・配慮,職場環境・配慮,仕事と生活の調和推進のための行動指針は、職場環境の評価・改善、個々の労働者への配慮、ストレスチェック制度に関わる用語です。,仕事と生活の調和推進のための行動指針は、職場環境の評価・改善、個々の労働者への配慮、ストレスチェック制度に関わる用語です。まず「仕事と生活の調和推進のための行動指針（2007年）でも明記されている」という出題上のポイントと結びつけて理解します。過去問・演習では「ワーク・ライフ・バランスの実現は過重労働防止・健康確保・モチベーション向上・採用力強化など多面的な効果がある」という形で扱われるため、単語だけでなく設問の場面も確認します。ラインケアの視点では、職場要因を把握し、業務量・裁量・支援体制など改善できる点へつなげることが重要です。関連する用語として、ワーク・ライフ・バランスもあわせて確認すると理解がつながります。,ワーク・ライフ・バランス;確認すると理解がつながります,,A,演習の正答の要点は「ワーク・ライフ・バランスの実現は過重労働防止・健康確保・モチベーション向上・採用力強化など多面的な効果がある」です。誤り肢は根拠法令の取り違え、対象範囲の限定（のみ・必ず）、責任主体の混同（会社のみ・管理監督者のみ）に注意してください。,g-ad0ec1c3af504105,仕事と生活の調和推進のための行動指針とは？意味・根拠・試験で押さえるポイント,仕事と生活の調和推進のための行動指針は、職場環境・配慮分野で頻出の用語です。仕事と生活の調和推進のための行動指針は、職場環境の評価・改善、個々の労働者への配慮、ストレスチェック制度に関わる用語です。本記事では意味、試験での出題の仕方、混同しやすい点を整理します。,仕事と生活の調和推進のための行動指針は、職場環境の評価・改善、個々の労働者への配慮、ストレスチェック制度に関わる用語です。仕事と生活の調和推進のための行動指針（2007年）でも明記されている。,仕事と生活の調和推進のための行動指針は、職場環境の評価・改善、個々の労働者への配慮、ストレスチェック制度に関わる用語です。;まず「仕事と生活の調和推進のための行動指針（2007年）でも明記されている」という出題上のポイントと結びつけて理解します。;過去問・演習では「ワーク・ライフ・バランスの実現は過重労働防止・健康確保・モチベーション向上・採用力強化など多面的な効果がある」という形で扱われるため、単語だけでなく設問の場面も確認します。;ラインケアの視点では、職場要因を把握し、業務量・裁量・支援体制など改善できる点へつなげることが重要です。,数値基準・義務の有無・誰が実施するかの混同;個人結果と集団分析の取り違え;管理監督者が医学的判断を抱え込む,「仕事と生活の調和推進のための行動指針」は職場環境・配慮の重要語。定義→誰が何をするか→連携先の順で覚えると整理しやすい。,,,仕事と生活の調和推進のための行動指針とは何ですか？,仕事と生活の調和推進のための行動指針は、職場環境の評価・改善、個々の労働者への配慮、ストレスチェック制度に関わる用語です。,仕事と生活の調和推進のための行動指針は試験でどのように問われますか？,「仕事と生活の調和推進のための行動指針」は定義に加え、演習問題の正答肢キーワードと照合して覚えると定着しやすいです。関連演習へリンクした問題を解き、用語記事に戻って確認してください。,仕事と生活の調和推進のための行動指針を学習するときの注意点は？,単語だけでなく、ラインケア・安全配慮・専門職連携の流れの中で意味を確認してください。数値や義務の有無は法令改正で変わる場合があるため、受験前に公式情報も確認してください。,y2026/q185,演習2026・第185問（仕事と生活の調和推進のための行動指針）
仕事と生活の調和（ワーク・ライフ・バランス）憲章,仕事と生活の調和（ワーク・ライフ・バランス）憲章,基礎・役割,基礎・役割,仕事と生活の調和（ワーク・ライフ・バランス）憲章は、メンタルヘルスケアの意義、管理監督者の役割、ストレスや疾病の基礎理解に関わる用語です。,仕事と生活の調和（ワーク・ライフ・バランス）憲章は、メンタルヘルスケアの意義、管理監督者の役割、ストレスや疾病の基礎理解に関わる用語です。まず「仕事と生活の調和（ワーク・ライフ・バランス）憲章は、試験では「ワーク・ライフ・バランスの実現は過重労働防止・健康確保・モチベーション向上・採用力強化など多面的な効果がある」という文脈で確認される用語です」という出題上のポイントと結びつけて理解します。過去問・演習では「ワーク・ライフ・バランスの実現は過重労働防止・健康確保・モチベーション向上・採用力強化など多面的な効果がある」という形で扱われるため、単語だけでなく設問の場面も確認します。ラインケアの視点では、管理監督者が医学的判断を抱え込まず、職場で観察できる事実と専門職への連携を分けて理解することが重要です。,36協定;DALYs損失;ILO（国際労働機関）,,A,演習の正答の要点は「ワーク・ライフ・バランスの実現は過重労働防止・健康確保・モチベーション向上・採用力強化など多面的な効果がある」です。誤り肢は根拠法令の取り違え、対象範囲の限定（のみ・必ず）、責任主体の混同（会社のみ・管理監督者のみ）に注意してください。,g-47c149883ff58410,仕事と生活の調和（ワーク・ライフ・バランス）憲章とは？意味・根拠・試験で押さえるポイント,仕事と生活の調和（ワーク・ライフ・バランス）憲章は、基礎・役割分野で頻出の用語です。仕事と生活の調和（ワーク・ライフ・バランス）憲章は、メンタルヘルスケアの意義、管理監督者の役割、ストレスや疾病の基礎理解に関わる用語です。本記事では意味、試験での出題の仕方、混同しやすい点を整理します。,仕事と生活の調和（ワーク・ライフ・バランス）憲章は、メンタルヘルスケアの意義、管理監督者の役割、ストレスや疾病の基礎理解に関わる用語です。仕事と生活の調和（ワーク・ライフ・バランス）憲章は、試験では「ワーク・ライフ・バランスの実現は過重労働防止・健康確保・モチベーション向上・採用力強化など多面的な効果がある。,仕事と生活の調和（ワーク・ライフ・バランス）憲章は、メンタルヘルスケアの意義、管理監督者の役割、ストレスや疾病の基礎理解に関わる用語です。;まず「仕事と生活の調和（ワーク・ライフ・バランス）憲章は、試験では「ワーク・ライフ・バランスの実現は過重労働防止・健康確保・モチベーション向上・採用力強化など多面的な効果がある」という文脈で確認される用語です」という出題上のポイントと結びつけて理解します。;過去問・演習では「ワーク・ライフ・バランスの実現は過重労働防止・健康確保・モチベーション向上・採用力強化など多面的な効果がある」という形で扱われるため、単語だけでなく設問の場面も確認します。;ラインケアの視点では、管理監督者が医学的判断を抱え込まず、職場で観察できる事実と専門職への連携を分けて理解することが重要です。,根拠法令（労基法・労契法・労安法）の取り違え;「のみ」「必ず」などの断定表現に注意;管理監督者が医学的判断を抱え込む,「仕事と生活の調和（ワーク・ライフ・バランス）憲章」は基礎・役割の重要語。定義→誰が何をするか→連携先の順で覚えると整理しやすい。,,,仕事と生活の調和（ワーク・ライフ・バランス）憲章とは何ですか？,仕事と生活の調和（ワーク・ライフ・バランス）憲章は、メンタルヘルスケアの意義、管理監督者の役割、ストレスや疾病の基礎理解に関わる用語です。,仕事と生活の調和（ワーク・ライフ・バランス）憲章は試験でどのように問われますか？,「仕事と生活の調和（ワーク・ライフ・バランス）憲章」は定義に加え、演習問題の正答肢キーワードと照合して覚えると定着しやすいです。関連演習へリンクした問題を解き、用語記事に戻って確認してください。,仕事と生活の調和（ワーク・ライフ・バランス）憲章を学習するときの注意点は？,単語だけでなく、ラインケア・安全配慮・専門職連携の流れの中で意味を確認してください。数値や義務の有無は法令改正で変わる場合があるため、受験前に公式情報も確認してください。,y2026/q185,演習2026・第185問（仕事と生活の調和（ワーク・ライフ・バランス）憲章）
仕事のコントロール,仕事のコントロール,職場環境・配慮,職場環境・配慮,仕事のコントロールは、職場環境の評価・改善、個々の労働者への配慮、ストレスチェック制度に関わる用語です。,仕事のコントロールは、職場環境の評価・改善、個々の労働者への配慮、ストレスチェック制度に関わる用語です。まず「仕事のコントロール（裁量度）が低い＝やり方・ペース・順序等を自分で決められない状態」という出題上のポイントと結びつけて理解します。過去問・演習では「仕事のコントロール（裁量度）が低い＝やり方・ペース・順序等を自分で決められない状態」という形で扱われるため、単語だけでなく設問の場面も確認します。ラインケアの視点では、職場要因を把握し、業務量・裁量・支援体制など改善できる点へつなげることが重要です。関連する用語として、ストレス、上司や同僚の支援、仕事のストレス判定図、仕事の要求度もあわせて確認すると理解がつながります。,ストレス;上司や同僚の支援;仕事のストレス判定図,,A,演習の正答の要点は「仕事のコントロール（裁量度）が低い＝やり方・ペース・順序等を自分で決められない状態」です。誤り肢は根拠法令の取り違え、対象範囲の限定（のみ・必ず）、責任主体の混同（会社のみ・管理監督者のみ）に注意してください。,g-4557b71289a682ec,仕事のコントロールとは？意味・根拠・試験で押さえるポイント,仕事のコントロールは、職場環境・配慮分野で頻出の用語です。仕事のコントロールは、職場環境の評価・改善、個々の労働者への配慮、ストレスチェック制度に関わる用語です。本記事では意味、試験での出題の仕方、混同しやすい点を整理します。,仕事のコントロールは、職場環境の評価・改善、個々の労働者への配慮、ストレスチェック制度に関わる用語です。仕事のコントロール（裁量度）が低い＝やり方・ペース・順序等を自分で決められない状態。,仕事のコントロールは、職場環境の評価・改善、個々の労働者への配慮、ストレスチェック制度に関わる用語です。;まず「仕事のコントロール（裁量度）が低い＝やり方・ペース・順序等を自分で決められない状態」という出題上のポイントと結びつけて理解します。;過去問・演習では「仕事のコントロール（裁量度）が低い＝やり方・ペース・順序等を自分で決められない状態」という形で扱われるため、単語だけでなく設問の場面も確認します。;ラインケアの視点では、職場要因を把握し、業務量・裁量・支援体制など改善できる点へつなげることが重要です。,数値基準・義務の有無・誰が実施するかの混同;個人結果と集団分析の取り違え;管理監督者が医学的判断を抱え込む,「仕事のコントロール」は職場環境・配慮の重要語。定義→誰が何をするか→連携先の順で覚えると整理しやすい。,,,仕事のコントロールとは何ですか？,仕事のコントロールは、職場環境の評価・改善、個々の労働者への配慮、ストレスチェック制度に関わる用語です。,仕事のコントロールは試験でどのように問われますか？,「仕事のコントロール」は定義に加え、演習問題の正答肢キーワードと照合して覚えると定着しやすいです。関連演習へリンクした問題を解き、用語記事に戻って確認してください。,仕事のコントロールを学習するときの注意点は？,単語だけでなく、ラインケア・安全配慮・専門職連携の流れの中で意味を確認してください。数値や義務の有無は法令改正で変わる場合があるため、受験前に公式情報も確認してください。,y2026/q212,演習2026・第212問（仕事のコントロール）
仕事のストレス判定図,仕事のストレス判定図,職場環境・配慮,職場環境・配慮,仕事のストレス判定図は、職場環境の評価・改善、個々の労働者への配慮、ストレスチェック制度に関わる用語です。,仕事のストレス判定図は、職場環境の評価・改善、個々の労働者への配慮、ストレスチェック制度に関わる用語です。まず「仕事のストレス判定図は集団分析に活用するツール」という出題上のポイントと結びつけて理解します。過去問・演習では「仕事のストレス判定図は集団分析に活用するツール」という形で扱われるため、単語だけでなく設問の場面も確認します。ラインケアの視点では、職場要因を把握し、業務量・裁量・支援体制など改善できる点へつなげることが重要です。関連する用語として、ストレス、ストレスチェック、上司や同僚の支援、仕事のコントロールもあわせて確認すると理解がつながります。,ストレス;ストレスチェック;上司や同僚の支援,,A,演習の正答の要点は「仕事のストレス判定図は集団分析に活用するツール」です。誤り肢は根拠法令の取り違え、対象範囲の限定（のみ・必ず）、責任主体の混同（会社のみ・管理監督者のみ）に注意してください。,g-c5551ffb718fab14,仕事のストレス判定図とは？意味・根拠・試験で押さえるポイント,仕事のストレス判定図は、職場環境・配慮分野で頻出の用語です。仕事のストレス判定図は、職場環境の評価・改善、個々の労働者への配慮、ストレスチェック制度に関わる用語です。本記事では意味、試験での出題の仕方、混同しやすい点を整理します。,仕事のストレス判定図は、職場環境の評価・改善、個々の労働者への配慮、ストレスチェック制度に関わる用語です。仕事のストレス判定図は集団分析に活用するツール。,仕事のストレス判定図は、職場環境の評価・改善、個々の労働者への配慮、ストレスチェック制度に関わる用語です。;まず「仕事のストレス判定図は集団分析に活用するツール」という出題上のポイントと結びつけて理解します。;過去問・演習では「仕事のストレス判定図は集団分析に活用するツール」という形で扱われるため、単語だけでなく設問の場面も確認します。;ラインケアの視点では、職場要因を把握し、業務量・裁量・支援体制など改善できる点へつなげることが重要です。,数値基準・義務の有無・誰が実施するかの混同;個人結果と集団分析の取り違え;管理監督者が医学的判断を抱え込む,「仕事のストレス判定図」は職場環境・配慮の重要語。定義→誰が何をするか→連携先の順で覚えると整理しやすい。,,,仕事のストレス判定図とは何ですか？,仕事のストレス判定図は、職場環境の評価・改善、個々の労働者への配慮、ストレスチェック制度に関わる用語です。,仕事のストレス判定図は試験でどのように問われますか？,「仕事のストレス判定図」は定義に加え、演習問題の正答肢キーワードと照合して覚えると定着しやすいです。関連演習へリンクした問題を解き、用語記事に戻って確認してください。,仕事のストレス判定図を学習するときの注意点は？,単語だけでなく、ラインケア・安全配慮・専門職連携の流れの中で意味を確認してください。数値や義務の有無は法令改正で変わる場合があるため、受験前に公式情報も確認してください。,y2026/q04,演習2026・第4問（ストレス判定図）
仕事のストレス要因,仕事のストレス要因,職場環境・配慮,職場環境・配慮,仕事のストレス要因は、職場環境の評価・改善、個々の労働者への配慮、ストレスチェック制度に関わる用語です。,仕事のストレス要因は、職場環境の評価・改善、個々の労働者への配慮、ストレスチェック制度に関わる用語です。まず「NIOSHモデルでは仕事のストレス要因に加え、個人的要因・緩衝要因（上司・同僚・家族の支援など）がストレス反応を修飾し、最終的な健康障害に至るプロセスを示している」という出題上のポイントと結びつけて理解します。過去問・演習では「職業性ストレス簡易調査票（57項目）は①仕事のストレス要因（量・コントロール・対人関係等）②ストレス反応（身体・心理・行動）③修飾要因（上司・同僚・家族のサポート）の3領域」という形で扱われるため、単語だけでなく設問の場面も確認します。ラインケアの視点では、職場要因を把握し、業務量・裁量・支援体制など改善できる点へつなげることが重要です。関連する用語として、ストレス、ストレス反応、個人的要因、緩衝要因もあわせて確認すると理解がつながります。,ストレス;ストレス反応;個人的要因,,A,演習の正答の要点は「職業性ストレス簡易調査票（57項目）は①仕事のストレス要因（量・コントロール・対人関係等）②ストレス反応（身体・心理・行動）③修飾要因（上司・同僚・家族のサポート）の3領域」です。誤り肢は根拠法令の取り違え、対象範囲の限定（のみ・必ず）、責任主体の混同（会社のみ・管理監督者のみ）に注意してください。,g-f857ede5a6ea0c8b,仕事のストレス要因とは？意味・根拠・試験で押さえるポイント,仕事のストレス要因は、職場環境・配慮分野で頻出の用語です。仕事のストレス要因は、職場環境の評価・改善、個々の労働者への配慮、ストレスチェック制度に関わる用語です。本記事では意味、試験での出題の仕方、混同しやすい点を整理します。,仕事のストレス要因は、職場環境の評価・改善、個々の労働者への配慮、ストレスチェック制度に関わる用語です。NIOSHモデルでは仕事のストレス要因に加え、個人的要因・緩衝要因（上司・同僚・家族の支援など）がストレス反応を修飾し、最終的な健康障害に至るプロセスを示している。,仕事のストレス要因は、職場環境の評価・改善、個々の労働者への配慮、ストレスチェック制度に関わる用語です。;まず「NIOSHモデルでは仕事のストレス要因に加え、個人的要因・緩衝要因（上司・同僚・家族の支援など）がストレス反応を修飾し、最終的な健康障害に至るプロセスを示している」という出題上のポイントと結びつけて理解します。;過去問・演習では「職業性ストレス簡易調査票（57項目）は①仕事のストレス要因（量・コントロール・対人関係等）②ストレス反応（身体・心理・行動）③修飾要因（上司・同僚・家族のサポート）の3領域」という形で扱われるため、単語だけでなく設問の場面も確認します。;ラインケアの視点では、職場要因を把握し、業務量・裁量・支援体制など改善できる点へつなげることが重要です。,数値基準・義務の有無・誰が実施するかの混同;個人結果と集団分析の取り違え;管理監督者が医学的判断を抱え込む,「仕事のストレス要因」は職場環境・配慮の重要語。定義→誰が何をするか→連携先の順で覚えると整理しやすい。,,,仕事のストレス要因とは何ですか？,仕事のストレス要因は、職場環境の評価・改善、個々の労働者への配慮、ストレスチェック制度に関わる用語です。,仕事のストレス要因は試験でどのように問われますか？,「仕事のストレス要因」は定義に加え、演習問題の正答肢キーワードと照合して覚えると定着しやすいです。関連演習へリンクした問題を解き、用語記事に戻って確認してください。,仕事のストレス要因を学習するときの注意点は？,単語だけでなく、ラインケア・安全配慮・専門職連携の流れの中で意味を確認してください。数値や義務の有無は法令改正で変わる場合があるため、受験前に公式情報も確認してください。,y2026/q03,演習2026・第3問（ストレス要因）
仕事の要求度,仕事の要求度,基礎・役割,基礎・役割,仕事の要求度は、メンタルヘルスケアの意義、管理監督者の役割、ストレスや疾病の基礎理解に関わる用語です。,仕事の要求度は、メンタルヘルスケアの意義、管理監督者の役割、ストレスや疾病の基礎理解に関わる用語です。まず「仕事の要求度（ジョブデマンド）は業務量・スピード・難易度・精神的負荷等」という出題上のポイントと結びつけて理解します。過去問・演習では「仕事の要求度（ジョブデマンド）は業務量・スピード・難易度・精神的負荷等」という形で扱われるため、単語だけでなく設問の場面も確認します。ラインケアの視点では、管理監督者が医学的判断を抱え込まず、職場で観察できる事実と専門職への連携を分けて理解することが重要です。関連する用語として、ストレス、上司や同僚の支援、仕事のコントロール、仕事のストレス判定図もあわせて確認すると理解がつながります。,ストレス;上司や同僚の支援;仕事のコントロール,,A,演習の正答の要点は「仕事の要求度（ジョブデマンド）は業務量・スピード・難易度・精神的負荷等」です。誤り肢は根拠法令の取り違え、対象範囲の限定（のみ・必ず）、責任主体の混同（会社のみ・管理監督者のみ）に注意してください。,g-00287fc7d0bcb971,仕事の要求度とは？意味・根拠・試験で押さえるポイント,仕事の要求度は、基礎・役割分野で頻出の用語です。仕事の要求度は、メンタルヘルスケアの意義、管理監督者の役割、ストレスや疾病の基礎理解に関わる用語です。本記事では意味、試験での出題の仕方、混同しやすい点を整理します。,仕事の要求度は、メンタルヘルスケアの意義、管理監督者の役割、ストレスや疾病の基礎理解に関わる用語です。仕事の要求度（ジョブデマンド）は業務量・スピード・難易度・精神的負荷等。,仕事の要求度は、メンタルヘルスケアの意義、管理監督者の役割、ストレスや疾病の基礎理解に関わる用語です。;まず「仕事の要求度（ジョブデマンド）は業務量・スピード・難易度・精神的負荷等」という出題上のポイントと結びつけて理解します。;過去問・演習では「仕事の要求度（ジョブデマンド）は業務量・スピード・難易度・精神的負荷等」という形で扱われるため、単語だけでなく設問の場面も確認します。;ラインケアの視点では、管理監督者が医学的判断を抱え込まず、職場で観察できる事実と専門職への連携を分けて理解することが重要です。,根拠法令（労基法・労契法・労安法）の取り違え;「のみ」「必ず」などの断定表現に注意;管理監督者が医学的判断を抱え込む,「仕事の要求度」は基礎・役割の重要語。定義→誰が何をするか→連携先の順で覚えると整理しやすい。,,,仕事の要求度とは何ですか？,仕事の要求度は、メンタルヘルスケアの意義、管理監督者の役割、ストレスや疾病の基礎理解に関わる用語です。,仕事の要求度は試験でどのように問われますか？,「仕事の要求度」は定義に加え、演習問題の正答肢キーワードと照合して覚えると定着しやすいです。関連演習へリンクした問題を解き、用語記事に戻って確認してください。,仕事の要求度を学習するときの注意点は？,単語だけでなく、ラインケア・安全配慮・専門職連携の流れの中で意味を確認してください。数値や義務の有無は法令改正で変わる場合があるため、受験前に公式情報も確認してください。,y2026/q212,演習2026・第212問（要求度・コントロール）
仕事の要求度−コントロール−支援モデル,仕事の要求度−コントロール−支援モデル,職場環境・配慮,職場環境・配慮,このモデルでは、仕事の要求度が高く、仕事のコントロールが低く、上司や同僚の支援が少ないほど、ストレスが高まりやすいと考えます。,このモデルでは、仕事の要求度が高く、仕事のコントロールが低く、上司や同僚の支援が少ないほど、ストレスが高まりやすいと考えます。職業性ストレス簡易調査票や仕事のストレス判定図の理解にもつながります。職場では、用語の意味だけでなく、誰が対応し、どの情報を共有し、どの専門職につなぐかまで確認します。実務では、個人の努力だけでなく、職場の仕組みや環境をどう変えるかまで考えると理解が深まります。,PDCAサイクル;いつもと違う様子;コーピング,,A,「仕事の要求度−コントロール−支援モデル」は選択肢で根拠・対象範囲・責任の所在がずれる肢に注意してください。「のみ」「必ず」などの断定は定義と照合し、管理監督者が医学的判断を抱え込まない点も確認します。,g-53bf966e5095a498,仕事の要求度−コントロール−支援モデルとは？意味・根拠・試験で押さえるポイント,仕事の要求度−コントロール−支援モデルは、職場環境・配慮分野で頻出の用語です。このモデルでは、仕事の要求度が高く、仕事のコントロールが低く、上司や同僚の支援が少ないほど、ストレスが高まりやすいと考えます。本記事では意味、試験での出題の仕方、混同しやすい点を整理します。,このモデルでは、仕事の要求度が高く、仕事のコントロールが低く、上司や同僚の支援が少ないほど、ストレスが高まりやすいと考えます。職業性ストレス簡易調査票や仕事のストレス判定図の理解にもつながります。,このモデルでは、仕事の要求度が高く、仕事のコントロールが低く、上司や同僚の支援が少ないほど、ストレスが高まりやすいと考えます。;職業性ストレス簡易調査票や仕事のストレス判定図の理解にもつながります。;職場では、用語の意味だけでなく、誰が対応し、どの情報を共有し、どの専門職につなぐかまで確認します。;実務では、個人の努力だけでなく、職場の仕組みや環境をどう変えるかまで考えると理解が深まります。,数値基準・義務の有無・誰が実施するかの混同;個人結果と集団分析の取り違え;管理監督者が医学的判断を抱え込む,「仕事の要求度−コントロール−支援モデル」は職場環境・配慮分野の用語。定義→職場での見方→連携先の順で整理し、関連演習で確認してください。,,,仕事の要求度−コントロール−支援モデルとは何ですか？,このモデルでは、仕事の要求度が高く、仕事のコントロールが低く、上司や同僚の支援が少ないほど、ストレスが高まりやすいと考えます。,仕事の要求度−コントロール−支援モデルは試験でどのように問われますか？,「仕事の要求度−コントロール−支援モデル」は定義に加え、演習問題の正答肢キーワードと照合して覚えると定着しやすいです。関連演習へリンクした問題を解き、用語記事に戻って確認してください。,仕事の要求度−コントロール−支援モデルを学習するときの注意点は？,単語だけでなく、ラインケア・安全配慮・専門職連携の流れの中で意味を確認してください。数値や義務の有無は法令改正で変わる場合があるため、受験前に公式情報も確認してください。,y2026/q04,演習2026・第4問（仕事の要求度−コントロール−支援モデル）
仕事ぶりの変化,仕事ぶりの変化,基礎・役割,基礎・役割,仕事ぶりの変化では、管理監督者が日常の職場管理の中で変化に気づき、必要な声かけ、業務調整、産業保健スタッフへの連携を行う流れを確認します。,仕事ぶりの変化では、管理監督者が日常の職場管理の中で変化に気づき、必要な声かけ、業務調整、産業保健スタッフへの連携を行う流れを確認します。本人の性格や病名を決めつけるのではなく、職場で観察できる事実を整理します。職場では、用語の意味だけでなく、誰が対応し、どの情報を共有し、どの専門職につなぐかまで確認します。実務では、用語を単独で覚えるのではなく、ラインケア・安全配慮・専門職連携の流れに置いて確認します。,36協定;DALYs損失;ILO（国際労働機関）,,A,「仕事ぶりの変化」は選択肢で根拠・対象範囲・責任の所在がずれる肢に注意してください。「のみ」「必ず」などの断定は定義と照合し、管理監督者が医学的判断を抱え込まない点も確認します。,g-0d6512dc7ea7d170,仕事ぶりの変化とは？意味・根拠・試験で押さえるポイント,仕事ぶりの変化は、基礎・役割分野で頻出の用語です。仕事ぶりの変化では、管理監督者が日常の職場管理の中で変化に気づき、必要な声かけ、業務調整、産業保健スタッフへの連携を行う流れを確認します。本記事では意味、試験での出題の仕方、混同しやすい点を整理します。,仕事ぶりの変化では、管理監督者が日常の職場管理の中で変化に気づき、必要な声かけ、業務調整、産業保健スタッフへの連携を行う流れを確認します。本人の性格や病名を決めつけるのではなく、職場で観察できる事実を整理します。,仕事ぶりの変化では、管理監督者が日常の職場管理の中で変化に気づき、必要な声かけ、業務調整、産業保健スタッフへの連携を行う流れを確認します。;本人の性格や病名を決めつけるのではなく、職場で観察できる事実を整理します。;職場では、用語の意味だけでなく、誰が対応し、どの情報を共有し、どの専門職につなぐかまで確認します。;実務では、用語を単独で覚えるのではなく、ラインケア・安全配慮・専門職連携の流れに置いて確認します。,根拠法令（労基法・労契法・労安法）の取り違え;「のみ」「必ず」などの断定表現に注意;管理監督者が医学的判断を抱え込む,「仕事ぶりの変化」は基礎・役割分野の用語。定義→職場での見方→連携先の順で整理し、関連演習で確認してください。,,,仕事ぶりの変化とは何ですか？,仕事ぶりの変化では、管理監督者が日常の職場管理の中で変化に気づき、必要な声かけ、業務調整、産業保健スタッフへの連携を行う流れを確認します。,仕事ぶりの変化は試験でどのように問われますか？,「仕事ぶりの変化」は定義に加え、演習問題の正答肢キーワードと照合して覚えると定着しやすいです。関連演習へリンクした問題を解き、用語記事に戻って確認してください。,仕事ぶりの変化を学習するときの注意点は？,単語だけでなく、ラインケア・安全配慮・専門職連携の流れの中で意味を確認してください。数値や義務の有無は法令改正で変わる場合があるため、受験前に公式情報も確認してください。,y2026/q07,演習2026・第7問（基礎・労働安全衛生）
仕事以外のストレス要因,仕事以外のストレス要因,基礎・役割,基礎・役割,仕事以外のストレス要因は、仕事の量や質、人間関係、裁量、支援、個人要因などがストレス反応にどう関わるかを整理する際に使われます。,仕事以外のストレス要因は、仕事の量や質、人間関係、裁量、支援、個人要因などがストレス反応にどう関わるかを整理する際に使われます。職場のメンタルヘルスでは、本人の弱さだけでなく、環境要因と緩衝要因を合わせて見ることが重要です。職場では、用語の意味だけでなく、誰が対応し、どの情報を共有し、どの専門職につなぐかまで確認します。実務では、用語を単独で覚えるのではなく、ラインケア・安全配慮・専門職連携の流れに置いて確認します。,36協定;DALYs損失;ILO（国際労働機関）,,A,「仕事以外のストレス要因」は選択肢で根拠・対象範囲・責任の所在がずれる肢に注意してください。「のみ」「必ず」などの断定は定義と照合し、管理監督者が医学的判断を抱え込まない点も確認します。,g-93e4fa575b008e2a,仕事以外のストレス要因とは？意味・根拠・試験で押さえるポイント,仕事以外のストレス要因は、基礎・役割分野で頻出の用語です。仕事以外のストレス要因は、仕事の量や質、人間関係、裁量、支援、個人要因などがストレス反応にどう関わるかを整理する際に使われます。本記事では意味、試験での出題の仕方、混同しやすい点を整理します。,仕事以外のストレス要因は、仕事の量や質、人間関係、裁量、支援、個人要因などがストレス反応にどう関わるかを整理する際に使われます。職場のメンタルヘルスでは、本人の弱さだけでなく、環境要因と緩衝要因を合わせて見ることが重要です。,仕事以外のストレス要因は、仕事の量や質、人間関係、裁量、支援、個人要因などがストレス反応にどう関わるかを整理する際に使われます。;職場のメンタルヘルスでは、本人の弱さだけでなく、環境要因と緩衝要因を合わせて見ることが重要です。;職場では、用語の意味だけでなく、誰が対応し、どの情報を共有し、どの専門職につなぐかまで確認します。;実務では、用語を単独で覚えるのではなく、ラインケア・安全配慮・専門職連携の流れに置いて確認します。,根拠法令（労基法・労契法・労安法）の取り違え;「のみ」「必ず」などの断定表現に注意;管理監督者が医学的判断を抱え込む,「仕事以外のストレス要因」は基礎・役割分野の用語。定義→職場での見方→連携先の順で整理し、関連演習で確認してください。,,,仕事以外のストレス要因とは何ですか？,仕事以外のストレス要因は、仕事の量や質、人間関係、裁量、支援、個人要因などがストレス反応にどう関わるかを整理する際に使われます。,仕事以外のストレス要因は試験でどのように問われますか？,「仕事以外のストレス要因」は定義に加え、演習問題の正答肢キーワードと照合して覚えると定着しやすいです。関連演習へリンクした問題を解き、用語記事に戻って確認してください。,仕事以外のストレス要因を学習するときの注意点は？,単語だけでなく、ラインケア・安全配慮・専門職連携の流れの中で意味を確認してください。数値や義務の有無は法令改正で変わる場合があるため、受験前に公式情報も確認してください。,y2026/q07,演習2026・第7問（基礎・労働安全衛生）
仕事以外の要因,仕事以外の要因,職場環境・配慮,職場環境・配慮,仕事以外の要因は、職場環境の評価・改善、個々の労働者への配慮、ストレスチェック制度に関わる用語です。,仕事以外の要因は、職場環境の評価・改善、個々の労働者への配慮、ストレスチェック制度に関わる用語です。まず「仕事以外の要因も含めて把握することが重要」という出題上のポイントと結びつけて理解します。過去問・演習では「NIOSHモデルでは仕事のストレス要因に加え、個人的要因・緩衝要因（上司・同僚・家族の支援など）がストレス反応を修飾し、最終的な健康障害に至るプロセスを示している」という形で扱われるため、単語だけでなく設問の場面も確認します。ラインケアの視点では、職場要因を把握し、業務量・裁量・支援体制など改善できる点へつなげることが重要です。関連する用語として、ストレス、ストレス反応、仕事のストレス要因、個人的要因もあわせて確認すると理解がつながります。,ストレス;ストレス反応;仕事のストレス要因,,A,演習の正答の要点は「NIOSHモデルでは仕事のストレス要因に加え、個人的要因・緩衝要因（上司・同僚・家族の支援など）がストレス反応を修飾し、最終的な健康障害に至るプロセスを示している」です。誤り肢は根拠法令の取り違え、対象範囲の限定（のみ・必ず）、責任主体の混同（会社のみ・管理監督者のみ）に注意してください。,g-7ae9757088509f59,仕事以外の要因とは？意味・根拠・試験で押さえるポイント,仕事以外の要因は、職場環境・配慮分野で頻出の用語です。仕事以外の要因は、職場環境の評価・改善、個々の労働者への配慮、ストレスチェック制度に関わる用語です。本記事では意味、試験での出題の仕方、混同しやすい点を整理します。,仕事以外の要因は、職場環境の評価・改善、個々の労働者への配慮、ストレスチェック制度に関わる用語です。仕事以外の要因も含めて把握することが重要。,仕事以外の要因は、職場環境の評価・改善、個々の労働者への配慮、ストレスチェック制度に関わる用語です。;まず「仕事以外の要因も含めて把握することが重要」という出題上のポイントと結びつけて理解します。;過去問・演習では「NIOSHモデルでは仕事のストレス要因に加え、個人的要因・緩衝要因（上司・同僚・家族の支援など）がストレス反応を修飾し、最終的な健康障害に至るプロセスを示している」という形で扱われるため、単語だけでなく設問の場面も確認します。;ラインケアの視点では、職場要因を把握し、業務量・裁量・支援体制など改善できる点へつなげることが重要です。,数値基準・義務の有無・誰が実施するかの混同;個人結果と集団分析の取り違え;管理監督者が医学的判断を抱え込む,「仕事以外の要因」は職場環境・配慮の重要語。定義→誰が何をするか→連携先の順で覚えると整理しやすい。,,,仕事以外の要因とは何ですか？,仕事以外の要因は、職場環境の評価・改善、個々の労働者への配慮、ストレスチェック制度に関わる用語です。,仕事以外の要因は試験でどのように問われますか？,「仕事以外の要因」は定義に加え、演習問題の正答肢キーワードと照合して覚えると定着しやすいです。関連演習へリンクした問題を解き、用語記事に戻って確認してください。,仕事以外の要因を学習するときの注意点は？,単語だけでなく、ラインケア・安全配慮・専門職連携の流れの中で意味を確認してください。数値や義務の有無は法令改正で変わる場合があるため、受験前に公式情報も確認してください。,y2026/q03,演習2026・第3問（仕事以外の要因）
休業,休業,相談・連携・復職,相談・連携・復職,休業は、相談対応、社内外資源との連携、休業者の職場復帰支援に関わる用語です。,休業は、相談対応、社内外資源との連携、休業者の職場復帰支援に関わる用語です。まず「第1＝休業開始・休業中のケア、第2＝主治医による復帰可能の判断、第3＝復帰可否の判断とプラン作成、第4＝最終的な復帰決定、第5＝フォローアップ」という出題上のポイントと結びつけて理解します。過去問・演習では「「心の健康問題により休業した労働者の職場復帰支援の手引き」は厚労省が2004年策定（改訂あり）」という形で扱われるため、単語だけでなく設問の場面も確認します。ラインケアの視点では、本人の話を聴き、必要な範囲で産業保健スタッフや社外資源へつなぐことが重要です。関連する用語として、職場復帰後のフォローアップ、最終的な職場復帰の決定、職場復帰支援プランの作成、主治医による職場復帰可能の判断もあわせて確認すると理解がつながります。,職場復帰後のフォローアップ;最終的な職場復帰の決定;職場復帰支援プランの作成,,A,演習の正答の要点は「「心の健康問題により休業した労働者の職場復帰支援の手引き」です。誤り肢は根拠法令の取り違え、対象範囲の限定（のみ・必ず）、責任主体の混同（会社のみ・管理監督者のみ）に注意してください。,g-11e7774c2912f247,休業とは？意味・根拠・試験で押さえるポイント,休業は、相談・連携・復職分野で頻出の用語です。休業は、相談対応、社内外資源との連携、休業者の職場復帰支援に関わる用語です。本記事では意味、試験での出題の仕方、混同しやすい点を整理します。,休業は、相談対応、社内外資源との連携、休業者の職場復帰支援に関わる用語です。第1＝休業開始・休業中のケア、第2＝主治医による復帰可能の判断、第3＝復帰可否の判断とプラン作成、第4＝最終的な復帰決定、第5＝フォローアップ。,休業は、相談対応、社内外資源との連携、休業者の職場復帰支援に関わる用語です。;まず「第1＝休業開始・休業中のケア、第2＝主治医による復帰可能の判断、第3＝復帰可否の判断とプラン作成、第4＝最終的な復帰決定、第5＝フォローアップ」という出題上のポイントと結びつけて理解します。;過去問・演習では「「心の健康問題により休業した労働者の職場復帰支援の手引き」は厚労省が2004年策定（改訂あり）」という形で扱われるため、単語だけでなく設問の場面も確認します。;ラインケアの視点では、本人の話を聴き、必要な範囲で産業保健スタッフや社外資源へつなぐことが重要です。,手順の順序・禁止事項（やってはいけないこと）の混同;主治医と産業医の役割の逆転;管理監督者が医学的判断を抱え込む,「休業」は相談・連携・復職の重要語。定義→誰が何をするか→連携先の順で覚えると整理しやすい。,,,休業とは何ですか？,休業は、相談対応、社内外資源との連携、休業者の職場復帰支援に関わる用語です。,休業は試験でどのように問われますか？,「休業」は定義に加え、演習問題の正答肢キーワードと照合して覚えると定着しやすいです。関連演習へリンクした問題を解き、用語記事に戻って確認してください。,休業を学習するときの注意点は？,単語だけでなく、ラインケア・安全配慮・専門職連携の流れの中で意味を確認してください。数値や義務の有無は法令改正で変わる場合があるため、受験前に公式情報も確認してください。,y2026/q127,演習2026・第127問（休業・復職）
作業環境,作業環境,職場環境・配慮,職場環境・配慮,作業環境は、職場環境の評価・改善、個々の労働者への配慮、ストレスチェック制度に関わる用語です。,作業環境は、職場環境の評価・改善、個々の労働者への配慮、ストレスチェック制度に関わる用語です。まず「物理的作業環境（騒音・振動・照明・温熱環境・有害化学物質等）もストレス要因」という出題上のポイントと結びつけて理解します。過去問・演習では「物理的環境（騒音・照明等）、単調作業・過重作業、交替勤務・夜勤、テレワークによる孤立感も現代的なストレス要因として重要」という形で扱われるため、単語だけでなく設問の場面も確認します。ラインケアの視点では、職場要因を把握し、業務量・裁量・支援体制など改善できる点へつなげることが重要です。関連する用語として、ストレス、睡眠障害、仕事の要求度もあわせて確認すると理解がつながります。,ストレス;睡眠障害;仕事の要求度,,A,演習の正答の要点は「物理的環境（騒音・照明等）、単調作業・過重作業、交替勤務・夜勤、テレワークによる孤立感も現代的なストレス要因として重要」です。誤り肢は根拠法令の取り違え、対象範囲の限定（のみ・必ず）、責任主体の混同（会社のみ・管理監督者のみ）に注意してください。,g-38f5af10925b3032,作業環境とは？意味・根拠・試験で押さえるポイント,作業環境は、職場環境・配慮分野で頻出の用語です。作業環境は、職場環境の評価・改善、個々の労働者への配慮、ストレスチェック制度に関わる用語です。本記事では意味、試験での出題の仕方、混同しやすい点を整理します。,作業環境は、職場環境の評価・改善、個々の労働者への配慮、ストレスチェック制度に関わる用語です。物理的作業環境（騒音・振動・照明・温熱環境・有害化学物質等）もストレス要因。,作業環境は、職場環境の評価・改善、個々の労働者への配慮、ストレスチェック制度に関わる用語です。;まず「物理的作業環境（騒音・振動・照明・温熱環境・有害化学物質等）もストレス要因」という出題上のポイントと結びつけて理解します。;過去問・演習では「物理的環境（騒音・照明等）、単調作業・過重作業、交替勤務・夜勤、テレワークによる孤立感も現代的なストレス要因として重要」という形で扱われるため、単語だけでなく設問の場面も確認します。;ラインケアの視点では、職場要因を把握し、業務量・裁量・支援体制など改善できる点へつなげることが重要です。,数値基準・義務の有無・誰が実施するかの混同;個人結果と集団分析の取り違え;管理監督者が医学的判断を抱え込む,「作業環境」は職場環境・配慮の重要語。定義→誰が何をするか→連携先の順で覚えると整理しやすい。,,,作業環境とは何ですか？,作業環境は、職場環境の評価・改善、個々の労働者への配慮、ストレスチェック制度に関わる用語です。,作業環境は試験でどのように問われますか？,「作業環境」は定義に加え、演習問題の正答肢キーワードと照合して覚えると定着しやすいです。関連演習へリンクした問題を解き、用語記事に戻って確認してください。,作業環境を学習するときの注意点は？,単語だけでなく、ラインケア・安全配慮・専門職連携の流れの中で意味を確認してください。数値や義務の有無は法令改正で変わる場合があるため、受験前に公式情報も確認してください。,y2026/q57,演習2026・第57問（作業環境）
保健センター,保健センター,相談・連携・復職,相談・連携・復職,保健センターは、相談対応、社内外資源との連携、休業者の職場復帰支援に関わる用語です。,保健センターは、相談対応、社内外資源との連携、休業者の職場復帰支援に関わる用語です。まず「地域産業保健センターは小規模事業場向けの支援機関」という出題上のポイントと結びつけて理解します。過去問・演習では「地域産業保健センターは小規模事業場向けの支援機関」という形で扱われるため、単語だけでなく設問の場面も確認します。ラインケアの視点では、本人の話を聴き、必要な範囲で産業保健スタッフや社外資源へつなぐことが重要です。関連する用語として、地域産業保健センター、外部EAP、産業保健総合支援センター、精神保健福祉センターもあわせて確認すると理解がつながります。,地域産業保健センター;外部EAP;産業保健総合支援センター,,A,演習の正答の要点は「地域産業保健センターは小規模事業場向けの支援機関」です。誤り肢は根拠法令の取り違え、対象範囲の限定（のみ・必ず）、責任主体の混同（会社のみ・管理監督者のみ）に注意してください。,g-fc94844b66f5c30e,保健センターとは？意味・根拠・試験で押さえるポイント,保健センターは、相談・連携・復職分野で頻出の用語です。保健センターは、相談対応、社内外資源との連携、休業者の職場復帰支援に関わる用語です。本記事では意味、試験での出題の仕方、混同しやすい点を整理します。,保健センターは、相談対応、社内外資源との連携、休業者の職場復帰支援に関わる用語です。地域産業保健センターは小規模事業場向けの支援機関。,保健センターは、相談対応、社内外資源との連携、休業者の職場復帰支援に関わる用語です。;まず「地域産業保健センターは小規模事業場向けの支援機関」という出題上のポイントと結びつけて理解します。;過去問・演習では「地域産業保健センターは小規模事業場向けの支援機関」という形で扱われるため、単語だけでなく設問の場面も確認します。;ラインケアの視点では、本人の話を聴き、必要な範囲で産業保健スタッフや社外資源へつなぐことが重要です。,手順の順序・禁止事項（やってはいけないこと）の混同;主治医と産業医の役割の逆転;管理監督者が医学的判断を抱え込む,「保健センター」は相談・連携・復職の重要語。定義→誰が何をするか→連携先の順で覚えると整理しやすい。,,,保健センターとは何ですか？,保健センターは、相談対応、社内外資源との連携、休業者の職場復帰支援に関わる用語です。,保健センターは試験でどのように問われますか？,「保健センター」は定義に加え、演習問題の正答肢キーワードと照合して覚えると定着しやすいです。関連演習へリンクした問題を解き、用語記事に戻って確認してください。,保健センターを学習するときの注意点は？,単語だけでなく、ラインケア・安全配慮・専門職連携の流れの中で意味を確認してください。数値や義務の有無は法令改正で変わる場合があるため、受験前に公式情報も確認してください。,y2026/q32,演習2026・第32問（保健センター）
保健師,保健師,基礎・役割,基礎・役割,保健師は、メンタルヘルスケアの意義、管理監督者の役割、ストレスや疾病の基礎理解に関わる用語です。,保健師は、メンタルヘルスケアの意義、管理監督者の役割、ストレスや疾病の基礎理解に関わる用語です。まず「実施者は医師・保健師等」という出題上のポイントと結びつけて理解します。過去問・演習では「保健師は健康相談・保健指導・ストレスチェック補助・職場巡視・復職支援等、メンタルヘルスケアにも幅広く関与」という形で扱われるため、単語だけでなく設問の場面も確認します。ラインケアの視点では、管理監督者が医学的判断を抱え込まず、職場で観察できる事実と専門職への連携を分けて理解することが重要です。関連する用語として、産業医、ストレス、ストレスチェック、面接指導もあわせて確認すると理解がつながります。,産業医;ストレス;ストレスチェック,,A,演習の正答の要点は「保健師は健康相談・保健指導・ストレスチェック補助・職場巡視・復職支援等、メンタルヘルスケアにも幅広く関与」です。誤り肢は根拠法令の取り違え、対象範囲の限定（のみ・必ず）、責任主体の混同（会社のみ・管理監督者のみ）に注意してください。,g-9431f71646b1f19b,保健師とは？意味・根拠・試験で押さえるポイント,保健師は、基礎・役割分野で頻出の用語です。保健師は、メンタルヘルスケアの意義、管理監督者の役割、ストレスや疾病の基礎理解に関わる用語です。本記事では意味、試験での出題の仕方、混同しやすい点を整理します。,保健師は、メンタルヘルスケアの意義、管理監督者の役割、ストレスや疾病の基礎理解に関わる用語です。実施者は医師・保健師等。,保健師は、メンタルヘルスケアの意義、管理監督者の役割、ストレスや疾病の基礎理解に関わる用語です。;まず「実施者は医師・保健師等」という出題上のポイントと結びつけて理解します。;過去問・演習では「保健師は健康相談・保健指導・ストレスチェック補助・職場巡視・復職支援等、メンタルヘルスケアにも幅広く関与」という形で扱われるため、単語だけでなく設問の場面も確認します。;ラインケアの視点では、管理監督者が医学的判断を抱え込まず、職場で観察できる事実と専門職への連携を分けて理解することが重要です。,根拠法令（労基法・労契法・労安法）の取り違え;「のみ」「必ず」などの断定表現に注意;管理監督者が医学的判断を抱え込む,「保健師」は基礎・役割の重要語。定義→誰が何をするか→連携先の順で覚えると整理しやすい。,,,保健師とは何ですか？,保健師は、メンタルヘルスケアの意義、管理監督者の役割、ストレスや疾病の基礎理解に関わる用語です。,保健師は試験でどのように問われますか？,「保健師」は定義に加え、演習問題の正答肢キーワードと照合して覚えると定着しやすいです。関連演習へリンクした問題を解き、用語記事に戻って確認してください。,保健師を学習するときの注意点は？,単語だけでなく、ラインケア・安全配慮・専門職連携の流れの中で意味を確認してください。数値や義務の有無は法令改正で変わる場合があるため、受験前に公式情報も確認してください。,y2026/q10,演習2026・第10問（保健師）
保健所,保健所,基礎・役割,基礎・役割,保健所は、感染症対策だけでなく、精神保健福祉、難病、母子保健など地域住民の健康に関する相談支援を担います。,保健所は、感染症対策だけでなく、精神保健福祉、難病、母子保健など地域住民の健康に関する相談支援を担います。職場のメンタルヘルスでは、地域の公的資源として、社外支援先を把握する文脈で出てきます。職場では、用語の意味だけでなく、誰が対応し、どの情報を共有し、どの専門職につなぐかまで確認します。実務では、用語を単独で覚えるのではなく、ラインケア・安全配慮・専門職連携の流れに置いて確認します。,36協定;DALYs損失;ILO（国際労働機関）,,A,「保健所」は選択肢で根拠・対象範囲・責任の所在がずれる肢に注意してください。「のみ」「必ず」などの断定は定義と照合し、管理監督者が医学的判断を抱え込まない点も確認します。,g-8c0106532882d470,保健所とは？意味・根拠・試験で押さえるポイント,保健所は、基礎・役割分野で頻出の用語です。保健所は、感染症対策だけでなく、精神保健福祉、難病、母子保健など地域住民の健康に関する相談支援を担います。本記事では意味、試験での出題の仕方、混同しやすい点を整理します。,保健所は、感染症対策だけでなく、精神保健福祉、難病、母子保健など地域住民の健康に関する相談支援を担います。職場のメンタルヘルスでは、地域の公的資源として、社外支援先を把握する文脈で出てきます。,保健所は、感染症対策だけでなく、精神保健福祉、難病、母子保健など地域住民の健康に関する相談支援を担います。;職場のメンタルヘルスでは、地域の公的資源として、社外支援先を把握する文脈で出てきます。;職場では、用語の意味だけでなく、誰が対応し、どの情報を共有し、どの専門職につなぐかまで確認します。;実務では、用語を単独で覚えるのではなく、ラインケア・安全配慮・専門職連携の流れに置いて確認します。,根拠法令（労基法・労契法・労安法）の取り違え;「のみ」「必ず」などの断定表現に注意;管理監督者が医学的判断を抱え込む,「保健所」は基礎・役割分野の用語。定義→職場での見方→連携先の順で整理し、関連演習で確認してください。,,,保健所とは何ですか？,保健所は、感染症対策だけでなく、精神保健福祉、難病、母子保健など地域住民の健康に関する相談支援を担います。,保健所は試験でどのように問われますか？,「保健所」は定義に加え、演習問題の正答肢キーワードと照合して覚えると定着しやすいです。関連演習へリンクした問題を解き、用語記事に戻って確認してください。,保健所を学習するときの注意点は？,単語だけでなく、ラインケア・安全配慮・専門職連携の流れの中で意味を確認してください。数値や義務の有無は法令改正で変わる場合があるため、受験前に公式情報も確認してください。,y2026/q07,演習2026・第7問（基礎・労働安全衛生）
修飾要因,修飾要因,職場環境・配慮,職場環境・配慮,修飾要因は、職場環境の評価・改善、個々の労働者への配慮、ストレスチェック制度に関わる用語です。,修飾要因は、職場環境の評価・改善、個々の労働者への配慮、ストレスチェック制度に関わる用語です。まず「職業性ストレス簡易調査票（57項目）は①仕事のストレス要因（量・コントロール・対人関係等）②ストレス反応（身体・心理・行動）③修飾要因（上司・同僚・家族のサポート）の3領域」という出題上のポイントと結びつけて理解します。過去問・演習では「職業性ストレス簡易調査票（57項目）は①仕事のストレス要因（量・コントロール・対人関係等）②ストレス反応（身体・心理・行動）③修飾要因（上司・同僚・家族のサポート）の3領域」という形で扱われるため、単語だけでなく設問の場面も確認します。ラインケアの視点では、職場要因を把握し、業務量・裁量・支援体制など改善できる点へつなげることが重要です。関連する用語として、ストレス、ストレス反応、仕事のストレス要因、職業性ストレス簡易調査票もあわせて確認すると理解がつながります。,ストレス;ストレス反応;仕事のストレス要因,,A,演習の正答の要点は「職業性ストレス簡易調査票（57項目）は①仕事のストレス要因（量・コントロール・対人関係等）②ストレス反応（身体・心理・行動）③修飾要因（上司・同僚・家族のサポート）の3領域」です。誤り肢は根拠法令の取り違え、対象範囲の限定（のみ・必ず）、責任主体の混同（会社のみ・管理監督者のみ）に注意してください。,g-be8608e4becf7ac8,修飾要因とは？意味・根拠・試験で押さえるポイント,修飾要因は、職場環境・配慮分野で頻出の用語です。修飾要因は、職場環境の評価・改善、個々の労働者への配慮、ストレスチェック制度に関わる用語です。本記事では意味、試験での出題の仕方、混同しやすい点を整理します。,修飾要因は、職場環境の評価・改善、個々の労働者への配慮、ストレスチェック制度に関わる用語です。職業性ストレス簡易調査票（57項目）は①仕事のストレス要因（量・コントロール・対人関係等）②ストレス反応（身体・心理・行動）③修飾要因（上司・同僚・家族のサポート）の3領域。,修飾要因は、職場環境の評価・改善、個々の労働者への配慮、ストレスチェック制度に関わる用語です。;まず「職業性ストレス簡易調査票（57項目）は①仕事のストレス要因（量・コントロール・対人関係等）②ストレス反応（身体・心理・行動）③修飾要因（上司・同僚・家族のサポート）の3領域」という出題上のポイントと結びつけて理解します。;過去問・演習では「職業性ストレス簡易調査票（57項目）は①仕事のストレス要因（量・コントロール・対人関係等）②ストレス反応（身体・心理・行動）③修飾要因（上司・同僚・家族のサポート）の3領域」という形で扱われるため、単語だけでなく設問の場面も確認します。;ラインケアの視点では、職場要因を把握し、業務量・裁量・支援体制など改善できる点へつなげることが重要です。,数値基準・義務の有無・誰が実施するかの混同;個人結果と集団分析の取り違え;管理監督者が医学的判断を抱え込む,「修飾要因」は職場環境・配慮の重要語。定義→誰が何をするか→連携先の順で覚えると整理しやすい。,,,修飾要因とは何ですか？,修飾要因は、職場環境の評価・改善、個々の労働者への配慮、ストレスチェック制度に関わる用語です。,修飾要因は試験でどのように問われますか？,「修飾要因」は定義に加え、演習問題の正答肢キーワードと照合して覚えると定着しやすいです。関連演習へリンクした問題を解き、用語記事に戻って確認してください。,修飾要因を学習するときの注意点は？,単語だけでなく、ラインケア・安全配慮・専門職連携の流れの中で意味を確認してください。数値や義務の有無は法令改正で変わる場合があるため、受験前に公式情報も確認してください。,y2026/q07,演習2026・第7問（調査票・修飾要因）
個人情報・プライバシーの保護,個人情報・プライバシーの保護,職場環境・配慮,職場環境・配慮,メンタルヘルス対応では、診断名、治療内容、ストレスチェック結果、相談内容など、配慮が必要な情報を扱います。,メンタルヘルス対応では、診断名、治療内容、ストレスチェック結果、相談内容など、配慮が必要な情報を扱います。本人同意、利用目的、共有範囲、保管方法を明確にし、職場で不必要に広めないことが重要です。職場では、用語の意味だけでなく、誰が対応し、どの情報を共有し、どの専門職につなぐかまで確認します。実務では、個人の努力だけでなく、職場の仕組みや環境をどう変えるかまで考えると理解が深まります。,PDCAサイクル;いつもと違う様子;コーピング,,A,「個人情報・プライバシーの保護」は選択肢で根拠・対象範囲・責任の所在がずれる肢に注意してください。「のみ」「必ず」などの断定は定義と照合し、管理監督者が医学的判断を抱え込まない点も確認します。,g-5cb7f3dba6d4bc1f,個人情報・プライバシーの保護とは？意味・根拠・試験で押さえるポイント,個人情報・プライバシーの保護は、職場環境・配慮分野で頻出の用語です。メンタルヘルス対応では、診断名、治療内容、ストレスチェック結果、相談内容など、配慮が必要な情報を扱います。本記事では意味、試験での出題の仕方、混同しやすい点を整理します。,メンタルヘルス対応では、診断名、治療内容、ストレスチェック結果、相談内容など、配慮が必要な情報を扱います。本人同意、利用目的、共有範囲、保管方法を明確にし、職場で不必要に広めないことが重要です。,メンタルヘルス対応では、診断名、治療内容、ストレスチェック結果、相談内容など、配慮が必要な情報を扱います。;本人同意、利用目的、共有範囲、保管方法を明確にし、職場で不必要に広めないことが重要です。;職場では、用語の意味だけでなく、誰が対応し、どの情報を共有し、どの専門職につなぐかまで確認します。;実務では、個人の努力だけでなく、職場の仕組みや環境をどう変えるかまで考えると理解が深まります。,数値基準・義務の有無・誰が実施するかの混同;個人結果と集団分析の取り違え;管理監督者が医学的判断を抱え込む,「個人情報・プライバシーの保護」は職場環境・配慮分野の用語。定義→職場での見方→連携先の順で整理し、関連演習で確認してください。,,,個人情報・プライバシーの保護とは何ですか？,メンタルヘルス対応では、診断名、治療内容、ストレスチェック結果、相談内容など、配慮が必要な情報を扱います。,個人情報・プライバシーの保護は試験でどのように問われますか？,「個人情報・プライバシーの保護」は定義に加え、演習問題の正答肢キーワードと照合して覚えると定着しやすいです。関連演習へリンクした問題を解き、用語記事に戻って確認してください。,個人情報・プライバシーの保護を学習するときの注意点は？,単語だけでなく、ラインケア・安全配慮・専門職連携の流れの中で意味を確認してください。数値や義務の有無は法令改正で変わる場合があるため、受験前に公式情報も確認してください。,y2026/q76,演習2026・第76問（個人情報・プライバシーの保護）
個人情報保護法,個人情報保護法,職場環境・配慮,職場環境・配慮,個人情報保護法は、職場環境の評価・改善、個々の労働者への配慮、ストレスチェック制度に関わる用語です。,個人情報保護法は、職場環境の評価・改善、個々の労働者への配慮、ストレスチェック制度に関わる用語です。まず「健康情報は要配慮個人情報（個人情報保護法）として厳格な管理が求められる」という出題上のポイントと結びつけて理解します。過去問・演習では「要配慮個人情報（個人情報保護法2条3項）：人種・信条・社会的身分・病歴・犯罪歴・犯罪被害歴・障害・健康診断結果等」という形で扱われるため、単語だけでなく設問の場面も確認します。ラインケアの視点では、職場要因を把握し、業務量・裁量・支援体制など改善できる点へつなげることが重要です。関連する用語として、健康情報、産業医、プライバシーマーク制度、ストレスもあわせて確認すると理解がつながります。,健康情報;産業医;プライバシーマーク制度,,A,演習の正答の要点は「要配慮個人情報（個人情報保護法2条3項）：人種・信条・社会的身分・病歴・犯罪歴・犯罪被害歴・障害・健康診断結果等」です。誤り肢は根拠法令の取り違え、対象範囲の限定（のみ・必ず）、責任主体の混同（会社のみ・管理監督者のみ）に注意してください。,g-1e4183e122fe5fbc,個人情報保護法とは？意味・根拠・試験で押さえるポイント,個人情報保護法は、職場環境・配慮分野で頻出の用語です。個人情報保護法は、職場環境の評価・改善、個々の労働者への配慮、ストレスチェック制度に関わる用語です。本記事では意味、試験での出題の仕方、混同しやすい点を整理します。,個人情報保護法は、職場環境の評価・改善、個々の労働者への配慮、ストレスチェック制度に関わる用語です。健康情報は要配慮個人情報（個人情報保護法）として厳格な管理が求められる。,個人情報保護法は、職場環境の評価・改善、個々の労働者への配慮、ストレスチェック制度に関わる用語です。;まず「健康情報は要配慮個人情報（個人情報保護法）として厳格な管理が求められる」という出題上のポイントと結びつけて理解します。;過去問・演習では「要配慮個人情報（個人情報保護法2条3項）：人種・信条・社会的身分・病歴・犯罪歴・犯罪被害歴・障害・健康診断結果等」という形で扱われるため、単語だけでなく設問の場面も確認します。;ラインケアの視点では、職場要因を把握し、業務量・裁量・支援体制など改善できる点へつなげることが重要です。,数値基準・義務の有無・誰が実施するかの混同;個人結果と集団分析の取り違え;管理監督者が医学的判断を抱え込む,「個人情報保護法」は職場環境・配慮の重要語。定義→誰が何をするか→連携先の順で覚えると整理しやすい。,,,個人情報保護法とは何ですか？,個人情報保護法は、職場環境の評価・改善、個々の労働者への配慮、ストレスチェック制度に関わる用語です。,個人情報保護法は試験でどのように問われますか？,「個人情報保護法」は定義に加え、演習問題の正答肢キーワードと照合して覚えると定着しやすいです。関連演習へリンクした問題を解き、用語記事に戻って確認してください。,個人情報保護法を学習するときの注意点は？,単語だけでなく、ラインケア・安全配慮・専門職連携の流れの中で意味を確認してください。数値や義務の有無は法令改正で変わる場合があるため、受験前に公式情報も確認してください。,y2026/q64,演習2026・第64問（個人情報保護）
個人的要因,個人的要因,基礎・役割,基礎・役割,個人的要因は、メンタルヘルスケアの意義、管理監督者の役割、ストレスや疾病の基礎理解に関わる用語です。,個人的要因は、メンタルヘルスケアの意義、管理監督者の役割、ストレスや疾病の基礎理解に関わる用語です。まず「NIOSHモデルでは仕事のストレス要因に加え、個人的要因・緩衝要因（上司・同僚・家族の支援など）がストレス反応を修飾し、最終的な健康障害に至るプロセスを示している」という出題上のポイントと結びつけて理解します。過去問・演習では「NIOSHモデルでは仕事のストレス要因に加え、個人的要因・緩衝要因（上司・同僚・家族の支援など）がストレス反応を修飾し、最終的な健康障害に至るプロセスを示している」という形で扱われるため、単語だけでなく設問の場面も確認します。ラインケアの視点では、管理監督者が医学的判断を抱え込まず、職場で観察できる事実と専門職への連携を分けて理解することが重要です。関連する用語として、ストレス、ストレス反応、緩衝要因、ストレッサーもあわせて確認すると理解がつながります。,ストレス;ストレス反応;緩衝要因,,A,演習の正答の要点は「NIOSHモデルでは仕事のストレス要因に加え、個人的要因・緩衝要因（上司・同僚・家族の支援など）がストレス反応を修飾し、最終的な健康障害に至るプロセスを示している」です。誤り肢は根拠法令の取り違え、対象範囲の限定（のみ・必ず）、責任主体の混同（会社のみ・管理監督者のみ）に注意してください。,g-72c22a108ae6a73f,個人的要因とは？意味・根拠・試験で押さえるポイント,個人的要因は、基礎・役割分野で頻出の用語です。個人的要因は、メンタルヘルスケアの意義、管理監督者の役割、ストレスや疾病の基礎理解に関わる用語です。本記事では意味、試験での出題の仕方、混同しやすい点を整理します。,個人的要因は、メンタルヘルスケアの意義、管理監督者の役割、ストレスや疾病の基礎理解に関わる用語です。NIOSHモデルでは仕事のストレス要因に加え、個人的要因・緩衝要因（上司・同僚・家族の支援など）がストレス反応を修飾し、最終的な健康障害に至るプロセスを示している。,個人的要因は、メンタルヘルスケアの意義、管理監督者の役割、ストレスや疾病の基礎理解に関わる用語です。;まず「NIOSHモデルでは仕事のストレス要因に加え、個人的要因・緩衝要因（上司・同僚・家族の支援など）がストレス反応を修飾し、最終的な健康障害に至るプロセスを示している」という出題上のポイントと結びつけて理解します。;過去問・演習では「NIOSHモデルでは仕事のストレス要因に加え、個人的要因・緩衝要因（上司・同僚・家族の支援など）がストレス反応を修飾し、最終的な健康障害に至るプロセスを示している」という形で扱われるため、単語だけでなく設問の場面も確認します。;ラインケアの視点では、管理監督者が医学的判断を抱え込まず、職場で観察できる事実と専門職への連携を分けて理解することが重要です。,根拠法令（労基法・労契法・労安法）の取り違え;「のみ」「必ず」などの断定表現に注意;管理監督者が医学的判断を抱え込む,「個人的要因」は基礎・役割の重要語。定義→誰が何をするか→連携先の順で覚えると整理しやすい。,,,個人的要因とは何ですか？,個人的要因は、メンタルヘルスケアの意義、管理監督者の役割、ストレスや疾病の基礎理解に関わる用語です。,個人的要因は試験でどのように問われますか？,「個人的要因」は定義に加え、演習問題の正答肢キーワードと照合して覚えると定着しやすいです。関連演習へリンクした問題を解き、用語記事に戻って確認してください。,個人的要因を学習するときの注意点は？,単語だけでなく、ラインケア・安全配慮・専門職連携の流れの中で意味を確認してください。数値や義務の有無は法令改正で変わる場合があるため、受験前に公式情報も確認してください。,y2026/q03,演習2026・第3問（NIOSH・個人要因）
健康保険組合,健康保険組合,相談・連携・復職,相談・連携・復職,健康保険組合は、相談対応、社内外資源との連携、休業者の職場復帰支援に関わる用語です。,健康保険組合は、相談対応、社内外資源との連携、休業者の職場復帰支援に関わる用語です。まず「科目: 社内外資源との連携 職業安定所（ハローワーク）のみ 精神科病院・クリニック・地域障害者職業センター等 労働基準監督署 健康保険組合のみ」という出題上のポイントと結びつけて理解します。過去問・演習では「リワーク（Return to Work）プログラムは精神科病院・クリニックの外来・デイケア、地域障害者職業センター（職リハリワーク）、EAP機関等で提供」という形で扱われるため、単語だけでなく設問の場面も確認します。ラインケアの視点では、本人の話を聴き、必要な範囲で産業保健スタッフや社外資源へつなぐことが重要です。関連する用語として、地域障害者職業センター、精神科、認知行動療法もあわせて確認すると理解がつながります。,地域障害者職業センター;精神科;認知行動療法,,A,演習の正答の要点は「リワーク（Return to Work）プログラムは精神科病院・クリニックの外来・デイケア、地域障害者職業センター（職リハリワーク）、EAP機関等で提供」です。誤り肢は根拠法令の取り違え、対象範囲の限定（のみ・必ず）、責任主体の混同（会社のみ・管理監督者のみ）に注意してください。,g-0a70e54b20c8de00,健康保険組合とは？意味・根拠・試験で押さえるポイント,健康保険組合は、相談・連携・復職分野で頻出の用語です。健康保険組合は、相談対応、社内外資源との連携、休業者の職場復帰支援に関わる用語です。本記事では意味、試験での出題の仕方、混同しやすい点を整理します。,健康保険組合は、相談対応、社内外資源との連携、休業者の職場復帰支援に関わる用語です。科目: 社内外資源との連携 職業安定所（ハローワーク）のみ 精神科病院・クリニック・地域障害者職業センター等 労働基準監督署 健康保険組合のみ。,健康保険組合は、相談対応、社内外資源との連携、休業者の職場復帰支援に関わる用語です。;まず「科目: 社内外資源との連携 職業安定所（ハローワーク）のみ 精神科病院・クリニック・地域障害者職業センター等 労働基準監督署 健康保険組合のみ」という出題上のポイントと結びつけて理解します。;過去問・演習では「リワーク（Return to Work）プログラムは精神科病院・クリニックの外来・デイケア、地域障害者職業センター（職リハリワーク）、EAP機関等で提供」という形で扱われるため、単語だけでなく設問の場面も確認します。;ラインケアの視点では、本人の話を聴き、必要な範囲で産業保健スタッフや社外資源へつなぐことが重要です。,手順の順序・禁止事項（やってはいけないこと）の混同;主治医と産業医の役割の逆転;管理監督者が医学的判断を抱え込む,「健康保険組合」は相談・連携・復職の重要語。定義→誰が何をするか→連携先の順で覚えると整理しやすい。,,,健康保険組合とは何ですか？,健康保険組合は、相談対応、社内外資源との連携、休業者の職場復帰支援に関わる用語です。,健康保険組合は試験でどのように問われますか？,「健康保険組合」は定義に加え、演習問題の正答肢キーワードと照合して覚えると定着しやすいです。関連演習へリンクした問題を解き、用語記事に戻って確認してください。,健康保険組合を学習するときの注意点は？,単語だけでなく、ラインケア・安全配慮・専門職連携の流れの中で意味を確認してください。数値や義務の有無は法令改正で変わる場合があるため、受験前に公式情報も確認してください。,y2026/q169,演習2026・第169問（健康保険組合）
健康情報,健康情報,職場環境・配慮,職場環境・配慮,健康情報は、職場環境の評価・改善、個々の労働者への配慮、ストレスチェック制度に関わる用語です。,健康情報は、職場環境の評価・改善、個々の労働者への配慮、ストレスチェック制度に関わる用語です。まず「健康情報は要配慮個人情報（個人情報保護法）として厳格な管理が求められる」という出題上のポイントと結びつけて理解します。過去問・演習では「健康情報は要配慮個人情報（個人情報保護法）として厳格な管理が求められる」という形で扱われるため、単語だけでなく設問の場面も確認します。ラインケアの視点では、職場要因を把握し、業務量・裁量・支援体制など改善できる点へつなげることが重要です。関連する用語として、個人情報保護法、産業医、ストレス、ストレスチェックもあわせて確認すると理解がつながります。,個人情報保護法;産業医;ストレス,,A,演習の正答の要点は「健康情報は要配慮個人情報（個人情報保護法）として厳格な管理が求められる」です。誤り肢は根拠法令の取り違え、対象範囲の限定（のみ・必ず）、責任主体の混同（会社のみ・管理監督者のみ）に注意してください。,g-5bd220081a859dae,健康情報とは？意味・根拠・試験で押さえるポイント,健康情報は、職場環境・配慮分野で頻出の用語です。健康情報は、職場環境の評価・改善、個々の労働者への配慮、ストレスチェック制度に関わる用語です。本記事では意味、試験での出題の仕方、混同しやすい点を整理します。,健康情報は、職場環境の評価・改善、個々の労働者への配慮、ストレスチェック制度に関わる用語です。健康情報は要配慮個人情報（個人情報保護法）として厳格な管理が求められる。,健康情報は、職場環境の評価・改善、個々の労働者への配慮、ストレスチェック制度に関わる用語です。;まず「健康情報は要配慮個人情報（個人情報保護法）として厳格な管理が求められる」という出題上のポイントと結びつけて理解します。;過去問・演習では「健康情報は要配慮個人情報（個人情報保護法）として厳格な管理が求められる」という形で扱われるため、単語だけでなく設問の場面も確認します。;ラインケアの視点では、職場要因を把握し、業務量・裁量・支援体制など改善できる点へつなげることが重要です。,数値基準・義務の有無・誰が実施するかの混同;個人結果と集団分析の取り違え;管理監督者が医学的判断を抱え込む,「健康情報」は職場環境・配慮の重要語。定義→誰が何をするか→連携先の順で覚えると整理しやすい。,,,健康情報とは何ですか？,健康情報は、職場環境の評価・改善、個々の労働者への配慮、ストレスチェック制度に関わる用語です。,健康情報は試験でどのように問われますか？,「健康情報」は定義に加え、演習問題の正答肢キーワードと照合して覚えると定着しやすいです。関連演習へリンクした問題を解き、用語記事に戻って確認してください。,健康情報を学習するときの注意点は？,単語だけでなく、ラインケア・安全配慮・専門職連携の流れの中で意味を確認してください。数値や義務の有無は法令改正で変わる場合があるため、受験前に公式情報も確認してください。,y2026/q64,演習2026・第64問（健康情報）
健康経営,健康経営,基礎・役割,基礎・役割,健康経営では、メンタルヘルス対策を福利厚生だけでなく、休業・離職の予防、職場の活性化、生産性向上、リスク低減につながる経営課題として捉えます。,健康経営では、メンタルヘルス対策を福利厚生だけでなく、休業・離職の予防、職場の活性化、生産性向上、リスク低減につながる経営課題として捉えます。教育研修、相談体制、職場環境改善を継続的に進めることが重要です。職場では、用語の意味だけでなく、誰が対応し、どの情報を共有し、どの専門職につなぐかまで確認します。実務では、用語を単独で覚えるのではなく、ラインケア・安全配慮・専門職連携の流れに置いて確認します。,36協定;DALYs損失;ILO（国際労働機関）,,A,「健康経営」は選択肢で根拠・対象範囲・責任の所在がずれる肢に注意してください。「のみ」「必ず」などの断定は定義と照合し、管理監督者が医学的判断を抱え込まない点も確認します。,g-f0856e39da29e26a,健康経営とは？意味・根拠・試験で押さえるポイント,健康経営は、基礎・役割分野で頻出の用語です。健康経営では、メンタルヘルス対策を福利厚生だけでなく、休業・離職の予防、職場の活性化、生産性向上、リスク低減につながる経営課題として捉えます。本記事では意味、試験での出題の仕方、混同しやすい点を整理します。,健康経営では、メンタルヘルス対策を福利厚生だけでなく、休業・離職の予防、職場の活性化、生産性向上、リスク低減につながる経営課題として捉えます。教育研修、相談体制、職場環境改善を継続的に進めることが重要です。,健康経営では、メンタルヘルス対策を福利厚生だけでなく、休業・離職の予防、職場の活性化、生産性向上、リスク低減につながる経営課題として捉えます。;教育研修、相談体制、職場環境改善を継続的に進めることが重要です。;職場では、用語の意味だけでなく、誰が対応し、どの情報を共有し、どの専門職につなぐかまで確認します。;実務では、用語を単独で覚えるのではなく、ラインケア・安全配慮・専門職連携の流れに置いて確認します。,根拠法令（労基法・労契法・労安法）の取り違え;「のみ」「必ず」などの断定表現に注意;管理監督者が医学的判断を抱え込む,「健康経営」は基礎・役割分野の用語。定義→職場での見方→連携先の順で整理し、関連演習で確認してください。,,,健康経営とは何ですか？,健康経営では、メンタルヘルス対策を福利厚生だけでなく、休業・離職の予防、職場の活性化、生産性向上、リスク低減につながる経営課題として捉えます。,健康経営は試験でどのように問われますか？,「健康経営」は定義に加え、演習問題の正答肢キーワードと照合して覚えると定着しやすいです。関連演習へリンクした問題を解き、用語記事に戻って確認してください。,健康経営を学習するときの注意点は？,単語だけでなく、ラインケア・安全配慮・専門職連携の流れの中で意味を確認してください。数値や義務の有無は法令改正で変わる場合があるため、受験前に公式情報も確認してください。,y2026/q07,演習2026・第7問（基礎・労働安全衛生）
健康障害メカニズム,健康障害メカニズム,基礎・役割,基礎・役割,健康障害メカニズムは、精神症状、身体症状、ストレス反応、治療や支援の理解に関わる用語です。,健康障害メカニズムは、精神症状、身体症状、ストレス反応、治療や支援の理解に関わる用語です。職場では管理監督者が医学的診断をするのではなく、遅刻・欠勤、ミス、表情、対人関係、体調不良などの事例性として把握します。職場では、用語の意味だけでなく、誰が対応し、どの情報を共有し、どの専門職につなぐかまで確認します。実務では、用語を単独で覚えるのではなく、ラインケア・安全配慮・専門職連携の流れに置いて確認します。,36協定;DALYs損失;ILO（国際労働機関）,,A,「健康障害メカニズム」は選択肢で根拠・対象範囲・責任の所在がずれる肢に注意してください。「のみ」「必ず」などの断定は定義と照合し、管理監督者が医学的判断を抱え込まない点も確認します。,g-6735a1ae6d77f78c,健康障害メカニズムとは？意味・根拠・試験で押さえるポイント,健康障害メカニズムは、基礎・役割分野で頻出の用語です。健康障害メカニズムは、精神症状、身体症状、ストレス反応、治療や支援の理解に関わる用語です。本記事では意味、試験での出題の仕方、混同しやすい点を整理します。,職場では管理監督者が医学的診断をするのではなく、遅刻・欠勤、ミス、表情、対人関係、体調不良などの事例性として把握します。,健康障害メカニズムは、精神症状、身体症状、ストレス反応、治療や支援の理解に関わる用語です。;職場では管理監督者が医学的診断をするのではなく、遅刻・欠勤、ミス、表情、対人関係、体調不良などの事例性として把握します。;職場では、用語の意味だけでなく、誰が対応し、どの情報を共有し、どの専門職につなぐかまで確認します。;実務では、用語を単独で覚えるのではなく、ラインケア・安全配慮・専門職連携の流れに置いて確認します。,根拠法令（労基法・労契法・労安法）の取り違え;「のみ」「必ず」などの断定表現に注意;管理監督者が医学的判断を抱え込む,「健康障害メカニズム」は基礎・役割分野の用語。定義→職場での見方→連携先の順で整理し、関連演習で確認してください。,,,健康障害メカニズムとは何ですか？,健康障害メカニズムは、精神症状、身体症状、ストレス反応、治療や支援の理解に関わる用語です。,健康障害メカニズムは試験でどのように問われますか？,「健康障害メカニズム」は定義に加え、演習問題の正答肢キーワードと照合して覚えると定着しやすいです。関連演習へリンクした問題を解き、用語記事に戻って確認してください。,健康障害メカニズムを学習するときの注意点は？,単語だけでなく、ラインケア・安全配慮・専門職連携の流れの中で意味を確認してください。数値や義務の有無は法令改正で変わる場合があるため、受験前に公式情報も確認してください。,y2026/q07,演習2026・第7問（基礎・労働安全衛生）
偽陰性,偽陰性,基礎・役割,基礎・役割,偽陰性は、スクリーニング検査やストレスチェックの限界を理解するための用語です。,偽陰性は、スクリーニング検査やストレスチェックの限界を理解するための用語です。検査結果が低リスクでも、実際には不調が隠れている場合があるため、日常の仕事ぶりや本人の訴えも合わせて見る必要があります。職場では、用語の意味だけでなく、誰が対応し、どの情報を共有し、どの専門職につなぐかまで確認します。実務では、用語を単独で覚えるのではなく、ラインケア・安全配慮・専門職連携の流れに置いて確認します。,36協定;DALYs損失;ILO（国際労働機関）,,A,「偽陰性」は選択肢で根拠・対象範囲・責任の所在がずれる肢に注意してください。「のみ」「必ず」などの断定は定義と照合し、管理監督者が医学的判断を抱え込まない点も確認します。,g-3ca5f299228fcfd4,偽陰性とは？意味・根拠・試験で押さえるポイント,偽陰性は、基礎・役割分野で頻出の用語です。偽陰性は、スクリーニング検査やストレスチェックの限界を理解するための用語です。本記事では意味、試験での出題の仕方、混同しやすい点を整理します。,偽陰性は、スクリーニング検査やストレスチェックの限界を理解するための用語です。検査結果が低リスクでも、実際には不調が隠れている場合があるため、日常の仕事ぶりや本人の訴えも合わせて見る必要があります。,偽陰性は、スクリーニング検査やストレスチェックの限界を理解するための用語です。;検査結果が低リスクでも、実際には不調が隠れている場合があるため、日常の仕事ぶりや本人の訴えも合わせて見る必要があります。;職場では、用語の意味だけでなく、誰が対応し、どの情報を共有し、どの専門職につなぐかまで確認します。;実務では、用語を単独で覚えるのではなく、ラインケア・安全配慮・専門職連携の流れに置いて確認します。,根拠法令（労基法・労契法・労安法）の取り違え;「のみ」「必ず」などの断定表現に注意;管理監督者が医学的判断を抱え込む,「偽陰性」は基礎・役割分野の用語。定義→職場での見方→連携先の順で整理し、関連演習で確認してください。,,,偽陰性とは何ですか？,偽陰性は、スクリーニング検査やストレスチェックの限界を理解するための用語です。,偽陰性は試験でどのように問われますか？,「偽陰性」は定義に加え、演習問題の正答肢キーワードと照合して覚えると定着しやすいです。関連演習へリンクした問題を解き、用語記事に戻って確認してください。,偽陰性を学習するときの注意点は？,単語だけでなく、ラインケア・安全配慮・専門職連携の流れの中で意味を確認してください。数値や義務の有無は法令改正で変わる場合があるため、受験前に公式情報も確認してください。,y2026/q07,演習2026・第7問（基礎・労働安全衛生）
偽陽性,偽陽性,基礎・役割,基礎・役割,偽陽性は、スクリーニング検査では一定程度起こり得る判定です。,偽陽性は、スクリーニング検査では一定程度起こり得る判定です。ストレスチェックやうつ病スクリーニングでは、検査結果だけで診断を確定せず、必要に応じて面接や医師の判断につなげます。職場では、用語の意味だけでなく、誰が対応し、どの情報を共有し、どの専門職につなぐかまで確認します。実務では、用語を単独で覚えるのではなく、ラインケア・安全配慮・専門職連携の流れに置いて確認します。,36協定;DALYs損失;ILO（国際労働機関）,,A,「偽陽性」は選択肢で根拠・対象範囲・責任の所在がずれる肢に注意してください。「のみ」「必ず」などの断定は定義と照合し、管理監督者が医学的判断を抱え込まない点も確認します。,g-286518d959c1395f,偽陽性とは？意味・根拠・試験で押さえるポイント,偽陽性は、基礎・役割分野で頻出の用語です。偽陽性は、スクリーニング検査では一定程度起こり得る判定です。本記事では意味、試験での出題の仕方、混同しやすい点を整理します。,偽陽性は、スクリーニング検査では一定程度起こり得る判定です。ストレスチェックやうつ病スクリーニングでは、検査結果だけで診断を確定せず、必要に応じて面接や医師の判断につなげます。,偽陽性は、スクリーニング検査では一定程度起こり得る判定です。;ストレスチェックやうつ病スクリーニングでは、検査結果だけで診断を確定せず、必要に応じて面接や医師の判断につなげます。;職場では、用語の意味だけでなく、誰が対応し、どの情報を共有し、どの専門職につなぐかまで確認します。;実務では、用語を単独で覚えるのではなく、ラインケア・安全配慮・専門職連携の流れに置いて確認します。,根拠法令（労基法・労契法・労安法）の取り違え;「のみ」「必ず」などの断定表現に注意;管理監督者が医学的判断を抱え込む,「偽陽性」は基礎・役割分野の用語。定義→職場での見方→連携先の順で整理し、関連演習で確認してください。,,,偽陽性とは何ですか？,偽陽性は、スクリーニング検査では一定程度起こり得る判定です。,偽陽性は試験でどのように問われますか？,「偽陽性」は定義に加え、演習問題の正答肢キーワードと照合して覚えると定着しやすいです。関連演習へリンクした問題を解き、用語記事に戻って確認してください。,偽陽性を学習するときの注意点は？,単語だけでなく、ラインケア・安全配慮・専門職連携の流れの中で意味を確認してください。数値や義務の有無は法令改正で変わる場合があるため、受験前に公式情報も確認してください。,y2026/q07,演習2026・第7問（基礎・労働安全衛生）
傾聴,傾聴,相談・連携・復職,相談・連携・復職,傾聴は、相談対応、社内外資源との連携、休業者の職場復帰支援に関わる用語です。,傾聴は、相談対応、社内外資源との連携、休業者の職場復帰支援に関わる用語です。まず「情緒的サポート＝共感・傾聴、情報的サポート＝情報・アドバイス提供、評価的サポート＝フィードバック・評価、道具的サポート＝具体的な手助け・資源提供」という出題上のポイントと結びつけて理解します。過去問・演習では「「気にしすぎ」「前向きに」といった言葉は否定・評価につながり、話しにくい雰囲気を生む」という形で扱われるため、単語だけでなく設問の場面も確認します。ラインケアの視点では、本人の話を聴き、必要な範囲で産業保健スタッフや社外資源へつなぐことが重要です。関連する用語として、アクティブリスニング、積極的傾聴、守秘義務、精神科もあわせて確認すると理解がつながります。,アクティブリスニング;積極的傾聴;守秘義務,,A,演習の正答の要点は「「気にしすぎ」です。誤り肢は根拠法令の取り違え、対象範囲の限定（のみ・必ず）、責任主体の混同（会社のみ・管理監督者のみ）に注意してください。,g-af9850e153f9afd5,傾聴とは？意味・根拠・試験で押さえるポイント,傾聴は、相談・連携・復職分野で頻出の用語です。傾聴は、相談対応、社内外資源との連携、休業者の職場復帰支援に関わる用語です。本記事では意味、試験での出題の仕方、混同しやすい点を整理します。,傾聴は、相談対応、社内外資源との連携、休業者の職場復帰支援に関わる用語です。情緒的サポート＝共感・傾聴、情報的サポート＝情報・アドバイス提供、評価的サポート＝フィードバック・評価、道具的サポート＝具体的な手助け・資源提供。,傾聴は、相談対応、社内外資源との連携、休業者の職場復帰支援に関わる用語です。;まず「情緒的サポート＝共感・傾聴、情報的サポート＝情報・アドバイス提供、評価的サポート＝フィードバック・評価、道具的サポート＝具体的な手助け・資源提供」という出題上のポイントと結びつけて理解します。;過去問・演習では「「気にしすぎ」「前向きに」といった言葉は否定・評価につながり、話しにくい雰囲気を生む」という形で扱われるため、単語だけでなく設問の場面も確認します。;ラインケアの視点では、本人の話を聴き、必要な範囲で産業保健スタッフや社外資源へつなぐことが重要です。,手順の順序・禁止事項（やってはいけないこと）の混同;主治医と産業医の役割の逆転;管理監督者が医学的判断を抱え込む,「傾聴」は相談・連携・復職の重要語。定義→誰が何をするか→連携先の順で覚えると整理しやすい。,,,傾聴とは何ですか？,傾聴は、相談対応、社内外資源との連携、休業者の職場復帰支援に関わる用語です。,傾聴は試験でどのように問われますか？,「傾聴」は定義に加え、演習問題の正答肢キーワードと照合して覚えると定着しやすいです。関連演習へリンクした問題を解き、用語記事に戻って確認してください。,傾聴を学習するときの注意点は？,単語だけでなく、ラインケア・安全配慮・専門職連携の流れの中で意味を確認してください。数値や義務の有無は法令改正で変わる場合があるため、受験前に公式情報も確認してください。,y2026/q28,演習2026・第28問（傾聴）
働く人の悩みホットライン,働く人の悩みホットライン,相談・連携・復職,相談・連携・復職,働く人の悩みホットラインは、相談対応、社内外資源との連携、休業者の職場復帰支援に関わる用語です。,働く人の悩みホットラインは、相談対応、社内外資源との連携、休業者の職場復帰支援に関わる用語です。まず「情報提供・電話相談（働く人の悩みホットライン）・SNS相談・メール相談等を提供」という出題上のポイントと結びつけて理解します。過去問・演習では「「働く人の悩みホットライン」は日本産業カウンセラー協会が運営」という形で扱われるため、単語だけでなく設問の場面も確認します。ラインケアの視点では、本人の話を聴き、必要な範囲で産業保健スタッフや社外資源へつなぐことが重要です。関連する用語として、産業カウンセラー、精神科もあわせて確認すると理解がつながります。,産業カウンセラー;精神科;確認すると理解がつながります,,A,演習の正答の要点は「「働く人の悩みホットライン」です。誤り肢は根拠法令の取り違え、対象範囲の限定（のみ・必ず）、責任主体の混同（会社のみ・管理監督者のみ）に注意してください。,g-fe06ecebe0f66f35,働く人の悩みホットラインとは？意味・根拠・試験で押さえるポイント,働く人の悩みホットラインは、相談・連携・復職分野で頻出の用語です。働く人の悩みホットラインは、相談対応、社内外資源との連携、休業者の職場復帰支援に関わる用語です。本記事では意味、試験での出題の仕方、混同しやすい点を整理します。,働く人の悩みホットラインは、相談対応、社内外資源との連携、休業者の職場復帰支援に関わる用語です。情報提供・電話相談（働く人の悩みホットライン）・SNS相談・メール相談等を提供。,働く人の悩みホットラインは、相談対応、社内外資源との連携、休業者の職場復帰支援に関わる用語です。;まず「情報提供・電話相談（働く人の悩みホットライン）・SNS相談・メール相談等を提供」という出題上のポイントと結びつけて理解します。;過去問・演習では「「働く人の悩みホットライン」は日本産業カウンセラー協会が運営」という形で扱われるため、単語だけでなく設問の場面も確認します。;ラインケアの視点では、本人の話を聴き、必要な範囲で産業保健スタッフや社外資源へつなぐことが重要です。,手順の順序・禁止事項（やってはいけないこと）の混同;主治医と産業医の役割の逆転;管理監督者が医学的判断を抱え込む,「働く人の悩みホットライン」は相談・連携・復職の重要語。定義→誰が何をするか→連携先の順で覚えると整理しやすい。,,,働く人の悩みホットラインとは何ですか？,働く人の悩みホットラインは、相談対応、社内外資源との連携、休業者の職場復帰支援に関わる用語です。,働く人の悩みホットラインは試験でどのように問われますか？,「働く人の悩みホットライン」は定義に加え、演習問題の正答肢キーワードと照合して覚えると定着しやすいです。関連演習へリンクした問題を解き、用語記事に戻って確認してください。,働く人の悩みホットラインを学習するときの注意点は？,単語だけでなく、ラインケア・安全配慮・専門職連携の流れの中で意味を確認してください。数値や義務の有無は法令改正で変わる場合があるため、受験前に公式情報も確認してください。,y2026/q167,演習2026・第167問（働く人の悩みホットライン）
免疫系,免疫系,基礎・役割,基礎・役割,免疫系は、精神症状、身体症状、ストレス反応、治療や支援の理解に関わる用語です。,免疫系は、精神症状、身体症状、ストレス反応、治療や支援の理解に関わる用語です。職場では管理監督者が医学的診断をするのではなく、遅刻・欠勤、ミス、表情、対人関係、体調不良などの事例性として把握します。職場では、用語の意味だけでなく、誰が対応し、どの情報を共有し、どの専門職につなぐかまで確認します。実務では、用語を単独で覚えるのではなく、ラインケア・安全配慮・専門職連携の流れに置いて確認します。,36協定;DALYs損失;ILO（国際労働機関）,,A,「免疫系」は選択肢で根拠・対象範囲・責任の所在がずれる肢に注意してください。「のみ」「必ず」などの断定は定義と照合し、管理監督者が医学的判断を抱え込まない点も確認します。,g-bbd3d6bab17deee4,免疫系とは？意味・根拠・試験で押さえるポイント,免疫系は、基礎・役割分野で頻出の用語です。免疫系は、精神症状、身体症状、ストレス反応、治療や支援の理解に関わる用語です。本記事では意味、試験での出題の仕方、混同しやすい点を整理します。,職場では管理監督者が医学的診断をするのではなく、遅刻・欠勤、ミス、表情、対人関係、体調不良などの事例性として把握します。,免疫系は、精神症状、身体症状、ストレス反応、治療や支援の理解に関わる用語です。;職場では管理監督者が医学的診断をするのではなく、遅刻・欠勤、ミス、表情、対人関係、体調不良などの事例性として把握します。;職場では、用語の意味だけでなく、誰が対応し、どの情報を共有し、どの専門職につなぐかまで確認します。;実務では、用語を単独で覚えるのではなく、ラインケア・安全配慮・専門職連携の流れに置いて確認します。,根拠法令（労基法・労契法・労安法）の取り違え;「のみ」「必ず」などの断定表現に注意;管理監督者が医学的判断を抱え込む,「免疫系」は基礎・役割分野の用語。定義→職場での見方→連携先の順で整理し、関連演習で確認してください。,,,免疫系とは何ですか？,免疫系は、精神症状、身体症状、ストレス反応、治療や支援の理解に関わる用語です。,免疫系は試験でどのように問われますか？,「免疫系」は定義に加え、演習問題の正答肢キーワードと照合して覚えると定着しやすいです。関連演習へリンクした問題を解き、用語記事に戻って確認してください。,免疫系を学習するときの注意点は？,単語だけでなく、ラインケア・安全配慮・専門職連携の流れの中で意味を確認してください。数値や義務の有無は法令改正で変わる場合があるため、受験前に公式情報も確認してください。,y2026/q07,演習2026・第7問（基礎・労働安全衛生）
入院治療,入院治療,相談・連携・復職,相談・連携・復職,入院治療は、相談対応、社内外資源との連携、休業者の職場復帰支援に関わる用語です。,入院治療は、相談対応、社内外資源との連携、休業者の職場復帰支援に関わる用語です。まず「試験では「精神科は入院治療のみを行い、外来診療は心療内科が担当する」という誤り選択肢に注意する用語です」という出題上のポイントと結びつけて理解します。過去問・演習では「心療内科は心身症（心理的要因の身体症状）が専門、精神科は精神疾患全般」という形で扱われるため、単語だけでなく設問の場面も確認します。ラインケアの視点では、本人の話を聴き、必要な範囲で産業保健スタッフや社外資源へつなぐことが重要です。関連する用語として、うつ病、精神科、ストレス、外来治療もあわせて確認すると理解がつながります。,うつ病;精神科;ストレス,,A,演習の正答の要点は「心療内科は心身症（心理的要因の身体症状）が専門、精神科は精神疾患全般」です。誤り肢は根拠法令の取り違え、対象範囲の限定（のみ・必ず）、責任主体の混同（会社のみ・管理監督者のみ）に注意してください。,g-64158e879740e931,入院治療とは？意味・根拠・試験で押さえるポイント,入院治療は、相談・連携・復職分野で頻出の用語です。入院治療は、相談対応、社内外資源との連携、休業者の職場復帰支援に関わる用語です。本記事では意味、試験での出題の仕方、混同しやすい点を整理します。,入院治療は、相談対応、社内外資源との連携、休業者の職場復帰支援に関わる用語です。試験では「精神科は入院治療のみを行い、外来診療は心療内科が担当する。,入院治療は、相談対応、社内外資源との連携、休業者の職場復帰支援に関わる用語です。;まず「試験では「精神科は入院治療のみを行い、外来診療は心療内科が担当する」という誤り選択肢に注意する用語です」という出題上のポイントと結びつけて理解します。;過去問・演習では「心療内科は心身症（心理的要因の身体症状）が専門、精神科は精神疾患全般」という形で扱われるため、単語だけでなく設問の場面も確認します。;ラインケアの視点では、本人の話を聴き、必要な範囲で産業保健スタッフや社外資源へつなぐことが重要です。,手順の順序・禁止事項（やってはいけないこと）の混同;主治医と産業医の役割の逆転;管理監督者が医学的判断を抱え込む,「入院治療」は相談・連携・復職の重要語。定義→誰が何をするか→連携先の順で覚えると整理しやすい。,,,入院治療とは何ですか？,入院治療は、相談対応、社内外資源との連携、休業者の職場復帰支援に関わる用語です。,入院治療は試験でどのように問われますか？,「入院治療」は定義に加え、演習問題の正答肢キーワードと照合して覚えると定着しやすいです。関連演習へリンクした問題を解き、用語記事に戻って確認してください。,入院治療を学習するときの注意点は？,単語だけでなく、ラインケア・安全配慮・専門職連携の流れの中で意味を確認してください。数値や義務の有無は法令改正で変わる場合があるため、受験前に公式情報も確認してください。,y2026/q73,演習2026・第73問（入院治療）
公法的規制,公法的規制,基礎・役割,基礎・役割,公法的規制は、メンタルヘルスケアの意義、管理監督者の役割、ストレスや疾病の基礎理解に関わる用語です。,公法的規制は、メンタルヘルスケアの意義、管理監督者の役割、ストレスや疾病の基礎理解に関わる用語です。まず「公法的規制（労働安全衛生法等）は国が事業者に義務を課すもので、違反は刑事・行政罰の対象」という出題上のポイントと結びつけて理解します。過去問・演習では「公法的規制（労働安全衛生法等）は国が事業者に義務を課すもので、違反は刑事・行政罰の対象」という形で扱われるため、単語だけでなく設問の場面も確認します。ラインケアの視点では、管理監督者が医学的判断を抱え込まず、職場で観察できる事実と専門職への連携を分けて理解することが重要です。関連する用語として、安全配慮義務、私法的規制、刑事罰もあわせて確認すると理解がつながります。,安全配慮義務;私法的規制;刑事罰,,A,演習の正答の要点は「公法的規制（労働安全衛生法等）は国が事業者に義務を課すもので、違反は刑事・行政罰の対象」です。誤り肢は根拠法令の取り違え、対象範囲の限定（のみ・必ず）、責任主体の混同（会社のみ・管理監督者のみ）に注意してください。,g-27773001da4e0d60,公法的規制とは？意味・根拠・試験で押さえるポイント,公法的規制は、基礎・役割分野で頻出の用語です。公法的規制は、メンタルヘルスケアの意義、管理監督者の役割、ストレスや疾病の基礎理解に関わる用語です。本記事では意味、試験での出題の仕方、混同しやすい点を整理します。,公法的規制は、メンタルヘルスケアの意義、管理監督者の役割、ストレスや疾病の基礎理解に関わる用語です。公法的規制（労働安全衛生法等）は国が事業者に義務を課すもので、違反は刑事・行政罰の対象。,公法的規制は、メンタルヘルスケアの意義、管理監督者の役割、ストレスや疾病の基礎理解に関わる用語です。;まず「公法的規制（労働安全衛生法等）は国が事業者に義務を課すもので、違反は刑事・行政罰の対象」という出題上のポイントと結びつけて理解します。;過去問・演習では「公法的規制（労働安全衛生法等）は国が事業者に義務を課すもので、違反は刑事・行政罰の対象」という形で扱われるため、単語だけでなく設問の場面も確認します。;ラインケアの視点では、管理監督者が医学的判断を抱え込まず、職場で観察できる事実と専門職への連携を分けて理解することが重要です。,根拠法令（労基法・労契法・労安法）の取り違え;「のみ」「必ず」などの断定表現に注意;管理監督者が医学的判断を抱え込む,「公法的規制」は基礎・役割の重要語。定義→誰が何をするか→連携先の順で覚えると整理しやすい。,,,公法的規制とは何ですか？,公法的規制は、メンタルヘルスケアの意義、管理監督者の役割、ストレスや疾病の基礎理解に関わる用語です。,公法的規制は試験でどのように問われますか？,「公法的規制」は定義に加え、演習問題の正答肢キーワードと照合して覚えると定着しやすいです。関連演習へリンクした問題を解き、用語記事に戻って確認してください。,公法的規制を学習するときの注意点は？,単語だけでなく、ラインケア・安全配慮・専門職連携の流れの中で意味を確認してください。数値や義務の有無は法令改正で変わる場合があるため、受験前に公式情報も確認してください。,y2026/q38,演習2026・第38問（公法・私法）
公的自己意識,公的自己意識,基礎・役割,基礎・役割,公的自己意識は、仕事の量や質、人間関係、裁量、支援、個人要因などがストレス反応にどう関わるかを整理する際に使われます。,公的自己意識は、仕事の量や質、人間関係、裁量、支援、個人要因などがストレス反応にどう関わるかを整理する際に使われます。職場のメンタルヘルスでは、本人の弱さだけでなく、環境要因と緩衝要因を合わせて見ることが重要です。職場では、用語の意味だけでなく、誰が対応し、どの情報を共有し、どの専門職につなぐかまで確認します。実務では、用語を単独で覚えるのではなく、ラインケア・安全配慮・専門職連携の流れに置いて確認します。,36協定;DALYs損失;ILO（国際労働機関）,,A,「公的自己意識」は選択肢で根拠・対象範囲・責任の所在がずれる肢に注意してください。「のみ」「必ず」などの断定は定義と照合し、管理監督者が医学的判断を抱え込まない点も確認します。,g-09e96c8807bc32c2,公的自己意識とは？意味・根拠・試験で押さえるポイント,公的自己意識は、基礎・役割分野で頻出の用語です。公的自己意識は、仕事の量や質、人間関係、裁量、支援、個人要因などがストレス反応にどう関わるかを整理する際に使われます。本記事では意味、試験での出題の仕方、混同しやすい点を整理します。,公的自己意識は、仕事の量や質、人間関係、裁量、支援、個人要因などがストレス反応にどう関わるかを整理する際に使われます。職場のメンタルヘルスでは、本人の弱さだけでなく、環境要因と緩衝要因を合わせて見ることが重要です。,公的自己意識は、仕事の量や質、人間関係、裁量、支援、個人要因などがストレス反応にどう関わるかを整理する際に使われます。;職場のメンタルヘルスでは、本人の弱さだけでなく、環境要因と緩衝要因を合わせて見ることが重要です。;職場では、用語の意味だけでなく、誰が対応し、どの情報を共有し、どの専門職につなぐかまで確認します。;実務では、用語を単独で覚えるのではなく、ラインケア・安全配慮・専門職連携の流れに置いて確認します。,根拠法令（労基法・労契法・労安法）の取り違え;「のみ」「必ず」などの断定表現に注意;管理監督者が医学的判断を抱え込む,「公的自己意識」は基礎・役割分野の用語。定義→職場での見方→連携先の順で整理し、関連演習で確認してください。,,,公的自己意識とは何ですか？,公的自己意識は、仕事の量や質、人間関係、裁量、支援、個人要因などがストレス反応にどう関わるかを整理する際に使われます。,公的自己意識は試験でどのように問われますか？,「公的自己意識」は定義に加え、演習問題の正答肢キーワードと照合して覚えると定着しやすいです。関連演習へリンクした問題を解き、用語記事に戻って確認してください。,公的自己意識を学習するときの注意点は？,単語だけでなく、ラインケア・安全配慮・専門職連携の流れの中で意味を確認してください。数値や義務の有無は法令改正で変わる場合があるため、受験前に公式情報も確認してください。,y2026/q07,演習2026・第7問（基礎・労働安全衛生）
内部EAP,内部EAP,相談・連携・復職,相談・連携・復職,内部EAPは、相談対応、社内外資源との連携、休業者の職場復帰支援に関わる用語です。,内部EAPは、相談対応、社内外資源との連携、休業者の職場復帰支援に関わる用語です。まず「内部EAPは社内スタッフが提供するもの」という出題上のポイントと結びつけて理解します。過去問・演習では「外部EAPは匿名性が高く、社内に知られたくない労働者が利用しやすい」という形で扱われるため、単語だけでなく設問の場面も確認します。ラインケアの視点では、本人の話を聴き、必要な範囲で産業保健スタッフや社外資源へつなぐことが重要です。関連する用語として、外部EAPもあわせて確認すると理解がつながります。,外部EAP;確認すると理解がつながります,,A,演習の正答の要点は「外部EAPは匿名性が高く、社内に知られたくない労働者が利用しやすい」です。誤り肢は根拠法令の取り違え、対象範囲の限定（のみ・必ず）、責任主体の混同（会社のみ・管理監督者のみ）に注意してください。,g-3edbef9f21aad33b,内部EAPとは？意味・根拠・試験で押さえるポイント,内部EAPは、相談・連携・復職分野で頻出の用語です。内部EAPは、相談対応、社内外資源との連携、休業者の職場復帰支援に関わる用語です。本記事では意味、試験での出題の仕方、混同しやすい点を整理します。,内部EAPは、相談対応、社内外資源との連携、休業者の職場復帰支援に関わる用語です。内部EAPは社内スタッフが提供するもの。,内部EAPは、相談対応、社内外資源との連携、休業者の職場復帰支援に関わる用語です。;まず「内部EAPは社内スタッフが提供するもの」という出題上のポイントと結びつけて理解します。;過去問・演習では「外部EAPは匿名性が高く、社内に知られたくない労働者が利用しやすい」という形で扱われるため、単語だけでなく設問の場面も確認します。;ラインケアの視点では、本人の話を聴き、必要な範囲で産業保健スタッフや社外資源へつなぐことが重要です。,手順の順序・禁止事項（やってはいけないこと）の混同;主治医と産業医の役割の逆転;管理監督者が医学的判断を抱え込む,「内部EAP」は相談・連携・復職の重要語。定義→誰が何をするか→連携先の順で覚えると整理しやすい。,,,内部EAPとは何ですか？,内部EAPは、相談対応、社内外資源との連携、休業者の職場復帰支援に関わる用語です。,内部EAPは試験でどのように問われますか？,「内部EAP」は定義に加え、演習問題の正答肢キーワードと照合して覚えると定着しやすいです。関連演習へリンクした問題を解き、用語記事に戻って確認してください。,内部EAPを学習するときの注意点は？,単語だけでなく、ラインケア・安全配慮・専門職連携の流れの中で意味を確認してください。数値や義務の有無は法令改正で変わる場合があるため、受験前に公式情報も確認してください。,y2026/q72,演習2026・第72問（内部EAP）
刑事罰,刑事罰,基礎・役割,基礎・役割,刑事罰は、メンタルヘルスケアの意義、管理監督者の役割、ストレスや疾病の基礎理解に関わる用語です。,刑事罰は、メンタルヘルスケアの意義、管理監督者の役割、ストレスや疾病の基礎理解に関わる用語です。まず「心身両面の健康を対象とし、違反は民事上の損害賠償責任（刑事罰ではない）につながる」という出題上のポイントと結びつけて理解します。過去問・演習では「労働契約法5条は使用者の安全配慮義務を明文化した規定」という形で扱われるため、単語だけでなく設問の場面も確認します。ラインケアの視点では、管理監督者が医学的判断を抱え込まず、職場で観察できる事実と専門職への連携を分けて理解することが重要です。関連する用語として、安全配慮義務、公法的規制、私法的規制、安全配慮義務の履行者もあわせて確認すると理解がつながります。,安全配慮義務;公法的規制;私法的規制,,A,演習の正答の要点は「労働契約法5条は使用者の安全配慮義務を明文化した規定」です。誤り肢は根拠法令の取り違え、対象範囲の限定（のみ・必ず）、責任主体の混同（会社のみ・管理監督者のみ）に注意してください。,g-252a8330af22ee1b,刑事罰とは？意味・根拠・試験で押さえるポイント,刑事罰は、基礎・役割分野で頻出の用語です。刑事罰は、メンタルヘルスケアの意義、管理監督者の役割、ストレスや疾病の基礎理解に関わる用語です。本記事では意味、試験での出題の仕方、混同しやすい点を整理します。,刑事罰は、メンタルヘルスケアの意義、管理監督者の役割、ストレスや疾病の基礎理解に関わる用語です。心身両面の健康を対象とし、違反は民事上の損害賠償責任（刑事罰ではない）につながる。,刑事罰は、メンタルヘルスケアの意義、管理監督者の役割、ストレスや疾病の基礎理解に関わる用語です。;まず「心身両面の健康を対象とし、違反は民事上の損害賠償責任（刑事罰ではない）につながる」という出題上のポイントと結びつけて理解します。;過去問・演習では「労働契約法5条は使用者の安全配慮義務を明文化した規定」という形で扱われるため、単語だけでなく設問の場面も確認します。;ラインケアの視点では、管理監督者が医学的判断を抱え込まず、職場で観察できる事実と専門職への連携を分けて理解することが重要です。,根拠法令（労基法・労契法・労安法）の取り違え;「のみ」「必ず」などの断定表現に注意;管理監督者が医学的判断を抱え込む,「刑事罰」は基礎・役割の重要語。定義→誰が何をするか→連携先の順で覚えると整理しやすい。,,,刑事罰とは何ですか？,刑事罰は、メンタルヘルスケアの意義、管理監督者の役割、ストレスや疾病の基礎理解に関わる用語です。,刑事罰は試験でどのように問われますか？,「刑事罰」は定義に加え、演習問題の正答肢キーワードと照合して覚えると定着しやすいです。関連演習へリンクした問題を解き、用語記事に戻って確認してください。,刑事罰を学習するときの注意点は？,単語だけでなく、ラインケア・安全配慮・専門職連携の流れの中で意味を確認してください。数値や義務の有無は法令改正で変わる場合があるため、受験前に公式情報も確認してください。,y2026/q01,演習2026・第1問（刑事罰）
前払一時金,前払一時金,基礎・役割,基礎・役割,前払一時金は、業務と疾病・損害との関係、会社の安全配慮義務、労災補償、損害賠償額の調整などを考える場面で出てきます。,前払一時金は、業務と疾病・損害との関係、会社の安全配慮義務、労災補償、損害賠償額の調整などを考える場面で出てきます。メンタルヘルス不調でも、長時間労働やハラスメントなど業務上の要因が問題になることがあります。職場では、用語の意味だけでなく、誰が対応し、どの情報を共有し、どの専門職につなぐかまで確認します。実務では、用語を単独で覚えるのではなく、ラインケア・安全配慮・専門職連携の流れに置いて確認します。,36協定;DALYs損失;ILO（国際労働機関）,,A,「前払一時金」は選択肢で根拠・対象範囲・責任の所在がずれる肢に注意してください。「のみ」「必ず」などの断定は定義と照合し、管理監督者が医学的判断を抱え込まない点も確認します。,g-207dcbf3a7586cc3,前払一時金とは？意味・根拠・試験で押さえるポイント,前払一時金は、基礎・役割分野で頻出の用語です。前払一時金は、業務と疾病・損害との関係、会社の安全配慮義務、労災補償、損害賠償額の調整などを考える場面で出てきます。本記事では意味、試験での出題の仕方、混同しやすい点を整理します。,前払一時金は、業務と疾病・損害との関係、会社の安全配慮義務、労災補償、損害賠償額の調整などを考える場面で出てきます。メンタルヘルス不調でも、長時間労働やハラスメントなど業務上の要因が問題になることがあります。,前払一時金は、業務と疾病・損害との関係、会社の安全配慮義務、労災補償、損害賠償額の調整などを考える場面で出てきます。;メンタルヘルス不調でも、長時間労働やハラスメントなど業務上の要因が問題になることがあります。;職場では、用語の意味だけでなく、誰が対応し、どの情報を共有し、どの専門職につなぐかまで確認します。;実務では、用語を単独で覚えるのではなく、ラインケア・安全配慮・専門職連携の流れに置いて確認します。,根拠法令（労基法・労契法・労安法）の取り違え;「のみ」「必ず」などの断定表現に注意;管理監督者が医学的判断を抱え込む,「前払一時金」は基礎・役割分野の用語。定義→職場での見方→連携先の順で整理し、関連演習で確認してください。,,,前払一時金とは何ですか？,前払一時金は、業務と疾病・損害との関係、会社の安全配慮義務、労災補償、損害賠償額の調整などを考える場面で出てきます。,前払一時金は試験でどのように問われますか？,「前払一時金」は定義に加え、演習問題の正答肢キーワードと照合して覚えると定着しやすいです。関連演習へリンクした問題を解き、用語記事に戻って確認してください。,前払一時金を学習するときの注意点は？,単語だけでなく、ラインケア・安全配慮・専門職連携の流れの中で意味を確認してください。数値や義務の有無は法令改正で変わる場合があるため、受験前に公式情報も確認してください。,y2026/q07,演習2026・第7問（基礎・労働安全衛生）
努力−報酬不均衡モデル,努力−報酬不均衡モデル,基礎・役割,基礎・役割,努力−報酬不均衡モデルは、メンタルヘルスケアの意義、管理監督者の役割、ストレスや疾病の基礎理解に関わる用語です。,努力−報酬不均衡モデルは、メンタルヘルスケアの意義、管理監督者の役割、ストレスや疾病の基礎理解に関わる用語です。まず「Siegristの努力−報酬不均衡モデルは、高努力・低報酬の不均衡がストレス源となるとする」という出題上のポイントと結びつけて理解します。過去問・演習では「Siegristの努力−報酬不均衡モデルは、高努力・低報酬の不均衡がストレス源となるとする」という形で扱われるため、単語だけでなく設問の場面も確認します。ラインケアの視点では、管理監督者が医学的判断を抱え込まず、職場で観察できる事実と専門職への連携を分けて理解することが重要です。関連する用語として、ストレスもあわせて確認すると理解がつながります。,ストレス;確認すると理解がつながります,,A,演習の正答の要点は「Siegristの努力−報酬不均衡モデルは、高努力・低報酬の不均衡がストレス源となるとする」です。誤り肢は根拠法令の取り違え、対象範囲の限定（のみ・必ず）、責任主体の混同（会社のみ・管理監督者のみ）に注意してください。,g-20bf31ed0e186d9c,努力−報酬不均衡モデルとは？意味・根拠・試験で押さえるポイント,努力−報酬不均衡モデルは、基礎・役割分野で頻出の用語です。努力−報酬不均衡モデルは、メンタルヘルスケアの意義、管理監督者の役割、ストレスや疾病の基礎理解に関わる用語です。本記事では意味、試験での出題の仕方、混同しやすい点を整理します。,努力−報酬不均衡モデルは、メンタルヘルスケアの意義、管理監督者の役割、ストレスや疾病の基礎理解に関わる用語です。Siegristの努力−報酬不均衡モデルは、高努力・低報酬の不均衡がストレス源となるとする。,努力−報酬不均衡モデルは、メンタルヘルスケアの意義、管理監督者の役割、ストレスや疾病の基礎理解に関わる用語です。;まず「Siegristの努力−報酬不均衡モデルは、高努力・低報酬の不均衡がストレス源となるとする」という出題上のポイントと結びつけて理解します。;過去問・演習では「Siegristの努力−報酬不均衡モデルは、高努力・低報酬の不均衡がストレス源となるとする」という形で扱われるため、単語だけでなく設問の場面も確認します。;ラインケアの視点では、管理監督者が医学的判断を抱え込まず、職場で観察できる事実と専門職への連携を分けて理解することが重要です。,根拠法令（労基法・労契法・労安法）の取り違え;「のみ」「必ず」などの断定表現に注意;管理監督者が医学的判断を抱え込む,「努力−報酬不均衡モデル」は基礎・役割の重要語。定義→誰が何をするか→連携先の順で覚えると整理しやすい。,,,努力−報酬不均衡モデルとは何ですか？,努力−報酬不均衡モデルは、メンタルヘルスケアの意義、管理監督者の役割、ストレスや疾病の基礎理解に関わる用語です。,努力−報酬不均衡モデルは試験でどのように問われますか？,「努力−報酬不均衡モデル」は定義に加え、演習問題の正答肢キーワードと照合して覚えると定着しやすいです。関連演習へリンクした問題を解き、用語記事に戻って確認してください。,努力−報酬不均衡モデルを学習するときの注意点は？,単語だけでなく、ラインケア・安全配慮・専門職連携の流れの中で意味を確認してください。数値や義務の有無は法令改正で変わる場合があるため、受験前に公式情報も確認してください。,y2026/q56,演習2026・第56問（努力−報酬不均衡モデル）
労働基準法の災害補償,労働基準法の災害補償,基礎・役割,基礎・役割,労働基準法の災害補償は、職場での健康障害防止、労働時間管理、安全衛生体制、災害補償などと関係します。,労働基準法の災害補償は、職場での健康障害防止、労働時間管理、安全衛生体制、災害補償などと関係します。メンタルヘルス対策でも、長時間労働、ストレスチェック、面接指導、職場環境改善を制度面から支える基礎になります。職場では、用語の意味だけでなく、誰が対応し、どの情報を共有し、どの専門職につなぐかまで確認します。実務では、用語を単独で覚えるのではなく、ラインケア・安全配慮・専門職連携の流れに置いて確認します。,36協定;DALYs損失;ILO（国際労働機関）,,A,「労働基準法の災害補償」は選択肢で根拠・対象範囲・責任の所在がずれる肢に注意してください。「のみ」「必ず」などの断定は定義と照合し、管理監督者が医学的判断を抱え込まない点も確認します。,g-4aa2b4242c7bc421,労働基準法の災害補償とは？意味・根拠・試験で押さえるポイント,労働基準法の災害補償は、基礎・役割分野で頻出の用語です。労働基準法の災害補償は、職場での健康障害防止、労働時間管理、安全衛生体制、災害補償などと関係します。本記事では意味、試験での出題の仕方、混同しやすい点を整理します。,労働基準法の災害補償は、職場での健康障害防止、労働時間管理、安全衛生体制、災害補償などと関係します。メンタルヘルス対策でも、長時間労働、ストレスチェック、面接指導、職場環境改善を制度面から支える基礎になります。,労働基準法の災害補償は、職場での健康障害防止、労働時間管理、安全衛生体制、災害補償などと関係します。;メンタルヘルス対策でも、長時間労働、ストレスチェック、面接指導、職場環境改善を制度面から支える基礎になります。;職場では、用語の意味だけでなく、誰が対応し、どの情報を共有し、どの専門職につなぐかまで確認します。;実務では、用語を単独で覚えるのではなく、ラインケア・安全配慮・専門職連携の流れに置いて確認します。,根拠法令（労基法・労契法・労安法）の取り違え;「のみ」「必ず」などの断定表現に注意;管理監督者が医学的判断を抱え込む,「労働基準法の災害補償」は基礎・役割分野の用語。定義→職場での見方→連携先の順で整理し、関連演習で確認してください。,,,労働基準法の災害補償とは何ですか？,労働基準法の災害補償は、職場での健康障害防止、労働時間管理、安全衛生体制、災害補償などと関係します。,労働基準法の災害補償は試験でどのように問われますか？,「労働基準法の災害補償」は定義に加え、演習問題の正答肢キーワードと照合して覚えると定着しやすいです。関連演習へリンクした問題を解き、用語記事に戻って確認してください。,労働基準法の災害補償を学習するときの注意点は？,単語だけでなく、ラインケア・安全配慮・専門職連携の流れの中で意味を確認してください。数値や義務の有無は法令改正で変わる場合があるため、受験前に公式情報も確認してください。,y2026/q203,演習2026・第203問（労働基準法の災害補償）
労働基準監督署・労働局,労働基準監督署・労働局,基礎・役割,基礎・役割,労働基準監督署・労働局は、職場での健康障害防止、労働時間管理、安全衛生体制、災害補償などと関係します。,労働基準監督署・労働局は、職場での健康障害防止、労働時間管理、安全衛生体制、災害補償などと関係します。メンタルヘルス対策でも、長時間労働、ストレスチェック、面接指導、職場環境改善を制度面から支える基礎になります。職場では、用語の意味だけでなく、誰が対応し、どの情報を共有し、どの専門職につなぐかまで確認します。実務では、用語を単独で覚えるのではなく、ラインケア・安全配慮・専門職連携の流れに置いて確認します。,36協定;DALYs損失;ILO（国際労働機関）,,A,「労働基準監督署・労働局」は選択肢で根拠・対象範囲・責任の所在がずれる肢に注意してください。「のみ」「必ず」などの断定は定義と照合し、管理監督者が医学的判断を抱え込まない点も確認します。,g-7f0fe164325fddb7,労働基準監督署・労働局とは？意味・根拠・試験で押さえるポイント,労働基準監督署・労働局は、基礎・役割分野で頻出の用語です。労働基準監督署・労働局は、職場での健康障害防止、労働時間管理、安全衛生体制、災害補償などと関係します。本記事では意味、試験での出題の仕方、混同しやすい点を整理します。,労働基準監督署・労働局は、職場での健康障害防止、労働時間管理、安全衛生体制、災害補償などと関係します。メンタルヘルス対策でも、長時間労働、ストレスチェック、面接指導、職場環境改善を制度面から支える基礎になります。,労働基準監督署・労働局は、職場での健康障害防止、労働時間管理、安全衛生体制、災害補償などと関係します。;メンタルヘルス対策でも、長時間労働、ストレスチェック、面接指導、職場環境改善を制度面から支える基礎になります。;職場では、用語の意味だけでなく、誰が対応し、どの情報を共有し、どの専門職につなぐかまで確認します。;実務では、用語を単独で覚えるのではなく、ラインケア・安全配慮・専門職連携の流れに置いて確認します。,根拠法令（労基法・労契法・労安法）の取り違え;「のみ」「必ず」などの断定表現に注意;管理監督者が医学的判断を抱え込む,「労働基準監督署・労働局」は基礎・役割分野の用語。定義→職場での見方→連携先の順で整理し、関連演習で確認してください。,,,労働基準監督署・労働局とは何ですか？,労働基準監督署・労働局は、職場での健康障害防止、労働時間管理、安全衛生体制、災害補償などと関係します。,労働基準監督署・労働局は試験でどのように問われますか？,「労働基準監督署・労働局」は定義に加え、演習問題の正答肢キーワードと照合して覚えると定着しやすいです。関連演習へリンクした問題を解き、用語記事に戻って確認してください。,労働基準監督署・労働局を学習するときの注意点は？,単語だけでなく、ラインケア・安全配慮・専門職連携の流れの中で意味を確認してください。数値や義務の有無は法令改正で変わる場合があるため、受験前に公式情報も確認してください。,y2026/q169,演習2026・第169問（労働基準監督署・労働局）
労働安全衛生マネジメントシステム（OSHMS）,労働安全衛生マネジメントシステム（OSHMS）,基礎・役割,基礎・役割,労働安全衛生マネジメントシステム（OSHMS）は、職場での健康障害防止、労働時間管理、安全衛生体制、災害補償などと関係します。,労働安全衛生マネジメントシステム（OSHMS）は、職場での健康障害防止、労働時間管理、安全衛生体制、災害補償などと関係します。メンタルヘルス対策でも、長時間労働、ストレスチェック、面接指導、職場環境改善を制度面から支える基礎になります。職場では、用語の意味だけでなく、誰が対応し、どの情報を共有し、どの専門職につなぐかまで確認します。実務では、用語を単独で覚えるのではなく、ラインケア・安全配慮・専門職連携の流れに置いて確認します。,36協定;DALYs損失;ILO（国際労働機関）,,A,「労働安全衛生マネジメントシステム（OSHMS）」は選択肢で根拠・対象範囲・責任の所在がずれる肢に注意してください。「のみ」「必ず」などの断定は定義と照合し、管理監督者が医学的判断を抱え込まない点も確認します。,oshms,労働安全衛生マネジメントシステム（OSHMS）とは？意味・根拠・試験で押さえるポイント,労働安全衛生マネジメントシステム（OSHMS）は、基礎・役割分野で頻出の用語です。労働安全衛生マネジメントシステム（OSHMS）は、職場での健康障害防止、労働時間管理、安全衛生体制、災害補償などと関係します。本記事では意味、試験での出題の仕方、混同しやすい点を整理します。,労働安全衛生マネジメントシステム（OSHMS）は、職場での健康障害防止、労働時間管理、安全衛生体制、災害補償などと関係します。メンタルヘルス対策でも、長時間労働、ストレスチェック、面接指導、職場環境改善を制度面から支える基礎になります。,労働安全衛生マネジメントシステム（OSHMS）は、職場での健康障害防止、労働時間管理、安全衛生体制、災害補償などと関係します。;メンタルヘルス対策でも、長時間労働、ストレスチェック、面接指導、職場環境改善を制度面から支える基礎になります。;職場では、用語の意味だけでなく、誰が対応し、どの情報を共有し、どの専門職につなぐかまで確認します。;実務では、用語を単独で覚えるのではなく、ラインケア・安全配慮・専門職連携の流れに置いて確認します。,根拠法令（労基法・労契法・労安法）の取り違え;「のみ」「必ず」などの断定表現に注意;管理監督者が医学的判断を抱え込む,「労働安全衛生マネジメントシステム（OSHMS）」は基礎・役割分野の用語。定義→職場での見方→連携先の順で整理し、関連演習で確認してください。,,,労働安全衛生マネジメントシステム（OSHMS）とは何ですか？,労働安全衛生マネジメントシステム（OSHMS）は、職場での健康障害防止、労働時間管理、安全衛生体制、災害補償などと関係します。,労働安全衛生マネジメントシステム（OSHMS）は試験でどのように問われますか？,「労働安全衛生マネジメントシステム（OSHMS）」は定義に加え、演習問題の正答肢キーワードと照合して覚えると定着しやすいです。関連演習へリンクした問題を解き、用語記事に戻って確認してください。,労働安全衛生マネジメントシステム（OSHMS）を学習するときの注意点は？,単語だけでなく、ラインケア・安全配慮・専門職連携の流れの中で意味を確認してください。数値や義務の有無は法令改正で変わる場合があるため、受験前に公式情報も確認してください。,y2026/q01,演習2026・第1問（労働安全衛生マネジメントシステム（OSHMS））
労働安全衛生法の改正,労働安全衛生法の改正,基礎・役割,基礎・役割,労働安全衛生法の改正は、職場での健康障害防止、労働時間管理、安全衛生体制、災害補償などと関係します。,労働安全衛生法の改正は、職場での健康障害防止、労働時間管理、安全衛生体制、災害補償などと関係します。メンタルヘルス対策でも、長時間労働、ストレスチェック、面接指導、職場環境改善を制度面から支える基礎になります。職場では、用語の意味だけでなく、誰が対応し、どの情報を共有し、どの専門職につなぐかまで確認します。実務では、用語を単独で覚えるのではなく、ラインケア・安全配慮・専門職連携の流れに置いて確認します。,36協定;DALYs損失;ILO（国際労働機関）,,A,「労働安全衛生法の改正」は選択肢で根拠・対象範囲・責任の所在がずれる肢に注意してください。「のみ」「必ず」などの断定は定義と照合し、管理監督者が医学的判断を抱え込まない点も確認します。,g-75bf0aa877a143f7,労働安全衛生法の改正とは？意味・根拠・試験で押さえるポイント,労働安全衛生法の改正は、基礎・役割分野で頻出の用語です。労働安全衛生法の改正は、職場での健康障害防止、労働時間管理、安全衛生体制、災害補償などと関係します。本記事では意味、試験での出題の仕方、混同しやすい点を整理します。,労働安全衛生法の改正は、職場での健康障害防止、労働時間管理、安全衛生体制、災害補償などと関係します。メンタルヘルス対策でも、長時間労働、ストレスチェック、面接指導、職場環境改善を制度面から支える基礎になります。,労働安全衛生法の改正は、職場での健康障害防止、労働時間管理、安全衛生体制、災害補償などと関係します。;メンタルヘルス対策でも、長時間労働、ストレスチェック、面接指導、職場環境改善を制度面から支える基礎になります。;職場では、用語の意味だけでなく、誰が対応し、どの情報を共有し、どの専門職につなぐかまで確認します。;実務では、用語を単独で覚えるのではなく、ラインケア・安全配慮・専門職連携の流れに置いて確認します。,根拠法令（労基法・労契法・労安法）の取り違え;「のみ」「必ず」などの断定表現に注意;管理監督者が医学的判断を抱え込む,「労働安全衛生法の改正」は基礎・役割分野の用語。定義→職場での見方→連携先の順で整理し、関連演習で確認してください。,,,労働安全衛生法の改正とは何ですか？,労働安全衛生法の改正は、職場での健康障害防止、労働時間管理、安全衛生体制、災害補償などと関係します。,労働安全衛生法の改正は試験でどのように問われますか？,「労働安全衛生法の改正」は定義に加え、演習問題の正答肢キーワードと照合して覚えると定着しやすいです。関連演習へリンクした問題を解き、用語記事に戻って確認してください。,労働安全衛生法の改正を学習するときの注意点は？,単語だけでなく、ラインケア・安全配慮・専門職連携の流れの中で意味を確認してください。数値や義務の有無は法令改正で変わる場合があるため、受験前に公式情報も確認してください。,y2026/q01,演習2026・第1問（労働安全衛生法の改正）
労働安全衛生法の目的,労働安全衛生法の目的,基礎・役割,基礎・役割,労働安全衛生法の目的は、職場での健康障害防止、労働時間管理、安全衛生体制、災害補償などと関係します。,労働安全衛生法の目的は、職場での健康障害防止、労働時間管理、安全衛生体制、災害補償などと関係します。メンタルヘルス対策でも、長時間労働、ストレスチェック、面接指導、職場環境改善を制度面から支える基礎になります。職場では、用語の意味だけでなく、誰が対応し、どの情報を共有し、どの専門職につなぐかまで確認します。実務では、用語を単独で覚えるのではなく、ラインケア・安全配慮・専門職連携の流れに置いて確認します。,36協定;DALYs損失;ILO（国際労働機関）,,A,選択肢では根拠法令・対象範囲・責任の所在がずれる肢に注意し、用語の定義と照合してください。,g-088116a97b8ec7e7,労働安全衛生法の目的とは？意味・根拠・試験で押さえるポイント,労働安全衛生法の目的は、基礎・役割分野で頻出の用語です。労働安全衛生法の目的は、職場での健康障害防止、労働時間管理、安全衛生体制、災害補償などと関係します。本記事では意味、試験での出題の仕方、混同しやすい点を整理します。,労働安全衛生法の目的は、職場での健康障害防止、労働時間管理、安全衛生体制、災害補償などと関係します。,労働安全衛生法の目的は、職場での健康障害防止、労働時間管理、安全衛生体制、災害補償などと関係します。;メンタルヘルス対策でも、長時間労働、ストレスチェック、面接指導、職場環境改善を制度面から支える基礎になります。;職場では、用語の意味だけでなく、誰が対応し、どの情報を共有し、どの専門職につなぐかまで確認します。;実務では、用語を単独で覚えるのではなく、ラインケア・安全配慮・専門職連携の流れに置いて確認します。,根拠法令（労基法・労契法・労安法）の取り違え;「のみ」「必ず」などの断定表現に注意;管理監督者が医学的判断を抱え込む,「労働安全衛生法の目的」は基礎・役割の重要語。定義→誰が何をするか→連携先の順で覚えると整理しやすい。,,,労働安全衛生法の目的とは何ですか？,労働安全衛生法の目的は、職場での健康障害防止、労働時間管理、安全衛生体制、災害補償などと関係します。,労働安全衛生法の目的は試験でどのように問われますか？,「労働安全衛生法の目的」は定義に加え、演習問題の正答肢キーワードと照合して覚えると定着しやすいです。関連演習へリンクした問題を解き、用語記事に戻って確認してください。,労働安全衛生法の目的を学習するときの注意点は？,単語だけでなく、ラインケア・安全配慮・専門職連携の流れの中で意味を確認してください。数値や義務の有無は法令改正で変わる場合があるため、受験前に公式情報も確認してください。,y2026/q07,演習2026・第7問（労働安全衛生法）
労働安全衛生調査,労働安全衛生調査,基礎・役割,基礎・役割,労働安全衛生調査は、メンタルヘルスケアの意義、管理監督者の役割、ストレスや疾病の基礎理解に関わる用語です。,労働安全衛生調査は、メンタルヘルスケアの意義、管理監督者の役割、ストレスや疾病の基礎理解に関わる用語です。まず「労働安全衛生調査では「仕事の質・量」が強いストレスの原因として最上位に挙げられることが多い」という出題上のポイントと結びつけて理解します。過去問・演習では「労働安全衛生調査のストレス原因上位は「仕事の質・量」「対人関係」「仕事の失敗・責任」」という形で扱われるため、単語だけでなく設問の場面も確認します。ラインケアの視点では、管理監督者が医学的判断を抱え込まず、職場で観察できる事実と専門職への連携を分けて理解することが重要です。関連する用語として、ストレスもあわせて確認すると理解がつながります。,ストレス;確認すると理解がつながります,,A,演習の正答の要点は「労働安全衛生調査のストレス原因上位は「仕事の質・量」です。誤り肢は根拠法令の取り違え、対象範囲の限定（のみ・必ず）、責任主体の混同（会社のみ・管理監督者のみ）に注意してください。,g-081d1b24e5375e25,労働安全衛生調査とは？意味・根拠・試験で押さえるポイント,労働安全衛生調査は、基礎・役割分野で頻出の用語です。労働安全衛生調査は、メンタルヘルスケアの意義、管理監督者の役割、ストレスや疾病の基礎理解に関わる用語です。本記事では意味、試験での出題の仕方、混同しやすい点を整理します。,労働安全衛生調査は、メンタルヘルスケアの意義、管理監督者の役割、ストレスや疾病の基礎理解に関わる用語です。労働安全衛生調査では「仕事の質・量。,労働安全衛生調査は、メンタルヘルスケアの意義、管理監督者の役割、ストレスや疾病の基礎理解に関わる用語です。;まず「労働安全衛生調査では「仕事の質・量」が強いストレスの原因として最上位に挙げられることが多い」という出題上のポイントと結びつけて理解します。;過去問・演習では「労働安全衛生調査のストレス原因上位は「仕事の質・量」「対人関係」「仕事の失敗・責任」」という形で扱われるため、単語だけでなく設問の場面も確認します。;ラインケアの視点では、管理監督者が医学的判断を抱え込まず、職場で観察できる事実と専門職への連携を分けて理解することが重要です。,根拠法令（労基法・労契法・労安法）の取り違え;「のみ」「必ず」などの断定表現に注意;管理監督者が医学的判断を抱え込む,「労働安全衛生調査」は基礎・役割の重要語。定義→誰が何をするか→連携先の順で覚えると整理しやすい。,,,労働安全衛生調査とは何ですか？,労働安全衛生調査は、メンタルヘルスケアの意義、管理監督者の役割、ストレスや疾病の基礎理解に関わる用語です。,労働安全衛生調査は試験でどのように問われますか？,「労働安全衛生調査」は定義に加え、演習問題の正答肢キーワードと照合して覚えると定着しやすいです。関連演習へリンクした問題を解き、用語記事に戻って確認してください。,労働安全衛生調査を学習するときの注意点は？,単語だけでなく、ラインケア・安全配慮・専門職連携の流れの中で意味を確認してください。数値や義務の有無は法令改正で変わる場合があるため、受験前に公式情報も確認してください。,y2026/q01,演習2026・第1問（労働安全衛生調査）
労働時間管理の重要性,労働時間管理の重要性,基礎・役割,基礎・役割,労働時間管理の重要性は、時間外・休日労働、疲労の蓄積、医師による面接指導、就業上の措置と関係します。,労働時間管理の重要性は、時間外・休日労働、疲労の蓄積、医師による面接指導、就業上の措置と関係します。長時間労働はメンタルヘルス不調や脳・心臓疾患のリスクにもつながるため、管理監督者は労働時間と仕事ぶりの変化を早めに把握します。職場では、用語の意味だけでなく、誰が対応し、どの情報を共有し、どの専門職につなぐかまで確認します。実務では、用語を単独で覚えるのではなく、ラインケア・安全配慮・専門職連携の流れに置いて確認します。,36協定;DALYs損失;ILO（国際労働機関）,,A,「労働時間管理の重要性」は選択肢で根拠・対象範囲・責任の所在がずれる肢に注意してください。「のみ」「必ず」などの断定は定義と照合し、管理監督者が医学的判断を抱え込まない点も確認します。,g-5e435b147dddd1c6,労働時間管理の重要性とは？意味・根拠・試験で押さえるポイント,労働時間管理の重要性は、基礎・役割分野で頻出の用語です。労働時間管理の重要性は、時間外・休日労働、疲労の蓄積、医師による面接指導、就業上の措置と関係します。本記事では意味、試験での出題の仕方、混同しやすい点を整理します。,労働時間管理の重要性は、時間外・休日労働、疲労の蓄積、医師による面接指導、就業上の措置と関係します。長時間労働はメンタルヘルス不調や脳・心臓疾患のリスクにもつながるため、管理監督者は労働時間と仕事ぶりの変化を早めに把握します。,労働時間管理の重要性は、時間外・休日労働、疲労の蓄積、医師による面接指導、就業上の措置と関係します。;長時間労働はメンタルヘルス不調や脳・心臓疾患のリスクにもつながるため、管理監督者は労働時間と仕事ぶりの変化を早めに把握します。;職場では、用語の意味だけでなく、誰が対応し、どの情報を共有し、どの専門職につなぐかまで確認します。;実務では、用語を単独で覚えるのではなく、ラインケア・安全配慮・専門職連携の流れに置いて確認します。,根拠法令（労基法・労契法・労安法）の取り違え;「のみ」「必ず」などの断定表現に注意;管理監督者が医学的判断を抱え込む,「労働時間管理の重要性」は基礎・役割分野の用語。定義→職場での見方→連携先の順で整理し、関連演習で確認してください。,,,労働時間管理の重要性とは何ですか？,労働時間管理の重要性は、時間外・休日労働、疲労の蓄積、医師による面接指導、就業上の措置と関係します。,労働時間管理の重要性は試験でどのように問われますか？,「労働時間管理の重要性」は定義に加え、演習問題の正答肢キーワードと照合して覚えると定着しやすいです。関連演習へリンクした問題を解き、用語記事に戻って確認してください。,労働時間管理の重要性を学習するときの注意点は？,単語だけでなく、ラインケア・安全配慮・専門職連携の流れの中で意味を確認してください。数値や義務の有無は法令改正で変わる場合があるため、受験前に公式情報も確認してください。,y2026/q40,演習2026・第40問（労働時間管理の重要性）
労働災害,労働災害,基礎・役割,基礎・役割,労働災害は、メンタルヘルスケアの意義、管理監督者の役割、ストレスや疾病の基礎理解に関わる用語です。,労働災害は、メンタルヘルスケアの意義、管理監督者の役割、ストレスや疾病の基礎理解に関わる用語です。まず「労働災害は、試験では「一般の労働者については、月80時間超の時間外・休日労働を行い疲労の蓄積が認められる者が申し出た場合に、医師による面接指導が義務となる」という文脈で確認される用語です」という出題上のポイントと結びつけて理解します。過去問・演習では「一般の労働者については、月80時間超の時間外・休日労働を行い疲労の蓄積が認められる者が申し出た場合に、医師による面接指導が義務となる」という形で扱われるため、単語だけでなく設問の場面も確認します。ラインケアの視点では、管理監督者が医学的判断を抱え込まず、職場で観察できる事実と専門職への連携を分けて理解することが重要です。関連する用語として、面接指導、長時間労働、業務起因性、過労死等防止対策推進法もあわせて確認すると理解がつながります。,面接指導;長時間労働;業務起因性,,A,演習の正答の要点は「一般の労働者については、月80時間超の時間外・休日労働を行い疲労の蓄積が認められる者が申し出た場合に、医師による面接指導が義務となる」です。誤り肢は根拠法令の取り違え、対象範囲の限定（のみ・必ず）、責任主体の混同（会社のみ・管理監督者のみ）に注意してください。,g-156d5f8159bd4f09,労働災害とは？意味・根拠・試験で押さえるポイント,労働災害は、基礎・役割分野で頻出の用語です。労働災害は、メンタルヘルスケアの意義、管理監督者の役割、ストレスや疾病の基礎理解に関わる用語です。本記事では意味、試験での出題の仕方、混同しやすい点を整理します。,労働災害は、メンタルヘルスケアの意義、管理監督者の役割、ストレスや疾病の基礎理解に関わる用語です。労働災害は、試験では「一般の労働者については、月80時間超の時間外・休日労働を行い疲労の蓄積が認められる者が申し出た場合に、医師による面接指導が義務となる。,労働災害は、メンタルヘルスケアの意義、管理監督者の役割、ストレスや疾病の基礎理解に関わる用語です。;まず「労働災害は、試験では「一般の労働者については、月80時間超の時間外・休日労働を行い疲労の蓄積が認められる者が申し出た場合に、医師による面接指導が義務となる」という文脈で確認される用語です」という出題上のポイントと結びつけて理解します。;過去問・演習では「一般の労働者については、月80時間超の時間外・休日労働を行い疲労の蓄積が認められる者が申し出た場合に、医師による面接指導が義務となる」という形で扱われるため、単語だけでなく設問の場面も確認します。;ラインケアの視点では、管理監督者が医学的判断を抱え込まず、職場で観察できる事実と専門職への連携を分けて理解することが重要です。,根拠法令（労基法・労契法・労安法）の取り違え;「のみ」「必ず」などの断定表現に注意;管理監督者が医学的判断を抱え込む,「労働災害」は基礎・役割の重要語。定義→誰が何をするか→連携先の順で覚えると整理しやすい。,,,労働災害とは何ですか？,労働災害は、メンタルヘルスケアの意義、管理監督者の役割、ストレスや疾病の基礎理解に関わる用語です。,労働災害は試験でどのように問われますか？,「労働災害」は定義に加え、演習問題の正答肢キーワードと照合して覚えると定着しやすいです。関連演習へリンクした問題を解き、用語記事に戻って確認してください。,労働災害を学習するときの注意点は？,単語だけでなく、ラインケア・安全配慮・専門職連携の流れの中で意味を確認してください。数値や義務の有無は法令改正で変わる場合があるため、受験前に公式情報も確認してください。,y2026/q46,演習2026・第46問（労働災害）
労働者に対する相談対応,労働者に対する相談対応,相談・連携・復職,相談・連携・復職,労働者に対する相談対応では、管理監督者が一人で抱え込まず、本人の話を聴いたうえで、産業医、保健師、人事労務担当者、外部相談機関などへつなぐ流れを確認します。,労働者に対する相談対応では、管理監督者が一人で抱え込まず、本人の話を聴いたうえで、産業医、保健師、人事労務担当者、外部相談機関などへつなぐ流れを確認します。相談内容はプライバシーに配慮し、就業上必要な範囲で共有します。職場では、用語の意味だけでなく、誰が対応し、どの情報を共有し、どの専門職につなぐかまで確認します。実務では、本人の安心感を保ちつつ、社内外の支援先とどのタイミングで連携するかを意識します。,いのちの電話;こころの耳メール相談;こころの耳電話相談,,A,「労働者に対する相談対応」は選択肢で根拠・対象範囲・責任の所在がずれる肢に注意してください。「のみ」「必ず」などの断定は定義と照合し、管理監督者が医学的判断を抱え込まない点も確認します。,g-49e93cce9b534f22,労働者に対する相談対応とは？意味・根拠・試験で押さえるポイント,労働者に対する相談対応は、相談・連携・復職分野で頻出の用語です。労働者に対する相談対応では、管理監督者が一人で抱え込まず、本人の話を聴いたうえで、産業医、保健師、人事労務担当者、外部相談機関などへつなぐ流れを確認します。本記事では意味、試験での出題の仕方、混同しやすい点を整理します。,労働者に対する相談対応では、管理監督者が一人で抱え込まず、本人の話を聴いたうえで、産業医、保健師、人事労務担当者、外部相談機関などへつなぐ流れを確認します。相談内容はプライバシーに配慮し、就業上必要な範囲で共有します。,労働者に対する相談対応では、管理監督者が一人で抱え込まず、本人の話を聴いたうえで、産業医、保健師、人事労務担当者、外部相談機関などへつなぐ流れを確認します。;相談内容はプライバシーに配慮し、就業上必要な範囲で共有します。;職場では、用語の意味だけでなく、誰が対応し、どの情報を共有し、どの専門職につなぐかまで確認します。;実務では、本人の安心感を保ちつつ、社内外の支援先とどのタイミングで連携するかを意識します。,手順の順序・禁止事項（やってはいけないこと）の混同;主治医と産業医の役割の逆転;管理監督者が医学的判断を抱え込む,「労働者に対する相談対応」は相談・連携・復職分野の用語。定義→職場での見方→連携先の順で整理し、関連演習で確認してください。,,,労働者に対する相談対応とは何ですか？,労働者に対する相談対応では、管理監督者が一人で抱え込まず、本人の話を聴いたうえで、産業医、保健師、人事労務担当者、外部相談機関などへつなぐ流れを確認します。,労働者に対する相談対応は試験でどのように問われますか？,「労働者に対する相談対応」は定義に加え、演習問題の正答肢キーワードと照合して覚えると定着しやすいです。関連演習へリンクした問題を解き、用語記事に戻って確認してください。,労働者に対する相談対応を学習するときの注意点は？,単語だけでなく、ラインケア・安全配慮・専門職連携の流れの中で意味を確認してください。数値や義務の有無は法令改正で変わる場合があるため、受験前に公式情報も確認してください。,y2026/q32,演習2026・第32問（相談窓口）
労働者の健康管理,労働者の健康管理,職場環境・配慮,職場環境・配慮,労働者の健康管理は、職場環境の評価・改善、個々の労働者への配慮、ストレスチェック制度に関わる用語です。,労働者の健康管理は、職場環境の評価・改善、個々の労働者への配慮、ストレスチェック制度に関わる用語です。まず「科目: 個々の労働者への配慮 時間外・休日労働を削減するための措置を講じ、労働者の健康管理を行う」という出題上のポイントと結びつけて理解します。過去問・演習では「過重労働防止対策では労働時間の削減・適正化、面接指導の実施、勤務間インターバルの確保等が求められる」という形で扱われるため、単語だけでなく設問の場面も確認します。ラインケアの視点では、職場要因を把握し、業務量・裁量・支援体制など改善できる点へつなげることが重要です。関連する用語として、面接指導、過重労働による健康障害防止のための総合対策、過重労働対策もあわせて確認すると理解がつながります。,面接指導;過重労働による健康障害防止のための総合対策;過重労働対策,,A,演習の正答の要点は「過重労働防止対策では労働時間の削減・適正化、面接指導の実施、勤務間インターバルの確保等が求められる」です。誤り肢は根拠法令の取り違え、対象範囲の限定（のみ・必ず）、責任主体の混同（会社のみ・管理監督者のみ）に注意してください。,g-66d30d52141e8813,労働者の健康管理とは？意味・根拠・試験で押さえるポイント,労働者の健康管理は、職場環境・配慮分野で頻出の用語です。労働者の健康管理は、職場環境の評価・改善、個々の労働者への配慮、ストレスチェック制度に関わる用語です。本記事では意味、試験での出題の仕方、混同しやすい点を整理します。,労働者の健康管理は、職場環境の評価・改善、個々の労働者への配慮、ストレスチェック制度に関わる用語です。科目: 個々の労働者への配慮 時間外・休日労働を削減するための措置を講じ、労働者の健康管理を行う。,労働者の健康管理は、職場環境の評価・改善、個々の労働者への配慮、ストレスチェック制度に関わる用語です。;まず「科目: 個々の労働者への配慮 時間外・休日労働を削減するための措置を講じ、労働者の健康管理を行う」という出題上のポイントと結びつけて理解します。;過去問・演習では「過重労働防止対策では労働時間の削減・適正化、面接指導の実施、勤務間インターバルの確保等が求められる」という形で扱われるため、単語だけでなく設問の場面も確認します。;ラインケアの視点では、職場要因を把握し、業務量・裁量・支援体制など改善できる点へつなげることが重要です。,数値基準・義務の有無・誰が実施するかの混同;個人結果と集団分析の取り違え;管理監督者が医学的判断を抱え込む,「労働者の健康管理」は職場環境・配慮の重要語。定義→誰が何をするか→連携先の順で覚えると整理しやすい。,,,労働者の健康管理とは何ですか？,労働者の健康管理は、職場環境の評価・改善、個々の労働者への配慮、ストレスチェック制度に関わる用語です。,労働者の健康管理は試験でどのように問われますか？,「労働者の健康管理」は定義に加え、演習問題の正答肢キーワードと照合して覚えると定着しやすいです。関連演習へリンクした問題を解き、用語記事に戻って確認してください。,労働者の健康管理を学習するときの注意点は？,単語だけでなく、ラインケア・安全配慮・専門職連携の流れの中で意味を確認してください。数値や義務の有無は法令改正で変わる場合があるため、受験前に公式情報も確認してください。,y2026/q64,演習2026・第64問（労働者の健康管理）
労働者の心の健康の保持増進のための指針,労働者の心の健康の保持増進のための指針,基礎・役割,基礎・役割,労働者の心の健康の保持増進のための指針は、メンタルヘルスケアの意義、管理監督者の役割、ストレスや疾病の基礎理解に関わる用語です。,労働者の心の健康の保持増進のための指針は、メンタルヘルスケアの意義、管理監督者の役割、ストレスや疾病の基礎理解に関わる用語です。まず「「労働者の心の健康の保持増進のための指針」は厚生労働省が2006年策定（その後改正）」という出題上のポイントと結びつけて理解します。過去問・演習では「「労働者の心の健康の保持増進のための指針」は厚生労働省が2006年策定（その後改正）」という形で扱われるため、単語だけでなく設問の場面も確認します。ラインケアの視点では、管理監督者が医学的判断を抱え込まず、職場で観察できる事実と専門職への連携を分けて理解することが重要です。関連する用語として、セルフケアもあわせて確認すると理解がつながります。,セルフケア;確認すると理解がつながります,,A,演習の正答の要点は「「労働者の心の健康の保持増進のための指針」です。誤り肢は根拠法令の取り違え、対象範囲の限定（のみ・必ず）、責任主体の混同（会社のみ・管理監督者のみ）に注意してください。,g-a1d27f8db0910e4e,労働者の心の健康の保持増進のための指針とは？意味・根拠・試験で押さえるポイント,労働者の心の健康の保持増進のための指針は、基礎・役割分野で頻出の用語です。労働者の心の健康の保持増進のための指針は、メンタルヘルスケアの意義、管理監督者の役割、ストレスや疾病の基礎理解に関わる用語です。本記事では意味、試験での出題の仕方、混同しやすい点を整理します。,労働者の心の健康の保持増進のための指針は、メンタルヘルスケアの意義、管理監督者の役割、ストレスや疾病の基礎理解に関わる用語です。「労働者の心の健康の保持増進のための指針。,労働者の心の健康の保持増進のための指針は、メンタルヘルスケアの意義、管理監督者の役割、ストレスや疾病の基礎理解に関わる用語です。;まず「「労働者の心の健康の保持増進のための指針」は厚生労働省が2006年策定（その後改正）」という出題上のポイントと結びつけて理解します。;過去問・演習では「「労働者の心の健康の保持増進のための指針」は厚生労働省が2006年策定（その後改正）」という形で扱われるため、単語だけでなく設問の場面も確認します。;ラインケアの視点では、管理監督者が医学的判断を抱え込まず、職場で観察できる事実と専門職への連携を分けて理解することが重要です。,根拠法令（労基法・労契法・労安法）の取り違え;「のみ」「必ず」などの断定表現に注意;管理監督者が医学的判断を抱え込む,「労働者の心の健康の保持増進のための指針」は基礎・役割の重要語。定義→誰が何をするか→連携先の順で覚えると整理しやすい。,,,労働者の心の健康の保持増進のための指針とは何ですか？,労働者の心の健康の保持増進のための指針は、メンタルヘルスケアの意義、管理監督者の役割、ストレスや疾病の基礎理解に関わる用語です。,労働者の心の健康の保持増進のための指針は試験でどのように問われますか？,「労働者の心の健康の保持増進のための指針」は定義に加え、演習問題の正答肢キーワードと照合して覚えると定着しやすいです。関連演習へリンクした問題を解き、用語記事に戻って確認してください。,労働者の心の健康の保持増進のための指針を学習するときの注意点は？,単語だけでなく、ラインケア・安全配慮・専門職連携の流れの中で意味を確認してください。数値や義務の有無は法令改正で変わる場合があるため、受験前に公式情報も確認してください。,y2026/q79,演習2026・第79問（労働者の心の健康の保持増進のための指針）
労災保険法の保険給付,労災保険法の保険給付,基礎・役割,基礎・役割,労災保険法の保険給付は、職場での健康障害防止、労働時間管理、安全衛生体制、災害補償などと関係します。,労災保険法の保険給付は、職場での健康障害防止、労働時間管理、安全衛生体制、災害補償などと関係します。メンタルヘルス対策でも、長時間労働、ストレスチェック、面接指導、職場環境改善を制度面から支える基礎になります。職場では、用語の意味だけでなく、誰が対応し、どの情報を共有し、どの専門職につなぐかまで確認します。実務では、用語を単独で覚えるのではなく、ラインケア・安全配慮・専門職連携の流れに置いて確認します。,36協定;DALYs損失;ILO（国際労働機関）,,A,「労災保険法の保険給付」は選択肢で根拠・対象範囲・責任の所在がずれる肢に注意してください。「のみ」「必ず」などの断定は定義と照合し、管理監督者が医学的判断を抱え込まない点も確認します。,g-4ab9a3215bc0afe5,労災保険法の保険給付とは？意味・根拠・試験で押さえるポイント,労災保険法の保険給付は、基礎・役割分野で頻出の用語です。労災保険法の保険給付は、職場での健康障害防止、労働時間管理、安全衛生体制、災害補償などと関係します。本記事では意味、試験での出題の仕方、混同しやすい点を整理します。,労災保険法の保険給付は、職場での健康障害防止、労働時間管理、安全衛生体制、災害補償などと関係します。メンタルヘルス対策でも、長時間労働、ストレスチェック、面接指導、職場環境改善を制度面から支える基礎になります。,労災保険法の保険給付は、職場での健康障害防止、労働時間管理、安全衛生体制、災害補償などと関係します。;メンタルヘルス対策でも、長時間労働、ストレスチェック、面接指導、職場環境改善を制度面から支える基礎になります。;職場では、用語の意味だけでなく、誰が対応し、どの情報を共有し、どの専門職につなぐかまで確認します。;実務では、用語を単独で覚えるのではなく、ラインケア・安全配慮・専門職連携の流れに置いて確認します。,根拠法令（労基法・労契法・労安法）の取り違え;「のみ」「必ず」などの断定表現に注意;管理監督者が医学的判断を抱え込む,「労災保険法の保険給付」は基礎・役割分野の用語。定義→職場での見方→連携先の順で整理し、関連演習で確認してください。,,,労災保険法の保険給付とは何ですか？,労災保険法の保険給付は、職場での健康障害防止、労働時間管理、安全衛生体制、災害補償などと関係します。,労災保険法の保険給付は試験でどのように問われますか？,「労災保険法の保険給付」は定義に加え、演習問題の正答肢キーワードと照合して覚えると定着しやすいです。関連演習へリンクした問題を解き、用語記事に戻って確認してください。,労災保険法の保険給付を学習するときの注意点は？,単語だけでなく、ラインケア・安全配慮・専門職連携の流れの中で意味を確認してください。数値や義務の有無は法令改正で変わる場合があるため、受験前に公式情報も確認してください。,y2026/q07,演習2026・第7問（基礎・労働安全衛生）
労災保険法の改正,労災保険法の改正,基礎・役割,基礎・役割,労災保険法の改正は、職場での健康障害防止、労働時間管理、安全衛生体制、災害補償などと関係します。,労災保険法の改正は、職場での健康障害防止、労働時間管理、安全衛生体制、災害補償などと関係します。メンタルヘルス対策でも、長時間労働、ストレスチェック、面接指導、職場環境改善を制度面から支える基礎になります。職場では、用語の意味だけでなく、誰が対応し、どの情報を共有し、どの専門職につなぐかまで確認します。実務では、用語を単独で覚えるのではなく、ラインケア・安全配慮・専門職連携の流れに置いて確認します。,36協定;DALYs損失;ILO（国際労働機関）,,A,「労災保険法の改正」は選択肢で根拠・対象範囲・責任の所在がずれる肢に注意してください。「のみ」「必ず」などの断定は定義と照合し、管理監督者が医学的判断を抱え込まない点も確認します。,g-fbe0a96e4599d471,労災保険法の改正とは？意味・根拠・試験で押さえるポイント,労災保険法の改正は、基礎・役割分野で頻出の用語です。労災保険法の改正は、職場での健康障害防止、労働時間管理、安全衛生体制、災害補償などと関係します。本記事では意味、試験での出題の仕方、混同しやすい点を整理します。,労災保険法の改正は、職場での健康障害防止、労働時間管理、安全衛生体制、災害補償などと関係します。メンタルヘルス対策でも、長時間労働、ストレスチェック、面接指導、職場環境改善を制度面から支える基礎になります。,労災保険法の改正は、職場での健康障害防止、労働時間管理、安全衛生体制、災害補償などと関係します。;メンタルヘルス対策でも、長時間労働、ストレスチェック、面接指導、職場環境改善を制度面から支える基礎になります。;職場では、用語の意味だけでなく、誰が対応し、どの情報を共有し、どの専門職につなぐかまで確認します。;実務では、用語を単独で覚えるのではなく、ラインケア・安全配慮・専門職連携の流れに置いて確認します。,根拠法令（労基法・労契法・労安法）の取り違え;「のみ」「必ず」などの断定表現に注意;管理監督者が医学的判断を抱え込む,「労災保険法の改正」は基礎・役割分野の用語。定義→職場での見方→連携先の順で整理し、関連演習で確認してください。,,,労災保険法の改正とは何ですか？,労災保険法の改正は、職場での健康障害防止、労働時間管理、安全衛生体制、災害補償などと関係します。,労災保険法の改正は試験でどのように問われますか？,「労災保険法の改正」は定義に加え、演習問題の正答肢キーワードと照合して覚えると定着しやすいです。関連演習へリンクした問題を解き、用語記事に戻って確認してください。,労災保険法の改正を学習するときの注意点は？,単語だけでなく、ラインケア・安全配慮・専門職連携の流れの中で意味を確認してください。数値や義務の有無は法令改正で変わる場合があるため、受験前に公式情報も確認してください。,y2026/q07,演習2026・第7問（基礎・労働安全衛生）
勤労者メンタルヘルスセンター,勤労者メンタルヘルスセンター,基礎・役割,基礎・役割,勤労者メンタルヘルスセンターでは、セルフケア、ラインケア、事業場内産業保健スタッフ等によるケア、事業場外資源によるケアを組み合わせ、教育研修、相談体制、職場環境改善を計画的に進めます。,勤労者メンタルヘルスセンターでは、セルフケア、ラインケア、事業場内産業保健スタッフ等によるケア、事業場外資源によるケアを組み合わせ、教育研修、相談体制、職場環境改善を計画的に進めます。単発の対応ではなく、組織的な仕組みとして整える点が重要です。職場では、用語の意味だけでなく、誰が対応し、どの情報を共有し、どの専門職につなぐかまで確認します。実務では、用語を単独で覚えるのではなく、ラインケア・安全配慮・専門職連携の流れに置いて確認します。,36協定;DALYs損失;ILO（国際労働機関）,,A,「勤労者メンタルヘルスセンター」は選択肢で根拠・対象範囲・責任の所在がずれる肢に注意してください。「のみ」「必ず」などの断定は定義と照合し、管理監督者が医学的判断を抱え込まない点も確認します。,g-d2bfbacb4012922d,勤労者メンタルヘルスセンターとは？意味・根拠・試験で押さえるポイント,勤労者メンタルヘルスセンターは、基礎・役割分野で頻出の用語です。勤労者メンタルヘルスセンターでは、セルフケア、ラインケア、事業場内産業保健スタッフ等によるケア、事業場外資源によるケアを組み合わせ、教育研修、相談体制、職場環境改善を計画的に進めます。本記事では意味、試験での出題の仕方、混同しやすい点を整理します。,勤労者メンタルヘルスセンターでは、セルフケア、ラインケア、事業場内産業保健スタッフ等によるケア、事業場外資源によるケアを組み合わせ、教育研修、相談体制、職場環境改善を計画的に進めます。単発の対応ではなく、組織的な仕組みとして整える点が重要です。,勤労者メンタルヘルスセンターでは、セルフケア、ラインケア、事業場内産業保健スタッフ等によるケア、事業場外資源によるケアを組み合わせ、教育研修、相談体制、職場環境改善を計画的に進めます。;単発の対応ではなく、組織的な仕組みとして整える点が重要です。;職場では、用語の意味だけでなく、誰が対応し、どの情報を共有し、どの専門職につなぐかまで確認します。;実務では、用語を単独で覚えるのではなく、ラインケア・安全配慮・専門職連携の流れに置いて確認します。,根拠法令（労基法・労契法・労安法）の取り違え;「のみ」「必ず」などの断定表現に注意;管理監督者が医学的判断を抱え込む,「勤労者メンタルヘルスセンター」は基礎・役割分野の用語。定義→職場での見方→連携先の順で整理し、関連演習で確認してください。,,,勤労者メンタルヘルスセンターとは何ですか？,勤労者メンタルヘルスセンターでは、セルフケア、ラインケア、事業場内産業保健スタッフ等によるケア、事業場外資源によるケアを組み合わせ、教育研修、相談体制、職場環境改善を計画的に進めます。,勤労者メンタルヘルスセンターは試験でどのように問われますか？,「勤労者メンタルヘルスセンター」は定義に加え、演習問題の正答肢キーワードと照合して覚えると定着しやすいです。関連演習へリンクした問題を解き、用語記事に戻って確認してください。,勤労者メンタルヘルスセンターを学習するときの注意点は？,単語だけでなく、ラインケア・安全配慮・専門職連携の流れの中で意味を確認してください。数値や義務の有無は法令改正で変わる場合があるため、受験前に公式情報も確認してください。,y2026/q07,演習2026・第7問（基礎・労働安全衛生）
双極Ⅰ型障害,双極Ⅰ型障害,基礎・役割,基礎・役割,双極Ⅰ型障害では、気分が高揚し活動性が著しく高まる躁状態がみられ、仕事や対人関係に大きな支障を生じることがあります。,双極Ⅰ型障害では、気分が高揚し活動性が著しく高まる躁状態がみられ、仕事や対人関係に大きな支障を生じることがあります。うつ状態だけを見ると単極性うつ病と見分けにくい場合があり、医学的判断は専門医が行います。職場では、用語の意味だけでなく、誰が対応し、どの情報を共有し、どの専門職につなぐかまで確認します。実務では、用語を単独で覚えるのではなく、ラインケア・安全配慮・専門職連携の流れに置いて確認します。,36協定;DALYs損失;ILO（国際労働機関）,,A,「双極Ⅰ型障害」は選択肢で根拠・対象範囲・責任の所在がずれる肢に注意してください。「のみ」「必ず」などの断定は定義と照合し、管理監督者が医学的判断を抱え込まない点も確認します。,g-8c42444103294a5a,双極Ⅰ型障害とは？意味・根拠・試験で押さえるポイント,双極Ⅰ型障害は、基礎・役割分野で頻出の用語です。双極Ⅰ型障害では、気分が高揚し活動性が著しく高まる躁状態がみられ、仕事や対人関係に大きな支障を生じることがあります。本記事では意味、試験での出題の仕方、混同しやすい点を整理します。,双極Ⅰ型障害では、気分が高揚し活動性が著しく高まる躁状態がみられ、仕事や対人関係に大きな支障を生じることがあります。うつ状態だけを見ると単極性うつ病と見分けにくい場合があり、医学的判断は専門医が行います。,双極Ⅰ型障害では、気分が高揚し活動性が著しく高まる躁状態がみられ、仕事や対人関係に大きな支障を生じることがあります。;うつ状態だけを見ると単極性うつ病と見分けにくい場合があり、医学的判断は専門医が行います。;職場では、用語の意味だけでなく、誰が対応し、どの情報を共有し、どの専門職につなぐかまで確認します。;実務では、用語を単独で覚えるのではなく、ラインケア・安全配慮・専門職連携の流れに置いて確認します。,根拠法令（労基法・労契法・労安法）の取り違え;「のみ」「必ず」などの断定表現に注意;管理監督者が医学的判断を抱え込む,「双極Ⅰ型障害」は基礎・役割分野の用語。定義→職場での見方→連携先の順で整理し、関連演習で確認してください。,,,双極Ⅰ型障害とは何ですか？,双極Ⅰ型障害では、気分が高揚し活動性が著しく高まる躁状態がみられ、仕事や対人関係に大きな支障を生じることがあります。,双極Ⅰ型障害は試験でどのように問われますか？,「双極Ⅰ型障害」は定義に加え、演習問題の正答肢キーワードと照合して覚えると定着しやすいです。関連演習へリンクした問題を解き、用語記事に戻って確認してください。,双極Ⅰ型障害を学習するときの注意点は？,単語だけでなく、ラインケア・安全配慮・専門職連携の流れの中で意味を確認してください。数値や義務の有無は法令改正で変わる場合があるため、受験前に公式情報も確認してください。,y2026/q07,演習2026・第7問（基礎・労働安全衛生）
双極Ⅱ型障害,双極Ⅱ型障害,基礎・役割,基礎・役割,双極Ⅱ型障害では、躁状態ほど重くない軽躁状態と、うつ状態がみられます。,双極Ⅱ型障害では、躁状態ほど重くない軽躁状態と、うつ状態がみられます。軽躁状態は本人や周囲が好調と受け取りやすく、うつ状態だけが問題として見えることがあります。職場では、用語の意味だけでなく、誰が対応し、どの情報を共有し、どの専門職につなぐかまで確認します。実務では、用語を単独で覚えるのではなく、ラインケア・安全配慮・専門職連携の流れに置いて確認します。,36協定;DALYs損失;ILO（国際労働機関）,,A,「双極Ⅱ型障害」は選択肢で根拠・対象範囲・責任の所在がずれる肢に注意してください。「のみ」「必ず」などの断定は定義と照合し、管理監督者が医学的判断を抱え込まない点も確認します。,g-f206907c4f175d32,双極Ⅱ型障害とは？意味・根拠・試験で押さえるポイント,双極Ⅱ型障害は、基礎・役割分野で頻出の用語です。双極Ⅱ型障害では、躁状態ほど重くない軽躁状態と、うつ状態がみられます。本記事では意味、試験での出題の仕方、混同しやすい点を整理します。,双極Ⅱ型障害では、躁状態ほど重くない軽躁状態と、うつ状態がみられます。軽躁状態は本人や周囲が好調と受け取りやすく、うつ状態だけが問題として見えることがあります。,双極Ⅱ型障害では、躁状態ほど重くない軽躁状態と、うつ状態がみられます。;軽躁状態は本人や周囲が好調と受け取りやすく、うつ状態だけが問題として見えることがあります。;職場では、用語の意味だけでなく、誰が対応し、どの情報を共有し、どの専門職につなぐかまで確認します。;実務では、用語を単独で覚えるのではなく、ラインケア・安全配慮・専門職連携の流れに置いて確認します。,根拠法令（労基法・労契法・労安法）の取り違え;「のみ」「必ず」などの断定表現に注意;管理監督者が医学的判断を抱え込む,「双極Ⅱ型障害」は基礎・役割分野の用語。定義→職場での見方→連携先の順で整理し、関連演習で確認してください。,,,双極Ⅱ型障害とは何ですか？,双極Ⅱ型障害では、躁状態ほど重くない軽躁状態と、うつ状態がみられます。,双極Ⅱ型障害は試験でどのように問われますか？,「双極Ⅱ型障害」は定義に加え、演習問題の正答肢キーワードと照合して覚えると定着しやすいです。関連演習へリンクした問題を解き、用語記事に戻って確認してください。,双極Ⅱ型障害を学習するときの注意点は？,単語だけでなく、ラインケア・安全配慮・専門職連携の流れの中で意味を確認してください。数値や義務の有無は法令改正で変わる場合があるため、受験前に公式情報も確認してください。,y2026/q07,演習2026・第7問（基礎・労働安全衛生）
合理的配慮の提供,合理的配慮の提供,基礎・役割,基礎・役割,合理的配慮の提供は、メンタルヘルスケアの意義、管理監督者の役割、ストレスや疾病の基礎理解に関わる用語です。,合理的配慮の提供は、メンタルヘルスケアの意義、管理監督者の役割、ストレスや疾病の基礎理解に関わる用語です。まず「合理的配慮の提供拒否も差別に該当」という出題上のポイントと結びつけて理解します。過去問・演習では「障害者差別解消法は国・自治体・民間事業者に差別禁止を義務付け（2021年改正で民間も義務化）」という形で扱われるため、単語だけでなく設問の場面も確認します。ラインケアの視点では、管理監督者が医学的判断を抱え込まず、職場で観察できる事実と専門職への連携を分けて理解することが重要です。関連する用語として、ストレス、障害者差別解消法、障害者の範囲、発達障害もあわせて確認すると理解がつながります。,ストレス;障害者差別解消法;障害者の範囲,,A,演習の正答の要点は「障害者差別解消法は国・自治体・民間事業者に差別禁止を義務付け（2021年改正で民間も義務化）」です。誤り肢は根拠法令の取り違え、対象範囲の限定（のみ・必ず）、責任主体の混同（会社のみ・管理監督者のみ）に注意してください。,g-8e66b04cd4cd8eb4,合理的配慮の提供とは？意味・根拠・試験で押さえるポイント,合理的配慮の提供は、基礎・役割分野で頻出の用語です。合理的配慮の提供は、メンタルヘルスケアの意義、管理監督者の役割、ストレスや疾病の基礎理解に関わる用語です。本記事では意味、試験での出題の仕方、混同しやすい点を整理します。,合理的配慮の提供は、メンタルヘルスケアの意義、管理監督者の役割、ストレスや疾病の基礎理解に関わる用語です。合理的配慮の提供拒否も差別に該当。,合理的配慮の提供は、メンタルヘルスケアの意義、管理監督者の役割、ストレスや疾病の基礎理解に関わる用語です。;まず「合理的配慮の提供拒否も差別に該当」という出題上のポイントと結びつけて理解します。;過去問・演習では「障害者差別解消法は国・自治体・民間事業者に差別禁止を義務付け（2021年改正で民間も義務化）」という形で扱われるため、単語だけでなく設問の場面も確認します。;ラインケアの視点では、管理監督者が医学的判断を抱え込まず、職場で観察できる事実と専門職への連携を分けて理解することが重要です。,根拠法令（労基法・労契法・労安法）の取り違え;「のみ」「必ず」などの断定表現に注意;管理監督者が医学的判断を抱え込む,「合理的配慮の提供」は基礎・役割の重要語。定義→誰が何をするか→連携先の順で覚えると整理しやすい。,,,合理的配慮の提供とは何ですか？,合理的配慮の提供は、メンタルヘルスケアの意義、管理監督者の役割、ストレスや疾病の基礎理解に関わる用語です。,合理的配慮の提供は試験でどのように問われますか？,「合理的配慮の提供」は定義に加え、演習問題の正答肢キーワードと照合して覚えると定着しやすいです。関連演習へリンクした問題を解き、用語記事に戻って確認してください。,合理的配慮の提供を学習するときの注意点は？,単語だけでなく、ラインケア・安全配慮・専門職連携の流れの中で意味を確認してください。数値や義務の有無は法令改正で変わる場合があるため、受験前に公式情報も確認してください。,y2026/q16,演習2026・第16問（合理的配慮）
合理的配慮指針,合理的配慮指針,職場環境・配慮,職場環境・配慮,合理的配慮では、障害のある労働者が能力を発揮できるよう、業務内容、勤務時間、作業環境、コミュニケーション方法などを個別に調整します。,合理的配慮では、障害のある労働者が能力を発揮できるよう、業務内容、勤務時間、作業環境、コミュニケーション方法などを個別に調整します。本人の申し出や対話を踏まえ、過重な負担にならない範囲で検討します。職場では、用語の意味だけでなく、誰が対応し、どの情報を共有し、どの専門職につなぐかまで確認します。実務では、個人の努力だけでなく、職場の仕組みや環境をどう変えるかまで考えると理解が深まります。,PDCAサイクル;いつもと違う様子;コーピング,,A,「合理的配慮指針」は選択肢で根拠・対象範囲・責任の所在がずれる肢に注意してください。「のみ」「必ず」などの断定は定義と照合し、管理監督者が医学的判断を抱え込まない点も確認します。,g-c3852caa5c0501c1,合理的配慮指針とは？意味・根拠・試験で押さえるポイント,合理的配慮指針は、職場環境・配慮分野で頻出の用語です。合理的配慮では、障害のある労働者が能力を発揮できるよう、業務内容、勤務時間、作業環境、コミュニケーション方法などを個別に調整します。本記事では意味、試験での出題の仕方、混同しやすい点を整理します。,合理的配慮では、障害のある労働者が能力を発揮できるよう、業務内容、勤務時間、作業環境、コミュニケーション方法などを個別に調整します。本人の申し出や対話を踏まえ、過重な負担にならない範囲で検討します。,合理的配慮では、障害のある労働者が能力を発揮できるよう、業務内容、勤務時間、作業環境、コミュニケーション方法などを個別に調整します。;本人の申し出や対話を踏まえ、過重な負担にならない範囲で検討します。;職場では、用語の意味だけでなく、誰が対応し、どの情報を共有し、どの専門職につなぐかまで確認します。;実務では、個人の努力だけでなく、職場の仕組みや環境をどう変えるかまで考えると理解が深まります。,数値基準・義務の有無・誰が実施するかの混同;個人結果と集団分析の取り違え;管理監督者が医学的判断を抱え込む,「合理的配慮指針」は職場環境・配慮分野の用語。定義→職場での見方→連携先の順で整理し、関連演習で確認してください。,,,合理的配慮指針とは何ですか？,合理的配慮では、障害のある労働者が能力を発揮できるよう、業務内容、勤務時間、作業環境、コミュニケーション方法などを個別に調整します。,合理的配慮指針は試験でどのように問われますか？,「合理的配慮指針」は定義に加え、演習問題の正答肢キーワードと照合して覚えると定着しやすいです。関連演習へリンクした問題を解き、用語記事に戻って確認してください。,合理的配慮指針を学習するときの注意点は？,単語だけでなく、ラインケア・安全配慮・専門職連携の流れの中で意味を確認してください。数値や義務の有無は法令改正で変わる場合があるため、受験前に公式情報も確認してください。,y2026/q04,演習2026・第4問（職場環境・ストレス調査）
名ばかり管理職,名ばかり管理職,基礎・役割,基礎・役割,名ばかり管理職は、肩書きは管理職でも、労働時間の裁量や権限、待遇などの実態が伴わない場合に問題となります。,名ばかり管理職は、肩書きは管理職でも、労働時間の裁量や権限、待遇などの実態が伴わない場合に問題となります。長時間労働や残業代、健康管理の観点でリスクになり、メンタルヘルス不調の背景にもなり得ます。職場では、用語の意味だけでなく、誰が対応し、どの情報を共有し、どの専門職につなぐかまで確認します。実務では、用語を単独で覚えるのではなく、ラインケア・安全配慮・専門職連携の流れに置いて確認します。,36協定;DALYs損失;ILO（国際労働機関）,,A,「名ばかり管理職」は選択肢で根拠・対象範囲・責任の所在がずれる肢に注意してください。「のみ」「必ず」などの断定は定義と照合し、管理監督者が医学的判断を抱え込まない点も確認します。,g-d295c18e6674e2b6,名ばかり管理職とは？意味・根拠・試験で押さえるポイント,名ばかり管理職は、基礎・役割分野で頻出の用語です。名ばかり管理職は、肩書きは管理職でも、労働時間の裁量や権限、待遇などの実態が伴わない場合に問題となります。本記事では意味、試験での出題の仕方、混同しやすい点を整理します。,名ばかり管理職は、肩書きは管理職でも、労働時間の裁量や権限、待遇などの実態が伴わない場合に問題となります。長時間労働や残業代、健康管理の観点でリスクになり、メンタルヘルス不調の背景にもなり得ます。,名ばかり管理職は、肩書きは管理職でも、労働時間の裁量や権限、待遇などの実態が伴わない場合に問題となります。;長時間労働や残業代、健康管理の観点でリスクになり、メンタルヘルス不調の背景にもなり得ます。;職場では、用語の意味だけでなく、誰が対応し、どの情報を共有し、どの専門職につなぐかまで確認します。;実務では、用語を単独で覚えるのではなく、ラインケア・安全配慮・専門職連携の流れに置いて確認します。,根拠法令（労基法・労契法・労安法）の取り違え;「のみ」「必ず」などの断定表現に注意;管理監督者が医学的判断を抱え込む,「名ばかり管理職」は基礎・役割分野の用語。定義→職場での見方→連携先の順で整理し、関連演習で確認してください。,,,名ばかり管理職とは何ですか？,名ばかり管理職は、肩書きは管理職でも、労働時間の裁量や権限、待遇などの実態が伴わない場合に問題となります。,名ばかり管理職は試験でどのように問われますか？,「名ばかり管理職」は定義に加え、演習問題の正答肢キーワードと照合して覚えると定着しやすいです。関連演習へリンクした問題を解き、用語記事に戻って確認してください。,名ばかり管理職を学習するときの注意点は？,単語だけでなく、ラインケア・安全配慮・専門職連携の流れの中で意味を確認してください。数値や義務の有無は法令改正で変わる場合があるため、受験前に公式情報も確認してください。,y2026/q07,演習2026・第7問（基礎・労働安全衛生）
呼吸法,呼吸法,職場環境・配慮,職場環境・配慮,呼吸法は、職場環境の評価・改善、個々の労働者への配慮、ストレスチェック制度に関わる用語です。,呼吸法は、職場環境の評価・改善、個々の労働者への配慮、ストレスチェック制度に関わる用語です。まず「リラクセーション法：自律訓練法・漸進的筋弛緩法・呼吸法（腹式呼吸）・マインドフルネス・ヨガ等」という出題上のポイントと結びつけて理解します。過去問・演習では「リラクセーション法：自律訓練法・漸進的筋弛緩法・呼吸法（腹式呼吸）・マインドフルネス・ヨガ等」という形で扱われるため、単語だけでなく設問の場面も確認します。ラインケアの視点では、職場要因を把握し、業務量・裁量・支援体制など改善できる点へつなげることが重要です。関連する用語として、コーピング、ストレス、リラクセーション、自律訓練法もあわせて確認すると理解がつながります。,コーピング;ストレス;リラクセーション,,A,演習の正答の要点は「リラクセーション法：自律訓練法・漸進的筋弛緩法・呼吸法（腹式呼吸）・マインドフルネス・ヨガ等」です。誤り肢は根拠法令の取り違え、対象範囲の限定（のみ・必ず）、責任主体の混同（会社のみ・管理監督者のみ）に注意してください。,g-8a5d297456a1d615,呼吸法とは？意味・根拠・試験で押さえるポイント,呼吸法は、職場環境・配慮分野で頻出の用語です。呼吸法は、職場環境の評価・改善、個々の労働者への配慮、ストレスチェック制度に関わる用語です。本記事では意味、試験での出題の仕方、混同しやすい点を整理します。,呼吸法は、職場環境の評価・改善、個々の労働者への配慮、ストレスチェック制度に関わる用語です。リラクセーション法：自律訓練法・漸進的筋弛緩法・呼吸法（腹式呼吸）・マインドフルネス・ヨガ等。,呼吸法は、職場環境の評価・改善、個々の労働者への配慮、ストレスチェック制度に関わる用語です。;まず「リラクセーション法：自律訓練法・漸進的筋弛緩法・呼吸法（腹式呼吸）・マインドフルネス・ヨガ等」という出題上のポイントと結びつけて理解します。;過去問・演習では「リラクセーション法：自律訓練法・漸進的筋弛緩法・呼吸法（腹式呼吸）・マインドフルネス・ヨガ等」という形で扱われるため、単語だけでなく設問の場面も確認します。;ラインケアの視点では、職場要因を把握し、業務量・裁量・支援体制など改善できる点へつなげることが重要です。,数値基準・義務の有無・誰が実施するかの混同;個人結果と集団分析の取り違え;管理監督者が医学的判断を抱え込む,「呼吸法」は職場環境・配慮の重要語。定義→誰が何をするか→連携先の順で覚えると整理しやすい。,,,呼吸法とは何ですか？,呼吸法は、職場環境の評価・改善、個々の労働者への配慮、ストレスチェック制度に関わる用語です。,呼吸法は試験でどのように問われますか？,「呼吸法」は定義に加え、演習問題の正答肢キーワードと照合して覚えると定着しやすいです。関連演習へリンクした問題を解き、用語記事に戻って確認してください。,呼吸法を学習するときの注意点は？,単語だけでなく、ラインケア・安全配慮・専門職連携の流れの中で意味を確認してください。数値や義務の有無は法令改正で変わる場合があるため、受験前に公式情報も確認してください。,y2026/q262,演習2026・第262問（呼吸法）
器質的障害,器質的障害,基礎・役割,基礎・役割,器質的障害は、精神症状、身体症状、ストレス反応、治療や支援の理解に関わる用語です。,器質的障害は、精神症状、身体症状、ストレス反応、治療や支援の理解に関わる用語です。職場では管理監督者が医学的診断をするのではなく、遅刻・欠勤、ミス、表情、対人関係、体調不良などの事例性として把握します。職場では、用語の意味だけでなく、誰が対応し、どの情報を共有し、どの専門職につなぐかまで確認します。実務では、用語を単独で覚えるのではなく、ラインケア・安全配慮・専門職連携の流れに置いて確認します。,36協定;DALYs損失;ILO（国際労働機関）,,A,「器質的障害」は選択肢で根拠・対象範囲・責任の所在がずれる肢に注意してください。「のみ」「必ず」などの断定は定義と照合し、管理監督者が医学的判断を抱え込まない点も確認します。,g-4d0151a22ed81e97,器質的障害とは？意味・根拠・試験で押さえるポイント,器質的障害は、基礎・役割分野で頻出の用語です。器質的障害は、精神症状、身体症状、ストレス反応、治療や支援の理解に関わる用語です。本記事では意味、試験での出題の仕方、混同しやすい点を整理します。,職場では管理監督者が医学的診断をするのではなく、遅刻・欠勤、ミス、表情、対人関係、体調不良などの事例性として把握します。,器質的障害は、精神症状、身体症状、ストレス反応、治療や支援の理解に関わる用語です。;職場では管理監督者が医学的診断をするのではなく、遅刻・欠勤、ミス、表情、対人関係、体調不良などの事例性として把握します。;職場では、用語の意味だけでなく、誰が対応し、どの情報を共有し、どの専門職につなぐかまで確認します。;実務では、用語を単独で覚えるのではなく、ラインケア・安全配慮・専門職連携の流れに置いて確認します。,根拠法令（労基法・労契法・労安法）の取り違え;「のみ」「必ず」などの断定表現に注意;管理監督者が医学的判断を抱え込む,「器質的障害」は基礎・役割分野の用語。定義→職場での見方→連携先の順で整理し、関連演習で確認してください。,,,器質的障害とは何ですか？,器質的障害は、精神症状、身体症状、ストレス反応、治療や支援の理解に関わる用語です。,器質的障害は試験でどのように問われますか？,「器質的障害」は定義に加え、演習問題の正答肢キーワードと照合して覚えると定着しやすいです。関連演習へリンクした問題を解き、用語記事に戻って確認してください。,器質的障害を学習するときの注意点は？,単語だけでなく、ラインケア・安全配慮・専門職連携の流れの中で意味を確認してください。数値や義務の有無は法令改正で変わる場合があるため、受験前に公式情報も確認してください。,y2026/q07,演習2026・第7問（基礎・労働安全衛生）
地域産業保健センター,地域産業保健センター,相談・連携・復職,相談・連携・復職,地域産業保健センターは、相談対応、社内外資源との連携、休業者の職場復帰支援に関わる用語です。,地域産業保健センターは、相談対応、社内外資源との連携、休業者の職場復帰支援に関わる用語です。まず「地域産業保健センターは小規模事業場向けの支援機関」という出題上のポイントと結びつけて理解します。過去問・演習では「地域産業保健センターは小規模事業場向けの支援機関」という形で扱われるため、単語だけでなく設問の場面も確認します。ラインケアの視点では、本人の話を聴き、必要な範囲で産業保健スタッフや社外資源へつなぐことが重要です。関連する用語として、保健センター、外部EAP、産業保健総合支援センター、精神保健福祉センターもあわせて確認すると理解がつながります。,保健センター;外部EAP;産業保健総合支援センター,,A,演習の正答の要点は「地域産業保健センターは小規模事業場向けの支援機関」です。誤り肢は根拠法令の取り違え、対象範囲の限定（のみ・必ず）、責任主体の混同（会社のみ・管理監督者のみ）に注意してください。,g-d56b05a31a74ca8c,地域産業保健センターとは？意味・根拠・試験で押さえるポイント,地域産業保健センターは、相談・連携・復職分野で頻出の用語です。地域産業保健センターは、相談対応、社内外資源との連携、休業者の職場復帰支援に関わる用語です。本記事では意味、試験での出題の仕方、混同しやすい点を整理します。,地域産業保健センターは、相談対応、社内外資源との連携、休業者の職場復帰支援に関わる用語です。地域産業保健センターは小規模事業場向けの支援機関。,地域産業保健センターは、相談対応、社内外資源との連携、休業者の職場復帰支援に関わる用語です。;まず「地域産業保健センターは小規模事業場向けの支援機関」という出題上のポイントと結びつけて理解します。;過去問・演習では「地域産業保健センターは小規模事業場向けの支援機関」という形で扱われるため、単語だけでなく設問の場面も確認します。;ラインケアの視点では、本人の話を聴き、必要な範囲で産業保健スタッフや社外資源へつなぐことが重要です。,手順の順序・禁止事項（やってはいけないこと）の混同;主治医と産業医の役割の逆転;管理監督者が医学的判断を抱え込む,「地域産業保健センター」は相談・連携・復職の重要語。定義→誰が何をするか→連携先の順で覚えると整理しやすい。,,,地域産業保健センターとは何ですか？,地域産業保健センターは、相談対応、社内外資源との連携、休業者の職場復帰支援に関わる用語です。,地域産業保健センターは試験でどのように問われますか？,「地域産業保健センター」は定義に加え、演習問題の正答肢キーワードと照合して覚えると定着しやすいです。関連演習へリンクした問題を解き、用語記事に戻って確認してください。,地域産業保健センターを学習するときの注意点は？,単語だけでなく、ラインケア・安全配慮・専門職連携の流れの中で意味を確認してください。数値や義務の有無は法令改正で変わる場合があるため、受験前に公式情報も確認してください。,y2026/q32,演習2026・第32問（地域産業保健センター）
地域障害者職業センター,地域障害者職業センター,相談・連携・復職,相談・連携・復職,地域障害者職業センターは、相談対応、社内外資源との連携、休業者の職場復帰支援に関わる用語です。,地域障害者職業センターは、相談対応、社内外資源との連携、休業者の職場復帰支援に関わる用語です。まず「リワーク（Return to Work）プログラムは精神科病院・クリニックの外来・デイケア、地域障害者職業センター（職リハリワーク）、EAP機関等で提供」という出題上のポイントと結びつけて理解します。過去問・演習では「リワーク（Return to Work）プログラムは精神科病院・クリニックの外来・デイケア、地域障害者職業センター（職リハリワーク）、EAP機関等で提供」という形で扱われるため、単語だけでなく設問の場面も確認します。ラインケアの視点では、本人の話を聴き、必要な範囲で産業保健スタッフや社外資源へつなぐことが重要です。関連する用語として、精神科、認知行動療法、健康保険組合もあわせて確認すると理解がつながります。,精神科;認知行動療法;健康保険組合,,A,演習の正答の要点は「リワーク（Return to Work）プログラムは精神科病院・クリニックの外来・デイケア、地域障害者職業センター（職リハリワーク）、EAP機関等で提供」です。誤り肢は根拠法令の取り違え、対象範囲の限定（のみ・必ず）、責任主体の混同（会社のみ・管理監督者のみ）に注意してください。,g-b0e2e04a6c2dc0ea,地域障害者職業センターとは？意味・根拠・試験で押さえるポイント,地域障害者職業センターは、相談・連携・復職分野で頻出の用語です。地域障害者職業センターは、相談対応、社内外資源との連携、休業者の職場復帰支援に関わる用語です。本記事では意味、試験での出題の仕方、混同しやすい点を整理します。,地域障害者職業センターは、相談対応、社内外資源との連携、休業者の職場復帰支援に関わる用語です。リワーク（Return to Work）プログラムは精神科病院・クリニックの外来・デイケア、地域障害者職業センター（職リハリワーク）、EAP機関等で提供。,地域障害者職業センターは、相談対応、社内外資源との連携、休業者の職場復帰支援に関わる用語です。;まず「リワーク（Return to Work）プログラムは精神科病院・クリニックの外来・デイケア、地域障害者職業センター（職リハリワーク）、EAP機関等で提供」という出題上のポイントと結びつけて理解します。;過去問・演習では「リワーク（Return to Work）プログラムは精神科病院・クリニックの外来・デイケア、地域障害者職業センター（職リハリワーク）、EAP機関等で提供」という形で扱われるため、単語だけでなく設問の場面も確認します。;ラインケアの視点では、本人の話を聴き、必要な範囲で産業保健スタッフや社外資源へつなぐことが重要です。,手順の順序・禁止事項（やってはいけないこと）の混同;主治医と産業医の役割の逆転;管理監督者が医学的判断を抱え込む,「地域障害者職業センター」は相談・連携・復職の重要語。定義→誰が何をするか→連携先の順で覚えると整理しやすい。,,,地域障害者職業センターとは何ですか？,地域障害者職業センターは、相談対応、社内外資源との連携、休業者の職場復帰支援に関わる用語です。,地域障害者職業センターは試験でどのように問われますか？,「地域障害者職業センター」は定義に加え、演習問題の正答肢キーワードと照合して覚えると定着しやすいです。関連演習へリンクした問題を解き、用語記事に戻って確認してください。,地域障害者職業センターを学習するときの注意点は？,単語だけでなく、ラインケア・安全配慮・専門職連携の流れの中で意味を確認してください。数値や義務の有無は法令改正で変わる場合があるため、受験前に公式情報も確認してください。,y2026/q169,演習2026・第169問（地域障害者職業センター）
基本的なかかわり技法,基本的なかかわり技法,基礎・役割,基礎・役割,基本的なかかわり技法は、話の聴き方、伝え方、相手への反応の仕方を考える際に使われます。,基本的なかかわり技法は、話の聴き方、伝え方、相手への反応の仕方を考える際に使われます。メンタルヘルス対応では、正論を押しつけるのではなく、相手が話しやすい関係をつくり、必要な支援へつなぐことが重要です。職場では、用語の意味だけでなく、誰が対応し、どの情報を共有し、どの専門職につなぐかまで確認します。実務では、用語を単独で覚えるのではなく、ラインケア・安全配慮・専門職連携の流れに置いて確認します。,36協定;DALYs損失;ILO（国際労働機関）,,A,「基本的なかかわり技法」は選択肢で根拠・対象範囲・責任の所在がずれる肢に注意してください。「のみ」「必ず」などの断定は定義と照合し、管理監督者が医学的判断を抱え込まない点も確認します。,g-326deb3df4b8fef7,基本的なかかわり技法とは？意味・根拠・試験で押さえるポイント,基本的なかかわり技法は、基礎・役割分野で頻出の用語です。基本的なかかわり技法は、話の聴き方、伝え方、相手への反応の仕方を考える際に使われます。本記事では意味、試験での出題の仕方、混同しやすい点を整理します。,基本的なかかわり技法は、話の聴き方、伝え方、相手への反応の仕方を考える際に使われます。メンタルヘルス対応では、正論を押しつけるのではなく、相手が話しやすい関係をつくり、必要な支援へつなぐことが重要です。,基本的なかかわり技法は、話の聴き方、伝え方、相手への反応の仕方を考える際に使われます。;メンタルヘルス対応では、正論を押しつけるのではなく、相手が話しやすい関係をつくり、必要な支援へつなぐことが重要です。;職場では、用語の意味だけでなく、誰が対応し、どの情報を共有し、どの専門職につなぐかまで確認します。;実務では、用語を単独で覚えるのではなく、ラインケア・安全配慮・専門職連携の流れに置いて確認します。,根拠法令（労基法・労契法・労安法）の取り違え;「のみ」「必ず」などの断定表現に注意;管理監督者が医学的判断を抱え込む,「基本的なかかわり技法」は基礎・役割分野の用語。定義→職場での見方→連携先の順で整理し、関連演習で確認してください。,,,基本的なかかわり技法とは何ですか？,基本的なかかわり技法は、話の聴き方、伝え方、相手への反応の仕方を考える際に使われます。,基本的なかかわり技法は試験でどのように問われますか？,「基本的なかかわり技法」は定義に加え、演習問題の正答肢キーワードと照合して覚えると定着しやすいです。関連演習へリンクした問題を解き、用語記事に戻って確認してください。,基本的なかかわり技法を学習するときの注意点は？,単語だけでなく、ラインケア・安全配慮・専門職連携の流れの中で意味を確認してください。数値や義務の有無は法令改正で変わる場合があるため、受験前に公式情報も確認してください。,y2026/q07,演習2026・第7問（基礎・労働安全衛生）
外来治療,外来治療,相談・連携・復職,相談・連携・復職,外来治療は、相談対応、社内外資源との連携、休業者の職場復帰支援に関わる用語です。,外来治療は、相談対応、社内外資源との連携、休業者の職場復帰支援に関わる用語です。まず「入院は①自傷他害リスクが高い②外来治療で改善しない③急性症状への集中治療が必要④服薬管理・環境調整が必要な場合等に検討」という出題上のポイントと結びつけて理解します。過去問・演習では「入院は①自傷他害リスクが高い②外来治療で改善しない③急性症状への集中治療が必要④服薬管理・環境調整が必要な場合等に検討」という形で扱われるため、単語だけでなく設問の場面も確認します。ラインケアの視点では、本人の話を聴き、必要な範囲で産業保健スタッフや社外資源へつなぐことが重要です。関連する用語として、精神科、入院治療、うつ病もあわせて確認すると理解がつながります。,精神科;入院治療;うつ病,,A,演習の正答の要点は「入院は①自傷他害リスクが高い②外来治療で改善しない③急性症状への集中治療が必要④服薬管理・環境調整が必要な場合等に検討」です。誤り肢は根拠法令の取り違え、対象範囲の限定（のみ・必ず）、責任主体の混同（会社のみ・管理監督者のみ）に注意してください。,g-17578dd95d03f519,外来治療とは？意味・根拠・試験で押さえるポイント,外来治療は、相談・連携・復職分野で頻出の用語です。外来治療は、相談対応、社内外資源との連携、休業者の職場復帰支援に関わる用語です。本記事では意味、試験での出題の仕方、混同しやすい点を整理します。,外来治療は、相談対応、社内外資源との連携、休業者の職場復帰支援に関わる用語です。入院は①自傷他害リスクが高い②外来治療で改善しない③急性症状への集中治療が必要④服薬管理・環境調整が必要な場合等に検討。,外来治療は、相談対応、社内外資源との連携、休業者の職場復帰支援に関わる用語です。;まず「入院は①自傷他害リスクが高い②外来治療で改善しない③急性症状への集中治療が必要④服薬管理・環境調整が必要な場合等に検討」という出題上のポイントと結びつけて理解します。;過去問・演習では「入院は①自傷他害リスクが高い②外来治療で改善しない③急性症状への集中治療が必要④服薬管理・環境調整が必要な場合等に検討」という形で扱われるため、単語だけでなく設問の場面も確認します。;ラインケアの視点では、本人の話を聴き、必要な範囲で産業保健スタッフや社外資源へつなぐことが重要です。,手順の順序・禁止事項（やってはいけないこと）の混同;主治医と産業医の役割の逆転;管理監督者が医学的判断を抱え込む,「外来治療」は相談・連携・復職の重要語。定義→誰が何をするか→連携先の順で覚えると整理しやすい。,,,外来治療とは何ですか？,外来治療は、相談対応、社内外資源との連携、休業者の職場復帰支援に関わる用語です。,外来治療は試験でどのように問われますか？,「外来治療」は定義に加え、演習問題の正答肢キーワードと照合して覚えると定着しやすいです。関連演習へリンクした問題を解き、用語記事に戻って確認してください。,外来治療を学習するときの注意点は？,単語だけでなく、ラインケア・安全配慮・専門職連携の流れの中で意味を確認してください。数値や義務の有無は法令改正で変わる場合があるため、受験前に公式情報も確認してください。,y2026/q275,演習2026・第275問（外来治療）
外部EAP,外部EAP,相談・連携・復職,相談・連携・復職,外部EAPは、相談対応、社内外資源との連携、休業者の職場復帰支援に関わる用語です。,外部EAPは、相談対応、社内外資源との連携、休業者の職場復帰支援に関わる用語です。まず「EAPは外部機関が提供する場合（外部EAP）もある」という出題上のポイントと結びつけて理解します。過去問・演習では「外部EAPは社内資源を代替するものではなく、補完的に機能するもの」という形で扱われるため、単語だけでなく設問の場面も確認します。ラインケアの視点では、本人の話を聴き、必要な範囲で産業保健スタッフや社外資源へつなぐことが重要です。関連する用語として、保健センター、地域産業保健センター、産業保健総合支援センター、精神保健福祉センターもあわせて確認すると理解がつながります。,保健センター;地域産業保健センター;産業保健総合支援センター,,A,演習の正答の要点は「外部EAPは社内資源を代替するものではなく、補完的に機能するもの」です。誤り肢は根拠法令の取り違え、対象範囲の限定（のみ・必ず）、責任主体の混同（会社のみ・管理監督者のみ）に注意してください。,g-dbc80cb066cb13e9,外部EAPとは？意味・根拠・試験で押さえるポイント,外部EAPは、相談・連携・復職分野で頻出の用語です。外部EAPは、相談対応、社内外資源との連携、休業者の職場復帰支援に関わる用語です。本記事では意味、試験での出題の仕方、混同しやすい点を整理します。,外部EAPは、相談対応、社内外資源との連携、休業者の職場復帰支援に関わる用語です。EAPは外部機関が提供する場合（外部EAP）もある。,外部EAPは、相談対応、社内外資源との連携、休業者の職場復帰支援に関わる用語です。;まず「EAPは外部機関が提供する場合（外部EAP）もある」という出題上のポイントと結びつけて理解します。;過去問・演習では「外部EAPは社内資源を代替するものではなく、補完的に機能するもの」という形で扱われるため、単語だけでなく設問の場面も確認します。;ラインケアの視点では、本人の話を聴き、必要な範囲で産業保健スタッフや社外資源へつなぐことが重要です。,手順の順序・禁止事項（やってはいけないこと）の混同;主治医と産業医の役割の逆転;管理監督者が医学的判断を抱え込む,「外部EAP」は相談・連携・復職の重要語。定義→誰が何をするか→連携先の順で覚えると整理しやすい。,,,外部EAPとは何ですか？,外部EAPは、相談対応、社内外資源との連携、休業者の職場復帰支援に関わる用語です。,外部EAPは試験でどのように問われますか？,「外部EAP」は定義に加え、演習問題の正答肢キーワードと照合して覚えると定着しやすいです。関連演習へリンクした問題を解き、用語記事に戻って確認してください。,外部EAPを学習するときの注意点は？,単語だけでなく、ラインケア・安全配慮・専門職連携の流れの中で意味を確認してください。数値や義務の有無は法令改正で変わる場合があるため、受験前に公式情報も確認してください。,y2026/q32,演習2026・第32問（外部EAP）
大脳皮質,大脳皮質,基礎・役割,基礎・役割,大脳皮質は、精神症状、身体症状、ストレス反応、治療や支援の理解に関わる用語です。,大脳皮質は、精神症状、身体症状、ストレス反応、治療や支援の理解に関わる用語です。職場では管理監督者が医学的診断をするのではなく、遅刻・欠勤、ミス、表情、対人関係、体調不良などの事例性として把握します。職場では、用語の意味だけでなく、誰が対応し、どの情報を共有し、どの専門職につなぐかまで確認します。実務では、用語を単独で覚えるのではなく、ラインケア・安全配慮・専門職連携の流れに置いて確認します。,36協定;DALYs損失;ILO（国際労働機関）,,A,「大脳皮質」は選択肢で根拠・対象範囲・責任の所在がずれる肢に注意してください。「のみ」「必ず」などの断定は定義と照合し、管理監督者が医学的判断を抱え込まない点も確認します。,g-ad9ceb3c3674137a,大脳皮質とは？意味・根拠・試験で押さえるポイント,大脳皮質は、基礎・役割分野で頻出の用語です。大脳皮質は、精神症状、身体症状、ストレス反応、治療や支援の理解に関わる用語です。本記事では意味、試験での出題の仕方、混同しやすい点を整理します。,職場では管理監督者が医学的診断をするのではなく、遅刻・欠勤、ミス、表情、対人関係、体調不良などの事例性として把握します。,大脳皮質は、精神症状、身体症状、ストレス反応、治療や支援の理解に関わる用語です。;職場では管理監督者が医学的診断をするのではなく、遅刻・欠勤、ミス、表情、対人関係、体調不良などの事例性として把握します。;職場では、用語の意味だけでなく、誰が対応し、どの情報を共有し、どの専門職につなぐかまで確認します。;実務では、用語を単独で覚えるのではなく、ラインケア・安全配慮・専門職連携の流れに置いて確認します。,根拠法令（労基法・労契法・労安法）の取り違え;「のみ」「必ず」などの断定表現に注意;管理監督者が医学的判断を抱え込む,「大脳皮質」は基礎・役割分野の用語。定義→職場での見方→連携先の順で整理し、関連演習で確認してください。,,,大脳皮質とは何ですか？,大脳皮質は、精神症状、身体症状、ストレス反応、治療や支援の理解に関わる用語です。,大脳皮質は試験でどのように問われますか？,「大脳皮質」は定義に加え、演習問題の正答肢キーワードと照合して覚えると定着しやすいです。関連演習へリンクした問題を解き、用語記事に戻って確認してください。,大脳皮質を学習するときの注意点は？,単語だけでなく、ラインケア・安全配慮・専門職連携の流れの中で意味を確認してください。数値や義務の有無は法令改正で変わる場合があるため、受験前に公式情報も確認してください。,y2026/q07,演習2026・第7問（基礎・労働安全衛生）
大脳辺縁系,大脳辺縁系,基礎・役割,基礎・役割,大脳辺縁系は、精神症状、身体症状、ストレス反応、治療や支援の理解に関わる用語です。,大脳辺縁系は、精神症状、身体症状、ストレス反応、治療や支援の理解に関わる用語です。職場では管理監督者が医学的診断をするのではなく、遅刻・欠勤、ミス、表情、対人関係、体調不良などの事例性として把握します。職場では、用語の意味だけでなく、誰が対応し、どの情報を共有し、どの専門職につなぐかまで確認します。実務では、用語を単独で覚えるのではなく、ラインケア・安全配慮・専門職連携の流れに置いて確認します。,36協定;DALYs損失;ILO（国際労働機関）,,A,「大脳辺縁系」は選択肢で根拠・対象範囲・責任の所在がずれる肢に注意してください。「のみ」「必ず」などの断定は定義と照合し、管理監督者が医学的判断を抱え込まない点も確認します。,g-145384a720b96ea5,大脳辺縁系とは？意味・根拠・試験で押さえるポイント,大脳辺縁系は、基礎・役割分野で頻出の用語です。大脳辺縁系は、精神症状、身体症状、ストレス反応、治療や支援の理解に関わる用語です。本記事では意味、試験での出題の仕方、混同しやすい点を整理します。,職場では管理監督者が医学的診断をするのではなく、遅刻・欠勤、ミス、表情、対人関係、体調不良などの事例性として把握します。,大脳辺縁系は、精神症状、身体症状、ストレス反応、治療や支援の理解に関わる用語です。;職場では管理監督者が医学的診断をするのではなく、遅刻・欠勤、ミス、表情、対人関係、体調不良などの事例性として把握します。;職場では、用語の意味だけでなく、誰が対応し、どの情報を共有し、どの専門職につなぐかまで確認します。;実務では、用語を単独で覚えるのではなく、ラインケア・安全配慮・専門職連携の流れに置いて確認します。,根拠法令（労基法・労契法・労安法）の取り違え;「のみ」「必ず」などの断定表現に注意;管理監督者が医学的判断を抱え込む,「大脳辺縁系」は基礎・役割分野の用語。定義→職場での見方→連携先の順で整理し、関連演習で確認してください。,,,大脳辺縁系とは何ですか？,大脳辺縁系は、精神症状、身体症状、ストレス反応、治療や支援の理解に関わる用語です。,大脳辺縁系は試験でどのように問われますか？,「大脳辺縁系」は定義に加え、演習問題の正答肢キーワードと照合して覚えると定着しやすいです。関連演習へリンクした問題を解き、用語記事に戻って確認してください。,大脳辺縁系を学習するときの注意点は？,単語だけでなく、ラインケア・安全配慮・専門職連携の流れの中で意味を確認してください。数値や義務の有無は法令改正で変わる場合があるため、受験前に公式情報も確認してください。,y2026/q07,演習2026・第7問（基礎・労働安全衛生）
契約責任,契約責任,基礎・役割,基礎・役割,契約責任は、業務と疾病・損害との関係、会社の安全配慮義務、労災補償、損害賠償額の調整などを考える場面で出てきます。,契約責任は、業務と疾病・損害との関係、会社の安全配慮義務、労災補償、損害賠償額の調整などを考える場面で出てきます。メンタルヘルス不調でも、長時間労働やハラスメントなど業務上の要因が問題になることがあります。職場では、用語の意味だけでなく、誰が対応し、どの情報を共有し、どの専門職につなぐかまで確認します。実務では、用語を単独で覚えるのではなく、ラインケア・安全配慮・専門職連携の流れに置いて確認します。,36協定;DALYs損失;ILO（国際労働機関）,,A,「契約責任」は選択肢で根拠・対象範囲・責任の所在がずれる肢に注意してください。「のみ」「必ず」などの断定は定義と照合し、管理監督者が医学的判断を抱え込まない点も確認します。,g-ca476dfec14f60c6,契約責任とは？意味・根拠・試験で押さえるポイント,契約責任は、基礎・役割分野で頻出の用語です。契約責任は、業務と疾病・損害との関係、会社の安全配慮義務、労災補償、損害賠償額の調整などを考える場面で出てきます。本記事では意味、試験での出題の仕方、混同しやすい点を整理します。,契約責任は、業務と疾病・損害との関係、会社の安全配慮義務、労災補償、損害賠償額の調整などを考える場面で出てきます。メンタルヘルス不調でも、長時間労働やハラスメントなど業務上の要因が問題になることがあります。,契約責任は、業務と疾病・損害との関係、会社の安全配慮義務、労災補償、損害賠償額の調整などを考える場面で出てきます。;メンタルヘルス不調でも、長時間労働やハラスメントなど業務上の要因が問題になることがあります。;職場では、用語の意味だけでなく、誰が対応し、どの情報を共有し、どの専門職につなぐかまで確認します。;実務では、用語を単独で覚えるのではなく、ラインケア・安全配慮・専門職連携の流れに置いて確認します。,根拠法令（労基法・労契法・労安法）の取り違え;「のみ」「必ず」などの断定表現に注意;管理監督者が医学的判断を抱え込む,「契約責任」は基礎・役割分野の用語。定義→職場での見方→連携先の順で整理し、関連演習で確認してください。,,,契約責任とは何ですか？,契約責任は、業務と疾病・損害との関係、会社の安全配慮義務、労災補償、損害賠償額の調整などを考える場面で出てきます。,契約責任は試験でどのように問われますか？,「契約責任」は定義に加え、演習問題の正答肢キーワードと照合して覚えると定着しやすいです。関連演習へリンクした問題を解き、用語記事に戻って確認してください。,契約責任を学習するときの注意点は？,単語だけでなく、ラインケア・安全配慮・専門職連携の流れの中で意味を確認してください。数値や義務の有無は法令改正で変わる場合があるため、受験前に公式情報も確認してください。,y2026/q07,演習2026・第7問（基礎・労働安全衛生）
守秘義務,守秘義務,相談・連携・復職,相談・連携・復職,守秘義務は、相談対応、社内外資源との連携、休業者の職場復帰支援に関わる用語です。,守秘義務は、相談対応、社内外資源との連携、休業者の職場復帰支援に関わる用語です。まず「守秘義務は基本だが「絶対的」ではなく、自傷他害のリスク・緊急性が高い場合は専門家への連携が優先される」という出題上のポイントと結びつけて理解します。過去問・演習では「産業医・保健師・看護師・産業カウンセラー等はそれぞれの職業倫理・法令上の守秘義務を負う」という形で扱われるため、単語だけでなく設問の場面も確認します。ラインケアの視点では、本人の話を聴き、必要な範囲で産業保健スタッフや社外資源へつなぐことが重要です。関連する用語として、保健師、産業医、傾聴、ストレスもあわせて確認すると理解がつながります。,保健師;産業医;傾聴,,A,演習の正答の要点は「産業医・保健師・看護師・産業カウンセラー等はそれぞれの職業倫理・法令上の守秘義務を負う」です。誤り肢は根拠法令の取り違え、対象範囲の限定（のみ・必ず）、責任主体の混同（会社のみ・管理監督者のみ）に注意してください。,g-7e99a9b2aea91b79,守秘義務とは？意味・根拠・試験で押さえるポイント,守秘義務は、相談・連携・復職分野で頻出の用語です。守秘義務は、相談対応、社内外資源との連携、休業者の職場復帰支援に関わる用語です。本記事では意味、試験での出題の仕方、混同しやすい点を整理します。,守秘義務は、相談対応、社内外資源との連携、休業者の職場復帰支援に関わる用語です。守秘義務は基本だが「絶対的。,守秘義務は、相談対応、社内外資源との連携、休業者の職場復帰支援に関わる用語です。;まず「守秘義務は基本だが「絶対的」ではなく、自傷他害のリスク・緊急性が高い場合は専門家への連携が優先される」という出題上のポイントと結びつけて理解します。;過去問・演習では「産業医・保健師・看護師・産業カウンセラー等はそれぞれの職業倫理・法令上の守秘義務を負う」という形で扱われるため、単語だけでなく設問の場面も確認します。;ラインケアの視点では、本人の話を聴き、必要な範囲で産業保健スタッフや社外資源へつなぐことが重要です。,手順の順序・禁止事項（やってはいけないこと）の混同;主治医と産業医の役割の逆転;管理監督者が医学的判断を抱え込む,「守秘義務」は相談・連携・復職の重要語。定義→誰が何をするか→連携先の順で覚えると整理しやすい。,,,守秘義務とは何ですか？,守秘義務は、相談対応、社内外資源との連携、休業者の職場復帰支援に関わる用語です。,守秘義務は試験でどのように問われますか？,「守秘義務」は定義に加え、演習問題の正答肢キーワードと照合して覚えると定着しやすいです。関連演習へリンクした問題を解き、用語記事に戻って確認してください。,守秘義務を学習するときの注意点は？,単語だけでなく、ラインケア・安全配慮・専門職連携の流れの中で意味を確認してください。数値や義務の有無は法令改正で変わる場合があるため、受験前に公式情報も確認してください。,y2026/q161,演習2026・第161問（守秘義務）
安全衛生委員会,安全衛生委員会,基礎・役割,基礎・役割,安全衛生委員会は、職場での健康障害防止、労働時間管理、安全衛生体制、災害補償などと関係します。,安全衛生委員会は、職場での健康障害防止、労働時間管理、安全衛生体制、災害補償などと関係します。メンタルヘルス対策でも、長時間労働、ストレスチェック、面接指導、職場環境改善を制度面から支える基礎になります。職場では、用語の意味だけでなく、誰が対応し、どの情報を共有し、どの専門職につなぐかまで確認します。実務では、用語を単独で覚えるのではなく、ラインケア・安全配慮・専門職連携の流れに置いて確認します。,36協定;DALYs損失;ILO（国際労働機関）,,A,「安全衛生委員会」は選択肢で根拠・対象範囲・責任の所在がずれる肢に注意してください。「のみ」「必ず」などの断定は定義と照合し、管理監督者が医学的判断を抱え込まない点も確認します。,g-a3e091cb6c003de5,安全衛生委員会とは？意味・根拠・試験で押さえるポイント,安全衛生委員会は、基礎・役割分野で頻出の用語です。安全衛生委員会は、職場での健康障害防止、労働時間管理、安全衛生体制、災害補償などと関係します。本記事では意味、試験での出題の仕方、混同しやすい点を整理します。,安全衛生委員会は、職場での健康障害防止、労働時間管理、安全衛生体制、災害補償などと関係します。メンタルヘルス対策でも、長時間労働、ストレスチェック、面接指導、職場環境改善を制度面から支える基礎になります。,安全衛生委員会は、職場での健康障害防止、労働時間管理、安全衛生体制、災害補償などと関係します。;メンタルヘルス対策でも、長時間労働、ストレスチェック、面接指導、職場環境改善を制度面から支える基礎になります。;職場では、用語の意味だけでなく、誰が対応し、どの情報を共有し、どの専門職につなぐかまで確認します。;実務では、用語を単独で覚えるのではなく、ラインケア・安全配慮・専門職連携の流れに置いて確認します。,根拠法令（労基法・労契法・労安法）の取り違え;「のみ」「必ず」などの断定表現に注意;管理監督者が医学的判断を抱え込む,「安全衛生委員会」は基礎・役割分野の用語。定義→職場での見方→連携先の順で整理し、関連演習で確認してください。,,,安全衛生委員会とは何ですか？,安全衛生委員会は、職場での健康障害防止、労働時間管理、安全衛生体制、災害補償などと関係します。,安全衛生委員会は試験でどのように問われますか？,「安全衛生委員会」は定義に加え、演習問題の正答肢キーワードと照合して覚えると定着しやすいです。関連演習へリンクした問題を解き、用語記事に戻って確認してください。,安全衛生委員会を学習するときの注意点は？,単語だけでなく、ラインケア・安全配慮・専門職連携の流れの中で意味を確認してください。数値や義務の有無は法令改正で変わる場合があるため、受験前に公式情報も確認してください。,y2026/q07,演習2026・第7問（基礎・労働安全衛生）
安全衛生推進者,安全衛生推進者,基礎・役割,基礎・役割,安全衛生推進者は、職場での健康障害防止、労働時間管理、安全衛生体制、災害補償などと関係します。,安全衛生推進者は、職場での健康障害防止、労働時間管理、安全衛生体制、災害補償などと関係します。メンタルヘルス対策でも、長時間労働、ストレスチェック、面接指導、職場環境改善を制度面から支える基礎になります。職場では、用語の意味だけでなく、誰が対応し、どの情報を共有し、どの専門職につなぐかまで確認します。実務では、用語を単独で覚えるのではなく、ラインケア・安全配慮・専門職連携の流れに置いて確認します。,36協定;DALYs損失;ILO（国際労働機関）,,A,「安全衛生推進者」は選択肢で根拠・対象範囲・責任の所在がずれる肢に注意してください。「のみ」「必ず」などの断定は定義と照合し、管理監督者が医学的判断を抱え込まない点も確認します。,g-d2dcbdadd0ae2f45,安全衛生推進者とは？意味・根拠・試験で押さえるポイント,安全衛生推進者は、基礎・役割分野で頻出の用語です。安全衛生推進者は、職場での健康障害防止、労働時間管理、安全衛生体制、災害補償などと関係します。本記事では意味、試験での出題の仕方、混同しやすい点を整理します。,安全衛生推進者は、職場での健康障害防止、労働時間管理、安全衛生体制、災害補償などと関係します。メンタルヘルス対策でも、長時間労働、ストレスチェック、面接指導、職場環境改善を制度面から支える基礎になります。,安全衛生推進者は、職場での健康障害防止、労働時間管理、安全衛生体制、災害補償などと関係します。;メンタルヘルス対策でも、長時間労働、ストレスチェック、面接指導、職場環境改善を制度面から支える基礎になります。;職場では、用語の意味だけでなく、誰が対応し、どの情報を共有し、どの専門職につなぐかまで確認します。;実務では、用語を単独で覚えるのではなく、ラインケア・安全配慮・専門職連携の流れに置いて確認します。,根拠法令（労基法・労契法・労安法）の取り違え;「のみ」「必ず」などの断定表現に注意;管理監督者が医学的判断を抱え込む,「安全衛生推進者」は基礎・役割分野の用語。定義→職場での見方→連携先の順で整理し、関連演習で確認してください。,,,安全衛生推進者とは何ですか？,安全衛生推進者は、職場での健康障害防止、労働時間管理、安全衛生体制、災害補償などと関係します。,安全衛生推進者は試験でどのように問われますか？,「安全衛生推進者」は定義に加え、演習問題の正答肢キーワードと照合して覚えると定着しやすいです。関連演習へリンクした問題を解き、用語記事に戻って確認してください。,安全衛生推進者を学習するときの注意点は？,単語だけでなく、ラインケア・安全配慮・専門職連携の流れの中で意味を確認してください。数値や義務の有無は法令改正で変わる場合があるため、受験前に公式情報も確認してください。,y2026/q07,演習2026・第7問（基礎・労働安全衛生）
安全配慮義務,安全配慮義務,基礎・役割,基礎・役割,安全配慮義務は、メンタルヘルスケアの意義、管理監督者の役割、ストレスや疾病の基礎理解に関わる用語です。,安全配慮義務は、メンタルヘルスケアの意義、管理監督者の役割、ストレスや疾病の基礎理解に関わる用語です。まず「安全配慮義務は、使用者が労働者の生命・身体等の安全を確保しつつ働けるよう必要な配慮をする義務です」という出題上のポイントと結びつけて理解します。過去問・演習では「安全配慮義務は労働契約法5条に規定され、身体的・精神的健康の両方に及ぶ」という形で扱われるため、単語だけでなく設問の場面も確認します。ラインケアの視点では、管理監督者が医学的判断を抱え込まず、職場で観察できる事実と専門職への連携を分けて理解することが重要です。関連する用語として、刑事罰、公法的規制、私法的規制、慰謝料もあわせて確認すると理解がつながります。,刑事罰;公法的規制;私法的規制,,A,演習の正答の要点は「安全配慮義務は労働契約法5条に規定され、身体的・精神的健康の両方に及ぶ」です。誤り肢は根拠法令の取り違え、対象範囲の限定（のみ・必ず）、責任主体の混同（会社のみ・管理監督者のみ）に注意してください。,anzen-hairyo-gimu,安全配慮義務とは？意味・根拠・試験で押さえるポイント,安全配慮義務は、基礎・役割分野で頻出の用語です。安全配慮義務は、メンタルヘルスケアの意義、管理監督者の役割、ストレスや疾病の基礎理解に関わる用語です。本記事では意味、試験での出題の仕方、混同しやすい点を整理します。,安全配慮義務は、メンタルヘルスケアの意義、管理監督者の役割、ストレスや疾病の基礎理解に関わる用語です。安全配慮義務は、使用者が労働者の生命・身体等の安全を確保しつつ働けるよう必要な配慮をする義務です。,安全配慮義務は、メンタルヘルスケアの意義、管理監督者の役割、ストレスや疾病の基礎理解に関わる用語です。;まず「安全配慮義務は、使用者が労働者の生命・身体等の安全を確保しつつ働けるよう必要な配慮をする義務です」という出題上のポイントと結びつけて理解します。;過去問・演習では「安全配慮義務は労働契約法5条に規定され、身体的・精神的健康の両方に及ぶ」という形で扱われるため、単語だけでなく設問の場面も確認します。;ラインケアの視点では、管理監督者が医学的判断を抱え込まず、職場で観察できる事実と専門職への連携を分けて理解することが重要です。,根拠法令（労基法・労契法・労安法）の取り違え;「のみ」「必ず」などの断定表現に注意;管理監督者が医学的判断を抱え込む,「安全配慮義務」は基礎・役割の重要語。定義→誰が何をするか→連携先の順で覚えると整理しやすい。,,,安全配慮義務とは何ですか？,安全配慮義務は、メンタルヘルスケアの意義、管理監督者の役割、ストレスや疾病の基礎理解に関わる用語です。,安全配慮義務は試験でどのように問われますか？,「安全配慮義務」は定義に加え、演習問題の正答肢キーワードと照合して覚えると定着しやすいです。関連演習へリンクした問題を解き、用語記事に戻って確認してください。,安全配慮義務を学習するときの注意点は？,単語だけでなく、ラインケア・安全配慮・専門職連携の流れの中で意味を確認してください。数値や義務の有無は法令改正で変わる場合があるため、受験前に公式情報も確認してください。,y2026/q01,演習2026・第1問（安全配慮義務）
安全配慮義務の履行者,安全配慮義務の履行者,基礎・役割,基礎・役割,安全配慮義務の履行者は、メンタルヘルスケアの意義、管理監督者の役割、ストレスや疾病の基礎理解に関わる用語です。,安全配慮義務の履行者は、メンタルヘルスケアの意義、管理監督者の役割、ストレスや疾病の基礎理解に関わる用語です。まず「試験では「安全配慮義務の履行者は会社のみであり、管理監督者個人が責任を問われることはない」という誤り選択肢に注意する用語です」という出題上のポイントと結びつけて理解します。過去問・演習では「安全配慮義務は労働契約法5条に規定され、身体的・精神的健康の両方に及ぶ」という形で扱われるため、単語だけでなく設問の場面も確認します。ラインケアの視点では、管理監督者が医学的判断を抱え込まず、職場で観察できる事実と専門職への連携を分けて理解することが重要です。関連する用語として、安全配慮義務、刑事罰もあわせて確認すると理解がつながります。,安全配慮義務;刑事罰;確認すると理解がつながります,,A,演習の正答の要点は「安全配慮義務は労働契約法5条に規定され、身体的・精神的健康の両方に及ぶ」です。誤り肢は根拠法令の取り違え、対象範囲の限定（のみ・必ず）、責任主体の混同（会社のみ・管理監督者のみ）に注意してください。,g-6f6ab8e857301306,安全配慮義務の履行者とは？意味・根拠・試験で押さえるポイント,安全配慮義務の履行者は、基礎・役割分野で頻出の用語です。安全配慮義務の履行者は、メンタルヘルスケアの意義、管理監督者の役割、ストレスや疾病の基礎理解に関わる用語です。本記事では意味、試験での出題の仕方、混同しやすい点を整理します。,安全配慮義務の履行者は、メンタルヘルスケアの意義、管理監督者の役割、ストレスや疾病の基礎理解に関わる用語です。試験では「安全配慮義務の履行者は会社のみであり、管理監督者個人が責任を問われることはない。,安全配慮義務の履行者は、メンタルヘルスケアの意義、管理監督者の役割、ストレスや疾病の基礎理解に関わる用語です。;まず「試験では「安全配慮義務の履行者は会社のみであり、管理監督者個人が責任を問われることはない」という誤り選択肢に注意する用語です」という出題上のポイントと結びつけて理解します。;過去問・演習では「安全配慮義務は労働契約法5条に規定され、身体的・精神的健康の両方に及ぶ」という形で扱われるため、単語だけでなく設問の場面も確認します。;ラインケアの視点では、管理監督者が医学的判断を抱え込まず、職場で観察できる事実と専門職への連携を分けて理解することが重要です。,根拠法令（労基法・労契法・労安法）の取り違え;「のみ」「必ず」などの断定表現に注意;管理監督者が医学的判断を抱え込む,「安全配慮義務の履行者」は基礎・役割の重要語。定義→誰が何をするか→連携先の順で覚えると整理しやすい。,,,安全配慮義務の履行者とは何ですか？,安全配慮義務の履行者は、メンタルヘルスケアの意義、管理監督者の役割、ストレスや疾病の基礎理解に関わる用語です。,安全配慮義務の履行者は試験でどのように問われますか？,「安全配慮義務の履行者」は定義に加え、演習問題の正答肢キーワードと照合して覚えると定着しやすいです。関連演習へリンクした問題を解き、用語記事に戻って確認してください。,安全配慮義務の履行者を学習するときの注意点は？,単語だけでなく、ラインケア・安全配慮・専門職連携の流れの中で意味を確認してください。数値や義務の有無は法令改正で変わる場合があるため、受験前に公式情報も確認してください。,y2026/q01,演習2026・第1問（安全配慮義務の履行者）
家族との連携,家族との連携,相談・連携・復職,相談・連携・復職,家族との連携では、管理監督者が一人で抱え込まず、本人の話を聴いたうえで、産業医、保健師、人事労務担当者、外部相談機関などへつなぐ流れを確認します。,家族との連携では、管理監督者が一人で抱え込まず、本人の話を聴いたうえで、産業医、保健師、人事労務担当者、外部相談機関などへつなぐ流れを確認します。相談内容はプライバシーに配慮し、就業上必要な範囲で共有します。職場では、用語の意味だけでなく、誰が対応し、どの情報を共有し、どの専門職につなぐかまで確認します。実務では、本人の安心感を保ちつつ、社内外の支援先とどのタイミングで連携するかを意識します。,いのちの電話;こころの耳メール相談;こころの耳電話相談,,A,「家族との連携」は選択肢で根拠・対象範囲・責任の所在がずれる肢に注意してください。「のみ」「必ず」などの断定は定義と照合し、管理監督者が医学的判断を抱え込まない点も確認します。,g-a37fdfaace01691a,家族との連携とは？意味・根拠・試験で押さえるポイント,家族との連携は、相談・連携・復職分野で頻出の用語です。家族との連携では、管理監督者が一人で抱え込まず、本人の話を聴いたうえで、産業医、保健師、人事労務担当者、外部相談機関などへつなぐ流れを確認します。本記事では意味、試験での出題の仕方、混同しやすい点を整理します。,家族との連携では、管理監督者が一人で抱え込まず、本人の話を聴いたうえで、産業医、保健師、人事労務担当者、外部相談機関などへつなぐ流れを確認します。相談内容はプライバシーに配慮し、就業上必要な範囲で共有します。,家族との連携では、管理監督者が一人で抱え込まず、本人の話を聴いたうえで、産業医、保健師、人事労務担当者、外部相談機関などへつなぐ流れを確認します。;相談内容はプライバシーに配慮し、就業上必要な範囲で共有します。;職場では、用語の意味だけでなく、誰が対応し、どの情報を共有し、どの専門職につなぐかまで確認します。;実務では、本人の安心感を保ちつつ、社内外の支援先とどのタイミングで連携するかを意識します。,手順の順序・禁止事項（やってはいけないこと）の混同;主治医と産業医の役割の逆転;管理監督者が医学的判断を抱え込む,「家族との連携」は相談・連携・復職分野の用語。定義→職場での見方→連携先の順で整理し、関連演習で確認してください。,,,家族との連携とは何ですか？,家族との連携では、管理監督者が一人で抱え込まず、本人の話を聴いたうえで、産業医、保健師、人事労務担当者、外部相談機関などへつなぐ流れを確認します。,家族との連携は試験でどのように問われますか？,「家族との連携」は定義に加え、演習問題の正答肢キーワードと照合して覚えると定着しやすいです。関連演習へリンクした問題を解き、用語記事に戻って確認してください。,家族との連携を学習するときの注意点は？,単語だけでなく、ラインケア・安全配慮・専門職連携の流れの中で意味を確認してください。数値や義務の有無は法令改正で変わる場合があるため、受験前に公式情報も確認してください。,y2026/q28,演習2026・第28問（相談・傾聴）
家族による労働者の疲労蓄積度チェックリスト,家族による労働者の疲労蓄積度チェックリスト,相談・連携・復職,相談・連携・復職,家族は、睡眠、食欲、表情、会話、休日の過ごし方など、職場では見えにくい変化に気づくことがあります。,家族は、睡眠、食欲、表情、会話、休日の過ごし方など、職場では見えにくい変化に気づくことがあります。このチェックリストは、長時間労働や疲労の蓄積を早期に把握し、相談や面接指導につなげるきっかけとして使われます。職場では、用語の意味だけでなく、誰が対応し、どの情報を共有し、どの専門職につなぐかまで確認します。実務では、本人の安心感を保ちつつ、社内外の支援先とどのタイミングで連携するかを意識します。,いのちの電話;こころの耳メール相談;こころの耳電話相談,,A,「家族による労働者の疲労蓄積度チェックリスト」は選択肢で根拠・対象範囲・責任の所在がずれる肢に注意してください。「のみ」「必ず」などの断定は定義と照合し、管理監督者が医学的判断を抱え込まない点も確認します。,g-a93369819a4e4c56,家族による労働者の疲労蓄積度チェックリストとは？意味・根拠・試験で押さえるポイント,家族による労働者の疲労蓄積度チェックリストは、相談・連携・復職分野で頻出の用語です。家族は、睡眠、食欲、表情、会話、休日の過ごし方など、職場では見えにくい変化に気づくことがあります。本記事では意味、試験での出題の仕方、混同しやすい点を整理します。,家族は、睡眠、食欲、表情、会話、休日の過ごし方など、職場では見えにくい変化に気づくことがあります。このチェックリストは、長時間労働や疲労の蓄積を早期に把握し、相談や面接指導につなげるきっかけとして使われます。,家族は、睡眠、食欲、表情、会話、休日の過ごし方など、職場では見えにくい変化に気づくことがあります。;このチェックリストは、長時間労働や疲労の蓄積を早期に把握し、相談や面接指導につなげるきっかけとして使われます。;職場では、用語の意味だけでなく、誰が対応し、どの情報を共有し、どの専門職につなぐかまで確認します。;実務では、本人の安心感を保ちつつ、社内外の支援先とどのタイミングで連携するかを意識します。,手順の順序・禁止事項（やってはいけないこと）の混同;主治医と産業医の役割の逆転;管理監督者が医学的判断を抱え込む,「家族による労働者の疲労蓄積度チェックリスト」は相談・連携・復職分野の用語。定義→職場での見方→連携先の順で整理し、関連演習で確認してください。,,,家族による労働者の疲労蓄積度チェックリストとは何ですか？,家族は、睡眠、食欲、表情、会話、休日の過ごし方など、職場では見えにくい変化に気づくことがあります。,家族による労働者の疲労蓄積度チェックリストは試験でどのように問われますか？,「家族による労働者の疲労蓄積度チェックリスト」は定義に加え、演習問題の正答肢キーワードと照合して覚えると定着しやすいです。関連演習へリンクした問題を解き、用語記事に戻って確認してください。,家族による労働者の疲労蓄積度チェックリストを学習するときの注意点は？,単語だけでなく、ラインケア・安全配慮・専門職連携の流れの中で意味を確認してください。数値や義務の有無は法令改正で変わる場合があるため、受験前に公式情報も確認してください。,y2026/q28,演習2026・第28問（相談・傾聴）
差別的取扱いの禁止,差別的取扱いの禁止,基礎・役割,基礎・役割,差別的取扱いの禁止では、本人の状態や業務内容を踏まえ、勤務時間、業務量、作業環境、情報共有の範囲などを個別に検討します。,差別的取扱いの禁止では、本人の状態や業務内容を踏まえ、勤務時間、業務量、作業環境、情報共有の範囲などを個別に検討します。メンタルヘルス不調や障害に関する情報はプライバシーに配慮して扱う必要があります。職場では、用語の意味だけでなく、誰が対応し、どの情報を共有し、どの専門職につなぐかまで確認します。実務では、用語を単独で覚えるのではなく、ラインケア・安全配慮・専門職連携の流れに置いて確認します。,36協定;DALYs損失;ILO（国際労働機関）,,A,「差別的取扱いの禁止」は選択肢で根拠・対象範囲・責任の所在がずれる肢に注意してください。「のみ」「必ず」などの断定は定義と照合し、管理監督者が医学的判断を抱え込まない点も確認します。,g-020a08d040694c8a,差別的取扱いの禁止とは？意味・根拠・試験で押さえるポイント,差別的取扱いの禁止は、基礎・役割分野で頻出の用語です。差別的取扱いの禁止では、本人の状態や業務内容を踏まえ、勤務時間、業務量、作業環境、情報共有の範囲などを個別に検討します。本記事では意味、試験での出題の仕方、混同しやすい点を整理します。,差別的取扱いの禁止では、本人の状態や業務内容を踏まえ、勤務時間、業務量、作業環境、情報共有の範囲などを個別に検討します。メンタルヘルス不調や障害に関する情報はプライバシーに配慮して扱う必要があります。,差別的取扱いの禁止では、本人の状態や業務内容を踏まえ、勤務時間、業務量、作業環境、情報共有の範囲などを個別に検討します。;メンタルヘルス不調や障害に関する情報はプライバシーに配慮して扱う必要があります。;職場では、用語の意味だけでなく、誰が対応し、どの情報を共有し、どの専門職につなぐかまで確認します。;実務では、用語を単独で覚えるのではなく、ラインケア・安全配慮・専門職連携の流れに置いて確認します。,根拠法令（労基法・労契法・労安法）の取り違え;「のみ」「必ず」などの断定表現に注意;管理監督者が医学的判断を抱え込む,「差別的取扱いの禁止」は基礎・役割分野の用語。定義→職場での見方→連携先の順で整理し、関連演習で確認してください。,,,差別的取扱いの禁止とは何ですか？,差別的取扱いの禁止では、本人の状態や業務内容を踏まえ、勤務時間、業務量、作業環境、情報共有の範囲などを個別に検討します。,差別的取扱いの禁止は試験でどのように問われますか？,「差別的取扱いの禁止」は定義に加え、演習問題の正答肢キーワードと照合して覚えると定着しやすいです。関連演習へリンクした問題を解き、用語記事に戻って確認してください。,差別的取扱いの禁止を学習するときの注意点は？,単語だけでなく、ラインケア・安全配慮・専門職連携の流れの中で意味を確認してください。数値や義務の有無は法令改正で変わる場合があるため、受験前に公式情報も確認してください。,y2026/q07,演習2026・第7問（基礎・労働安全衛生）
幻覚妄想状態,幻覚妄想状態,基礎・役割,基礎・役割,幻覚妄想状態では、幻聴、被害的な確信、現実検討の低下などがみられることがあります。,幻覚妄想状態では、幻聴、被害的な確信、現実検討の低下などがみられることがあります。職場では、言動の変化、対人トラブル、業務遂行の困難として現れる場合があり、医学的評価が必要です。職場では、用語の意味だけでなく、誰が対応し、どの情報を共有し、どの専門職につなぐかまで確認します。実務では、用語を単独で覚えるのではなく、ラインケア・安全配慮・専門職連携の流れに置いて確認します。,36協定;DALYs損失;ILO（国際労働機関）,,A,「幻覚妄想状態」は選択肢で根拠・対象範囲・責任の所在がずれる肢に注意してください。「のみ」「必ず」などの断定は定義と照合し、管理監督者が医学的判断を抱え込まない点も確認します。,g-2b53ea9f0aec02e1,幻覚妄想状態とは？意味・根拠・試験で押さえるポイント,幻覚妄想状態は、基礎・役割分野で頻出の用語です。幻覚妄想状態では、幻聴、被害的な確信、現実検討の低下などがみられることがあります。本記事では意味、試験での出題の仕方、混同しやすい点を整理します。,幻覚妄想状態では、幻聴、被害的な確信、現実検討の低下などがみられることがあります。職場では、言動の変化、対人トラブル、業務遂行の困難として現れる場合があり、医学的評価が必要です。,幻覚妄想状態では、幻聴、被害的な確信、現実検討の低下などがみられることがあります。;職場では、言動の変化、対人トラブル、業務遂行の困難として現れる場合があり、医学的評価が必要です。;職場では、用語の意味だけでなく、誰が対応し、どの情報を共有し、どの専門職につなぐかまで確認します。;実務では、用語を単独で覚えるのではなく、ラインケア・安全配慮・専門職連携の流れに置いて確認します。,根拠法令（労基法・労契法・労安法）の取り違え;「のみ」「必ず」などの断定表現に注意;管理監督者が医学的判断を抱え込む,「幻覚妄想状態」は基礎・役割分野の用語。定義→職場での見方→連携先の順で整理し、関連演習で確認してください。,,,幻覚妄想状態とは何ですか？,幻覚妄想状態では、幻聴、被害的な確信、現実検討の低下などがみられることがあります。,幻覚妄想状態は試験でどのように問われますか？,「幻覚妄想状態」は定義に加え、演習問題の正答肢キーワードと照合して覚えると定着しやすいです。関連演習へリンクした問題を解き、用語記事に戻って確認してください。,幻覚妄想状態を学習するときの注意点は？,単語だけでなく、ラインケア・安全配慮・専門職連携の流れの中で意味を確認してください。数値や義務の有無は法令改正で変わる場合があるため、受験前に公式情報も確認してください。,y2026/q07,演習2026・第7問（基礎・労働安全衛生）
復職に関する情報の扱い方,復職に関する情報の扱い方,相談・連携・復職,相談・連携・復職,復職支援では、診断名や治療内容などの個人情報をむやみに職場へ広げてはいけません。,復職支援では、診断名や治療内容などの個人情報をむやみに職場へ広げてはいけません。一方で、勤務時間、業務負荷、配慮事項など、復職後の安全な就業に必要な情報は、本人同意を前提に関係者間で共有します。職場では、用語の意味だけでなく、誰が対応し、どの情報を共有し、どの専門職につなぐかまで確認します。実務では、本人の安心感を保ちつつ、社内外の支援先とどのタイミングで連携するかを意識します。,いのちの電話;こころの耳メール相談;こころの耳電話相談,,A,「復職に関する情報の扱い方」は選択肢で根拠・対象範囲・責任の所在がずれる肢に注意してください。「のみ」「必ず」などの断定は定義と照合し、管理監督者が医学的判断を抱え込まない点も確認します。,g-724ec5ae32ce1a5c,復職に関する情報の扱い方とは？意味・根拠・試験で押さえるポイント,復職に関する情報の扱い方は、相談・連携・復職分野で頻出の用語です。復職支援では、診断名や治療内容などの個人情報をむやみに職場へ広げてはいけません。本記事では意味、試験での出題の仕方、混同しやすい点を整理します。,復職支援では、診断名や治療内容などの個人情報をむやみに職場へ広げてはいけません。一方で、勤務時間、業務負荷、配慮事項など、復職後の安全な就業に必要な情報は、本人同意を前提に関係者間で共有します。,復職支援では、診断名や治療内容などの個人情報をむやみに職場へ広げてはいけません。;一方で、勤務時間、業務負荷、配慮事項など、復職後の安全な就業に必要な情報は、本人同意を前提に関係者間で共有します。;職場では、用語の意味だけでなく、誰が対応し、どの情報を共有し、どの専門職につなぐかまで確認します。;実務では、本人の安心感を保ちつつ、社内外の支援先とどのタイミングで連携するかを意識します。,手順の順序・禁止事項（やってはいけないこと）の混同;主治医と産業医の役割の逆転;管理監督者が医学的判断を抱え込む,「復職に関する情報の扱い方」は相談・連携・復職分野の用語。定義→職場での見方→連携先の順で整理し、関連演習で確認してください。,,,復職に関する情報の扱い方とは何ですか？,復職支援では、診断名や治療内容などの個人情報をむやみに職場へ広げてはいけません。,復職に関する情報の扱い方は試験でどのように問われますか？,「復職に関する情報の扱い方」は定義に加え、演習問題の正答肢キーワードと照合して覚えると定着しやすいです。関連演習へリンクした問題を解き、用語記事に戻って確認してください。,復職に関する情報の扱い方を学習するときの注意点は？,単語だけでなく、ラインケア・安全配慮・専門職連携の流れの中で意味を確認してください。数値や義務の有無は法令改正で変わる場合があるため、受験前に公式情報も確認してください。,y2026/q76,演習2026・第76問（復職に関する情報の扱い方）
心の健づくり計画,心の健づくり計画,基礎・役割,基礎・役割,心の健づくり計画では、セルフケア、ラインケア、事業場内産業保健スタッフ等によるケア、事業場外資源によるケアを組み合わせ、教育研修、相談体制、職場環境改善を計画的に進めます。,心の健づくり計画では、セルフケア、ラインケア、事業場内産業保健スタッフ等によるケア、事業場外資源によるケアを組み合わせ、教育研修、相談体制、職場環境改善を計画的に進めます。単発の対応ではなく、組織的な仕組みとして整える点が重要です。職場では、用語の意味だけでなく、誰が対応し、どの情報を共有し、どの専門職につなぐかまで確認します。実務では、用語を単独で覚えるのではなく、ラインケア・安全配慮・専門職連携の流れに置いて確認します。,36協定;DALYs損失;ILO（国際労働機関）,,A,「心の健づくり計画」は選択肢で根拠・対象範囲・責任の所在がずれる肢に注意してください。「のみ」「必ず」などの断定は定義と照合し、管理監督者が医学的判断を抱え込まない点も確認します。,g-3701afa4644d9486,心の健づくり計画とは？意味・根拠・試験で押さえるポイント,心の健づくり計画は、基礎・役割分野で頻出の用語です。心の健づくり計画では、セルフケア、ラインケア、事業場内産業保健スタッフ等によるケア、事業場外資源によるケアを組み合わせ、教育研修、相談体制、職場環境改善を計画的に進めます。本記事では意味、試験での出題の仕方、混同しやすい点を整理します。,心の健づくり計画では、セルフケア、ラインケア、事業場内産業保健スタッフ等によるケア、事業場外資源によるケアを組み合わせ、教育研修、相談体制、職場環境改善を計画的に進めます。単発の対応ではなく、組織的な仕組みとして整える点が重要です。,心の健づくり計画では、セルフケア、ラインケア、事業場内産業保健スタッフ等によるケア、事業場外資源によるケアを組み合わせ、教育研修、相談体制、職場環境改善を計画的に進めます。;単発の対応ではなく、組織的な仕組みとして整える点が重要です。;職場では、用語の意味だけでなく、誰が対応し、どの情報を共有し、どの専門職につなぐかまで確認します。;実務では、用語を単独で覚えるのではなく、ラインケア・安全配慮・専門職連携の流れに置いて確認します。,根拠法令（労基法・労契法・労安法）の取り違え;「のみ」「必ず」などの断定表現に注意;管理監督者が医学的判断を抱え込む,「心の健づくり計画」は基礎・役割分野の用語。定義→職場での見方→連携先の順で整理し、関連演習で確認してください。,,,心の健づくり計画とは何ですか？,心の健づくり計画では、セルフケア、ラインケア、事業場内産業保健スタッフ等によるケア、事業場外資源によるケアを組み合わせ、教育研修、相談体制、職場環境改善を計画的に進めます。,心の健づくり計画は試験でどのように問われますか？,「心の健づくり計画」は定義に加え、演習問題の正答肢キーワードと照合して覚えると定着しやすいです。関連演習へリンクした問題を解き、用語記事に戻って確認してください。,心の健づくり計画を学習するときの注意点は？,単語だけでなく、ラインケア・安全配慮・専門職連携の流れの中で意味を確認してください。数値や義務の有無は法令改正で変わる場合があるため、受験前に公式情報も確認してください。,y2026/q07,演習2026・第7問（基礎・労働安全衛生）
心の健康問題により休業した労働者の職場復帰支援の手引き,心の健康問題により休業した労働者の職場復帰支援の手引き,相談・連携・復職,相談・連携・復職,心の健康問題により休業した労働者の職場復帰支援の手引きは、相談対応、社内外資源との連携、休業者の職場復帰支援に関わる用語です。,心の健康問題により休業した労働者の職場復帰支援の手引きは、相談対応、社内外資源との連携、休業者の職場復帰支援に関わる用語です。まず「「心の健康問題により休業した労働者の職場復帰支援の手引き」は厚労省が2004年策定（改訂あり）」という出題上のポイントと結びつけて理解します。過去問・演習では「「心の健康問題により休業した労働者の職場復帰支援の手引き」は厚労省が2004年策定（改訂あり）」という形で扱われるため、単語だけでなく設問の場面も確認します。ラインケアの視点では、本人の話を聴き、必要な範囲で産業保健スタッフや社外資源へつなぐことが重要です。関連する用語として、休業、職場復帰支援の流れもあわせて確認すると理解がつながります。,休業;職場復帰支援の流れ;確認すると理解がつながります,,A,演習の正答の要点は「「心の健康問題により休業した労働者の職場復帰支援の手引き」です。誤り肢は根拠法令の取り違え、対象範囲の限定（のみ・必ず）、責任主体の混同（会社のみ・管理監督者のみ）に注意してください。,g-32b17dc2c3fe38c3,心の健康問題により休業した労働者の職場復帰支援の手引きとは？意味・根拠・試験で押さえるポイント,心の健康問題により休業した労働者の職場復帰支援の手引きは、相談・連携・復職分野で頻出の用語です。心の健康問題により休業した労働者の職場復帰支援の手引きは、相談対応、社内外資源との連携、休業者の職場復帰支援に関わる用語です。本記事では意味、試験での出題の仕方、混同しやすい点を整理します。,心の健康問題により休業した労働者の職場復帰支援の手引きは、相談対応、社内外資源との連携、休業者の職場復帰支援に関わる用語です。「心の健康問題により休業した労働者の職場復帰支援の手引き。,心の健康問題により休業した労働者の職場復帰支援の手引きは、相談対応、社内外資源との連携、休業者の職場復帰支援に関わる用語です。;まず「「心の健康問題により休業した労働者の職場復帰支援の手引き」は厚労省が2004年策定（改訂あり）」という出題上のポイントと結びつけて理解します。;過去問・演習では「「心の健康問題により休業した労働者の職場復帰支援の手引き」は厚労省が2004年策定（改訂あり）」という形で扱われるため、単語だけでなく設問の場面も確認します。;ラインケアの視点では、本人の話を聴き、必要な範囲で産業保健スタッフや社外資源へつなぐことが重要です。,手順の順序・禁止事項（やってはいけないこと）の混同;主治医と産業医の役割の逆転;管理監督者が医学的判断を抱え込む,「心の健康問題により休業した労働者の職場復帰支援の手引き」は相談・連携・復職の重要語。定義→誰が何をするか→連携先の順で覚えると整理しやすい。,,,心の健康問題により休業した労働者の職場復帰支援の手引きとは何ですか？,心の健康問題により休業した労働者の職場復帰支援の手引きは、相談対応、社内外資源との連携、休業者の職場復帰支援に関わる用語です。,心の健康問題により休業した労働者の職場復帰支援の手引きは試験でどのように問われますか？,「心の健康問題により休業した労働者の職場復帰支援の手引き」は定義に加え、演習問題の正答肢キーワードと照合して覚えると定着しやすいです。関連演習へリンクした問題を解き、用語記事に戻って確認してください。,心の健康問題により休業した労働者の職場復帰支援の手引きを学習するときの注意点は？,単語だけでなく、ラインケア・安全配慮・専門職連携の流れの中で意味を確認してください。数値や義務の有無は法令改正で変わる場合があるため、受験前に公式情報も確認してください。,y2026/q93,演習2026・第93問（心の健康問題により休業した労働者の職場復帰支…）
心の健康確保の理解,心の健康確保の理解,基礎・役割,基礎・役割,心の健康確保の理解では、セルフケア、ラインケア、事業場内産業保健スタッフ等によるケア、事業場外資源によるケアを組み合わせ、教育研修、相談体制、職場環境改善を計画的に進めます。,心の健康確保の理解では、セルフケア、ラインケア、事業場内産業保健スタッフ等によるケア、事業場外資源によるケアを組み合わせ、教育研修、相談体制、職場環境改善を計画的に進めます。単発の対応ではなく、組織的な仕組みとして整える点が重要です。職場では、用語の意味だけでなく、誰が対応し、どの情報を共有し、どの専門職につなぐかまで確認します。実務では、用語を単独で覚えるのではなく、ラインケア・安全配慮・専門職連携の流れに置いて確認します。,36協定;DALYs損失;ILO（国際労働機関）,,A,選択肢では根拠法令・対象範囲・責任の所在がずれる肢に注意し、用語の定義と照合してください。,g-d4bbd2939df3ac84,心の健康確保の理解とは？意味・根拠・試験で押さえるポイント,心の健康確保の理解は、基礎・役割分野で頻出の用語です。心の健康確保の理解では、セルフケア、ラインケア、事業場内産業保健スタッフ等によるケア、事業場外資源によるケアを組み合わせ、教育研修、相談体制、職場環境改善を計画的に進めます。本記事では意味、試験での出題の仕方、混同しやすい点を整理します。,心の健康確保の理解では、セルフケア、ラインケア、事業場内産業保健スタッフ等によるケア、事業場外資源によるケアを組み合わせ、教育研修、相談体制、職場環境改善を計画的に進めます。,心の健康確保の理解では、セルフケア、ラインケア、事業場内産業保健スタッフ等によるケア、事業場外資源によるケアを組み合わせ、教育研修、相談体制、職場環境改善を計画的に進めます。;単発の対応ではなく、組織的な仕組みとして整える点が重要です。;職場では、用語の意味だけでなく、誰が対応し、どの情報を共有し、どの専門職につなぐかまで確認します。;実務では、用語を単独で覚えるのではなく、ラインケア・安全配慮・専門職連携の流れに置いて確認します。,根拠法令（労基法・労契法・労安法）の取り違え;「のみ」「必ず」などの断定表現に注意;管理監督者が医学的判断を抱え込む,「心の健康確保の理解」は基礎・役割の重要語。定義→誰が何をするか→連携先の順で覚えると整理しやすい。,,,心の健康確保の理解とは何ですか？,心の健康確保の理解では、セルフケア、ラインケア、事業場内産業保健スタッフ等によるケア、事業場外資源によるケアを組み合わせ、教育研修、相談体制、職場環境改善を計画的に進めます。,心の健康確保の理解は試験でどのように問われますか？,「心の健康確保の理解」は定義に加え、演習問題の正答肢キーワードと照合して覚えると定着しやすいです。関連演習へリンクした問題を解き、用語記事に戻って確認してください。,心の健康確保の理解を学習するときの注意点は？,単語だけでなく、ラインケア・安全配慮・専門職連携の流れの中で意味を確認してください。数値や義務の有無は法令改正で変わる場合があるため、受験前に公式情報も確認してください。,y2026/q11,演習2026・第11問（心の健康づくり）
心理療法,心理療法,職場環境・配慮,職場環境・配慮,心理療法は、職場環境の評価・改善、個々の労働者への配慮、ストレスチェック制度に関わる用語です。,心理療法は、職場環境の評価・改善、個々の労働者への配慮、ストレスチェック制度に関わる用語です。まず「CBTは認知（思考パターン）と行動の両面に働きかける心理療法」という出題上のポイントと結びつけて理解します。過去問・演習では「CBTは認知（思考パターン）と行動の両面に働きかける心理療法」という形で扱われるため、単語だけでなく設問の場面も確認します。ラインケアの視点では、職場要因を把握し、業務量・裁量・支援体制など改善できる点へつなげることが重要です。関連する用語として、うつ病、ストレス、薬物療法、認知行動療法もあわせて確認すると理解がつながります。,うつ病;ストレス;薬物療法,,A,演習の正答の要点は「CBTは認知（思考パターン）と行動の両面に働きかける心理療法」です。誤り肢は根拠法令の取り違え、対象範囲の限定（のみ・必ず）、責任主体の混同（会社のみ・管理監督者のみ）に注意してください。,g-ef1719cf51e13f58,心理療法とは？意味・根拠・試験で押さえるポイント,心理療法は、職場環境・配慮分野で頻出の用語です。心理療法は、職場環境の評価・改善、個々の労働者への配慮、ストレスチェック制度に関わる用語です。本記事では意味、試験での出題の仕方、混同しやすい点を整理します。,心理療法は、職場環境の評価・改善、個々の労働者への配慮、ストレスチェック制度に関わる用語です。CBTは認知（思考パターン）と行動の両面に働きかける心理療法。,心理療法は、職場環境の評価・改善、個々の労働者への配慮、ストレスチェック制度に関わる用語です。;まず「CBTは認知（思考パターン）と行動の両面に働きかける心理療法」という出題上のポイントと結びつけて理解します。;過去問・演習では「CBTは認知（思考パターン）と行動の両面に働きかける心理療法」という形で扱われるため、単語だけでなく設問の場面も確認します。;ラインケアの視点では、職場要因を把握し、業務量・裁量・支援体制など改善できる点へつなげることが重要です。,数値基準・義務の有無・誰が実施するかの混同;個人結果と集団分析の取り違え;管理監督者が医学的判断を抱え込む,「心理療法」は職場環境・配慮の重要語。定義→誰が何をするか→連携先の順で覚えると整理しやすい。,,,心理療法とは何ですか？,心理療法は、職場環境の評価・改善、個々の労働者への配慮、ストレスチェック制度に関わる用語です。,心理療法は試験でどのように問われますか？,「心理療法」は定義に加え、演習問題の正答肢キーワードと照合して覚えると定着しやすいです。関連演習へリンクした問題を解き、用語記事に戻って確認してください。,心理療法を学習するときの注意点は？,単語だけでなく、ラインケア・安全配慮・専門職連携の流れの中で意味を確認してください。数値や義務の有無は法令改正で変わる場合があるため、受験前に公式情報も確認してください。,y2026/q116,演習2026・第116問（心理療法）
心理的負荷による精神障害の認定基準,心理的負荷による精神障害の認定基準,基礎・役割,基礎・役割,心理的負荷による精神障害の認定基準は、精神症状、身体症状、ストレス反応、治療や支援の理解に関わる用語です。,心理的負荷による精神障害の認定基準は、精神症状、身体症状、ストレス反応、治療や支援の理解に関わる用語です。職場では管理監督者が医学的診断をするのではなく、遅刻・欠勤、ミス、表情、対人関係、体調不良などの事例性として把握します。職場では、用語の意味だけでなく、誰が対応し、どの情報を共有し、どの専門職につなぐかまで確認します。実務では、用語を単独で覚えるのではなく、ラインケア・安全配慮・専門職連携の流れに置いて確認します。,36協定;DALYs損失;ILO（国際労働機関）,,A,「心理的負荷による精神障害の認定基準」は選択肢で根拠・対象範囲・責任の所在がずれる肢に注意してください。「のみ」「必ず」などの断定は定義と照合し、管理監督者が医学的判断を抱え込まない点も確認します。,g-12a4fee84fc39ce4,心理的負荷による精神障害の認定基準とは？意味・根拠・試験で押さえるポイント,心理的負荷による精神障害の認定基準は、基礎・役割分野で頻出の用語です。心理的負荷による精神障害の認定基準は、精神症状、身体症状、ストレス反応、治療や支援の理解に関わる用語です。本記事では意味、試験での出題の仕方、混同しやすい点を整理します。,職場では管理監督者が医学的診断をするのではなく、遅刻・欠勤、ミス、表情、対人関係、体調不良などの事例性として把握します。,心理的負荷による精神障害の認定基準は、精神症状、身体症状、ストレス反応、治療や支援の理解に関わる用語です。;職場では管理監督者が医学的診断をするのではなく、遅刻・欠勤、ミス、表情、対人関係、体調不良などの事例性として把握します。;職場では、用語の意味だけでなく、誰が対応し、どの情報を共有し、どの専門職につなぐかまで確認します。;実務では、用語を単独で覚えるのではなく、ラインケア・安全配慮・専門職連携の流れに置いて確認します。,根拠法令（労基法・労契法・労安法）の取り違え;「のみ」「必ず」などの断定表現に注意;管理監督者が医学的判断を抱え込む,「心理的負荷による精神障害の認定基準」は基礎・役割分野の用語。定義→職場での見方→連携先の順で整理し、関連演習で確認してください。,,,心理的負荷による精神障害の認定基準とは何ですか？,心理的負荷による精神障害の認定基準は、精神症状、身体症状、ストレス反応、治療や支援の理解に関わる用語です。,心理的負荷による精神障害の認定基準は試験でどのように問われますか？,「心理的負荷による精神障害の認定基準」は定義に加え、演習問題の正答肢キーワードと照合して覚えると定着しやすいです。関連演習へリンクした問題を解き、用語記事に戻って確認してください。,心理的負荷による精神障害の認定基準を学習するときの注意点は？,単語だけでなく、ラインケア・安全配慮・専門職連携の流れの中で意味を確認してください。数値や義務の有無は法令改正で変わる場合があるため、受験前に公式情報も確認してください。,y2026/q07,演習2026・第7問（基礎・労働安全衛生）
心理社会的ストレッサー,心理社会的ストレッサー,基礎・役割,基礎・役割,心理社会的ストレッサーには、職場の人間関係、仕事の量や質、役割の曖昧さ、ハラスメント、家庭問題、経済的不安などがあります。,心理社会的ストレッサーには、職場の人間関係、仕事の量や質、役割の曖昧さ、ハラスメント、家庭問題、経済的不安などがあります。物理的環境だけでなく、心理的・社会的条件がストレス反応に影響します。職場では、用語の意味だけでなく、誰が対応し、どの情報を共有し、どの専門職につなぐかまで確認します。実務では、用語を単独で覚えるのではなく、ラインケア・安全配慮・専門職連携の流れに置いて確認します。,36協定;DALYs損失;ILO（国際労働機関）,,A,「心理社会的ストレッサー」は選択肢で根拠・対象範囲・責任の所在がずれる肢に注意してください。「のみ」「必ず」などの断定は定義と照合し、管理監督者が医学的判断を抱え込まない点も確認します。,g-78dd4d827e486457,心理社会的ストレッサーとは？意味・根拠・試験で押さえるポイント,心理社会的ストレッサーは、基礎・役割分野で頻出の用語です。心理社会的ストレッサーには、職場の人間関係、仕事の量や質、役割の曖昧さ、ハラスメント、家庭問題、経済的不安などがあります。本記事では意味、試験での出題の仕方、混同しやすい点を整理します。,心理社会的ストレッサーには、職場の人間関係、仕事の量や質、役割の曖昧さ、ハラスメント、家庭問題、経済的不安などがあります。物理的環境だけでなく、心理的・社会的条件がストレス反応に影響します。,心理社会的ストレッサーには、職場の人間関係、仕事の量や質、役割の曖昧さ、ハラスメント、家庭問題、経済的不安などがあります。;物理的環境だけでなく、心理的・社会的条件がストレス反応に影響します。;職場では、用語の意味だけでなく、誰が対応し、どの情報を共有し、どの専門職につなぐかまで確認します。;実務では、用語を単独で覚えるのではなく、ラインケア・安全配慮・専門職連携の流れに置いて確認します。,根拠法令（労基法・労契法・労安法）の取り違え;「のみ」「必ず」などの断定表現に注意;管理監督者が医学的判断を抱え込む,「心理社会的ストレッサー」は基礎・役割分野の用語。定義→職場での見方→連携先の順で整理し、関連演習で確認してください。,,,心理社会的ストレッサーとは何ですか？,心理社会的ストレッサーには、職場の人間関係、仕事の量や質、役割の曖昧さ、ハラスメント、家庭問題、経済的不安などがあります。,心理社会的ストレッサーは試験でどのように問われますか？,「心理社会的ストレッサー」は定義に加え、演習問題の正答肢キーワードと照合して覚えると定着しやすいです。関連演習へリンクした問題を解き、用語記事に戻って確認してください。,心理社会的ストレッサーを学習するときの注意点は？,単語だけでなく、ラインケア・安全配慮・専門職連携の流れの中で意味を確認してください。数値や義務の有無は法令改正で変わる場合があるため、受験前に公式情報も確認してください。,y2026/q07,演習2026・第7問（基礎・労働安全衛生）
心療内科,心療内科,相談・連携・復職,相談・連携・復職,心療内科は、相談対応、社内外資源との連携、休業者の職場復帰支援に関わる用語です。,心療内科は、相談対応、社内外資源との連携、休業者の職場復帰支援に関わる用語です。まず「心療内科は心身症（心理的要因の身体症状）が主」という出題上のポイントと結びつけて理解します。過去問・演習では「精神科はうつ病・統合失調症・双極性障害など広く精神疾患を扱う」という形で扱われるため、単語だけでなく設問の場面も確認します。ラインケアの視点では、本人の話を聴き、必要な範囲で産業保健スタッフや社外資源へつなぐことが重要です。関連する用語として、精神科、うつ病、心身症、産業医もあわせて確認すると理解がつながります。,精神科;うつ病;心身症,,A,演習の正答の要点は「精神科はうつ病・統合失調症・双極性障害など広く精神疾患を扱う」です。誤り肢は根拠法令の取り違え、対象範囲の限定（のみ・必ず）、責任主体の混同（会社のみ・管理監督者のみ）に注意してください。,g-808c61e86e472d3f,心療内科とは？意味・根拠・試験で押さえるポイント,心療内科は、相談・連携・復職分野で頻出の用語です。心療内科は、相談対応、社内外資源との連携、休業者の職場復帰支援に関わる用語です。本記事では意味、試験での出題の仕方、混同しやすい点を整理します。,心療内科は、相談対応、社内外資源との連携、休業者の職場復帰支援に関わる用語です。心療内科は心身症（心理的要因の身体症状）が主。,心療内科は、相談対応、社内外資源との連携、休業者の職場復帰支援に関わる用語です。;まず「心療内科は心身症（心理的要因の身体症状）が主」という出題上のポイントと結びつけて理解します。;過去問・演習では「精神科はうつ病・統合失調症・双極性障害など広く精神疾患を扱う」という形で扱われるため、単語だけでなく設問の場面も確認します。;ラインケアの視点では、本人の話を聴き、必要な範囲で産業保健スタッフや社外資源へつなぐことが重要です。,手順の順序・禁止事項（やってはいけないこと）の混同;主治医と産業医の役割の逆転;管理監督者が医学的判断を抱え込む,「心療内科」は相談・連携・復職の重要語。定義→誰が何をするか→連携先の順で覚えると整理しやすい。,,,心療内科とは何ですか？,心療内科は、相談対応、社内外資源との連携、休業者の職場復帰支援に関わる用語です。,心療内科は試験でどのように問われますか？,「心療内科」は定義に加え、演習問題の正答肢キーワードと照合して覚えると定着しやすいです。関連演習へリンクした問題を解き、用語記事に戻って確認してください。,心療内科を学習するときの注意点は？,単語だけでなく、ラインケア・安全配慮・専門職連携の流れの中で意味を確認してください。数値や義務の有無は法令改正で変わる場合があるため、受験前に公式情報も確認してください。,y2026/q30,演習2026・第30問（心療内科）
心身症,心身症,基礎・役割,基礎・役割,心身症は、メンタルヘルスケアの意義、管理監督者の役割、ストレスや疾病の基礎理解に関わる用語です。,心身症は、メンタルヘルスケアの意義、管理監督者の役割、ストレスや疾病の基礎理解に関わる用語です。まず「心療内科は心身症（心理的要因の身体症状）が主」という出題上のポイントと結びつけて理解します。過去問・演習では「心身症は胃潰瘍・過敏性腸症候群・気管支喘息・高血圧等、心理社会的要因が発症・悪化に関与する身体疾患の総称」という形で扱われるため、単語だけでなく設問の場面も確認します。ラインケアの視点では、管理監督者が医学的判断を抱え込まず、職場で観察できる事実と専門職への連携を分けて理解することが重要です。関連する用語として、ストレス、発達障害、精神科、うつ病もあわせて確認すると理解がつながります。,ストレス;発達障害;精神科,,A,演習の正答の要点は「心身症は胃潰瘍・過敏性腸症候群・気管支喘息・高血圧等、心理社会的要因が発症・悪化に関与する身体疾患の総称」です。誤り肢は根拠法令の取り違え、対象範囲の限定（のみ・必ず）、責任主体の混同（会社のみ・管理監督者のみ）に注意してください。,g-237c6fb71c8c9604,心身症とは？意味・根拠・試験で押さえるポイント,心身症は、基礎・役割分野で頻出の用語です。心身症は、メンタルヘルスケアの意義、管理監督者の役割、ストレスや疾病の基礎理解に関わる用語です。本記事では意味、試験での出題の仕方、混同しやすい点を整理します。,心身症は、メンタルヘルスケアの意義、管理監督者の役割、ストレスや疾病の基礎理解に関わる用語です。心療内科は心身症（心理的要因の身体症状）が主。,心身症は、メンタルヘルスケアの意義、管理監督者の役割、ストレスや疾病の基礎理解に関わる用語です。;まず「心療内科は心身症（心理的要因の身体症状）が主」という出題上のポイントと結びつけて理解します。;過去問・演習では「心身症は胃潰瘍・過敏性腸症候群・気管支喘息・高血圧等、心理社会的要因が発症・悪化に関与する身体疾患の総称」という形で扱われるため、単語だけでなく設問の場面も確認します。;ラインケアの視点では、管理監督者が医学的判断を抱え込まず、職場で観察できる事実と専門職への連携を分けて理解することが重要です。,根拠法令（労基法・労契法・労安法）の取り違え;「のみ」「必ず」などの断定表現に注意;管理監督者が医学的判断を抱え込む,「心身症」は基礎・役割の重要語。定義→誰が何をするか→連携先の順で覚えると整理しやすい。,,,心身症とは何ですか？,心身症は、メンタルヘルスケアの意義、管理監督者の役割、ストレスや疾病の基礎理解に関わる用語です。,心身症は試験でどのように問われますか？,「心身症」は定義に加え、演習問題の正答肢キーワードと照合して覚えると定着しやすいです。関連演習へリンクした問題を解き、用語記事に戻って確認してください。,心身症を学習するときの注意点は？,単語だけでなく、ラインケア・安全配慮・専門職連携の流れの中で意味を確認してください。数値や義務の有無は法令改正で変わる場合があるため、受験前に公式情報も確認してください。,y2026/q33,演習2026・第33問（心身症）
急性ストレス反応,急性ストレス反応,基礎・役割,基礎・役割,急性ストレス反応は、メンタルヘルスケアの意義、管理監督者の役割、ストレスや疾病の基礎理解に関わる用語です。,急性ストレス反応は、メンタルヘルスケアの意義、管理監督者の役割、ストレスや疾病の基礎理解に関わる用語です。まず「急性ストレス反応は、試験では「急性ストレス（闘争・逃走反応）：交感神経活性化→心拍数・血圧上昇・アドレナリン・ノルアドレナリン分泌増加・筋肉への血流増加」という文脈で確認される用語です」という出題上のポイントと結びつけて理解します。過去問・演習では「急性ストレス（闘争・逃走反応）：交感神経活性化→心拍数・血圧上昇・アドレナリン・ノルアドレナリン分泌増加・筋肉への血流増加」という形で扱われるため、単語だけでなく設問の場面も確認します。ラインケアの視点では、管理監督者が医学的判断を抱え込まず、職場で観察できる事実と専門職への連携を分けて理解することが重要です。関連する用語として、アドレナリン、ストレス、ストレス反応、ノルアドレナリンもあわせて確認すると理解がつながります。,アドレナリン;ストレス;ストレス反応,,A,演習の正答の要点は「急性ストレス（闘争・逃走反応）：交感神経活性化→心拍数・血圧上昇・アドレナリン・ノルアドレナリン分泌増加・筋肉への血流増加」です。誤り肢は根拠法令の取り違え、対象範囲の限定（のみ・必ず）、責任主体の混同（会社のみ・管理監督者のみ）に注意してください。,g-4d325409b1cb980d,急性ストレス反応とは？意味・根拠・試験で押さえるポイント,急性ストレス反応は、基礎・役割分野で頻出の用語です。急性ストレス反応は、メンタルヘルスケアの意義、管理監督者の役割、ストレスや疾病の基礎理解に関わる用語です。本記事では意味、試験での出題の仕方、混同しやすい点を整理します。,急性ストレス反応は、メンタルヘルスケアの意義、管理監督者の役割、ストレスや疾病の基礎理解に関わる用語です。急性ストレス反応は、試験では「急性ストレス（闘争・逃走反応）：交感神経活性化→心拍数・血圧上昇・アドレナリン・ノルアドレナリン分泌増加・筋肉への血流増加。,急性ストレス反応は、メンタルヘルスケアの意義、管理監督者の役割、ストレスや疾病の基礎理解に関わる用語です。;まず「急性ストレス反応は、試験では「急性ストレス（闘争・逃走反応）：交感神経活性化→心拍数・血圧上昇・アドレナリン・ノルアドレナリン分泌増加・筋肉への血流増加」という文脈で確認される用語です」という出題上のポイントと結びつけて理解します。;過去問・演習では「急性ストレス（闘争・逃走反応）：交感神経活性化→心拍数・血圧上昇・アドレナリン・ノルアドレナリン分泌増加・筋肉への血流増加」という形で扱われるため、単語だけでなく設問の場面も確認します。;ラインケアの視点では、管理監督者が医学的判断を抱え込まず、職場で観察できる事実と専門職への連携を分けて理解することが重要です。,根拠法令（労基法・労契法・労安法）の取り違え;「のみ」「必ず」などの断定表現に注意;管理監督者が医学的判断を抱え込む,「急性ストレス反応」は基礎・役割の重要語。定義→誰が何をするか→連携先の順で覚えると整理しやすい。,,,急性ストレス反応とは何ですか？,急性ストレス反応は、メンタルヘルスケアの意義、管理監督者の役割、ストレスや疾病の基礎理解に関わる用語です。,急性ストレス反応は試験でどのように問われますか？,「急性ストレス反応」は定義に加え、演習問題の正答肢キーワードと照合して覚えると定着しやすいです。関連演習へリンクした問題を解き、用語記事に戻って確認してください。,急性ストレス反応を学習するときの注意点は？,単語だけでなく、ラインケア・安全配慮・専門職連携の流れの中で意味を確認してください。数値や義務の有無は法令改正で変わる場合があるため、受験前に公式情報も確認してください。,y2026/q82,演習2026・第82問（急性ストレス反応）
急性反応,急性反応,基礎・役割,基礎・役割,急性反応は、ストレッサーに対する身体反応や心理反応を説明する際に使われます。,急性反応は、ストレッサーに対する身体反応や心理反応を説明する際に使われます。急性の緊張反応、慢性的な疲労や不調、自律神経系や内分泌系の反応などを、ストレス反応の流れとして理解します。職場では、用語の意味だけでなく、誰が対応し、どの情報を共有し、どの専門職につなぐかまで確認します。実務では、用語を単独で覚えるのではなく、ラインケア・安全配慮・専門職連携の流れに置いて確認します。,36協定;DALYs損失;ILO（国際労働機関）,,A,「急性反応」は選択肢で根拠・対象範囲・責任の所在がずれる肢に注意してください。「のみ」「必ず」などの断定は定義と照合し、管理監督者が医学的判断を抱え込まない点も確認します。,g-1e489ef50272fab8,急性反応とは？意味・根拠・試験で押さえるポイント,急性反応は、基礎・役割分野で頻出の用語です。急性反応は、ストレッサーに対する身体反応や心理反応を説明する際に使われます。本記事では意味、試験での出題の仕方、混同しやすい点を整理します。,急性反応は、ストレッサーに対する身体反応や心理反応を説明する際に使われます。急性の緊張反応、慢性的な疲労や不調、自律神経系や内分泌系の反応などを、ストレス反応の流れとして理解します。,急性反応は、ストレッサーに対する身体反応や心理反応を説明する際に使われます。;急性の緊張反応、慢性的な疲労や不調、自律神経系や内分泌系の反応などを、ストレス反応の流れとして理解します。;職場では、用語の意味だけでなく、誰が対応し、どの情報を共有し、どの専門職につなぐかまで確認します。;実務では、用語を単独で覚えるのではなく、ラインケア・安全配慮・専門職連携の流れに置いて確認します。,根拠法令（労基法・労契法・労安法）の取り違え;「のみ」「必ず」などの断定表現に注意;管理監督者が医学的判断を抱え込む,「急性反応」は基礎・役割分野の用語。定義→職場での見方→連携先の順で整理し、関連演習で確認してください。,,,急性反応とは何ですか？,急性反応は、ストレッサーに対する身体反応や心理反応を説明する際に使われます。,急性反応は試験でどのように問われますか？,「急性反応」は定義に加え、演習問題の正答肢キーワードと照合して覚えると定着しやすいです。関連演習へリンクした問題を解き、用語記事に戻って確認してください。,急性反応を学習するときの注意点は？,単語だけでなく、ラインケア・安全配慮・専門職連携の流れの中で意味を確認してください。数値や義務の有無は法令改正で変わる場合があるため、受験前に公式情報も確認してください。,y2026/q07,演習2026・第7問（基礎・労働安全衛生）
慢性反応,慢性反応,基礎・役割,基礎・役割,慢性反応は、ストレッサーに対する身体反応や心理反応を説明する際に使われます。,慢性反応は、ストレッサーに対する身体反応や心理反応を説明する際に使われます。急性の緊張反応、慢性的な疲労や不調、自律神経系や内分泌系の反応などを、ストレス反応の流れとして理解します。職場では、用語の意味だけでなく、誰が対応し、どの情報を共有し、どの専門職につなぐかまで確認します。実務では、用語を単独で覚えるのではなく、ラインケア・安全配慮・専門職連携の流れに置いて確認します。,36協定;DALYs損失;ILO（国際労働機関）,,A,「慢性反応」は選択肢で根拠・対象範囲・責任の所在がずれる肢に注意してください。「のみ」「必ず」などの断定は定義と照合し、管理監督者が医学的判断を抱え込まない点も確認します。,g-78da49587fab6d41,慢性反応とは？意味・根拠・試験で押さえるポイント,慢性反応は、基礎・役割分野で頻出の用語です。慢性反応は、ストレッサーに対する身体反応や心理反応を説明する際に使われます。本記事では意味、試験での出題の仕方、混同しやすい点を整理します。,慢性反応は、ストレッサーに対する身体反応や心理反応を説明する際に使われます。急性の緊張反応、慢性的な疲労や不調、自律神経系や内分泌系の反応などを、ストレス反応の流れとして理解します。,慢性反応は、ストレッサーに対する身体反応や心理反応を説明する際に使われます。;急性の緊張反応、慢性的な疲労や不調、自律神経系や内分泌系の反応などを、ストレス反応の流れとして理解します。;職場では、用語の意味だけでなく、誰が対応し、どの情報を共有し、どの専門職につなぐかまで確認します。;実務では、用語を単独で覚えるのではなく、ラインケア・安全配慮・専門職連携の流れに置いて確認します。,根拠法令（労基法・労契法・労安法）の取り違え;「のみ」「必ず」などの断定表現に注意;管理監督者が医学的判断を抱え込む,「慢性反応」は基礎・役割分野の用語。定義→職場での見方→連携先の順で整理し、関連演習で確認してください。,,,慢性反応とは何ですか？,慢性反応は、ストレッサーに対する身体反応や心理反応を説明する際に使われます。,慢性反応は試験でどのように問われますか？,「慢性反応」は定義に加え、演習問題の正答肢キーワードと照合して覚えると定着しやすいです。関連演習へリンクした問題を解き、用語記事に戻って確認してください。,慢性反応を学習するときの注意点は？,単語だけでなく、ラインケア・安全配慮・専門職連携の流れの中で意味を確認してください。数値や義務の有無は法令改正で変わる場合があるため、受験前に公式情報も確認してください。,y2026/q07,演習2026・第7問（基礎・労働安全衛生）
慰謝料,慰謝料,基礎・役割,基礎・役割,慰謝料は、メンタルヘルスケアの意義、管理監督者の役割、ストレスや疾病の基礎理解に関わる用語です。,慰謝料は、メンタルヘルスケアの意義、管理監督者の役割、ストレスや疾病の基礎理解に関わる用語です。まず「損害賠償の対象は積極損害（治療費等）・消極損害（逸失利益）・慰謝料」という出題上のポイントと結びつけて理解します。過去問・演習では「損害賠償の対象は積極損害（治療費等）・消極損害（逸失利益）・慰謝料」という形で扱われるため、単語だけでなく設問の場面も確認します。ラインケアの視点では、管理監督者が医学的判断を抱え込まず、職場で観察できる事実と専門職への連携を分けて理解することが重要です。関連する用語として、安全配慮義務、逸失利益、休業もあわせて確認すると理解がつながります。,安全配慮義務;逸失利益;休業,,A,演習の正答の要点は「損害賠償の対象は積極損害（治療費等）・消極損害（逸失利益）・慰謝料」です。誤り肢は根拠法令の取り違え、対象範囲の限定（のみ・必ず）、責任主体の混同（会社のみ・管理監督者のみ）に注意してください。,g-eac6e3eb357da42a,慰謝料とは？意味・根拠・試験で押さえるポイント,慰謝料は、基礎・役割分野で頻出の用語です。慰謝料は、メンタルヘルスケアの意義、管理監督者の役割、ストレスや疾病の基礎理解に関わる用語です。本記事では意味、試験での出題の仕方、混同しやすい点を整理します。,慰謝料は、メンタルヘルスケアの意義、管理監督者の役割、ストレスや疾病の基礎理解に関わる用語です。損害賠償の対象は積極損害（治療費等）・消極損害（逸失利益）・慰謝料。,慰謝料は、メンタルヘルスケアの意義、管理監督者の役割、ストレスや疾病の基礎理解に関わる用語です。;まず「損害賠償の対象は積極損害（治療費等）・消極損害（逸失利益）・慰謝料」という出題上のポイントと結びつけて理解します。;過去問・演習では「損害賠償の対象は積極損害（治療費等）・消極損害（逸失利益）・慰謝料」という形で扱われるため、単語だけでなく設問の場面も確認します。;ラインケアの視点では、管理監督者が医学的判断を抱え込まず、職場で観察できる事実と専門職への連携を分けて理解することが重要です。,根拠法令（労基法・労契法・労安法）の取り違え;「のみ」「必ず」などの断定表現に注意;管理監督者が医学的判断を抱え込む,「慰謝料」は基礎・役割の重要語。定義→誰が何をするか→連携先の順で覚えると整理しやすい。,,,慰謝料とは何ですか？,慰謝料は、メンタルヘルスケアの意義、管理監督者の役割、ストレスや疾病の基礎理解に関わる用語です。,慰謝料は試験でどのように問われますか？,「慰謝料」は定義に加え、演習問題の正答肢キーワードと照合して覚えると定着しやすいです。関連演習へリンクした問題を解き、用語記事に戻って確認してください。,慰謝料を学習するときの注意点は？,単語だけでなく、ラインケア・安全配慮・専門職連携の流れの中で意味を確認してください。数値や義務の有無は法令改正で変わる場合があるため、受験前に公式情報も確認してください。,y2026/q44,演習2026・第44問（慰謝料）
抗うつ薬,抗うつ薬,基礎・役割,基礎・役割,抗うつ薬は、メンタルヘルスケアの意義、管理監督者の役割、ストレスや疾病の基礎理解に関わる用語です。,抗うつ薬は、メンタルヘルスケアの意義、管理監督者の役割、ストレスや疾病の基礎理解に関わる用語です。まず「試験では「双極性障害の治療には抗うつ薬のみが使用される」という誤り選択肢に注意する用語です」という出題上のポイントと結びつけて理解します。過去問・演習では「双極性障害は躁状態と抑うつ状態が交互に出現」という形で扱われるため、単語だけでなく設問の場面も確認します。ラインケアの視点では、管理監督者が医学的判断を抱え込まず、職場で観察できる事実と専門職への連携を分けて理解することが重要です。関連する用語として、ストレス、躁状態、うつ病、躁うつ病もあわせて確認すると理解がつながります。,ストレス;躁状態;うつ病,,A,演習の正答の要点は「双極性障害は躁状態と抑うつ状態が交互に出現」です。誤り肢は根拠法令の取り違え、対象範囲の限定（のみ・必ず）、責任主体の混同（会社のみ・管理監督者のみ）に注意してください。,g-eb230ed63855481e,抗うつ薬とは？意味・根拠・試験で押さえるポイント,抗うつ薬は、基礎・役割分野で頻出の用語です。抗うつ薬は、メンタルヘルスケアの意義、管理監督者の役割、ストレスや疾病の基礎理解に関わる用語です。本記事では意味、試験での出題の仕方、混同しやすい点を整理します。,抗うつ薬は、メンタルヘルスケアの意義、管理監督者の役割、ストレスや疾病の基礎理解に関わる用語です。試験では「双極性障害の治療には抗うつ薬のみが使用される。,抗うつ薬は、メンタルヘルスケアの意義、管理監督者の役割、ストレスや疾病の基礎理解に関わる用語です。;まず「試験では「双極性障害の治療には抗うつ薬のみが使用される」という誤り選択肢に注意する用語です」という出題上のポイントと結びつけて理解します。;過去問・演習では「双極性障害は躁状態と抑うつ状態が交互に出現」という形で扱われるため、単語だけでなく設問の場面も確認します。;ラインケアの視点では、管理監督者が医学的判断を抱え込まず、職場で観察できる事実と専門職への連携を分けて理解することが重要です。,根拠法令（労基法・労契法・労安法）の取り違え;「のみ」「必ず」などの断定表現に注意;管理監督者が医学的判断を抱え込む,「抗うつ薬」は基礎・役割の重要語。定義→誰が何をするか→連携先の順で覚えると整理しやすい。,,,抗うつ薬とは何ですか？,抗うつ薬は、メンタルヘルスケアの意義、管理監督者の役割、ストレスや疾病の基礎理解に関わる用語です。,抗うつ薬は試験でどのように問われますか？,「抗うつ薬」は定義に加え、演習問題の正答肢キーワードと照合して覚えると定着しやすいです。関連演習へリンクした問題を解き、用語記事に戻って確認してください。,抗うつ薬を学習するときの注意点は？,単語だけでなく、ラインケア・安全配慮・専門職連携の流れの中で意味を確認してください。数値や義務の有無は法令改正で変わる場合があるため、受験前に公式情報も確認してください。,y2026/q54,演習2026・第54問（抗うつ薬）
抗不安薬,抗不安薬,基礎・役割,基礎・役割,抗不安薬は、不安症状、不眠、緊張などに対して医師の判断で処方されることがあります。,抗不安薬は、不安症状、不眠、緊張などに対して医師の判断で処方されることがあります。眠気や注意力低下など就業上の配慮が必要になる場合もありますが、薬の適否は管理監督者が判断するものではありません。職場では、用語の意味だけでなく、誰が対応し、どの情報を共有し、どの専門職につなぐかまで確認します。実務では、用語を単独で覚えるのではなく、ラインケア・安全配慮・専門職連携の流れに置いて確認します。,36協定;DALYs損失;ILO（国際労働機関）,,A,「抗不安薬」は選択肢で根拠・対象範囲・責任の所在がずれる肢に注意してください。「のみ」「必ず」などの断定は定義と照合し、管理監督者が医学的判断を抱え込まない点も確認します。,g-648530753bd63c3c,抗不安薬とは？意味・根拠・試験で押さえるポイント,抗不安薬は、基礎・役割分野で頻出の用語です。抗不安薬は、不安症状、不眠、緊張などに対して医師の判断で処方されることがあります。本記事では意味、試験での出題の仕方、混同しやすい点を整理します。,抗不安薬は、不安症状、不眠、緊張などに対して医師の判断で処方されることがあります。眠気や注意力低下など就業上の配慮が必要になる場合もありますが、薬の適否は管理監督者が判断するものではありません。,抗不安薬は、不安症状、不眠、緊張などに対して医師の判断で処方されることがあります。;眠気や注意力低下など就業上の配慮が必要になる場合もありますが、薬の適否は管理監督者が判断するものではありません。;職場では、用語の意味だけでなく、誰が対応し、どの情報を共有し、どの専門職につなぐかまで確認します。;実務では、用語を単独で覚えるのではなく、ラインケア・安全配慮・専門職連携の流れに置いて確認します。,根拠法令（労基法・労契法・労安法）の取り違え;「のみ」「必ず」などの断定表現に注意;管理監督者が医学的判断を抱え込む,「抗不安薬」は基礎・役割分野の用語。定義→職場での見方→連携先の順で整理し、関連演習で確認してください。,,,抗不安薬とは何ですか？,抗不安薬は、不安症状、不眠、緊張などに対して医師の判断で処方されることがあります。,抗不安薬は試験でどのように問われますか？,「抗不安薬」は定義に加え、演習問題の正答肢キーワードと照合して覚えると定着しやすいです。関連演習へリンクした問題を解き、用語記事に戻って確認してください。,抗不安薬を学習するときの注意点は？,単語だけでなく、ラインケア・安全配慮・専門職連携の流れの中で意味を確認してください。数値や義務の有無は法令改正で変わる場合があるため、受験前に公式情報も確認してください。,y2026/q116,演習2026・第116問（不安・精神疾患）
抗精神病薬,抗精神病薬,基礎・役割,基礎・役割,抗精神病薬は、メンタルヘルスケアの意義、管理監督者の役割、ストレスや疾病の基礎理解に関わる用語です。,抗精神病薬は、メンタルヘルスケアの意義、管理監督者の役割、ストレスや疾病の基礎理解に関わる用語です。まず「抗精神病薬による薬物療法が治療の中心となる」という出題上のポイントと結びつけて理解します。過去問・演習では「統合失調症は適切な治療・支援により就労を含む社会参加が可能」という形で扱われるため、単語だけでなく設問の場面も確認します。ラインケアの視点では、管理監督者が医学的判断を抱え込まず、職場で観察できる事実と専門職への連携を分けて理解することが重要です。関連する用語として、ストレス、統合失調症、薬物療法、陰性症状もあわせて確認すると理解がつながります。,ストレス;統合失調症;薬物療法,,A,演習の正答の要点は「統合失調症は適切な治療・支援により就労を含む社会参加が可能」です。誤り肢は根拠法令の取り違え、対象範囲の限定（のみ・必ず）、責任主体の混同（会社のみ・管理監督者のみ）に注意してください。,g-c234e8d06987a813,抗精神病薬とは？意味・根拠・試験で押さえるポイント,抗精神病薬は、基礎・役割分野で頻出の用語です。抗精神病薬は、メンタルヘルスケアの意義、管理監督者の役割、ストレスや疾病の基礎理解に関わる用語です。本記事では意味、試験での出題の仕方、混同しやすい点を整理します。,抗精神病薬は、メンタルヘルスケアの意義、管理監督者の役割、ストレスや疾病の基礎理解に関わる用語です。抗精神病薬による薬物療法が治療の中心となる。,抗精神病薬は、メンタルヘルスケアの意義、管理監督者の役割、ストレスや疾病の基礎理解に関わる用語です。;まず「抗精神病薬による薬物療法が治療の中心となる」という出題上のポイントと結びつけて理解します。;過去問・演習では「統合失調症は適切な治療・支援により就労を含む社会参加が可能」という形で扱われるため、単語だけでなく設問の場面も確認します。;ラインケアの視点では、管理監督者が医学的判断を抱え込まず、職場で観察できる事実と専門職への連携を分けて理解することが重要です。,根拠法令（労基法・労契法・労安法）の取り違え;「のみ」「必ず」などの断定表現に注意;管理監督者が医学的判断を抱え込む,「抗精神病薬」は基礎・役割の重要語。定義→誰が何をするか→連携先の順で覚えると整理しやすい。,,,抗精神病薬とは何ですか？,抗精神病薬は、メンタルヘルスケアの意義、管理監督者の役割、ストレスや疾病の基礎理解に関わる用語です。,抗精神病薬は試験でどのように問われますか？,「抗精神病薬」は定義に加え、演習問題の正答肢キーワードと照合して覚えると定着しやすいです。関連演習へリンクした問題を解き、用語記事に戻って確認してください。,抗精神病薬を学習するときの注意点は？,単語だけでなく、ラインケア・安全配慮・専門職連携の流れの中で意味を確認してください。数値や義務の有無は法令改正で変わる場合があるため、受験前に公式情報も確認してください。,y2026/q55,演習2026・第55問（抗精神病薬）
抵抗期,抵抗期,基礎・役割,基礎・役割,抵抗期は、メンタルヘルスケアの意義、管理監督者の役割、ストレスや疾病の基礎理解に関わる用語です。,抵抗期は、メンタルヘルスケアの意義、管理監督者の役割、ストレスや疾病の基礎理解に関わる用語です。まず「セリエの汎適応症候群は警告反応期→抵抗期→疲憊期の3段階」という出題上のポイントと結びつけて理解します。過去問・演習では「セリエの汎適応症候群は警告反応期→抵抗期→疲憊期の3段階」という形で扱われるため、単語だけでなく設問の場面も確認します。ラインケアの視点では、管理監督者が医学的判断を抱え込まず、職場で観察できる事実と専門職への連携を分けて理解することが重要です。関連する用語として、ストレス、ストレス反応、汎適応症候群、疲憊期もあわせて確認すると理解がつながります。,ストレス;ストレス反応;汎適応症候群,,A,演習の正答の要点は「セリエの汎適応症候群は警告反応期→抵抗期→疲憊期の3段階」です。誤り肢は根拠法令の取り違え、対象範囲の限定（のみ・必ず）、責任主体の混同（会社のみ・管理監督者のみ）に注意してください。,g-3686df42d8e134c1,抵抗期とは？意味・根拠・試験で押さえるポイント,抵抗期は、基礎・役割分野で頻出の用語です。抵抗期は、メンタルヘルスケアの意義、管理監督者の役割、ストレスや疾病の基礎理解に関わる用語です。本記事では意味、試験での出題の仕方、混同しやすい点を整理します。,抵抗期は、メンタルヘルスケアの意義、管理監督者の役割、ストレスや疾病の基礎理解に関わる用語です。セリエの汎適応症候群は警告反応期→抵抗期→疲憊期の3段階。,抵抗期は、メンタルヘルスケアの意義、管理監督者の役割、ストレスや疾病の基礎理解に関わる用語です。;まず「セリエの汎適応症候群は警告反応期→抵抗期→疲憊期の3段階」という出題上のポイントと結びつけて理解します。;過去問・演習では「セリエの汎適応症候群は警告反応期→抵抗期→疲憊期の3段階」という形で扱われるため、単語だけでなく設問の場面も確認します。;ラインケアの視点では、管理監督者が医学的判断を抱え込まず、職場で観察できる事実と専門職への連携を分けて理解することが重要です。,根拠法令（労基法・労契法・労安法）の取り違え;「のみ」「必ず」などの断定表現に注意;管理監督者が医学的判断を抱え込む,「抵抗期」は基礎・役割の重要語。定義→誰が何をするか→連携先の順で覚えると整理しやすい。,,,抵抗期とは何ですか？,抵抗期は、メンタルヘルスケアの意義、管理監督者の役割、ストレスや疾病の基礎理解に関わる用語です。,抵抗期は試験でどのように問われますか？,「抵抗期」は定義に加え、演習問題の正答肢キーワードと照合して覚えると定着しやすいです。関連演習へリンクした問題を解き、用語記事に戻って確認してください。,抵抗期を学習するときの注意点は？,単語だけでなく、ラインケア・安全配慮・専門職連携の流れの中で意味を確認してください。数値や義務の有無は法令改正で変わる場合があるため、受験前に公式情報も確認してください。,y2026/q13,演習2026・第13問（抵抗期）
拒食症,拒食症,基礎・役割,基礎・役割,拒食症では、極端な食事制限、体重・体型への強いこだわり、過度な運動などがみられることがあります。,拒食症では、極端な食事制限、体重・体型への強いこだわり、過度な運動などがみられることがあります。身体的な危険を伴う場合もあり、専門的治療が必要です。職場では、用語の意味だけでなく、誰が対応し、どの情報を共有し、どの専門職につなぐかまで確認します。実務では、用語を単独で覚えるのではなく、ラインケア・安全配慮・専門職連携の流れに置いて確認します。,36協定;DALYs損失;ILO（国際労働機関）,,A,「拒食症」は選択肢で根拠・対象範囲・責任の所在がずれる肢に注意してください。「のみ」「必ず」などの断定は定義と照合し、管理監督者が医学的判断を抱え込まない点も確認します。,g-43082e16d1e343f0,拒食症とは？意味・根拠・試験で押さえるポイント,拒食症は、基礎・役割分野で頻出の用語です。拒食症では、極端な食事制限、体重・体型への強いこだわり、過度な運動などがみられることがあります。本記事では意味、試験での出題の仕方、混同しやすい点を整理します。,拒食症では、極端な食事制限、体重・体型への強いこだわり、過度な運動などがみられることがあります。身体的な危険を伴う場合もあり、専門的治療が必要です。,拒食症では、極端な食事制限、体重・体型への強いこだわり、過度な運動などがみられることがあります。;身体的な危険を伴う場合もあり、専門的治療が必要です。;職場では、用語の意味だけでなく、誰が対応し、どの情報を共有し、どの専門職につなぐかまで確認します。;実務では、用語を単独で覚えるのではなく、ラインケア・安全配慮・専門職連携の流れに置いて確認します。,根拠法令（労基法・労契法・労安法）の取り違え;「のみ」「必ず」などの断定表現に注意;管理監督者が医学的判断を抱え込む,「拒食症」は基礎・役割分野の用語。定義→職場での見方→連携先の順で整理し、関連演習で確認してください。,,,拒食症とは何ですか？,拒食症では、極端な食事制限、体重・体型への強いこだわり、過度な運動などがみられることがあります。,拒食症は試験でどのように問われますか？,「拒食症」は定義に加え、演習問題の正答肢キーワードと照合して覚えると定着しやすいです。関連演習へリンクした問題を解き、用語記事に戻って確認してください。,拒食症を学習するときの注意点は？,単語だけでなく、ラインケア・安全配慮・専門職連携の流れの中で意味を確認してください。数値や義務の有無は法令改正で変わる場合があるため、受験前に公式情報も確認してください。,y2026/q07,演習2026・第7問（基礎・労働安全衛生）
損益相殺,損益相殺,基礎・役割,基礎・役割,損益相殺は、業務と疾病・損害との関係、会社の安全配慮義務、労災補償、損害賠償額の調整などを考える場面で出てきます。,損益相殺は、業務と疾病・損害との関係、会社の安全配慮義務、労災補償、損害賠償額の調整などを考える場面で出てきます。メンタルヘルス不調でも、長時間労働やハラスメントなど業務上の要因が問題になることがあります。職場では、用語の意味だけでなく、誰が対応し、どの情報を共有し、どの専門職につなぐかまで確認します。実務では、用語を単独で覚えるのではなく、ラインケア・安全配慮・専門職連携の流れに置いて確認します。,36協定;DALYs損失;ILO（国際労働機関）,,A,「損益相殺」は選択肢で根拠・対象範囲・責任の所在がずれる肢に注意してください。「のみ」「必ず」などの断定は定義と照合し、管理監督者が医学的判断を抱え込まない点も確認します。,g-acb8723c85f32b35,損益相殺とは？意味・根拠・試験で押さえるポイント,損益相殺は、基礎・役割分野で頻出の用語です。損益相殺は、業務と疾病・損害との関係、会社の安全配慮義務、労災補償、損害賠償額の調整などを考える場面で出てきます。本記事では意味、試験での出題の仕方、混同しやすい点を整理します。,損益相殺は、業務と疾病・損害との関係、会社の安全配慮義務、労災補償、損害賠償額の調整などを考える場面で出てきます。メンタルヘルス不調でも、長時間労働やハラスメントなど業務上の要因が問題になることがあります。,損益相殺は、業務と疾病・損害との関係、会社の安全配慮義務、労災補償、損害賠償額の調整などを考える場面で出てきます。;メンタルヘルス不調でも、長時間労働やハラスメントなど業務上の要因が問題になることがあります。;職場では、用語の意味だけでなく、誰が対応し、どの情報を共有し、どの専門職につなぐかまで確認します。;実務では、用語を単独で覚えるのではなく、ラインケア・安全配慮・専門職連携の流れに置いて確認します。,根拠法令（労基法・労契法・労安法）の取り違え;「のみ」「必ず」などの断定表現に注意;管理監督者が医学的判断を抱え込む,「損益相殺」は基礎・役割分野の用語。定義→職場での見方→連携先の順で整理し、関連演習で確認してください。,,,損益相殺とは何ですか？,損益相殺は、業務と疾病・損害との関係、会社の安全配慮義務、労災補償、損害賠償額の調整などを考える場面で出てきます。,損益相殺は試験でどのように問われますか？,「損益相殺」は定義に加え、演習問題の正答肢キーワードと照合して覚えると定着しやすいです。関連演習へリンクした問題を解き、用語記事に戻って確認してください。,損益相殺を学習するときの注意点は？,単語だけでなく、ラインケア・安全配慮・専門職連携の流れの中で意味を確認してください。数値や義務の有無は法令改正で変わる場合があるため、受験前に公式情報も確認してください。,y2026/q07,演習2026・第7問（基礎・労働安全衛生）
摂食障害,摂食障害,基礎・役割,基礎・役割,摂食障害には、拒食症、過食症などが含まれます。,摂食障害には、拒食症、過食症などが含まれます。食事量の極端な制限、過食、嘔吐、体重への強いこだわりなどがみられ、身体合併症を伴うこともあります。職場では体調不良、集中力低下、欠勤などにつながる場合があります。職場では、用語の意味だけでなく、誰が対応し、どの情報を共有し、どの専門職につなぐかまで確認します。実務では、用語を単独で覚えるのではなく、ラインケア・安全配慮・専門職連携の流れに置いて確認します。,36協定;DALYs損失;ILO（国際労働機関）,,A,「摂食障害」は選択肢で根拠・対象範囲・責任の所在がずれる肢に注意してください。「のみ」「必ず」などの断定は定義と照合し、管理監督者が医学的判断を抱え込まない点も確認します。,g-2696ded3fbc25f1c,摂食障害とは？意味・根拠・試験で押さえるポイント,摂食障害は、基礎・役割分野で頻出の用語です。摂食障害には、拒食症、過食症などが含まれます。本記事では意味、試験での出題の仕方、混同しやすい点を整理します。,摂食障害には、拒食症、過食症などが含まれます。食事量の極端な制限、過食、嘔吐、体重への強いこだわりなどがみられ、身体合併症を伴うこともあります。職場では体調不良、集中力低下、欠勤などにつながる場合があります。,摂食障害には、拒食症、過食症などが含まれます。;食事量の極端な制限、過食、嘔吐、体重への強いこだわりなどがみられ、身体合併症を伴うこともあります。;職場では体調不良、集中力低下、欠勤などにつながる場合があります。;職場では、用語の意味だけでなく、誰が対応し、どの情報を共有し、どの専門職につなぐかまで確認します。,根拠法令（労基法・労契法・労安法）の取り違え;「のみ」「必ず」などの断定表現に注意;管理監督者が医学的判断を抱え込む,「摂食障害」は基礎・役割分野の用語。定義→職場での見方→連携先の順で整理し、関連演習で確認してください。,,,摂食障害とは何ですか？,摂食障害には、拒食症、過食症などが含まれます。,摂食障害は試験でどのように問われますか？,「摂食障害」は定義に加え、演習問題の正答肢キーワードと照合して覚えると定着しやすいです。関連演習へリンクした問題を解き、用語記事に戻って確認してください。,摂食障害を学習するときの注意点は？,単語だけでなく、ラインケア・安全配慮・専門職連携の流れの中で意味を確認してください。数値や義務の有無は法令改正で変わる場合があるため、受験前に公式情報も確認してください。,y2026/q07,演習2026・第7問（基礎・労働安全衛生）
新職業性ストレス簡易調査票,新職業性ストレス簡易調査票,職場環境・配慮,職場環境・配慮,新職業性ストレス簡易調査票は、職場環境の評価・改善、個々の労働者への配慮、ストレスチェック制度に関わる用語です。,新職業性ストレス簡易調査票は、職場環境の評価・改善、個々の労働者への配慮、ストレスチェック制度に関わる用語です。まず「新職業性ストレス簡易調査票はポジティブ要因（上司・同僚のサポート充実度・公正な評価・キャリア形成支援等）も含む」という出題上のポイントと結びつけて理解します。過去問・演習では「新職業性ストレス簡易調査票はポジティブ要因（上司・同僚のサポート充実度・公正な評価・キャリア形成支援等）も含む」という形で扱われるため、単語だけでなく設問の場面も確認します。ラインケアの視点では、職場要因を把握し、業務量・裁量・支援体制など改善できる点へつなげることが重要です。関連する用語として、ストレス、ストレスチェック、職業性ストレス簡易調査票、ワーク・エンゲイジメントもあわせて確認すると理解がつながります。,ストレス;ストレスチェック;職業性ストレス簡易調査票,,A,演習の正答の要点は「新職業性ストレス簡易調査票はポジティブ要因（上司・同僚のサポート充実度・公正な評価・キャリア形成支援等）も含む」です。誤り肢は根拠法令の取り違え、対象範囲の限定（のみ・必ず）、責任主体の混同（会社のみ・管理監督者のみ）に注意してください。,g-b0cfd3620ab3c9fb,新職業性ストレス簡易調査票とは？意味・根拠・試験で押さえるポイント,新職業性ストレス簡易調査票は、職場環境・配慮分野で頻出の用語です。新職業性ストレス簡易調査票は、職場環境の評価・改善、個々の労働者への配慮、ストレスチェック制度に関わる用語です。本記事では意味、試験での出題の仕方、混同しやすい点を整理します。,新職業性ストレス簡易調査票は、職場環境の評価・改善、個々の労働者への配慮、ストレスチェック制度に関わる用語です。新職業性ストレス簡易調査票はポジティブ要因（上司・同僚のサポート充実度・公正な評価・キャリア形成支援等）も含む。,新職業性ストレス簡易調査票は、職場環境の評価・改善、個々の労働者への配慮、ストレスチェック制度に関わる用語です。;まず「新職業性ストレス簡易調査票はポジティブ要因（上司・同僚のサポート充実度・公正な評価・キャリア形成支援等）も含む」という出題上のポイントと結びつけて理解します。;過去問・演習では「新職業性ストレス簡易調査票はポジティブ要因（上司・同僚のサポート充実度・公正な評価・キャリア形成支援等）も含む」という形で扱われるため、単語だけでなく設問の場面も確認します。;ラインケアの視点では、職場要因を把握し、業務量・裁量・支援体制など改善できる点へつなげることが重要です。,数値基準・義務の有無・誰が実施するかの混同;個人結果と集団分析の取り違え;管理監督者が医学的判断を抱え込む,「新職業性ストレス簡易調査票」は職場環境・配慮の重要語。定義→誰が何をするか→連携先の順で覚えると整理しやすい。,,,新職業性ストレス簡易調査票とは何ですか？,新職業性ストレス簡易調査票は、職場環境の評価・改善、個々の労働者への配慮、ストレスチェック制度に関わる用語です。,新職業性ストレス簡易調査票は試験でどのように問われますか？,「新職業性ストレス簡易調査票」は定義に加え、演習問題の正答肢キーワードと照合して覚えると定着しやすいです。関連演習へリンクした問題を解き、用語記事に戻って確認してください。,新職業性ストレス簡易調査票を学習するときの注意点は？,単語だけでなく、ラインケア・安全配慮・専門職連携の流れの中で意味を確認してください。数値や義務の有無は法令改正で変わる場合があるため、受験前に公式情報も確認してください。,y2026/q147,演習2026・第147問（新職業性ストレス簡易調査票）
日本人の意識調査,日本人の意識調査,基礎・役割,基礎・役割,日本人の意識調査では、仕事や人間関係に対する意識、ストレスの感じ方、相談行動などの社会的傾向が示されることがあります。,日本人の意識調査では、仕事や人間関係に対する意識、ストレスの感じ方、相談行動などの社会的傾向が示されることがあります。メンタルヘルス対策では、個人の問題だけでなく社会的背景を理解する材料になります。職場では、用語の意味だけでなく、誰が対応し、どの情報を共有し、どの専門職につなぐかまで確認します。実務では、用語を単独で覚えるのではなく、ラインケア・安全配慮・専門職連携の流れに置いて確認します。,36協定;DALYs損失;ILO（国際労働機関）,,A,「日本人の意識調査」は選択肢で根拠・対象範囲・責任の所在がずれる肢に注意してください。「のみ」「必ず」などの断定は定義と照合し、管理監督者が医学的判断を抱え込まない点も確認します。,g-f31d79c8ddf9d36c,日本人の意識調査とは？意味・根拠・試験で押さえるポイント,日本人の意識調査は、基礎・役割分野で頻出の用語です。日本人の意識調査では、仕事や人間関係に対する意識、ストレスの感じ方、相談行動などの社会的傾向が示されることがあります。本記事では意味、試験での出題の仕方、混同しやすい点を整理します。,日本人の意識調査では、仕事や人間関係に対する意識、ストレスの感じ方、相談行動などの社会的傾向が示されることがあります。メンタルヘルス対策では、個人の問題だけでなく社会的背景を理解する材料になります。,日本人の意識調査では、仕事や人間関係に対する意識、ストレスの感じ方、相談行動などの社会的傾向が示されることがあります。;メンタルヘルス対策では、個人の問題だけでなく社会的背景を理解する材料になります。;職場では、用語の意味だけでなく、誰が対応し、どの情報を共有し、どの専門職につなぐかまで確認します。;実務では、用語を単独で覚えるのではなく、ラインケア・安全配慮・専門職連携の流れに置いて確認します。,根拠法令（労基法・労契法・労安法）の取り違え;「のみ」「必ず」などの断定表現に注意;管理監督者が医学的判断を抱え込む,「日本人の意識調査」は基礎・役割分野の用語。定義→職場での見方→連携先の順で整理し、関連演習で確認してください。,,,日本人の意識調査とは何ですか？,日本人の意識調査では、仕事や人間関係に対する意識、ストレスの感じ方、相談行動などの社会的傾向が示されることがあります。,日本人の意識調査は試験でどのように問われますか？,「日本人の意識調査」は定義に加え、演習問題の正答肢キーワードと照合して覚えると定着しやすいです。関連演習へリンクした問題を解き、用語記事に戻って確認してください。,日本人の意識調査を学習するときの注意点は？,単語だけでなく、ラインケア・安全配慮・専門職連携の流れの中で意味を確認してください。数値や義務の有無は法令改正で変わる場合があるため、受験前に公式情報も確認してください。,y2026/q07,演習2026・第7問（基礎・労働安全衛生）
昇進うつ病,昇進うつ病,基礎・役割,基礎・役割,昇進は一般に喜ばしい出来事と捉えられますが、責任の増加、役割変化、部下管理、人間関係の変化が強いストレスになることがあります。,昇進は一般に喜ばしい出来事と捉えられますが、責任の増加、役割変化、部下管理、人間関係の変化が強いストレスになることがあります。昇進うつ病は、良い出来事でも心理的負荷になり得ることを示す例です。職場では、用語の意味だけでなく、誰が対応し、どの情報を共有し、どの専門職につなぐかまで確認します。実務では、用語を単独で覚えるのではなく、ラインケア・安全配慮・専門職連携の流れに置いて確認します。,36協定;DALYs損失;ILO（国際労働機関）,,A,「昇進うつ病」は選択肢で根拠・対象範囲・責任の所在がずれる肢に注意してください。「のみ」「必ず」などの断定は定義と照合し、管理監督者が医学的判断を抱え込まない点も確認します。,g-bc158737dd36361b,昇進うつ病とは？意味・根拠・試験で押さえるポイント,昇進うつ病は、基礎・役割分野で頻出の用語です。昇進は一般に喜ばしい出来事と捉えられますが、責任の増加、役割変化、部下管理、人間関係の変化が強いストレスになることがあります。本記事では意味、試験での出題の仕方、混同しやすい点を整理します。,昇進は一般に喜ばしい出来事と捉えられますが、責任の増加、役割変化、部下管理、人間関係の変化が強いストレスになることがあります。昇進うつ病は、良い出来事でも心理的負荷になり得ることを示す例です。,昇進は一般に喜ばしい出来事と捉えられますが、責任の増加、役割変化、部下管理、人間関係の変化が強いストレスになることがあります。;昇進うつ病は、良い出来事でも心理的負荷になり得ることを示す例です。;職場では、用語の意味だけでなく、誰が対応し、どの情報を共有し、どの専門職につなぐかまで確認します。;実務では、用語を単独で覚えるのではなく、ラインケア・安全配慮・専門職連携の流れに置いて確認します。,根拠法令（労基法・労契法・労安法）の取り違え;「のみ」「必ず」などの断定表現に注意;管理監督者が医学的判断を抱え込む,「昇進うつ病」は基礎・役割分野の用語。定義→職場での見方→連携先の順で整理し、関連演習で確認してください。,,,昇進うつ病とは何ですか？,昇進は一般に喜ばしい出来事と捉えられますが、責任の増加、役割変化、部下管理、人間関係の変化が強いストレスになることがあります。,昇進うつ病は試験でどのように問われますか？,「昇進うつ病」は定義に加え、演習問題の正答肢キーワードと照合して覚えると定着しやすいです。関連演習へリンクした問題を解き、用語記事に戻って確認してください。,昇進うつ病を学習するときの注意点は？,単語だけでなく、ラインケア・安全配慮・専門職連携の流れの中で意味を確認してください。数値や義務の有無は法令改正で変わる場合があるため、受験前に公式情報も確認してください。,y2026/q14,演習2026・第14問（うつ病）
最終的な職場復帰の決定,最終的な職場復帰の決定,相談・連携・復職,相談・連携・復職,最終的な職場復帰の決定は、相談対応、社内外資源との連携、休業者の職場復帰支援に関わる用語です。,最終的な職場復帰の決定は、相談対応、社内外資源との連携、休業者の職場復帰支援に関わる用語です。まず「科目: 心の健康問題をもつ復職者への支援の方法 主治医による職場復帰可能の診断書の提出 職場復帰の可否の判断および職場復帰支援プランの作成 最終的な職場復帰の決定 職場復帰後のフォローアップ」という出題上のポイントと結びつけて理解します。過去問・演習では「第1＝休業開始・休業中のケア、第2＝主治医による復帰可能の判断、第3＝復帰可否の判断とプラン作成、第4＝最終的な復帰決定、第5＝フォローアップ」という形で扱われるため、単語だけでなく設問の場面も確認します。ラインケアの視点では、本人の話を聴き、必要な範囲で産業保健スタッフや社外資源へつなぐことが重要です。関連する用語として、休業、産業医、職場復帰後のフォローアップ、職場復帰支援プランの作成もあわせて確認すると理解がつながります。,休業;産業医;職場復帰後のフォローアップ,,A,演習の正答の要点は「第1＝休業開始・休業中のケア、第2＝主治医による復帰可能の判断、第3＝復帰可否の判断とプラン作成、第4＝最終的な復帰決定、第5＝フォローアップ」です。誤り肢は根拠法令の取り違え、対象範囲の限定（のみ・必ず）、責任主体の混同（会社のみ・管理監督者のみ）に注意してください。,g-cadf8bfee7035852,最終的な職場復帰の決定とは？意味・根拠・試験で押さえるポイント,最終的な職場復帰の決定は、相談・連携・復職分野で頻出の用語です。最終的な職場復帰の決定は、相談対応、社内外資源との連携、休業者の職場復帰支援に関わる用語です。本記事では意味、試験での出題の仕方、混同しやすい点を整理します。,最終的な職場復帰の決定は、相談対応、社内外資源との連携、休業者の職場復帰支援に関わる用語です。科目: 心の健康問題をもつ復職者への支援の方法 主治医による職場復帰可能の診断書の提出 職場復帰の可否の判断および職場復帰支援プランの作成 最終的な職場復帰の決定 職場復帰後のフォローアップ。,最終的な職場復帰の決定は、相談対応、社内外資源との連携、休業者の職場復帰支援に関わる用語です。;まず「科目: 心の健康問題をもつ復職者への支援の方法 主治医による職場復帰可能の診断書の提出 職場復帰の可否の判断および職場復帰支援プランの作成 最終的な職場復帰の決定 職場復帰後のフォローアップ」という出題上のポイントと結びつけて理解します。;過去問・演習では「第1＝休業開始・休業中のケア、第2＝主治医による復帰可能の判断、第3＝復帰可否の判断とプラン作成、第4＝最終的な復帰決定、第5＝フォローアップ」という形で扱われるため、単語だけでなく設問の場面も確認します。;ラインケアの視点では、本人の話を聴き、必要な範囲で産業保健スタッフや社外資源へつなぐことが重要です。,手順の順序・禁止事項（やってはいけないこと）の混同;主治医と産業医の役割の逆転;管理監督者が医学的判断を抱え込む,「最終的な職場復帰の決定」は相談・連携・復職の重要語。定義→誰が何をするか→連携先の順で覚えると整理しやすい。,,,最終的な職場復帰の決定とは何ですか？,最終的な職場復帰の決定は、相談対応、社内外資源との連携、休業者の職場復帰支援に関わる用語です。,最終的な職場復帰の決定は試験でどのように問われますか？,「最終的な職場復帰の決定」は定義に加え、演習問題の正答肢キーワードと照合して覚えると定着しやすいです。関連演習へリンクした問題を解き、用語記事に戻って確認してください。,最終的な職場復帰の決定を学習するときの注意点は？,単語だけでなく、ラインケア・安全配慮・専門職連携の流れの中で意味を確認してください。数値や義務の有無は法令改正で変わる場合があるため、受験前に公式情報も確認してください。,y2026/q06,演習2026・第6問（最終的な職場復帰の決定）
業務上疾病,業務上疾病,基礎・役割,基礎・役割,業務上疾病は、業務と疾病・損害との関係、会社の安全配慮義務、労災補償、損害賠償額の調整などを考える場面で出てきます。,業務上疾病は、業務と疾病・損害との関係、会社の安全配慮義務、労災補償、損害賠償額の調整などを考える場面で出てきます。メンタルヘルス不調でも、長時間労働やハラスメントなど業務上の要因が問題になることがあります。職場では、用語の意味だけでなく、誰が対応し、どの情報を共有し、どの専門職につなぐかまで確認します。実務では、用語を単独で覚えるのではなく、ラインケア・安全配慮・専門職連携の流れに置いて確認します。,36協定;DALYs損失;ILO（国際労働機関）,,A,「業務上疾病」は選択肢で根拠・対象範囲・責任の所在がずれる肢に注意してください。「のみ」「必ず」などの断定は定義と照合し、管理監督者が医学的判断を抱え込まない点も確認します。,g-2df0eb9112cd8c4c,業務上疾病とは？意味・根拠・試験で押さえるポイント,業務上疾病は、基礎・役割分野で頻出の用語です。業務上疾病は、業務と疾病・損害との関係、会社の安全配慮義務、労災補償、損害賠償額の調整などを考える場面で出てきます。本記事では意味、試験での出題の仕方、混同しやすい点を整理します。,業務上疾病は、業務と疾病・損害との関係、会社の安全配慮義務、労災補償、損害賠償額の調整などを考える場面で出てきます。メンタルヘルス不調でも、長時間労働やハラスメントなど業務上の要因が問題になることがあります。,業務上疾病は、業務と疾病・損害との関係、会社の安全配慮義務、労災補償、損害賠償額の調整などを考える場面で出てきます。;メンタルヘルス不調でも、長時間労働やハラスメントなど業務上の要因が問題になることがあります。;職場では、用語の意味だけでなく、誰が対応し、どの情報を共有し、どの専門職につなぐかまで確認します。;実務では、用語を単独で覚えるのではなく、ラインケア・安全配慮・専門職連携の流れに置いて確認します。,根拠法令（労基法・労契法・労安法）の取り違え;「のみ」「必ず」などの断定表現に注意;管理監督者が医学的判断を抱え込む,「業務上疾病」は基礎・役割分野の用語。定義→職場での見方→連携先の順で整理し、関連演習で確認してください。,,,業務上疾病とは何ですか？,業務上疾病は、業務と疾病・損害との関係、会社の安全配慮義務、労災補償、損害賠償額の調整などを考える場面で出てきます。,業務上疾病は試験でどのように問われますか？,「業務上疾病」は定義に加え、演習問題の正答肢キーワードと照合して覚えると定着しやすいです。関連演習へリンクした問題を解き、用語記事に戻って確認してください。,業務上疾病を学習するときの注意点は？,単語だけでなく、ラインケア・安全配慮・専門職連携の流れの中で意味を確認してください。数値や義務の有無は法令改正で変わる場合があるため、受験前に公式情報も確認してください。,y2026/q07,演習2026・第7問（基礎・労働安全衛生）
業務起因性,業務起因性,基礎・役割,基礎・役割,業務起因性は、メンタルヘルスケアの意義、管理監督者の役割、ストレスや疾病の基礎理解に関わる用語です。,業務起因性は、メンタルヘルスケアの意義、管理監督者の役割、ストレスや疾病の基礎理解に関わる用語です。まず「自殺も業務起因性が認められれば労災認定される」という出題上のポイントと結びつけて理解します。過去問・演習では「業務起因性は業務が発症の「有力な原因」であることが要件」という形で扱われるため、単語だけでなく設問の場面も確認します。ラインケアの視点では、管理監督者が医学的判断を抱え込まず、職場で観察できる事実と専門職への連携を分けて理解することが重要です。関連する用語として、労働災害、ストレスもあわせて確認すると理解がつながります。,労働災害;ストレス;確認すると理解がつながります,,A,演習の正答の要点は「業務起因性は業務が発症の「有力な原因」です。誤り肢は根拠法令の取り違え、対象範囲の限定（のみ・必ず）、責任主体の混同（会社のみ・管理監督者のみ）に注意してください。,g-0314c5c83fa1c510,業務起因性とは？意味・根拠・試験で押さえるポイント,業務起因性は、基礎・役割分野で頻出の用語です。業務起因性は、メンタルヘルスケアの意義、管理監督者の役割、ストレスや疾病の基礎理解に関わる用語です。本記事では意味、試験での出題の仕方、混同しやすい点を整理します。,業務起因性は、メンタルヘルスケアの意義、管理監督者の役割、ストレスや疾病の基礎理解に関わる用語です。自殺も業務起因性が認められれば労災認定される。,業務起因性は、メンタルヘルスケアの意義、管理監督者の役割、ストレスや疾病の基礎理解に関わる用語です。;まず「自殺も業務起因性が認められれば労災認定される」という出題上のポイントと結びつけて理解します。;過去問・演習では「業務起因性は業務が発症の「有力な原因」であることが要件」という形で扱われるため、単語だけでなく設問の場面も確認します。;ラインケアの視点では、管理監督者が医学的判断を抱え込まず、職場で観察できる事実と専門職への連携を分けて理解することが重要です。,根拠法令（労基法・労契法・労安法）の取り違え;「のみ」「必ず」などの断定表現に注意;管理監督者が医学的判断を抱え込む,「業務起因性」は基礎・役割の重要語。定義→誰が何をするか→連携先の順で覚えると整理しやすい。,,,業務起因性とは何ですか？,業務起因性は、メンタルヘルスケアの意義、管理監督者の役割、ストレスや疾病の基礎理解に関わる用語です。,業務起因性は試験でどのように問われますか？,「業務起因性」は定義に加え、演習問題の正答肢キーワードと照合して覚えると定着しやすいです。関連演習へリンクした問題を解き、用語記事に戻って確認してください。,業務起因性を学習するときの注意点は？,単語だけでなく、ラインケア・安全配慮・専門職連携の流れの中で意味を確認してください。数値や義務の有無は法令改正で変わる場合があるため、受験前に公式情報も確認してください。,y2026/q46,演習2026・第46問（業務起因性）
業務遂行性,業務遂行性,基礎・役割,基礎・役割,業務遂行性は、業務と疾病・損害との関係、会社の安全配慮義務、労災補償、損害賠償額の調整などを考える場面で出てきます。,業務遂行性は、業務と疾病・損害との関係、会社の安全配慮義務、労災補償、損害賠償額の調整などを考える場面で出てきます。メンタルヘルス不調でも、長時間労働やハラスメントなど業務上の要因が問題になることがあります。職場では、用語の意味だけでなく、誰が対応し、どの情報を共有し、どの専門職につなぐかまで確認します。実務では、用語を単独で覚えるのではなく、ラインケア・安全配慮・専門職連携の流れに置いて確認します。,36協定;DALYs損失;ILO（国際労働機関）,,A,「業務遂行性」は選択肢で根拠・対象範囲・責任の所在がずれる肢に注意してください。「のみ」「必ず」などの断定は定義と照合し、管理監督者が医学的判断を抱え込まない点も確認します。,g-39fe9f1dd8de865c,業務遂行性とは？意味・根拠・試験で押さえるポイント,業務遂行性は、基礎・役割分野で頻出の用語です。業務遂行性は、業務と疾病・損害との関係、会社の安全配慮義務、労災補償、損害賠償額の調整などを考える場面で出てきます。本記事では意味、試験での出題の仕方、混同しやすい点を整理します。,業務遂行性は、業務と疾病・損害との関係、会社の安全配慮義務、労災補償、損害賠償額の調整などを考える場面で出てきます。メンタルヘルス不調でも、長時間労働やハラスメントなど業務上の要因が問題になることがあります。,業務遂行性は、業務と疾病・損害との関係、会社の安全配慮義務、労災補償、損害賠償額の調整などを考える場面で出てきます。;メンタルヘルス不調でも、長時間労働やハラスメントなど業務上の要因が問題になることがあります。;職場では、用語の意味だけでなく、誰が対応し、どの情報を共有し、どの専門職につなぐかまで確認します。;実務では、用語を単独で覚えるのではなく、ラインケア・安全配慮・専門職連携の流れに置いて確認します。,根拠法令（労基法・労契法・労安法）の取り違え;「のみ」「必ず」などの断定表現に注意;管理監督者が医学的判断を抱え込む,「業務遂行性」は基礎・役割分野の用語。定義→職場での見方→連携先の順で整理し、関連演習で確認してください。,,,業務遂行性とは何ですか？,業務遂行性は、業務と疾病・損害との関係、会社の安全配慮義務、労災補償、損害賠償額の調整などを考える場面で出てきます。,業務遂行性は試験でどのように問われますか？,「業務遂行性」は定義に加え、演習問題の正答肢キーワードと照合して覚えると定着しやすいです。関連演習へリンクした問題を解き、用語記事に戻って確認してください。,業務遂行性を学習するときの注意点は？,単語だけでなく、ラインケア・安全配慮・専門職連携の流れの中で意味を確認してください。数値や義務の有無は法令改正で変わる場合があるため、受験前に公式情報も確認してください。,y2026/q07,演習2026・第7問（基礎・労働安全衛生）
機能的障害,機能的障害,基礎・役割,基礎・役割,機能的障害は、精神症状、身体症状、ストレス反応、治療や支援の理解に関わる用語です。,機能的障害は、精神症状、身体症状、ストレス反応、治療や支援の理解に関わる用語です。職場では管理監督者が医学的診断をするのではなく、遅刻・欠勤、ミス、表情、対人関係、体調不良などの事例性として把握します。職場では、用語の意味だけでなく、誰が対応し、どの情報を共有し、どの専門職につなぐかまで確認します。実務では、用語を単独で覚えるのではなく、ラインケア・安全配慮・専門職連携の流れに置いて確認します。,36協定;DALYs損失;ILO（国際労働機関）,,A,「機能的障害」は選択肢で根拠・対象範囲・責任の所在がずれる肢に注意してください。「のみ」「必ず」などの断定は定義と照合し、管理監督者が医学的判断を抱え込まない点も確認します。,g-7e2fb4b92a71fd01,機能的障害とは？意味・根拠・試験で押さえるポイント,機能的障害は、基礎・役割分野で頻出の用語です。機能的障害は、精神症状、身体症状、ストレス反応、治療や支援の理解に関わる用語です。本記事では意味、試験での出題の仕方、混同しやすい点を整理します。,職場では管理監督者が医学的診断をするのではなく、遅刻・欠勤、ミス、表情、対人関係、体調不良などの事例性として把握します。,機能的障害は、精神症状、身体症状、ストレス反応、治療や支援の理解に関わる用語です。;職場では管理監督者が医学的診断をするのではなく、遅刻・欠勤、ミス、表情、対人関係、体調不良などの事例性として把握します。;職場では、用語の意味だけでなく、誰が対応し、どの情報を共有し、どの専門職につなぐかまで確認します。;実務では、用語を単独で覚えるのではなく、ラインケア・安全配慮・専門職連携の流れに置いて確認します。,根拠法令（労基法・労契法・労安法）の取り違え;「のみ」「必ず」などの断定表現に注意;管理監督者が医学的判断を抱え込む,「機能的障害」は基礎・役割分野の用語。定義→職場での見方→連携先の順で整理し、関連演習で確認してください。,,,機能的障害とは何ですか？,機能的障害は、精神症状、身体症状、ストレス反応、治療や支援の理解に関わる用語です。,機能的障害は試験でどのように問われますか？,「機能的障害」は定義に加え、演習問題の正答肢キーワードと照合して覚えると定着しやすいです。関連演習へリンクした問題を解き、用語記事に戻って確認してください。,機能的障害を学習するときの注意点は？,単語だけでなく、ラインケア・安全配慮・専門職連携の流れの中で意味を確認してください。数値や義務の有無は法令改正で変わる場合があるため、受験前に公式情報も確認してください。,y2026/q07,演習2026・第7問（基礎・労働安全衛生）
気分安定剤,気分安定剤,基礎・役割,基礎・役割,気分安定剤は、双極性障害などで躁状態やうつ状態の再発予防・症状安定を目的に使われることがあります。,気分安定剤は、双極性障害などで躁状態やうつ状態の再発予防・症状安定を目的に使われることがあります。職場対応では薬剤名を詳しく把握することより、就業上必要な配慮を専門職と確認することが重要です。職場では、用語の意味だけでなく、誰が対応し、どの情報を共有し、どの専門職につなぐかまで確認します。実務では、用語を単独で覚えるのではなく、ラインケア・安全配慮・専門職連携の流れに置いて確認します。,36協定;DALYs損失;ILO（国際労働機関）,,A,「気分安定剤」は選択肢で根拠・対象範囲・責任の所在がずれる肢に注意してください。「のみ」「必ず」などの断定は定義と照合し、管理監督者が医学的判断を抱え込まない点も確認します。,g-e987f0632373ba3d,気分安定剤とは？意味・根拠・試験で押さえるポイント,気分安定剤は、基礎・役割分野で頻出の用語です。気分安定剤は、双極性障害などで躁状態やうつ状態の再発予防・症状安定を目的に使われることがあります。本記事では意味、試験での出題の仕方、混同しやすい点を整理します。,気分安定剤は、双極性障害などで躁状態やうつ状態の再発予防・症状安定を目的に使われることがあります。職場対応では薬剤名を詳しく把握することより、就業上必要な配慮を専門職と確認することが重要です。,気分安定剤は、双極性障害などで躁状態やうつ状態の再発予防・症状安定を目的に使われることがあります。;職場対応では薬剤名を詳しく把握することより、就業上必要な配慮を専門職と確認することが重要です。;職場では、用語の意味だけでなく、誰が対応し、どの情報を共有し、どの専門職につなぐかまで確認します。;実務では、用語を単独で覚えるのではなく、ラインケア・安全配慮・専門職連携の流れに置いて確認します。,根拠法令（労基法・労契法・労安法）の取り違え;「のみ」「必ず」などの断定表現に注意;管理監督者が医学的判断を抱え込む,「気分安定剤」は基礎・役割分野の用語。定義→職場での見方→連携先の順で整理し、関連演習で確認してください。,,,気分安定剤とは何ですか？,気分安定剤は、双極性障害などで躁状態やうつ状態の再発予防・症状安定を目的に使われることがあります。,気分安定剤は試験でどのように問われますか？,「気分安定剤」は定義に加え、演習問題の正答肢キーワードと照合して覚えると定着しやすいです。関連演習へリンクした問題を解き、用語記事に戻って確認してください。,気分安定剤を学習するときの注意点は？,単語だけでなく、ラインケア・安全配慮・専門職連携の流れの中で意味を確認してください。数値や義務の有無は法令改正で変わる場合があるため、受験前に公式情報も確認してください。,y2026/q07,演習2026・第7問（基礎・労働安全衛生）
気管支喘息,気管支喘息,基礎・役割,基礎・役割,気管支喘息は、メンタルヘルスケアの意義、管理監督者の役割、ストレスや疾病の基礎理解に関わる用語です。,気管支喘息は、メンタルヘルスケアの意義、管理監督者の役割、ストレスや疾病の基礎理解に関わる用語です。まず「心身症は胃潰瘍・過敏性腸症候群・気管支喘息・高血圧等、心理社会的要因が発症・悪化に関与する身体疾患の総称」という出題上のポイントと結びつけて理解します。過去問・演習では「心身症は胃潰瘍・過敏性腸症候群・気管支喘息・高血圧等、心理社会的要因が発症・悪化に関与する身体疾患の総称」という形で扱われるため、単語だけでなく設問の場面も確認します。ラインケアの視点では、管理監督者が医学的判断を抱え込まず、職場で観察できる事実と専門職への連携を分けて理解することが重要です。関連する用語として、ストレス、心身症、発達障害、精神科もあわせて確認すると理解がつながります。,ストレス;心身症;発達障害,,A,演習の正答の要点は「心身症は胃潰瘍・過敏性腸症候群・気管支喘息・高血圧等、心理社会的要因が発症・悪化に関与する身体疾患の総称」です。誤り肢は根拠法令の取り違え、対象範囲の限定（のみ・必ず）、責任主体の混同（会社のみ・管理監督者のみ）に注意してください。,g-ea9d5895782630dc,気管支喘息とは？意味・根拠・試験で押さえるポイント,気管支喘息は、基礎・役割分野で頻出の用語です。気管支喘息は、メンタルヘルスケアの意義、管理監督者の役割、ストレスや疾病の基礎理解に関わる用語です。本記事では意味、試験での出題の仕方、混同しやすい点を整理します。,気管支喘息は、メンタルヘルスケアの意義、管理監督者の役割、ストレスや疾病の基礎理解に関わる用語です。心身症は胃潰瘍・過敏性腸症候群・気管支喘息・高血圧等、心理社会的要因が発症・悪化に関与する身体疾患の総称。,気管支喘息は、メンタルヘルスケアの意義、管理監督者の役割、ストレスや疾病の基礎理解に関わる用語です。;まず「心身症は胃潰瘍・過敏性腸症候群・気管支喘息・高血圧等、心理社会的要因が発症・悪化に関与する身体疾患の総称」という出題上のポイントと結びつけて理解します。;過去問・演習では「心身症は胃潰瘍・過敏性腸症候群・気管支喘息・高血圧等、心理社会的要因が発症・悪化に関与する身体疾患の総称」という形で扱われるため、単語だけでなく設問の場面も確認します。;ラインケアの視点では、管理監督者が医学的判断を抱え込まず、職場で観察できる事実と専門職への連携を分けて理解することが重要です。,根拠法令（労基法・労契法・労安法）の取り違え;「のみ」「必ず」などの断定表現に注意;管理監督者が医学的判断を抱え込む,「気管支喘息」は基礎・役割の重要語。定義→誰が何をするか→連携先の順で覚えると整理しやすい。,,,気管支喘息とは何ですか？,気管支喘息は、メンタルヘルスケアの意義、管理監督者の役割、ストレスや疾病の基礎理解に関わる用語です。,気管支喘息は試験でどのように問われますか？,「気管支喘息」は定義に加え、演習問題の正答肢キーワードと照合して覚えると定着しやすいです。関連演習へリンクした問題を解き、用語記事に戻って確認してください。,気管支喘息を学習するときの注意点は？,単語だけでなく、ラインケア・安全配慮・専門職連携の流れの中で意味を確認してください。数値や義務の有無は法令改正で変わる場合があるため、受験前に公式情報も確認してください。,y2026/q111,演習2026・第111問（気管支喘息）
汎適応症候群,汎適応症候群,基礎・役割,基礎・役割,汎適応症候群は、メンタルヘルスケアの意義、管理監督者の役割、ストレスや疾病の基礎理解に関わる用語です。,汎適応症候群は、メンタルヘルスケアの意義、管理監督者の役割、ストレスや疾病の基礎理解に関わる用語です。まず「セリエの汎適応症候群は警告反応期→抵抗期→疲憊期の3段階」という出題上のポイントと結びつけて理解します。過去問・演習では「セリエの汎適応症候群は警告反応期→抵抗期→疲憊期の3段階」という形で扱われるため、単語だけでなく設問の場面も確認します。ラインケアの視点では、管理監督者が医学的判断を抱え込まず、職場で観察できる事実と専門職への連携を分けて理解することが重要です。関連する用語として、ストレス、ストレス反応、抵抗期、疲憊期もあわせて確認すると理解がつながります。,ストレス;ストレス反応;抵抗期,,A,演習の正答の要点は「セリエの汎適応症候群は警告反応期→抵抗期→疲憊期の3段階」です。誤り肢は根拠法令の取り違え、対象範囲の限定（のみ・必ず）、責任主体の混同（会社のみ・管理監督者のみ）に注意してください。,g-4f9f5a070a3d21e7,汎適応症候群とは？意味・根拠・試験で押さえるポイント,汎適応症候群は、基礎・役割分野で頻出の用語です。汎適応症候群は、メンタルヘルスケアの意義、管理監督者の役割、ストレスや疾病の基礎理解に関わる用語です。本記事では意味、試験での出題の仕方、混同しやすい点を整理します。,汎適応症候群は、メンタルヘルスケアの意義、管理監督者の役割、ストレスや疾病の基礎理解に関わる用語です。セリエの汎適応症候群は警告反応期→抵抗期→疲憊期の3段階。,汎適応症候群は、メンタルヘルスケアの意義、管理監督者の役割、ストレスや疾病の基礎理解に関わる用語です。;まず「セリエの汎適応症候群は警告反応期→抵抗期→疲憊期の3段階」という出題上のポイントと結びつけて理解します。;過去問・演習では「セリエの汎適応症候群は警告反応期→抵抗期→疲憊期の3段階」という形で扱われるため、単語だけでなく設問の場面も確認します。;ラインケアの視点では、管理監督者が医学的判断を抱え込まず、職場で観察できる事実と専門職への連携を分けて理解することが重要です。,根拠法令（労基法・労契法・労安法）の取り違え;「のみ」「必ず」などの断定表現に注意;管理監督者が医学的判断を抱え込む,「汎適応症候群」は基礎・役割の重要語。定義→誰が何をするか→連携先の順で覚えると整理しやすい。,,,汎適応症候群とは何ですか？,汎適応症候群は、メンタルヘルスケアの意義、管理監督者の役割、ストレスや疾病の基礎理解に関わる用語です。,汎適応症候群は試験でどのように問われますか？,「汎適応症候群」は定義に加え、演習問題の正答肢キーワードと照合して覚えると定着しやすいです。関連演習へリンクした問題を解き、用語記事に戻って確認してください。,汎適応症候群を学習するときの注意点は？,単語だけでなく、ラインケア・安全配慮・専門職連携の流れの中で意味を確認してください。数値や義務の有無は法令改正で変わる場合があるため、受験前に公式情報も確認してください。,y2026/q13,演習2026・第13問（汎適応症候群）
治療と職業生活の両立,治療と職業生活の両立,基礎・役割,基礎・役割,治療と職業生活の両立では、本人の症状、治療予定、業務内容、勤務時間、職場の支援体制を踏まえ、無理なく働き続けるための調整を行います。,治療と職業生活の両立では、本人の症状、治療予定、業務内容、勤務時間、職場の支援体制を踏まえ、無理なく働き続けるための調整を行います。メンタルヘルス不調だけでなく、がん、難病、慢性疾患などにも関係する考え方です。職場では、用語の意味だけでなく、誰が対応し、どの情報を共有し、どの専門職につなぐかまで確認します。実務では、用語を単独で覚えるのではなく、ラインケア・安全配慮・専門職連携の流れに置いて確認します。,36協定;DALYs損失;ILO（国際労働機関）,,A,「治療と職業生活の両立」は選択肢で根拠・対象範囲・責任の所在がずれる肢に注意してください。「のみ」「必ず」などの断定は定義と照合し、管理監督者が医学的判断を抱え込まない点も確認します。,g-27149bac23f33c9a,治療と職業生活の両立とは？意味・根拠・試験で押さえるポイント,治療と職業生活の両立は、基礎・役割分野で頻出の用語です。治療と職業生活の両立では、本人の症状、治療予定、業務内容、勤務時間、職場の支援体制を踏まえ、無理なく働き続けるための調整を行います。本記事では意味、試験での出題の仕方、混同しやすい点を整理します。,治療と職業生活の両立では、本人の症状、治療予定、業務内容、勤務時間、職場の支援体制を踏まえ、無理なく働き続けるための調整を行います。メンタルヘルス不調だけでなく、がん、難病、慢性疾患などにも関係する考え方です。,治療と職業生活の両立では、本人の症状、治療予定、業務内容、勤務時間、職場の支援体制を踏まえ、無理なく働き続けるための調整を行います。;メンタルヘルス不調だけでなく、がん、難病、慢性疾患などにも関係する考え方です。;職場では、用語の意味だけでなく、誰が対応し、どの情報を共有し、どの専門職につなぐかまで確認します。;実務では、用語を単独で覚えるのではなく、ラインケア・安全配慮・専門職連携の流れに置いて確認します。,根拠法令（労基法・労契法・労安法）の取り違え;「のみ」「必ず」などの断定表現に注意;管理監督者が医学的判断を抱え込む,「治療と職業生活の両立」は基礎・役割分野の用語。定義→職場での見方→連携先の順で整理し、関連演習で確認してください。,,,治療と職業生活の両立とは何ですか？,治療と職業生活の両立では、本人の症状、治療予定、業務内容、勤務時間、職場の支援体制を踏まえ、無理なく働き続けるための調整を行います。,治療と職業生活の両立は試験でどのように問われますか？,「治療と職業生活の両立」は定義に加え、演習問題の正答肢キーワードと照合して覚えると定着しやすいです。関連演習へリンクした問題を解き、用語記事に戻って確認してください。,治療と職業生活の両立を学習するときの注意点は？,単語だけでなく、ラインケア・安全配慮・専門職連携の流れの中で意味を確認してください。数値や義務の有無は法令改正で変わる場合があるため、受験前に公式情報も確認してください。,y2026/q07,演習2026・第7問（基礎・労働安全衛生）
注意欠陥多動性障害（ADHD）,注意欠陥多動性障害（ADHD）,基礎・役割,基礎・役割,注意欠陥多動性障害（ADHD）は、メンタルヘルスケアの意義、管理監督者の役割、ストレスや疾病の基礎理解に関わる用語です。,注意欠陥多動性障害（ADHD）は、メンタルヘルスケアの意義、管理監督者の役割、ストレスや疾病の基礎理解に関わる用語です。まず「注意欠陥多動性障害（ADHD）は、試験では「ADHDの3主徴は不注意・多動性・衝動性」という文脈で確認される用語です」という出題上のポイントと結びつけて理解します。過去問・演習では「ADHDの3主徴は不注意・多動性・衝動性」という形で扱われるため、単語だけでなく設問の場面も確認します。ラインケアの視点では、管理監督者が医学的判断を抱え込まず、職場で観察できる事実と専門職への連携を分けて理解することが重要です。,36協定;DALYs損失;ILO（国際労働機関）,,A,演習の正答の要点は「ADHDの3主徴は不注意・多動性・衝動性」です。誤り肢は根拠法令の取り違え、対象範囲の限定（のみ・必ず）、責任主体の混同（会社のみ・管理監督者のみ）に注意してください。,adhd,注意欠陥多動性障害（ADHD）とは？意味・根拠・試験で押さえるポイント,注意欠陥多動性障害（ADHD）は、基礎・役割分野で頻出の用語です。注意欠陥多動性障害（ADHD）は、メンタルヘルスケアの意義、管理監督者の役割、ストレスや疾病の基礎理解に関わる用語です。本記事では意味、試験での出題の仕方、混同しやすい点を整理します。,注意欠陥多動性障害（ADHD）は、メンタルヘルスケアの意義、管理監督者の役割、ストレスや疾病の基礎理解に関わる用語です。注意欠陥多動性障害（ADHD）は、試験では「ADHDの3主徴は不注意・多動性・衝動性。,注意欠陥多動性障害（ADHD）は、メンタルヘルスケアの意義、管理監督者の役割、ストレスや疾病の基礎理解に関わる用語です。;まず「注意欠陥多動性障害（ADHD）は、試験では「ADHDの3主徴は不注意・多動性・衝動性」という文脈で確認される用語です」という出題上のポイントと結びつけて理解します。;過去問・演習では「ADHDの3主徴は不注意・多動性・衝動性」という形で扱われるため、単語だけでなく設問の場面も確認します。;ラインケアの視点では、管理監督者が医学的判断を抱え込まず、職場で観察できる事実と専門職への連携を分けて理解することが重要です。,根拠法令（労基法・労契法・労安法）の取り違え;「のみ」「必ず」などの断定表現に注意;管理監督者が医学的判断を抱え込む,「注意欠陥多動性障害（ADHD）」は基礎・役割の重要語。定義→誰が何をするか→連携先の順で覚えると整理しやすい。,,,注意欠陥多動性障害（ADHD）とは何ですか？,注意欠陥多動性障害（ADHD）は、メンタルヘルスケアの意義、管理監督者の役割、ストレスや疾病の基礎理解に関わる用語です。,注意欠陥多動性障害（ADHD）は試験でどのように問われますか？,「注意欠陥多動性障害（ADHD）」は定義に加え、演習問題の正答肢キーワードと照合して覚えると定着しやすいです。関連演習へリンクした問題を解き、用語記事に戻って確認してください。,注意欠陥多動性障害（ADHD）を学習するときの注意点は？,単語だけでなく、ラインケア・安全配慮・専門職連携の流れの中で意味を確認してください。数値や義務の有無は法令改正で変わる場合があるため、受験前に公式情報も確認してください。,y2026/q15,演習2026・第15問（注意欠陥多動性障害（ADHD））
特別な出来事,特別な出来事,基礎・役割,基礎・役割,特別な出来事は、業務による強い心理的負荷があったかを判断する文脈で使われます。,特別な出来事は、業務による強い心理的負荷があったかを判断する文脈で使われます。長時間労働、重大事故、ハラスメント、配置転換など、出来事の内容や強さ、継続性を確認します。職場では、用語の意味だけでなく、誰が対応し、どの情報を共有し、どの専門職につなぐかまで確認します。実務では、用語を単独で覚えるのではなく、ラインケア・安全配慮・専門職連携の流れに置いて確認します。,36協定;DALYs損失;ILO（国際労働機関）,,A,「特別な出来事」は選択肢で根拠・対象範囲・責任の所在がずれる肢に注意してください。「のみ」「必ず」などの断定は定義と照合し、管理監督者が医学的判断を抱え込まない点も確認します。,g-978f5629c305318f,特別な出来事とは？意味・根拠・試験で押さえるポイント,特別な出来事は、基礎・役割分野で頻出の用語です。特別な出来事は、業務による強い心理的負荷があったかを判断する文脈で使われます。本記事では意味、試験での出題の仕方、混同しやすい点を整理します。,特別な出来事は、業務による強い心理的負荷があったかを判断する文脈で使われます。長時間労働、重大事故、ハラスメント、配置転換など、出来事の内容や強さ、継続性を確認します。,特別な出来事は、業務による強い心理的負荷があったかを判断する文脈で使われます。;長時間労働、重大事故、ハラスメント、配置転換など、出来事の内容や強さ、継続性を確認します。;職場では、用語の意味だけでなく、誰が対応し、どの情報を共有し、どの専門職につなぐかまで確認します。;実務では、用語を単独で覚えるのではなく、ラインケア・安全配慮・専門職連携の流れに置いて確認します。,根拠法令（労基法・労契法・労安法）の取り違え;「のみ」「必ず」などの断定表現に注意;管理監督者が医学的判断を抱え込む,「特別な出来事」は基礎・役割分野の用語。定義→職場での見方→連携先の順で整理し、関連演習で確認してください。,,,特別な出来事とは何ですか？,特別な出来事は、業務による強い心理的負荷があったかを判断する文脈で使われます。,特別な出来事は試験でどのように問われますか？,「特別な出来事」は定義に加え、演習問題の正答肢キーワードと照合して覚えると定着しやすいです。関連演習へリンクした問題を解き、用語記事に戻って確認してください。,特別な出来事を学習するときの注意点は？,単語だけでなく、ラインケア・安全配慮・専門職連携の流れの中で意味を確認してください。数値や義務の有無は法令改正で変わる場合があるため、受験前に公式情報も確認してください。,y2026/q07,演習2026・第7問（基礎・労働安全衛生）
特別な出来事以外,特別な出来事以外,基礎・役割,基礎・役割,特別な出来事以外は、業務による強い心理的負荷があったかを判断する文脈で使われます。,特別な出来事以外は、業務による強い心理的負荷があったかを判断する文脈で使われます。長時間労働、重大事故、ハラスメント、配置転換など、出来事の内容や強さ、継続性を確認します。職場では、用語の意味だけでなく、誰が対応し、どの情報を共有し、どの専門職につなぐかまで確認します。実務では、用語を単独で覚えるのではなく、ラインケア・安全配慮・専門職連携の流れに置いて確認します。,36協定;DALYs損失;ILO（国際労働機関）,,A,「特別な出来事以外」は選択肢で根拠・対象範囲・責任の所在がずれる肢に注意してください。「のみ」「必ず」などの断定は定義と照合し、管理監督者が医学的判断を抱え込まない点も確認します。,g-2baf865fe31c7a3a,特別な出来事以外とは？意味・根拠・試験で押さえるポイント,特別な出来事以外は、基礎・役割分野で頻出の用語です。特別な出来事以外は、業務による強い心理的負荷があったかを判断する文脈で使われます。本記事では意味、試験での出題の仕方、混同しやすい点を整理します。,特別な出来事以外は、業務による強い心理的負荷があったかを判断する文脈で使われます。長時間労働、重大事故、ハラスメント、配置転換など、出来事の内容や強さ、継続性を確認します。,特別な出来事以外は、業務による強い心理的負荷があったかを判断する文脈で使われます。;長時間労働、重大事故、ハラスメント、配置転換など、出来事の内容や強さ、継続性を確認します。;職場では、用語の意味だけでなく、誰が対応し、どの情報を共有し、どの専門職につなぐかまで確認します。;実務では、用語を単独で覚えるのではなく、ラインケア・安全配慮・専門職連携の流れに置いて確認します。,根拠法令（労基法・労契法・労安法）の取り違え;「のみ」「必ず」などの断定表現に注意;管理監督者が医学的判断を抱え込む,「特別な出来事以外」は基礎・役割分野の用語。定義→職場での見方→連携先の順で整理し、関連演習で確認してください。,,,特別な出来事以外とは何ですか？,特別な出来事以外は、業務による強い心理的負荷があったかを判断する文脈で使われます。,特別な出来事以外は試験でどのように問われますか？,「特別な出来事以外」は定義に加え、演習問題の正答肢キーワードと照合して覚えると定着しやすいです。関連演習へリンクした問題を解き、用語記事に戻って確認してください。,特別な出来事以外を学習するときの注意点は？,単語だけでなく、ラインケア・安全配慮・専門職連携の流れの中で意味を確認してください。数値や義務の有無は法令改正で変わる場合があるため、受験前に公式情報も確認してください。,y2026/q07,演習2026・第7問（基礎・労働安全衛生）
特別条項,特別条項,基礎・役割,基礎・役割,特別条項は、メンタルヘルスケアの意義、管理監督者の役割、ストレスや疾病の基礎理解に関わる用語です。,特別条項は、メンタルヘルスケアの意義、管理監督者の役割、ストレスや疾病の基礎理解に関わる用語です。まず「2019年施行の改正労基法により、特別条項を含めても年720時間・月100時間未満・2〜6か月平均80時間以内の上限規制が設けられた」という出題上のポイントと結びつけて理解します。過去問・演習では「2019年施行の改正労基法により、特別条項を含めても年720時間・月100時間未満・2〜6か月平均80時間以内の上限規制が設けられた」という形で扱われるため、単語だけでなく設問の場面も確認します。ラインケアの視点では、管理監督者が医学的判断を抱え込まず、職場で観察できる事実と専門職への連携を分けて理解することが重要です。関連する用語として、36協定もあわせて確認すると理解がつながります。,36協定;確認すると理解がつながります,,A,演習の正答の要点は「2019年施行の改正労基法により、特別条項を含めても年720時間・月100時間未満・2〜6か月平均80時間以内の上限規制が設けられた」です。誤り肢は根拠法令の取り違え、対象範囲の限定（のみ・必ず）、責任主体の混同（会社のみ・管理監督者のみ）に注意してください。,g-f82095344e984ee5,特別条項とは？意味・根拠・試験で押さえるポイント,特別条項は、基礎・役割分野で頻出の用語です。特別条項は、メンタルヘルスケアの意義、管理監督者の役割、ストレスや疾病の基礎理解に関わる用語です。本記事では意味、試験での出題の仕方、混同しやすい点を整理します。,特別条項は、メンタルヘルスケアの意義、管理監督者の役割、ストレスや疾病の基礎理解に関わる用語です。2019年施行の改正労基法により、特別条項を含めても年720時間・月100時間未満・2〜6か月平均80時間以内の上限規制が設けられた。,特別条項は、メンタルヘルスケアの意義、管理監督者の役割、ストレスや疾病の基礎理解に関わる用語です。;まず「2019年施行の改正労基法により、特別条項を含めても年720時間・月100時間未満・2〜6か月平均80時間以内の上限規制が設けられた」という出題上のポイントと結びつけて理解します。;過去問・演習では「2019年施行の改正労基法により、特別条項を含めても年720時間・月100時間未満・2〜6か月平均80時間以内の上限規制が設けられた」という形で扱われるため、単語だけでなく設問の場面も確認します。;ラインケアの視点では、管理監督者が医学的判断を抱え込まず、職場で観察できる事実と専門職への連携を分けて理解することが重要です。,根拠法令（労基法・労契法・労安法）の取り違え;「のみ」「必ず」などの断定表現に注意;管理監督者が医学的判断を抱え込む,「特別条項」は基礎・役割の重要語。定義→誰が何をするか→連携先の順で覚えると整理しやすい。,,,特別条項とは何ですか？,特別条項は、メンタルヘルスケアの意義、管理監督者の役割、ストレスや疾病の基礎理解に関わる用語です。,特別条項は試験でどのように問われますか？,「特別条項」は定義に加え、演習問題の正答肢キーワードと照合して覚えると定着しやすいです。関連演習へリンクした問題を解き、用語記事に戻って確認してください。,特別条項を学習するときの注意点は？,単語だけでなく、ラインケア・安全配慮・専門職連携の流れの中で意味を確認してください。数値や義務の有無は法令改正で変わる場合があるため、受験前に公式情報も確認してください。,y2026/q51,演習2026・第51問（特別条項）
生産性の向上,生産性の向上,基礎・役割,基礎・役割,生産性の向上では、メンタルヘルス対策を福利厚生だけでなく、休業・離職の予防、職場の活性化、生産性向上、リスク低減につながる経営課題として捉えます。,生産性の向上では、メンタルヘルス対策を福利厚生だけでなく、休業・離職の予防、職場の活性化、生産性向上、リスク低減につながる経営課題として捉えます。教育研修、相談体制、職場環境改善を継続的に進めることが重要です。職場では、用語の意味だけでなく、誰が対応し、どの情報を共有し、どの専門職につなぐかまで確認します。実務では、用語を単独で覚えるのではなく、ラインケア・安全配慮・専門職連携の流れに置いて確認します。,36協定;DALYs損失;ILO（国際労働機関）,,A,「生産性の向上」は選択肢で根拠・対象範囲・責任の所在がずれる肢に注意してください。「のみ」「必ず」などの断定は定義と照合し、管理監督者が医学的判断を抱え込まない点も確認します。,g-7f36d9212d7f3b17,生産性の向上とは？意味・根拠・試験で押さえるポイント,生産性の向上は、基礎・役割分野で頻出の用語です。生産性の向上では、メンタルヘルス対策を福利厚生だけでなく、休業・離職の予防、職場の活性化、生産性向上、リスク低減につながる経営課題として捉えます。本記事では意味、試験での出題の仕方、混同しやすい点を整理します。,生産性の向上では、メンタルヘルス対策を福利厚生だけでなく、休業・離職の予防、職場の活性化、生産性向上、リスク低減につながる経営課題として捉えます。教育研修、相談体制、職場環境改善を継続的に進めることが重要です。,生産性の向上では、メンタルヘルス対策を福利厚生だけでなく、休業・離職の予防、職場の活性化、生産性向上、リスク低減につながる経営課題として捉えます。;教育研修、相談体制、職場環境改善を継続的に進めることが重要です。;職場では、用語の意味だけでなく、誰が対応し、どの情報を共有し、どの専門職につなぐかまで確認します。;実務では、用語を単独で覚えるのではなく、ラインケア・安全配慮・専門職連携の流れに置いて確認します。,根拠法令（労基法・労契法・労安法）の取り違え;「のみ」「必ず」などの断定表現に注意;管理監督者が医学的判断を抱え込む,「生産性の向上」は基礎・役割分野の用語。定義→職場での見方→連携先の順で整理し、関連演習で確認してください。,,,生産性の向上とは何ですか？,生産性の向上では、メンタルヘルス対策を福利厚生だけでなく、休業・離職の予防、職場の活性化、生産性向上、リスク低減につながる経営課題として捉えます。,生産性の向上は試験でどのように問われますか？,「生産性の向上」は定義に加え、演習問題の正答肢キーワードと照合して覚えると定着しやすいです。関連演習へリンクした問題を解き、用語記事に戻って確認してください。,生産性の向上を学習するときの注意点は？,単語だけでなく、ラインケア・安全配慮・専門職連携の流れの中で意味を確認してください。数値や義務の有無は法令改正で変わる場合があるため、受験前に公式情報も確認してください。,y2026/q07,演習2026・第7問（基礎・労働安全衛生）
産業カウンセラー,産業カウンセラー,相談・連携・復職,相談・連携・復職,産業カウンセラーは、相談対応、社内外資源との連携、休業者の職場復帰支援に関わる用語です。,産業カウンセラーは、相談対応、社内外資源との連携、休業者の職場復帰支援に関わる用語です。まず「心の健康相談は保健師・看護師・精神保健福祉士・産業カウンセラー・臨床心理士等の専門資格を持つスタッフが担うことが望ましい」という出題上のポイントと結びつけて理解します。過去問・演習では「心の健康相談は保健師・看護師・精神保健福祉士・産業カウンセラー・臨床心理士等の専門資格を持つスタッフが担うことが望ましい」という形で扱われるため、単語だけでなく設問の場面も確認します。ラインケアの視点では、本人の話を聴き、必要な範囲で産業保健スタッフや社外資源へつなぐことが重要です。関連する用語として、保健師、臨床心理士、働く人の悩みホットライン、守秘義務もあわせて確認すると理解がつながります。,保健師;臨床心理士;働く人の悩みホットライン,,A,演習の正答の要点は「心の健康相談は保健師・看護師・精神保健福祉士・産業カウンセラー・臨床心理士等の専門資格を持つスタッフが担うことが望ましい」です。誤り肢は根拠法令の取り違え、対象範囲の限定（のみ・必ず）、責任主体の混同（会社のみ・管理監督者のみ）に注意してください。,g-73385a4ea60a2457,産業カウンセラーとは？意味・根拠・試験で押さえるポイント,産業カウンセラーは、相談・連携・復職分野で頻出の用語です。産業カウンセラーは、相談対応、社内外資源との連携、休業者の職場復帰支援に関わる用語です。本記事では意味、試験での出題の仕方、混同しやすい点を整理します。,産業カウンセラーは、相談対応、社内外資源との連携、休業者の職場復帰支援に関わる用語です。心の健康相談は保健師・看護師・精神保健福祉士・産業カウンセラー・臨床心理士等の専門資格を持つスタッフが担うことが望ましい。,産業カウンセラーは、相談対応、社内外資源との連携、休業者の職場復帰支援に関わる用語です。;まず「心の健康相談は保健師・看護師・精神保健福祉士・産業カウンセラー・臨床心理士等の専門資格を持つスタッフが担うことが望ましい」という出題上のポイントと結びつけて理解します。;過去問・演習では「心の健康相談は保健師・看護師・精神保健福祉士・産業カウンセラー・臨床心理士等の専門資格を持つスタッフが担うことが望ましい」という形で扱われるため、単語だけでなく設問の場面も確認します。;ラインケアの視点では、本人の話を聴き、必要な範囲で産業保健スタッフや社外資源へつなぐことが重要です。,手順の順序・禁止事項（やってはいけないこと）の混同;主治医と産業医の役割の逆転;管理監督者が医学的判断を抱え込む,「産業カウンセラー」は相談・連携・復職の重要語。定義→誰が何をするか→連携先の順で覚えると整理しやすい。,,,産業カウンセラーとは何ですか？,産業カウンセラーは、相談対応、社内外資源との連携、休業者の職場復帰支援に関わる用語です。,産業カウンセラーは試験でどのように問われますか？,「産業カウンセラー」は定義に加え、演習問題の正答肢キーワードと照合して覚えると定着しやすいです。関連演習へリンクした問題を解き、用語記事に戻って確認してください。,産業カウンセラーを学習するときの注意点は？,単語だけでなく、ラインケア・安全配慮・専門職連携の流れの中で意味を確認してください。数値や義務の有無は法令改正で変わる場合があるため、受験前に公式情報も確認してください。,y2026/q165,演習2026・第165問（産業カウンセラー）
産業保健スタッフ等との連携,産業保健スタッフ等との連携,相談・連携・復職,相談・連携・復職,産業保健スタッフ等との連携では、管理監督者が一人で抱え込まず、本人の話を聴いたうえで、産業医、保健師、人事労務担当者、外部相談機関などへつなぐ流れを確認します。,産業保健スタッフ等との連携では、管理監督者が一人で抱え込まず、本人の話を聴いたうえで、産業医、保健師、人事労務担当者、外部相談機関などへつなぐ流れを確認します。相談内容はプライバシーに配慮し、就業上必要な範囲で共有します。職場では、用語の意味だけでなく、誰が対応し、どの情報を共有し、どの専門職につなぐかまで確認します。実務では、本人の安心感を保ちつつ、社内外の支援先とどのタイミングで連携するかを意識します。,いのちの電話;こころの耳メール相談;こころの耳電話相談,,A,「産業保健スタッフ等との連携」は選択肢で根拠・対象範囲・責任の所在がずれる肢に注意してください。「のみ」「必ず」などの断定は定義と照合し、管理監督者が医学的判断を抱え込まない点も確認します。,g-e161308ebdbacaa9,産業保健スタッフ等との連携とは？意味・根拠・試験で押さえるポイント,産業保健スタッフ等との連携は、相談・連携・復職分野で頻出の用語です。産業保健スタッフ等との連携では、管理監督者が一人で抱え込まず、本人の話を聴いたうえで、産業医、保健師、人事労務担当者、外部相談機関などへつなぐ流れを確認します。本記事では意味、試験での出題の仕方、混同しやすい点を整理します。,産業保健スタッフ等との連携では、管理監督者が一人で抱え込まず、本人の話を聴いたうえで、産業医、保健師、人事労務担当者、外部相談機関などへつなぐ流れを確認します。相談内容はプライバシーに配慮し、就業上必要な範囲で共有します。,産業保健スタッフ等との連携では、管理監督者が一人で抱え込まず、本人の話を聴いたうえで、産業医、保健師、人事労務担当者、外部相談機関などへつなぐ流れを確認します。;相談内容はプライバシーに配慮し、就業上必要な範囲で共有します。;職場では、用語の意味だけでなく、誰が対応し、どの情報を共有し、どの専門職につなぐかまで確認します。;実務では、本人の安心感を保ちつつ、社内外の支援先とどのタイミングで連携するかを意識します。,手順の順序・禁止事項（やってはいけないこと）の混同;主治医と産業医の役割の逆転;管理監督者が医学的判断を抱え込む,「産業保健スタッフ等との連携」は相談・連携・復職分野の用語。定義→職場での見方→連携先の順で整理し、関連演習で確認してください。,,,産業保健スタッフ等との連携とは何ですか？,産業保健スタッフ等との連携では、管理監督者が一人で抱え込まず、本人の話を聴いたうえで、産業医、保健師、人事労務担当者、外部相談機関などへつなぐ流れを確認します。,産業保健スタッフ等との連携は試験でどのように問われますか？,「産業保健スタッフ等との連携」は定義に加え、演習問題の正答肢キーワードと照合して覚えると定着しやすいです。関連演習へリンクした問題を解き、用語記事に戻って確認してください。,産業保健スタッフ等との連携を学習するときの注意点は？,単語だけでなく、ラインケア・安全配慮・専門職連携の流れの中で意味を確認してください。数値や義務の有無は法令改正で変わる場合があるため、受験前に公式情報も確認してください。,y2026/q02,演習2026・第2問（産業保健スタッフ等との連携）
産業保健総合支援センター,産業保健総合支援センター,相談・連携・復職,相談・連携・復職,産業保健総合支援センターは、相談対応、社内外資源との連携、休業者の職場復帰支援に関わる用語です。,産業保健総合支援センターは、相談対応、社内外資源との連携、休業者の職場復帰支援に関わる用語です。まず「産業保健総合支援センターは規模を問わず利用可能」という出題上のポイントと結びつけて理解します。過去問・演習では「地域産業保健センターは小規模事業場向けの支援機関」という形で扱われるため、単語だけでなく設問の場面も確認します。ラインケアの視点では、本人の話を聴き、必要な範囲で産業保健スタッフや社外資源へつなぐことが重要です。関連する用語として、保健センター、地域産業保健センター、外部EAP、精神保健福祉センターもあわせて確認すると理解がつながります。,保健センター;地域産業保健センター;外部EAP,,A,演習の正答の要点は「地域産業保健センターは小規模事業場向けの支援機関」です。誤り肢は根拠法令の取り違え、対象範囲の限定（のみ・必ず）、責任主体の混同（会社のみ・管理監督者のみ）に注意してください。,g-a2d983d922e0e93f,産業保健総合支援センターとは？意味・根拠・試験で押さえるポイント,産業保健総合支援センターは、相談・連携・復職分野で頻出の用語です。産業保健総合支援センターは、相談対応、社内外資源との連携、休業者の職場復帰支援に関わる用語です。本記事では意味、試験での出題の仕方、混同しやすい点を整理します。,産業保健総合支援センターは、相談対応、社内外資源との連携、休業者の職場復帰支援に関わる用語です。産業保健総合支援センターは規模を問わず利用可能。,産業保健総合支援センターは、相談対応、社内外資源との連携、休業者の職場復帰支援に関わる用語です。;まず「産業保健総合支援センターは規模を問わず利用可能」という出題上のポイントと結びつけて理解します。;過去問・演習では「地域産業保健センターは小規模事業場向けの支援機関」という形で扱われるため、単語だけでなく設問の場面も確認します。;ラインケアの視点では、本人の話を聴き、必要な範囲で産業保健スタッフや社外資源へつなぐことが重要です。,手順の順序・禁止事項（やってはいけないこと）の混同;主治医と産業医の役割の逆転;管理監督者が医学的判断を抱え込む,「産業保健総合支援センター」は相談・連携・復職の重要語。定義→誰が何をするか→連携先の順で覚えると整理しやすい。,,,産業保健総合支援センターとは何ですか？,産業保健総合支援センターは、相談対応、社内外資源との連携、休業者の職場復帰支援に関わる用語です。,産業保健総合支援センターは試験でどのように問われますか？,「産業保健総合支援センター」は定義に加え、演習問題の正答肢キーワードと照合して覚えると定着しやすいです。関連演習へリンクした問題を解き、用語記事に戻って確認してください。,産業保健総合支援センターを学習するときの注意点は？,単語だけでなく、ラインケア・安全配慮・専門職連携の流れの中で意味を確認してください。数値や義務の有無は法令改正で変わる場合があるため、受験前に公式情報も確認してください。,y2026/q32,演習2026・第32問（産業保健総合支援センター）
産業医,産業医,相談・連携・復職,相談・連携・復職,産業医は、相談対応、社内外資源との連携、休業者の職場復帰支援に関わる用語です。,産業医は、相談対応、社内外資源との連携、休業者の職場復帰支援に関わる用語です。まず「産業医は、職場における労働者の健康管理や就業上の措置について、事業者に専門的助言を行う医師です」という出題上のポイントと結びつけて理解します。過去問・演習では「産業医等に事前相談し、本人の状況に応じた方法で丁寧に受診を勧める」という形で扱われるため、単語だけでなく設問の場面も確認します。ラインケアの視点では、本人の話を聴き、必要な範囲で産業保健スタッフや社外資源へつなぐことが重要です。関連する用語として、ストレス、保健師、ラインケア、セルフケアもあわせて確認すると理解がつながります。,ストレス;保健師;ラインケア,,A,演習の正答の要点は「産業医等に事前相談し、本人の状況に応じた方法で丁寧に受診を勧める」です。誤り肢は根拠法令の取り違え、対象範囲の限定（のみ・必ず）、責任主体の混同（会社のみ・管理監督者のみ）に注意してください。,g-f9cc575ad94b02b6,産業医とは？意味・根拠・試験で押さえるポイント,産業医は、相談・連携・復職分野で頻出の用語です。産業医は、相談対応、社内外資源との連携、休業者の職場復帰支援に関わる用語です。本記事では意味、試験での出題の仕方、混同しやすい点を整理します。,産業医は、相談対応、社内外資源との連携、休業者の職場復帰支援に関わる用語です。産業医は、職場における労働者の健康管理や就業上の措置について、事業者に専門的助言を行う医師です。,産業医は、相談対応、社内外資源との連携、休業者の職場復帰支援に関わる用語です。;まず「産業医は、職場における労働者の健康管理や就業上の措置について、事業者に専門的助言を行う医師です」という出題上のポイントと結びつけて理解します。;過去問・演習では「産業医等に事前相談し、本人の状況に応じた方法で丁寧に受診を勧める」という形で扱われるため、単語だけでなく設問の場面も確認します。;ラインケアの視点では、本人の話を聴き、必要な範囲で産業保健スタッフや社外資源へつなぐことが重要です。,手順の順序・禁止事項（やってはいけないこと）の混同;主治医と産業医の役割の逆転;管理監督者が医学的判断を抱え込む,「産業医」は相談・連携・復職の重要語。定義→誰が何をするか→連携先の順で覚えると整理しやすい。,,,産業医とは何ですか？,産業医は、相談対応、社内外資源との連携、休業者の職場復帰支援に関わる用語です。,産業医は試験でどのように問われますか？,「産業医」は定義に加え、演習問題の正答肢キーワードと照合して覚えると定着しやすいです。関連演習へリンクした問題を解き、用語記事に戻って確認してください。,産業医を学習するときの注意点は？,単語だけでなく、ラインケア・安全配慮・専門職連携の流れの中で意味を確認してください。数値や義務の有無は法令改正で変わる場合があるため、受験前に公式情報も確認してください。,y2026/q92,演習2026・第92問（産業医の役割）
疲憊期,疲憊期,基礎・役割,基礎・役割,疲憊期は、メンタルヘルスケアの意義、管理監督者の役割、ストレスや疾病の基礎理解に関わる用語です。,疲憊期は、メンタルヘルスケアの意義、管理監督者の役割、ストレスや疾病の基礎理解に関わる用語です。まず「セリエの汎適応症候群は警告反応期→抵抗期→疲憊期の3段階」という出題上のポイントと結びつけて理解します。過去問・演習では「セリエの汎適応症候群は警告反応期→抵抗期→疲憊期の3段階」という形で扱われるため、単語だけでなく設問の場面も確認します。ラインケアの視点では、管理監督者が医学的判断を抱え込まず、職場で観察できる事実と専門職への連携を分けて理解することが重要です。関連する用語として、ストレス、ストレス反応、抵抗期、汎適応症候群もあわせて確認すると理解がつながります。,ストレス;ストレス反応;抵抗期,,A,演習の正答の要点は「セリエの汎適応症候群は警告反応期→抵抗期→疲憊期の3段階」です。誤り肢は根拠法令の取り違え、対象範囲の限定（のみ・必ず）、責任主体の混同（会社のみ・管理監督者のみ）に注意してください。,g-b9b2f562ca77adc4,疲憊期とは？意味・根拠・試験で押さえるポイント,疲憊期は、基礎・役割分野で頻出の用語です。疲憊期は、メンタルヘルスケアの意義、管理監督者の役割、ストレスや疾病の基礎理解に関わる用語です。本記事では意味、試験での出題の仕方、混同しやすい点を整理します。,疲憊期は、メンタルヘルスケアの意義、管理監督者の役割、ストレスや疾病の基礎理解に関わる用語です。セリエの汎適応症候群は警告反応期→抵抗期→疲憊期の3段階。,疲憊期は、メンタルヘルスケアの意義、管理監督者の役割、ストレスや疾病の基礎理解に関わる用語です。;まず「セリエの汎適応症候群は警告反応期→抵抗期→疲憊期の3段階」という出題上のポイントと結びつけて理解します。;過去問・演習では「セリエの汎適応症候群は警告反応期→抵抗期→疲憊期の3段階」という形で扱われるため、単語だけでなく設問の場面も確認します。;ラインケアの視点では、管理監督者が医学的判断を抱え込まず、職場で観察できる事実と専門職への連携を分けて理解することが重要です。,根拠法令（労基法・労契法・労安法）の取り違え;「のみ」「必ず」などの断定表現に注意;管理監督者が医学的判断を抱え込む,「疲憊期」は基礎・役割の重要語。定義→誰が何をするか→連携先の順で覚えると整理しやすい。,,,疲憊期とは何ですか？,疲憊期は、メンタルヘルスケアの意義、管理監督者の役割、ストレスや疾病の基礎理解に関わる用語です。,疲憊期は試験でどのように問われますか？,「疲憊期」は定義に加え、演習問題の正答肢キーワードと照合して覚えると定着しやすいです。関連演習へリンクした問題を解き、用語記事に戻って確認してください。,疲憊期を学習するときの注意点は？,単語だけでなく、ラインケア・安全配慮・専門職連携の流れの中で意味を確認してください。数値や義務の有無は法令改正で変わる場合があるため、受験前に公式情報も確認してください。,y2026/q13,演習2026・第13問（疲憊期）
疾病性,疾病性,相談・連携・復職,相談・連携・復職,疾病性は、相談対応、社内外資源との連携、休業者の職場復帰支援に関わる用語です。,疾病性は、相談対応、社内外資源との連携、休業者の職場復帰支援に関わる用語です。まず「事例性＝職場での問題事実（遅刻・ミス・対人トラブル等）、疾病性＝医学的な病態・診断」という出題上のポイントと結びつけて理解します。過去問・演習では「事例性＝職場での問題事実（遅刻・ミス・対人トラブル等）、疾病性＝医学的な病態・診断」という形で扱われるため、単語だけでなく設問の場面も確認します。ラインケアの視点では、本人の話を聴き、必要な範囲で産業保健スタッフや社外資源へつなぐことが重要です。関連する用語として、事例性、産業医もあわせて確認すると理解がつながります。,事例性;産業医;確認すると理解がつながります,,A,演習の正答の要点は「事例性＝職場での問題事実（遅刻・ミス・対人トラブル等）、疾病性＝医学的な病態・診断」です。誤り肢は根拠法令の取り違え、対象範囲の限定（のみ・必ず）、責任主体の混同（会社のみ・管理監督者のみ）に注意してください。,g-177e3968ee0455a4,疾病性とは？意味・根拠・試験で押さえるポイント,疾病性は、相談・連携・復職分野で頻出の用語です。疾病性は、相談対応、社内外資源との連携、休業者の職場復帰支援に関わる用語です。本記事では意味、試験での出題の仕方、混同しやすい点を整理します。,疾病性は、相談対応、社内外資源との連携、休業者の職場復帰支援に関わる用語です。事例性＝職場での問題事実（遅刻・ミス・対人トラブル等）、疾病性＝医学的な病態・診断。,疾病性は、相談対応、社内外資源との連携、休業者の職場復帰支援に関わる用語です。;まず「事例性＝職場での問題事実（遅刻・ミス・対人トラブル等）、疾病性＝医学的な病態・診断」という出題上のポイントと結びつけて理解します。;過去問・演習では「事例性＝職場での問題事実（遅刻・ミス・対人トラブル等）、疾病性＝医学的な病態・診断」という形で扱われるため、単語だけでなく設問の場面も確認します。;ラインケアの視点では、本人の話を聴き、必要な範囲で産業保健スタッフや社外資源へつなぐことが重要です。,手順の順序・禁止事項（やってはいけないこと）の混同;主治医と産業医の役割の逆転;管理監督者が医学的判断を抱え込む,「疾病性」は相談・連携・復職の重要語。定義→誰が何をするか→連携先の順で覚えると整理しやすい。,,,疾病性とは何ですか？,疾病性は、相談対応、社内外資源との連携、休業者の職場復帰支援に関わる用語です。,疾病性は試験でどのように問われますか？,「疾病性」は定義に加え、演習問題の正答肢キーワードと照合して覚えると定着しやすいです。関連演習へリンクした問題を解き、用語記事に戻って確認してください。,疾病性を学習するときの注意点は？,単語だけでなく、ラインケア・安全配慮・専門職連携の流れの中で意味を確認してください。数値や義務の有無は法令改正で変わる場合があるため、受験前に公式情報も確認してください。,y2026/q104,演習2026・第104問（疾病性・事例性）
病気休業開始及び休業中のケア,病気休業開始及び休業中のケア,基礎・役割,基礎・役割,病気休業開始及び休業中のケアは、休業開始から復職後のフォローアップまで、本人の状態、主治医の意見、産業医の意見、職場の受け入れ体制を確認するために使われます。,病気休業開始及び休業中のケアは、休業開始から復職後のフォローアップまで、本人の状態、主治医の意見、産業医の意見、職場の受け入れ体制を確認するために使われます。復職支援では、病名そのものよりも、勤務時間、業務負荷、配慮事項、再発予防を具体化することが重要です。職場では、用語の意味だけでなく、誰が対応し、どの情報を共有し、どの専門職につなぐかまで確認します。実務では、用語を単独で覚えるのではなく、ラインケア・安全配慮・専門職連携の流れに置いて確認します。,36協定;DALYs損失;ILO（国際労働機関）,,A,「病気休業開始及び休業中のケア」は選択肢で根拠・対象範囲・責任の所在がずれる肢に注意してください。「のみ」「必ず」などの断定は定義と照合し、管理監督者が医学的判断を抱え込まない点も確認します。,g-a8abfc82dfa65d4f,病気休業開始及び休業中のケアとは？意味・根拠・試験で押さえるポイント,病気休業開始及び休業中のケアは、基礎・役割分野で頻出の用語です。病気休業開始及び休業中のケアは、休業開始から復職後のフォローアップまで、本人の状態、主治医の意見、産業医の意見、職場の受け入れ体制を確認するために使われます。本記事では意味、試験での出題の仕方、混同しやすい点を整理します。,病気休業開始及び休業中のケアは、休業開始から復職後のフォローアップまで、本人の状態、主治医の意見、産業医の意見、職場の受け入れ体制を確認するために使われます。復職支援では、病名そのものよりも、勤務時間、業務負荷、配慮事項、再発予防を具体化することが重要です。,病気休業開始及び休業中のケアは、休業開始から復職後のフォローアップまで、本人の状態、主治医の意見、産業医の意見、職場の受け入れ体制を確認するために使われます。;復職支援では、病名そのものよりも、勤務時間、業務負荷、配慮事項、再発予防を具体化することが重要です。;職場では、用語の意味だけでなく、誰が対応し、どの情報を共有し、どの専門職につなぐかまで確認します。;実務では、用語を単独で覚えるのではなく、ラインケア・安全配慮・専門職連携の流れに置いて確認します。,根拠法令（労基法・労契法・労安法）の取り違え;「のみ」「必ず」などの断定表現に注意;管理監督者が医学的判断を抱え込む,「病気休業開始及び休業中のケア」は基礎・役割分野の用語。定義→職場での見方→連携先の順で整理し、関連演習で確認してください。,,,病気休業開始及び休業中のケアとは何ですか？,病気休業開始及び休業中のケアは、休業開始から復職後のフォローアップまで、本人の状態、主治医の意見、産業医の意見、職場の受け入れ体制を確認するために使われます。,病気休業開始及び休業中のケアは試験でどのように問われますか？,「病気休業開始及び休業中のケア」は定義に加え、演習問題の正答肢キーワードと照合して覚えると定着しやすいです。関連演習へリンクした問題を解き、用語記事に戻って確認してください。,病気休業開始及び休業中のケアを学習するときの注意点は？,単語だけでなく、ラインケア・安全配慮・専門職連携の流れの中で意味を確認してください。数値や義務の有無は法令改正で変わる場合があるため、受験前に公式情報も確認してください。,y2026/q35,演習2026・第35問（病気休業開始及び休業中のケア）
発達障害,発達障害,基礎・役割,基礎・役割,発達障害は、メンタルヘルスケアの意義、管理監督者の役割、ストレスや疾病の基礎理解に関わる用語です。,発達障害は、メンタルヘルスケアの意義、管理監督者の役割、ストレスや疾病の基礎理解に関わる用語です。まず「発達障害は成人でも診断される」という出題上のポイントと結びつけて理解します。過去問・演習では「ADHDの3主徴は不注意・多動性・衝動性」という形で扱われるため、単語だけでなく設問の場面も確認します。ラインケアの視点では、管理監督者が医学的判断を抱え込まず、職場で観察できる事実と専門職への連携を分けて理解することが重要です。関連する用語として、ストレス、心身症、障害者差別解消法、気管支喘息もあわせて確認すると理解がつながります。,ストレス;心身症;障害者差別解消法,,A,演習の正答の要点は「ADHDの3主徴は不注意・多動性・衝動性」です。誤り肢は根拠法令の取り違え、対象範囲の限定（のみ・必ず）、責任主体の混同（会社のみ・管理監督者のみ）に注意してください。,g-4929ecd37214cfe3,発達障害とは？意味・根拠・試験で押さえるポイント,発達障害は、基礎・役割分野で頻出の用語です。発達障害は、メンタルヘルスケアの意義、管理監督者の役割、ストレスや疾病の基礎理解に関わる用語です。本記事では意味、試験での出題の仕方、混同しやすい点を整理します。,発達障害は、メンタルヘルスケアの意義、管理監督者の役割、ストレスや疾病の基礎理解に関わる用語です。発達障害は成人でも診断される。,発達障害は、メンタルヘルスケアの意義、管理監督者の役割、ストレスや疾病の基礎理解に関わる用語です。;まず「発達障害は成人でも診断される」という出題上のポイントと結びつけて理解します。;過去問・演習では「ADHDの3主徴は不注意・多動性・衝動性」という形で扱われるため、単語だけでなく設問の場面も確認します。;ラインケアの視点では、管理監督者が医学的判断を抱え込まず、職場で観察できる事実と専門職への連携を分けて理解することが重要です。,根拠法令（労基法・労契法・労安法）の取り違え;「のみ」「必ず」などの断定表現に注意;管理監督者が医学的判断を抱え込む,「発達障害」は基礎・役割の重要語。定義→誰が何をするか→連携先の順で覚えると整理しやすい。,,,発達障害とは何ですか？,発達障害は、メンタルヘルスケアの意義、管理監督者の役割、ストレスや疾病の基礎理解に関わる用語です。,発達障害は試験でどのように問われますか？,「発達障害」は定義に加え、演習問題の正答肢キーワードと照合して覚えると定着しやすいです。関連演習へリンクした問題を解き、用語記事に戻って確認してください。,発達障害を学習するときの注意点は？,単語だけでなく、ラインケア・安全配慮・専門職連携の流れの中で意味を確認してください。数値や義務の有無は法令改正で変わる場合があるため、受験前に公式情報も確認してください。,y2026/q15,演習2026・第15問（発達障害）
相談の意義,相談の意義,相談・連携・復職,相談・連携・復職,相談の意義では、管理監督者が一人で抱え込まず、本人の話を聴いたうえで、産業医、保健師、人事労務担当者、外部相談機関などへつなぐ流れを確認します。,相談の意義では、管理監督者が一人で抱え込まず、本人の話を聴いたうえで、産業医、保健師、人事労務担当者、外部相談機関などへつなぐ流れを確認します。相談内容はプライバシーに配慮し、就業上必要な範囲で共有します。職場では、用語の意味だけでなく、誰が対応し、どの情報を共有し、どの専門職につなぐかまで確認します。実務では、本人の安心感を保ちつつ、社内外の支援先とどのタイミングで連携するかを意識します。,いのちの電話;こころの耳メール相談;こころの耳電話相談,,A,「相談の意義」は選択肢で根拠・対象範囲・責任の所在がずれる肢に注意してください。「のみ」「必ず」などの断定は定義と照合し、管理監督者が医学的判断を抱え込まない点も確認します。,g-3e83162564b4f493,相談の意義とは？意味・根拠・試験で押さえるポイント,相談の意義は、相談・連携・復職分野で頻出の用語です。相談の意義では、管理監督者が一人で抱え込まず、本人の話を聴いたうえで、産業医、保健師、人事労務担当者、外部相談機関などへつなぐ流れを確認します。本記事では意味、試験での出題の仕方、混同しやすい点を整理します。,相談の意義では、管理監督者が一人で抱え込まず、本人の話を聴いたうえで、産業医、保健師、人事労務担当者、外部相談機関などへつなぐ流れを確認します。相談内容はプライバシーに配慮し、就業上必要な範囲で共有します。,相談の意義では、管理監督者が一人で抱え込まず、本人の話を聴いたうえで、産業医、保健師、人事労務担当者、外部相談機関などへつなぐ流れを確認します。;相談内容はプライバシーに配慮し、就業上必要な範囲で共有します。;職場では、用語の意味だけでなく、誰が対応し、どの情報を共有し、どの専門職につなぐかまで確認します。;実務では、本人の安心感を保ちつつ、社内外の支援先とどのタイミングで連携するかを意識します。,手順の順序・禁止事項（やってはいけないこと）の混同;主治医と産業医の役割の逆転;管理監督者が医学的判断を抱え込む,「相談の意義」は相談・連携・復職分野の用語。定義→職場での見方→連携先の順で整理し、関連演習で確認してください。,,,相談の意義とは何ですか？,相談の意義では、管理監督者が一人で抱え込まず、本人の話を聴いたうえで、産業医、保健師、人事労務担当者、外部相談機関などへつなぐ流れを確認します。,相談の意義は試験でどのように問われますか？,「相談の意義」は定義に加え、演習問題の正答肢キーワードと照合して覚えると定着しやすいです。関連演習へリンクした問題を解き、用語記事に戻って確認してください。,相談の意義を学習するときの注意点は？,単語だけでなく、ラインケア・安全配慮・専門職連携の流れの中で意味を確認してください。数値や義務の有無は法令改正で変わる場合があるため、受験前に公式情報も確認してください。,y2026/q32,演習2026・第32問（相談窓口）
真陰性,真陰性,基礎・役割,基礎・役割,真陰性は、スクリーニング検査の結果を理解するための基礎用語です。,真陰性は、スクリーニング検査の結果を理解するための基礎用語です。検査で問題なしと判定され、実際にも対象となる問題がない状態を指します。ただし職場では、その後の変化にも注意を払う必要があります。職場では、用語の意味だけでなく、誰が対応し、どの情報を共有し、どの専門職につなぐかまで確認します。実務では、用語を単独で覚えるのではなく、ラインケア・安全配慮・専門職連携の流れに置いて確認します。,36協定;DALYs損失;ILO（国際労働機関）,,A,「真陰性」は選択肢で根拠・対象範囲・責任の所在がずれる肢に注意してください。「のみ」「必ず」などの断定は定義と照合し、管理監督者が医学的判断を抱え込まない点も確認します。,g-85c64cc0d2c3fa79,真陰性とは？意味・根拠・試験で押さえるポイント,真陰性は、基礎・役割分野で頻出の用語です。真陰性は、スクリーニング検査の結果を理解するための基礎用語です。本記事では意味、試験での出題の仕方、混同しやすい点を整理します。,真陰性は、スクリーニング検査の結果を理解するための基礎用語です。検査で問題なしと判定され、実際にも対象となる問題がない状態を指します。ただし職場では、その後の変化にも注意を払う必要があります。,真陰性は、スクリーニング検査の結果を理解するための基礎用語です。;検査で問題なしと判定され、実際にも対象となる問題がない状態を指します。;ただし職場では、その後の変化にも注意を払う必要があります。;職場では、用語の意味だけでなく、誰が対応し、どの情報を共有し、どの専門職につなぐかまで確認します。,根拠法令（労基法・労契法・労安法）の取り違え;「のみ」「必ず」などの断定表現に注意;管理監督者が医学的判断を抱え込む,「真陰性」は基礎・役割分野の用語。定義→職場での見方→連携先の順で整理し、関連演習で確認してください。,,,真陰性とは何ですか？,真陰性は、スクリーニング検査の結果を理解するための基礎用語です。,真陰性は試験でどのように問われますか？,「真陰性」は定義に加え、演習問題の正答肢キーワードと照合して覚えると定着しやすいです。関連演習へリンクした問題を解き、用語記事に戻って確認してください。,真陰性を学習するときの注意点は？,単語だけでなく、ラインケア・安全配慮・専門職連携の流れの中で意味を確認してください。数値や義務の有無は法令改正で変わる場合があるため、受験前に公式情報も確認してください。,y2026/q07,演習2026・第7問（基礎・労働安全衛生）
真陽性,真陽性,基礎・役割,基礎・役割,真陽性は、スクリーニング検査の結果が実際の状態と一致している場合を指します。,真陽性は、スクリーニング検査の結果が実際の状態と一致している場合を指します。ストレスチェックや健康調査では、真陽性の人を適切な相談や面接指導につなげることが重要です。職場では、用語の意味だけでなく、誰が対応し、どの情報を共有し、どの専門職につなぐかまで確認します。実務では、用語を単独で覚えるのではなく、ラインケア・安全配慮・専門職連携の流れに置いて確認します。,36協定;DALYs損失;ILO（国際労働機関）,,A,「真陽性」は選択肢で根拠・対象範囲・責任の所在がずれる肢に注意してください。「のみ」「必ず」などの断定は定義と照合し、管理監督者が医学的判断を抱え込まない点も確認します。,g-049675b282d8669b,真陽性とは？意味・根拠・試験で押さえるポイント,真陽性は、基礎・役割分野で頻出の用語です。真陽性は、スクリーニング検査の結果が実際の状態と一致している場合を指します。本記事では意味、試験での出題の仕方、混同しやすい点を整理します。,真陽性は、スクリーニング検査の結果が実際の状態と一致している場合を指します。ストレスチェックや健康調査では、真陽性の人を適切な相談や面接指導につなげることが重要です。,真陽性は、スクリーニング検査の結果が実際の状態と一致している場合を指します。;ストレスチェックや健康調査では、真陽性の人を適切な相談や面接指導につなげることが重要です。;職場では、用語の意味だけでなく、誰が対応し、どの情報を共有し、どの専門職につなぐかまで確認します。;実務では、用語を単独で覚えるのではなく、ラインケア・安全配慮・専門職連携の流れに置いて確認します。,根拠法令（労基法・労契法・労安法）の取り違え;「のみ」「必ず」などの断定表現に注意;管理監督者が医学的判断を抱え込む,「真陽性」は基礎・役割分野の用語。定義→職場での見方→連携先の順で整理し、関連演習で確認してください。,,,真陽性とは何ですか？,真陽性は、スクリーニング検査の結果が実際の状態と一致している場合を指します。,真陽性は試験でどのように問われますか？,「真陽性」は定義に加え、演習問題の正答肢キーワードと照合して覚えると定着しやすいです。関連演習へリンクした問題を解き、用語記事に戻って確認してください。,真陽性を学習するときの注意点は？,単語だけでなく、ラインケア・安全配慮・専門職連携の流れの中で意味を確認してください。数値や義務の有無は法令改正で変わる場合があるため、受験前に公式情報も確認してください。,y2026/q07,演習2026・第7問（基礎・労働安全衛生）
睡眠・睡眠障害,睡眠・睡眠障害,基礎・役割,基礎・役割,睡眠はメンタルヘルスの重要なサインであり、不眠や過眠はストレス反応、うつ病、不安障害、生活リズムの乱れなどと関連します。,睡眠はメンタルヘルスの重要なサインであり、不眠や過眠はストレス反応、うつ病、不安障害、生活リズムの乱れなどと関連します。職場では、眠気、遅刻、集中力低下、ミスの増加などとして表れることがあります。職場では、用語の意味だけでなく、誰が対応し、どの情報を共有し、どの専門職につなぐかまで確認します。実務では、用語を単独で覚えるのではなく、ラインケア・安全配慮・専門職連携の流れに置いて確認します。,36協定;DALYs損失;ILO（国際労働機関）,,A,「睡眠・睡眠障害」は選択肢で根拠・対象範囲・責任の所在がずれる肢に注意してください。「のみ」「必ず」などの断定は定義と照合し、管理監督者が医学的判断を抱え込まない点も確認します。,g-896bc0fb79608530,睡眠・睡眠障害とは？意味・根拠・試験で押さえるポイント,睡眠・睡眠障害は、基礎・役割分野で頻出の用語です。睡眠はメンタルヘルスの重要なサインであり、不眠や過眠はストレス反応、うつ病、不安障害、生活リズムの乱れなどと関連します。本記事では意味、試験での出題の仕方、混同しやすい点を整理します。,睡眠はメンタルヘルスの重要なサインであり、不眠や過眠はストレス反応、うつ病、不安障害、生活リズムの乱れなどと関連します。職場では、眠気、遅刻、集中力低下、ミスの増加などとして表れることがあります。,睡眠はメンタルヘルスの重要なサインであり、不眠や過眠はストレス反応、うつ病、不安障害、生活リズムの乱れなどと関連します。;職場では、眠気、遅刻、集中力低下、ミスの増加などとして表れることがあります。;職場では、用語の意味だけでなく、誰が対応し、どの情報を共有し、どの専門職につなぐかまで確認します。;実務では、用語を単独で覚えるのではなく、ラインケア・安全配慮・専門職連携の流れに置いて確認します。,根拠法令（労基法・労契法・労安法）の取り違え;「のみ」「必ず」などの断定表現に注意;管理監督者が医学的判断を抱え込む,「睡眠・睡眠障害」は基礎・役割分野の用語。定義→職場での見方→連携先の順で整理し、関連演習で確認してください。,,,睡眠・睡眠障害とは何ですか？,睡眠はメンタルヘルスの重要なサインであり、不眠や過眠はストレス反応、うつ病、不安障害、生活リズムの乱れなどと関連します。,睡眠・睡眠障害は試験でどのように問われますか？,「睡眠・睡眠障害」は定義に加え、演習問題の正答肢キーワードと照合して覚えると定着しやすいです。関連演習へリンクした問題を解き、用語記事に戻って確認してください。,睡眠・睡眠障害を学習するときの注意点は？,単語だけでなく、ラインケア・安全配慮・専門職連携の流れの中で意味を確認してください。数値や義務の有無は法令改正で変わる場合があるため、受験前に公式情報も確認してください。,y2026/q02,演習2026・第2問（セルフケア）
睡眠障害,睡眠障害,基礎・役割,基礎・役割,睡眠障害は、メンタルヘルスケアの意義、管理監督者の役割、ストレスや疾病の基礎理解に関わる用語です。,睡眠障害は、メンタルヘルスケアの意義、管理監督者の役割、ストレスや疾病の基礎理解に関わる用語です。まず「慢性ストレスは免疫抑制・循環器疾患・消化器疾患・睡眠障害・うつ病等を引き起こす」という出題上のポイントと結びつけて理解します。過去問・演習では「睡眠障害とメンタルヘルスは双方向の関係」という形で扱われるため、単語だけでなく設問の場面も確認します。ラインケアの視点では、管理監督者が医学的判断を抱え込まず、職場で観察できる事実と専門職への連携を分けて理解することが重要です。関連する用語として、ストレス、うつ病、休業、作業環境もあわせて確認すると理解がつながります。,ストレス;うつ病;休業,,A,演習の正答の要点は「睡眠障害とメンタルヘルスは双方向の関係」です。誤り肢は根拠法令の取り違え、対象範囲の限定（のみ・必ず）、責任主体の混同（会社のみ・管理監督者のみ）に注意してください。,g-1c9a2a7d72798c80,睡眠障害とは？意味・根拠・試験で押さえるポイント,睡眠障害は、基礎・役割分野で頻出の用語です。睡眠障害は、メンタルヘルスケアの意義、管理監督者の役割、ストレスや疾病の基礎理解に関わる用語です。本記事では意味、試験での出題の仕方、混同しやすい点を整理します。,睡眠障害は、メンタルヘルスケアの意義、管理監督者の役割、ストレスや疾病の基礎理解に関わる用語です。慢性ストレスは免疫抑制・循環器疾患・消化器疾患・睡眠障害・うつ病等を引き起こす。,睡眠障害は、メンタルヘルスケアの意義、管理監督者の役割、ストレスや疾病の基礎理解に関わる用語です。;まず「慢性ストレスは免疫抑制・循環器疾患・消化器疾患・睡眠障害・うつ病等を引き起こす」という出題上のポイントと結びつけて理解します。;過去問・演習では「睡眠障害とメンタルヘルスは双方向の関係」という形で扱われるため、単語だけでなく設問の場面も確認します。;ラインケアの視点では、管理監督者が医学的判断を抱え込まず、職場で観察できる事実と専門職への連携を分けて理解することが重要です。,根拠法令（労基法・労契法・労安法）の取り違え;「のみ」「必ず」などの断定表現に注意;管理監督者が医学的判断を抱え込む,「睡眠障害」は基礎・役割の重要語。定義→誰が何をするか→連携先の順で覚えると整理しやすい。,,,睡眠障害とは何ですか？,睡眠障害は、メンタルヘルスケアの意義、管理監督者の役割、ストレスや疾病の基礎理解に関わる用語です。,睡眠障害は試験でどのように問われますか？,「睡眠障害」は定義に加え、演習問題の正答肢キーワードと照合して覚えると定着しやすいです。関連演習へリンクした問題を解き、用語記事に戻って確認してください。,睡眠障害を学習するときの注意点は？,単語だけでなく、ラインケア・安全配慮・専門職連携の流れの中で意味を確認してください。数値や義務の有無は法令改正で変わる場合があるため、受験前に公式情報も確認してください。,y2026/q14,演習2026・第14問（睡眠障害）
神経伝達物質,神経伝達物質,基礎・役割,基礎・役割,神経伝達物質は、精神症状、身体症状、ストレス反応、治療や支援の理解に関わる用語です。,神経伝達物質は、精神症状、身体症状、ストレス反応、治療や支援の理解に関わる用語です。職場では管理監督者が医学的診断をするのではなく、遅刻・欠勤、ミス、表情、対人関係、体調不良などの事例性として把握します。職場では、用語の意味だけでなく、誰が対応し、どの情報を共有し、どの専門職につなぐかまで確認します。実務では、用語を単独で覚えるのではなく、ラインケア・安全配慮・専門職連携の流れに置いて確認します。,36協定;DALYs損失;ILO（国際労働機関）,,A,「神経伝達物質」は選択肢で根拠・対象範囲・責任の所在がずれる肢に注意してください。「のみ」「必ず」などの断定は定義と照合し、管理監督者が医学的判断を抱え込まない点も確認します。,g-8c4366a179a9234a,神経伝達物質とは？意味・根拠・試験で押さえるポイント,神経伝達物質は、基礎・役割分野で頻出の用語です。神経伝達物質は、精神症状、身体症状、ストレス反応、治療や支援の理解に関わる用語です。本記事では意味、試験での出題の仕方、混同しやすい点を整理します。,職場では管理監督者が医学的診断をするのではなく、遅刻・欠勤、ミス、表情、対人関係、体調不良などの事例性として把握します。,神経伝達物質は、精神症状、身体症状、ストレス反応、治療や支援の理解に関わる用語です。;職場では管理監督者が医学的診断をするのではなく、遅刻・欠勤、ミス、表情、対人関係、体調不良などの事例性として把握します。;職場では、用語の意味だけでなく、誰が対応し、どの情報を共有し、どの専門職につなぐかまで確認します。;実務では、用語を単独で覚えるのではなく、ラインケア・安全配慮・専門職連携の流れに置いて確認します。,根拠法令（労基法・労契法・労安法）の取り違え;「のみ」「必ず」などの断定表現に注意;管理監督者が医学的判断を抱え込む,「神経伝達物質」は基礎・役割分野の用語。定義→職場での見方→連携先の順で整理し、関連演習で確認してください。,,,神経伝達物質とは何ですか？,神経伝達物質は、精神症状、身体症状、ストレス反応、治療や支援の理解に関わる用語です。,神経伝達物質は試験でどのように問われますか？,「神経伝達物質」は定義に加え、演習問題の正答肢キーワードと照合して覚えると定着しやすいです。関連演習へリンクした問題を解き、用語記事に戻って確認してください。,神経伝達物質を学習するときの注意点は？,単語だけでなく、ラインケア・安全配慮・専門職連携の流れの中で意味を確認してください。数値や義務の有無は法令改正で変わる場合があるため、受験前に公式情報も確認してください。,y2026/q07,演習2026・第7問（基礎・労働安全衛生）
私法的規制,私法的規制,基礎・役割,基礎・役割,私法的規制は、メンタルヘルスケアの意義、管理監督者の役割、ストレスや疾病の基礎理解に関わる用語です。,私法的規制は、メンタルヘルスケアの意義、管理監督者の役割、ストレスや疾病の基礎理解に関わる用語です。まず「私法的規制は民事上の責任（安全配慮義務違反による損害賠償等）」という出題上のポイントと結びつけて理解します。過去問・演習では「公法的規制（労働安全衛生法等）は国が事業者に義務を課すもので、違反は刑事・行政罰の対象」という形で扱われるため、単語だけでなく設問の場面も確認します。ラインケアの視点では、管理監督者が医学的判断を抱え込まず、職場で観察できる事実と専門職への連携を分けて理解することが重要です。関連する用語として、公法的規制、安全配慮義務、刑事罰もあわせて確認すると理解がつながります。,公法的規制;安全配慮義務;刑事罰,,A,演習の正答の要点は「公法的規制（労働安全衛生法等）は国が事業者に義務を課すもので、違反は刑事・行政罰の対象」です。誤り肢は根拠法令の取り違え、対象範囲の限定（のみ・必ず）、責任主体の混同（会社のみ・管理監督者のみ）に注意してください。,g-6fc321da8665733b,私法的規制とは？意味・根拠・試験で押さえるポイント,私法的規制は、基礎・役割分野で頻出の用語です。私法的規制は、メンタルヘルスケアの意義、管理監督者の役割、ストレスや疾病の基礎理解に関わる用語です。本記事では意味、試験での出題の仕方、混同しやすい点を整理します。,私法的規制は、メンタルヘルスケアの意義、管理監督者の役割、ストレスや疾病の基礎理解に関わる用語です。私法的規制は民事上の責任（安全配慮義務違反による損害賠償等）。,私法的規制は、メンタルヘルスケアの意義、管理監督者の役割、ストレスや疾病の基礎理解に関わる用語です。;まず「私法的規制は民事上の責任（安全配慮義務違反による損害賠償等）」という出題上のポイントと結びつけて理解します。;過去問・演習では「公法的規制（労働安全衛生法等）は国が事業者に義務を課すもので、違反は刑事・行政罰の対象」という形で扱われるため、単語だけでなく設問の場面も確認します。;ラインケアの視点では、管理監督者が医学的判断を抱え込まず、職場で観察できる事実と専門職への連携を分けて理解することが重要です。,根拠法令（労基法・労契法・労安法）の取り違え;「のみ」「必ず」などの断定表現に注意;管理監督者が医学的判断を抱え込む,「私法的規制」は基礎・役割の重要語。定義→誰が何をするか→連携先の順で覚えると整理しやすい。,,,私法的規制とは何ですか？,私法的規制は、メンタルヘルスケアの意義、管理監督者の役割、ストレスや疾病の基礎理解に関わる用語です。,私法的規制は試験でどのように問われますか？,「私法的規制」は定義に加え、演習問題の正答肢キーワードと照合して覚えると定着しやすいです。関連演習へリンクした問題を解き、用語記事に戻って確認してください。,私法的規制を学習するときの注意点は？,単語だけでなく、ラインケア・安全配慮・専門職連携の流れの中で意味を確認してください。数値や義務の有無は法令改正で変わる場合があるため、受験前に公式情報も確認してください。,y2026/q38,演習2026・第38問（公法・私法）
私的自己意識,私的自己意識,基礎・役割,基礎・役割,私的自己意識は、仕事の量や質、人間関係、裁量、支援、個人要因などがストレス反応にどう関わるかを整理する際に使われます。,私的自己意識は、仕事の量や質、人間関係、裁量、支援、個人要因などがストレス反応にどう関わるかを整理する際に使われます。職場のメンタルヘルスでは、本人の弱さだけでなく、環境要因と緩衝要因を合わせて見ることが重要です。職場では、用語の意味だけでなく、誰が対応し、どの情報を共有し、どの専門職につなぐかまで確認します。実務では、用語を単独で覚えるのではなく、ラインケア・安全配慮・専門職連携の流れに置いて確認します。,36協定;DALYs損失;ILO（国際労働機関）,,A,「私的自己意識」は選択肢で根拠・対象範囲・責任の所在がずれる肢に注意してください。「のみ」「必ず」などの断定は定義と照合し、管理監督者が医学的判断を抱え込まない点も確認します。,g-544d0bcbe9ef1bce,私的自己意識とは？意味・根拠・試験で押さえるポイント,私的自己意識は、基礎・役割分野で頻出の用語です。私的自己意識は、仕事の量や質、人間関係、裁量、支援、個人要因などがストレス反応にどう関わるかを整理する際に使われます。本記事では意味、試験での出題の仕方、混同しやすい点を整理します。,私的自己意識は、仕事の量や質、人間関係、裁量、支援、個人要因などがストレス反応にどう関わるかを整理する際に使われます。職場のメンタルヘルスでは、本人の弱さだけでなく、環境要因と緩衝要因を合わせて見ることが重要です。,私的自己意識は、仕事の量や質、人間関係、裁量、支援、個人要因などがストレス反応にどう関わるかを整理する際に使われます。;職場のメンタルヘルスでは、本人の弱さだけでなく、環境要因と緩衝要因を合わせて見ることが重要です。;職場では、用語の意味だけでなく、誰が対応し、どの情報を共有し、どの専門職につなぐかまで確認します。;実務では、用語を単独で覚えるのではなく、ラインケア・安全配慮・専門職連携の流れに置いて確認します。,根拠法令（労基法・労契法・労安法）の取り違え;「のみ」「必ず」などの断定表現に注意;管理監督者が医学的判断を抱え込む,「私的自己意識」は基礎・役割分野の用語。定義→職場での見方→連携先の順で整理し、関連演習で確認してください。,,,私的自己意識とは何ですか？,私的自己意識は、仕事の量や質、人間関係、裁量、支援、個人要因などがストレス反応にどう関わるかを整理する際に使われます。,私的自己意識は試験でどのように問われますか？,「私的自己意識」は定義に加え、演習問題の正答肢キーワードと照合して覚えると定着しやすいです。関連演習へリンクした問題を解き、用語記事に戻って確認してください。,私的自己意識を学習するときの注意点は？,単語だけでなく、ラインケア・安全配慮・専門職連携の流れの中で意味を確認してください。数値や義務の有無は法令改正で変わる場合があるため、受験前に公式情報も確認してください。,y2026/q07,演習2026・第7問（基礎・労働安全衛生）
積極的傾聴,積極的傾聴,相談・連携・復職,相談・連携・復職,積極的傾聴は、相談対応、社内外資源との連携、休業者の職場復帰支援に関わる用語です。,積極的傾聴は、相談対応、社内外資源との連携、休業者の職場復帰支援に関わる用語です。まず「積極的傾聴は、試験では「沈黙はクライエントが内省している大切な時間であり、急かしたり話題転換したりすることは傾聴の妨げになる」という文脈で確認される用語です」という出題上のポイントと結びつけて理解します。過去問・演習では「沈黙はクライエントが内省している大切な時間であり、急かしたり話題転換したりすることは傾聴の妨げになる」という形で扱われるため、単語だけでなく設問の場面も確認します。ラインケアの視点では、本人の話を聴き、必要な範囲で産業保健スタッフや社外資源へつなぐことが重要です。関連する用語として、アクティブリスニング、傾聴もあわせて確認すると理解がつながります。,アクティブリスニング;傾聴;確認すると理解がつながります,,A,演習の正答の要点は「沈黙はクライエントが内省している大切な時間であり、急かしたり話題転換したりすることは傾聴の妨げになる」です。誤り肢は根拠法令の取り違え、対象範囲の限定（のみ・必ず）、責任主体の混同（会社のみ・管理監督者のみ）に注意してください。,g-089e20130d5d7032,積極的傾聴とは？意味・根拠・試験で押さえるポイント,積極的傾聴は、相談・連携・復職分野で頻出の用語です。積極的傾聴は、相談対応、社内外資源との連携、休業者の職場復帰支援に関わる用語です。本記事では意味、試験での出題の仕方、混同しやすい点を整理します。,積極的傾聴は、相談対応、社内外資源との連携、休業者の職場復帰支援に関わる用語です。積極的傾聴は、試験では「沈黙はクライエントが内省している大切な時間であり、急かしたり話題転換したりすることは傾聴の妨げになる。,積極的傾聴は、相談対応、社内外資源との連携、休業者の職場復帰支援に関わる用語です。;まず「積極的傾聴は、試験では「沈黙はクライエントが内省している大切な時間であり、急かしたり話題転換したりすることは傾聴の妨げになる」という文脈で確認される用語です」という出題上のポイントと結びつけて理解します。;過去問・演習では「沈黙はクライエントが内省している大切な時間であり、急かしたり話題転換したりすることは傾聴の妨げになる」という形で扱われるため、単語だけでなく設問の場面も確認します。;ラインケアの視点では、本人の話を聴き、必要な範囲で産業保健スタッフや社外資源へつなぐことが重要です。,手順の順序・禁止事項（やってはいけないこと）の混同;主治医と産業医の役割の逆転;管理監督者が医学的判断を抱え込む,「積極的傾聴」は相談・連携・復職の重要語。定義→誰が何をするか→連携先の順で覚えると整理しやすい。,,,積極的傾聴とは何ですか？,積極的傾聴は、相談対応、社内外資源との連携、休業者の職場復帰支援に関わる用語です。,積極的傾聴は試験でどのように問われますか？,「積極的傾聴」は定義に加え、演習問題の正答肢キーワードと照合して覚えると定着しやすいです。関連演習へリンクした問題を解き、用語記事に戻って確認してください。,積極的傾聴を学習するときの注意点は？,単語だけでなく、ラインケア・安全配慮・専門職連携の流れの中で意味を確認してください。数値や義務の有無は法令改正で変わる場合があるため、受験前に公式情報も確認してください。,y2026/q66,演習2026・第66問（積極的傾聴）
管理監督者への教育研修・情報提供,管理監督者への教育研修・情報提供,基礎・役割,基礎・役割,管理監督者への教育研修・情報提供では、管理監督者が日常の職場管理の中で変化に気づき、必要な声かけ、業務調整、産業保健スタッフへの連携を行う流れを確認します。,管理監督者への教育研修・情報提供では、管理監督者が日常の職場管理の中で変化に気づき、必要な声かけ、業務調整、産業保健スタッフへの連携を行う流れを確認します。本人の性格や病名を決めつけるのではなく、職場で観察できる事実を整理します。職場では、用語の意味だけでなく、誰が対応し、どの情報を共有し、どの専門職につなぐかまで確認します。実務では、用語を単独で覚えるのではなく、ラインケア・安全配慮・専門職連携の流れに置いて確認します。,36協定;DALYs損失;ILO（国際労働機関）,,A,選択肢では根拠法令・対象範囲・責任の所在がずれる肢に注意し、用語の定義と照合してください。,g-c4239dd81ccee229,管理監督者への教育研修・情報提供とは？意味・根拠・試験で押さえるポイント,管理監督者への教育研修・情報提供は、基礎・役割分野で頻出の用語です。管理監督者への教育研修・情報提供では、管理監督者が日常の職場管理の中で変化に気づき、必要な声かけ、業務調整、産業保健スタッフへの連携を行う流れを確認します。本記事では意味、試験での出題の仕方、混同しやすい点を整理します。,管理監督者への教育研修・情報提供では、管理監督者が日常の職場管理の中で変化に気づき、必要な声かけ、業務調整、産業保健スタッフへの連携を行う流れを確認します。,管理監督者への教育研修・情報提供では、管理監督者が日常の職場管理の中で変化に気づき、必要な声かけ、業務調整、産業保健スタッフへの連携を行う流れを確認します。;本人の性格や病名を決めつけるのではなく、職場で観察できる事実を整理します。;職場では、用語の意味だけでなく、誰が対応し、どの情報を共有し、どの専門職につなぐかまで確認します。;実務では、用語を単独で覚えるのではなく、ラインケア・安全配慮・専門職連携の流れに置いて確認します。,根拠法令（労基法・労契法・労安法）の取り違え;「のみ」「必ず」などの断定表現に注意;管理監督者が医学的判断を抱え込む,「管理監督者への教育研修・情報提供」は基礎・役割の重要語。定義→誰が何をするか→連携先の順で覚えると整理しやすい。,,,管理監督者への教育研修・情報提供とは何ですか？,管理監督者への教育研修・情報提供では、管理監督者が日常の職場管理の中で変化に気づき、必要な声かけ、業務調整、産業保健スタッフへの連携を行う流れを確認します。,管理監督者への教育研修・情報提供は試験でどのように問われますか？,「管理監督者への教育研修・情報提供」は定義に加え、演習問題の正答肢キーワードと照合して覚えると定着しやすいです。関連演習へリンクした問題を解き、用語記事に戻って確認してください。,管理監督者への教育研修・情報提供を学習するときの注意点は？,単語だけでなく、ラインケア・安全配慮・専門職連携の流れの中で意味を確認してください。数値や義務の有無は法令改正で変わる場合があるため、受験前に公式情報も確認してください。,y2026/q12,演習2026・第12問（管理監督者）
米国労働安全衛生研究所（NIOSH）,米国労働安全衛生研究所（NIOSH）,基礎・役割,基礎・役割,米国労働安全衛生研究所（NIOSH）は、メンタルヘルスケアの意義、管理監督者の役割、ストレスや疾病の基礎理解に関わる用語です。,米国労働安全衛生研究所（NIOSH）は、メンタルヘルスケアの意義、管理監督者の役割、ストレスや疾病の基礎理解に関わる用語です。まず「米国労働安全衛生研究所（NIOSH）は、試験では「NIOSHモデルでは仕事のストレス要因に加え、個人的要因・緩衝要因（上司・同僚・家族の支援など）がストレス反応を修飾し、最終的な健康障害に至るプロセスを示している」という文脈で確認される用語です」という出題上のポイントと結びつけて理解します。過去問・演習では「NIOSHモデルでは仕事のストレス要因に加え、個人的要因・緩衝要因（上司・同僚・家族の支援など）がストレス反応を修飾し、最終的な健康障害に至るプロセスを示している」という形で扱われるため、単語だけでなく設問の場面も確認します。ラインケアの視点では、管理監督者が医学的判断を抱え込まず、職場で観察できる事実と専門職への連携を分けて理解することが重要です。,36協定;DALYs損失;ILO（国際労働機関）,,A,演習の正答の要点は「NIOSHモデルでは仕事のストレス要因に加え、個人的要因・緩衝要因（上司・同僚・家族の支援など）がストレス反応を修飾し、最終的な健康障害に至るプロセスを示している」です。誤り肢は根拠法令の取り違え、対象範囲の限定（のみ・必ず）、責任主体の混同（会社のみ・管理監督者のみ）に注意してください。,niosh,米国労働安全衛生研究所（NIOSH）とは？意味・根拠・試験で押さえるポイント,米国労働安全衛生研究所（NIOSH）は、基礎・役割分野で頻出の用語です。米国労働安全衛生研究所（NIOSH）は、メンタルヘルスケアの意義、管理監督者の役割、ストレスや疾病の基礎理解に関わる用語です。本記事では意味、試験での出題の仕方、混同しやすい点を整理します。,米国労働安全衛生研究所（NIOSH）は、メンタルヘルスケアの意義、管理監督者の役割、ストレスや疾病の基礎理解に関わる用語です。米国労働安全衛生研究所（NIOSH）は、試験では「NIOSHモデルでは仕事のストレス要因に加え、個人的要因・緩衝要因（上司・同僚・家族の支援など）がストレス反応を修飾し、最終的な健康障害に至るプロセスを示している。,米国労働安全衛生研究所（NIOSH）は、メンタルヘルスケアの意義、管理監督者の役割、ストレスや疾病の基礎理解に関わる用語です。;まず「米国労働安全衛生研究所（NIOSH）は、試験では「NIOSHモデルでは仕事のストレス要因に加え、個人的要因・緩衝要因（上司・同僚・家族の支援など）がストレス反応を修飾し、最終的な健康障害に至るプロセスを示している」という文脈で確認される用語です」という出題上のポイントと結びつけて理解します。;過去問・演習では「NIOSHモデルでは仕事のストレス要因に加え、個人的要因・緩衝要因（上司・同僚・家族の支援など）がストレス反応を修飾し、最終的な健康障害に至るプロセスを示している」という形で扱われるため、単語だけでなく設問の場面も確認します。;ラインケアの視点では、管理監督者が医学的判断を抱え込まず、職場で観察できる事実と専門職への連携を分けて理解することが重要です。,根拠法令（労基法・労契法・労安法）の取り違え;「のみ」「必ず」などの断定表現に注意;管理監督者が医学的判断を抱え込む,「米国労働安全衛生研究所（NIOSH）」は基礎・役割の重要語。定義→誰が何をするか→連携先の順で覚えると整理しやすい。,,,米国労働安全衛生研究所（NIOSH）とは何ですか？,米国労働安全衛生研究所（NIOSH）は、メンタルヘルスケアの意義、管理監督者の役割、ストレスや疾病の基礎理解に関わる用語です。,米国労働安全衛生研究所（NIOSH）は試験でどのように問われますか？,「米国労働安全衛生研究所（NIOSH）」は定義に加え、演習問題の正答肢キーワードと照合して覚えると定着しやすいです。関連演習へリンクした問題を解き、用語記事に戻って確認してください。,米国労働安全衛生研究所（NIOSH）を学習するときの注意点は？,単語だけでなく、ラインケア・安全配慮・専門職連携の流れの中で意味を確認してください。数値や義務の有無は法令改正で変わる場合があるため、受験前に公式情報も確認してください。,y2026/q03,演習2026・第3問（米国労働安全衛生研究所（NIOSH））
精神保健福祉センター,精神保健福祉センター,相談・連携・復職,相談・連携・復職,精神保健福祉センターは、相談対応、社内外資源との連携、休業者の職場復帰支援に関わる用語です。,精神保健福祉センターは、相談対応、社内外資源との連携、休業者の職場復帰支援に関わる用語です。まず「精神保健福祉センターは都道府県・政令市設置の公的機関」という出題上のポイントと結びつけて理解します。過去問・演習では「精神保健福祉センターは都道府県・政令市設置の公的機関」という形で扱われるため、単語だけでなく設問の場面も確認します。ラインケアの視点では、本人の話を聴き、必要な範囲で産業保健スタッフや社外資源へつなぐことが重要です。関連する用語として、保健センター、地域産業保健センター、外部EAP、産業保健総合支援センターもあわせて確認すると理解がつながります。,保健センター;地域産業保健センター;外部EAP,,A,演習の正答の要点は「精神保健福祉センターは都道府県・政令市設置の公的機関」です。誤り肢は根拠法令の取り違え、対象範囲の限定（のみ・必ず）、責任主体の混同（会社のみ・管理監督者のみ）に注意してください。,g-5b9e98b3e83e25f5,精神保健福祉センターとは？意味・根拠・試験で押さえるポイント,精神保健福祉センターは、相談・連携・復職分野で頻出の用語です。精神保健福祉センターは、相談対応、社内外資源との連携、休業者の職場復帰支援に関わる用語です。本記事では意味、試験での出題の仕方、混同しやすい点を整理します。,精神保健福祉センターは、相談対応、社内外資源との連携、休業者の職場復帰支援に関わる用語です。精神保健福祉センターは都道府県・政令市設置の公的機関。,精神保健福祉センターは、相談対応、社内外資源との連携、休業者の職場復帰支援に関わる用語です。;まず「精神保健福祉センターは都道府県・政令市設置の公的機関」という出題上のポイントと結びつけて理解します。;過去問・演習では「精神保健福祉センターは都道府県・政令市設置の公的機関」という形で扱われるため、単語だけでなく設問の場面も確認します。;ラインケアの視点では、本人の話を聴き、必要な範囲で産業保健スタッフや社外資源へつなぐことが重要です。,手順の順序・禁止事項（やってはいけないこと）の混同;主治医と産業医の役割の逆転;管理監督者が医学的判断を抱え込む,「精神保健福祉センター」は相談・連携・復職の重要語。定義→誰が何をするか→連携先の順で覚えると整理しやすい。,,,精神保健福祉センターとは何ですか？,精神保健福祉センターは、相談対応、社内外資源との連携、休業者の職場復帰支援に関わる用語です。,精神保健福祉センターは試験でどのように問われますか？,「精神保健福祉センター」は定義に加え、演習問題の正答肢キーワードと照合して覚えると定着しやすいです。関連演習へリンクした問題を解き、用語記事に戻って確認してください。,精神保健福祉センターを学習するときの注意点は？,単語だけでなく、ラインケア・安全配慮・専門職連携の流れの中で意味を確認してください。数値や義務の有無は法令改正で変わる場合があるため、受験前に公式情報も確認してください。,y2026/q32,演習2026・第32問（精神保健福祉センター）
精神療法,精神療法,基礎・役割,基礎・役割,精神療法には、認知行動療法、支持的精神療法などさまざまな方法があります。,精神療法には、認知行動療法、支持的精神療法などさまざまな方法があります。薬物療法と組み合わせて行われることもあり、治療は医師や心理専門職などが担当します。職場では、用語の意味だけでなく、誰が対応し、どの情報を共有し、どの専門職につなぐかまで確認します。実務では、用語を単独で覚えるのではなく、ラインケア・安全配慮・専門職連携の流れに置いて確認します。,36協定;DALYs損失;ILO（国際労働機関）,,A,「精神療法」は選択肢で根拠・対象範囲・責任の所在がずれる肢に注意してください。「のみ」「必ず」などの断定は定義と照合し、管理監督者が医学的判断を抱え込まない点も確認します。,g-e8c9aee2add19abe,精神療法とは？意味・根拠・試験で押さえるポイント,精神療法は、基礎・役割分野で頻出の用語です。精神療法には、認知行動療法、支持的精神療法などさまざまな方法があります。本記事では意味、試験での出題の仕方、混同しやすい点を整理します。,精神療法には、認知行動療法、支持的精神療法などさまざまな方法があります。薬物療法と組み合わせて行われることもあり、治療は医師や心理専門職などが担当します。,精神療法には、認知行動療法、支持的精神療法などさまざまな方法があります。;薬物療法と組み合わせて行われることもあり、治療は医師や心理専門職などが担当します。;職場では、用語の意味だけでなく、誰が対応し、どの情報を共有し、どの専門職につなぐかまで確認します。;実務では、用語を単独で覚えるのではなく、ラインケア・安全配慮・専門職連携の流れに置いて確認します。,根拠法令（労基法・労契法・労安法）の取り違え;「のみ」「必ず」などの断定表現に注意;管理監督者が医学的判断を抱え込む,「精神療法」は基礎・役割分野の用語。定義→職場での見方→連携先の順で整理し、関連演習で確認してください。,,,精神療法とは何ですか？,精神療法には、認知行動療法、支持的精神療法などさまざまな方法があります。,精神療法は試験でどのように問われますか？,「精神療法」は定義に加え、演習問題の正答肢キーワードと照合して覚えると定着しやすいです。関連演習へリンクした問題を解き、用語記事に戻って確認してください。,精神療法を学習するときの注意点は？,単語だけでなく、ラインケア・安全配慮・専門職連携の流れの中で意味を確認してください。数値や義務の有無は法令改正で変わる場合があるため、受験前に公式情報も確認してください。,y2026/q07,演習2026・第7問（基礎・労働安全衛生）
精神科,精神科,相談・連携・復職,相談・連携・復職,精神科は、相談対応、社内外資源との連携、休業者の職場復帰支援に関わる用語です。,精神科は、相談対応、社内外資源との連携、休業者の職場復帰支援に関わる用語です。まず「精神科はうつ病・統合失調症・双極性障害など広く精神疾患を扱う」という出題上のポイントと結びつけて理解します。過去問・演習では「精神科はうつ病・統合失調症・双極性障害など広く精神疾患を扱う」という形で扱われるため、単語だけでなく設問の場面も確認します。ラインケアの視点では、本人の話を聴き、必要な範囲で産業保健スタッフや社外資源へつなぐことが重要です。関連する用語として、うつ病、心療内科、心身症、統合失調症もあわせて確認すると理解がつながります。,うつ病;心療内科;心身症,,A,演習の正答の要点は「精神科はうつ病・統合失調症・双極性障害など広く精神疾患を扱う」です。誤り肢は根拠法令の取り違え、対象範囲の限定（のみ・必ず）、責任主体の混同（会社のみ・管理監督者のみ）に注意してください。,g-4af8c24694a2e397,精神科とは？意味・根拠・試験で押さえるポイント,精神科は、相談・連携・復職分野で頻出の用語です。精神科は、相談対応、社内外資源との連携、休業者の職場復帰支援に関わる用語です。本記事では意味、試験での出題の仕方、混同しやすい点を整理します。,精神科は、相談対応、社内外資源との連携、休業者の職場復帰支援に関わる用語です。精神科はうつ病・統合失調症・双極性障害など広く精神疾患を扱う。,精神科は、相談対応、社内外資源との連携、休業者の職場復帰支援に関わる用語です。;まず「精神科はうつ病・統合失調症・双極性障害など広く精神疾患を扱う」という出題上のポイントと結びつけて理解します。;過去問・演習では「精神科はうつ病・統合失調症・双極性障害など広く精神疾患を扱う」という形で扱われるため、単語だけでなく設問の場面も確認します。;ラインケアの視点では、本人の話を聴き、必要な範囲で産業保健スタッフや社外資源へつなぐことが重要です。,手順の順序・禁止事項（やってはいけないこと）の混同;主治医と産業医の役割の逆転;管理監督者が医学的判断を抱え込む,「精神科」は相談・連携・復職の重要語。定義→誰が何をするか→連携先の順で覚えると整理しやすい。,,,精神科とは何ですか？,精神科は、相談対応、社内外資源との連携、休業者の職場復帰支援に関わる用語です。,精神科は試験でどのように問われますか？,「精神科」は定義に加え、演習問題の正答肢キーワードと照合して覚えると定着しやすいです。関連演習へリンクした問題を解き、用語記事に戻って確認してください。,精神科を学習するときの注意点は？,単語だけでなく、ラインケア・安全配慮・専門職連携の流れの中で意味を確認してください。数値や義務の有無は法令改正で変わる場合があるため、受験前に公式情報も確認してください。,y2026/q30,演習2026・第30問（精神科）
精神障害の労災認定の基準に関する専門検討会,精神障害の労災認定の基準に関する専門検討会,基礎・役割,基礎・役割,精神障害の労災認定の基準に関する専門検討会は、職場での健康障害防止、労働時間管理、安全衛生体制、災害補償などと関係します。,精神障害の労災認定の基準に関する専門検討会は、職場での健康障害防止、労働時間管理、安全衛生体制、災害補償などと関係します。メンタルヘルス対策でも、長時間労働、ストレスチェック、面接指導、職場環境改善を制度面から支える基礎になります。職場では、用語の意味だけでなく、誰が対応し、どの情報を共有し、どの専門職につなぐかまで確認します。実務では、用語を単独で覚えるのではなく、ラインケア・安全配慮・専門職連携の流れに置いて確認します。,36協定;DALYs損失;ILO（国際労働機関）,,A,「精神障害の労災認定の基準に関する専門検討会」は選択肢で根拠・対象範囲・責任の所在がずれる肢に注意してください。「のみ」「必ず」などの断定は定義と照合し、管理監督者が医学的判断を抱え込まない点も確認します。,g-779a94633ab2ac7a,精神障害の労災認定の基準に関する専門検討会とは？意味・根拠・試験で押さえるポイント,精神障害の労災認定の基準に関する専門検討会は、基礎・役割分野で頻出の用語です。精神障害の労災認定の基準に関する専門検討会は、職場での健康障害防止、労働時間管理、安全衛生体制、災害補償などと関係します。本記事では意味、試験での出題の仕方、混同しやすい点を整理します。,精神障害の労災認定の基準に関する専門検討会は、職場での健康障害防止、労働時間管理、安全衛生体制、災害補償などと関係します。メンタルヘルス対策でも、長時間労働、ストレスチェック、面接指導、職場環境改善を制度面から支える基礎になります。,精神障害の労災認定の基準に関する専門検討会は、職場での健康障害防止、労働時間管理、安全衛生体制、災害補償などと関係します。;メンタルヘルス対策でも、長時間労働、ストレスチェック、面接指導、職場環境改善を制度面から支える基礎になります。;職場では、用語の意味だけでなく、誰が対応し、どの情報を共有し、どの専門職につなぐかまで確認します。;実務では、用語を単独で覚えるのではなく、ラインケア・安全配慮・専門職連携の流れに置いて確認します。,根拠法令（労基法・労契法・労安法）の取り違え;「のみ」「必ず」などの断定表現に注意;管理監督者が医学的判断を抱え込む,「精神障害の労災認定の基準に関する専門検討会」は基礎・役割分野の用語。定義→職場での見方→連携先の順で整理し、関連演習で確認してください。,,,精神障害の労災認定の基準に関する専門検討会とは何ですか？,精神障害の労災認定の基準に関する専門検討会は、職場での健康障害防止、労働時間管理、安全衛生体制、災害補償などと関係します。,精神障害の労災認定の基準に関する専門検討会は試験でどのように問われますか？,「精神障害の労災認定の基準に関する専門検討会」は定義に加え、演習問題の正答肢キーワードと照合して覚えると定着しやすいです。関連演習へリンクした問題を解き、用語記事に戻って確認してください。,精神障害の労災認定の基準に関する専門検討会を学習するときの注意点は？,単語だけでなく、ラインケア・安全配慮・専門職連携の流れの中で意味を確認してください。数値や義務の有無は法令改正で変わる場合があるため、受験前に公式情報も確認してください。,y2026/q46,演習2026・第46問（精神障害の労災認定の基準に関する専門検討会）
統合失調症,統合失調症,相談・連携・復職,相談・連携・復職,統合失調症は、相談対応、社内外資源との連携、休業者の職場復帰支援に関わる用語です。,統合失調症は、相談対応、社内外資源との連携、休業者の職場復帰支援に関わる用語です。まず「精神科はうつ病・統合失調症・双極性障害など広く精神疾患を扱う」という出題上のポイントと結びつけて理解します。過去問・演習では「精神科はうつ病・統合失調症・双極性障害など広く精神疾患を扱う」という形で扱われるため、単語だけでなく設問の場面も確認します。ラインケアの視点では、本人の話を聴き、必要な範囲で産業保健スタッフや社外資源へつなぐことが重要です。関連する用語として、うつ病、心療内科、心身症、精神科もあわせて確認すると理解がつながります。,うつ病;心療内科;心身症,,A,演習の正答の要点は「精神科はうつ病・統合失調症・双極性障害など広く精神疾患を扱う」です。誤り肢は根拠法令の取り違え、対象範囲の限定（のみ・必ず）、責任主体の混同（会社のみ・管理監督者のみ）に注意してください。,g-3579e8655ddc8218,統合失調症とは？意味・根拠・試験で押さえるポイント,統合失調症は、相談・連携・復職分野で頻出の用語です。統合失調症は、相談対応、社内外資源との連携、休業者の職場復帰支援に関わる用語です。本記事では意味、試験での出題の仕方、混同しやすい点を整理します。,統合失調症は、相談対応、社内外資源との連携、休業者の職場復帰支援に関わる用語です。精神科はうつ病・統合失調症・双極性障害など広く精神疾患を扱う。,統合失調症は、相談対応、社内外資源との連携、休業者の職場復帰支援に関わる用語です。;まず「精神科はうつ病・統合失調症・双極性障害など広く精神疾患を扱う」という出題上のポイントと結びつけて理解します。;過去問・演習では「精神科はうつ病・統合失調症・双極性障害など広く精神疾患を扱う」という形で扱われるため、単語だけでなく設問の場面も確認します。;ラインケアの視点では、本人の話を聴き、必要な範囲で産業保健スタッフや社外資源へつなぐことが重要です。,手順の順序・禁止事項（やってはいけないこと）の混同;主治医と産業医の役割の逆転;管理監督者が医学的判断を抱え込む,「統合失調症」は相談・連携・復職の重要語。定義→誰が何をするか→連携先の順で覚えると整理しやすい。,,,統合失調症とは何ですか？,統合失調症は、相談対応、社内外資源との連携、休業者の職場復帰支援に関わる用語です。,統合失調症は試験でどのように問われますか？,「統合失調症」は定義に加え、演習問題の正答肢キーワードと照合して覚えると定着しやすいです。関連演習へリンクした問題を解き、用語記事に戻って確認してください。,統合失調症を学習するときの注意点は？,単語だけでなく、ラインケア・安全配慮・専門職連携の流れの中で意味を確認してください。数値や義務の有無は法令改正で変わる場合があるため、受験前に公式情報も確認してください。,y2026/q55,演習2026・第55問（統合失調症）
緊張型頭痛,緊張型頭痛,基礎・役割,基礎・役割,緊張型頭痛は、締め付けられるような頭痛として説明されることが多く、長時間の同じ姿勢、筋緊張、ストレス、疲労などと関連します。,緊張型頭痛は、締め付けられるような頭痛として説明されることが多く、長時間の同じ姿勢、筋緊張、ストレス、疲労などと関連します。職場ではVDT作業、過重労働、休憩不足とも関係します。職場では、用語の意味だけでなく、誰が対応し、どの情報を共有し、どの専門職につなぐかまで確認します。実務では、用語を単独で覚えるのではなく、ラインケア・安全配慮・専門職連携の流れに置いて確認します。,36協定;DALYs損失;ILO（国際労働機関）,,A,「緊張型頭痛」は選択肢で根拠・対象範囲・責任の所在がずれる肢に注意してください。「のみ」「必ず」などの断定は定義と照合し、管理監督者が医学的判断を抱え込まない点も確認します。,g-6edff29b89ed9dba,緊張型頭痛とは？意味・根拠・試験で押さえるポイント,緊張型頭痛は、基礎・役割分野で頻出の用語です。緊張型頭痛は、締め付けられるような頭痛として説明されることが多く、長時間の同じ姿勢、筋緊張、ストレス、疲労などと関連します。本記事では意味、試験での出題の仕方、混同しやすい点を整理します。,緊張型頭痛は、締め付けられるような頭痛として説明されることが多く、長時間の同じ姿勢、筋緊張、ストレス、疲労などと関連します。職場ではVDT作業、過重労働、休憩不足とも関係します。,緊張型頭痛は、締め付けられるような頭痛として説明されることが多く、長時間の同じ姿勢、筋緊張、ストレス、疲労などと関連します。;職場ではVDT作業、過重労働、休憩不足とも関係します。;職場では、用語の意味だけでなく、誰が対応し、どの情報を共有し、どの専門職につなぐかまで確認します。;実務では、用語を単独で覚えるのではなく、ラインケア・安全配慮・専門職連携の流れに置いて確認します。,根拠法令（労基法・労契法・労安法）の取り違え;「のみ」「必ず」などの断定表現に注意;管理監督者が医学的判断を抱え込む,「緊張型頭痛」は基礎・役割分野の用語。定義→職場での見方→連携先の順で整理し、関連演習で確認してください。,,,緊張型頭痛とは何ですか？,緊張型頭痛は、締め付けられるような頭痛として説明されることが多く、長時間の同じ姿勢、筋緊張、ストレス、疲労などと関連します。,緊張型頭痛は試験でどのように問われますか？,「緊張型頭痛」は定義に加え、演習問題の正答肢キーワードと照合して覚えると定着しやすいです。関連演習へリンクした問題を解き、用語記事に戻って確認してください。,緊張型頭痛を学習するときの注意点は？,単語だけでなく、ラインケア・安全配慮・専門職連携の流れの中で意味を確認してください。数値や義務の有無は法令改正で変わる場合があるため、受験前に公式情報も確認してください。,y2026/q07,演習2026・第7問（基礎・労働安全衛生）
総合健康リスク,総合健康リスク,基礎・役割,基礎・役割,総合健康リスクは、仕事のストレス判定図などで使われ、部署や職場集団のストレス状況を把握するために用いられます。,総合健康リスクは、仕事のストレス判定図などで使われ、部署や職場集団のストレス状況を把握するために用いられます。個人の診断ではなく、集団分析による職場環境改善の手がかりとして扱います。職場では、用語の意味だけでなく、誰が対応し、どの情報を共有し、どの専門職につなぐかまで確認します。実務では、用語を単独で覚えるのではなく、ラインケア・安全配慮・専門職連携の流れに置いて確認します。,36協定;DALYs損失;ILO（国際労働機関）,,A,「総合健康リスク」は選択肢で根拠・対象範囲・責任の所在がずれる肢に注意してください。「のみ」「必ず」などの断定は定義と照合し、管理監督者が医学的判断を抱え込まない点も確認します。,g-5580e00dd634467a,総合健康リスクとは？意味・根拠・試験で押さえるポイント,総合健康リスクは、基礎・役割分野で頻出の用語です。総合健康リスクは、仕事のストレス判定図などで使われ、部署や職場集団のストレス状況を把握するために用いられます。本記事では意味、試験での出題の仕方、混同しやすい点を整理します。,総合健康リスクは、仕事のストレス判定図などで使われ、部署や職場集団のストレス状況を把握するために用いられます。個人の診断ではなく、集団分析による職場環境改善の手がかりとして扱います。,総合健康リスクは、仕事のストレス判定図などで使われ、部署や職場集団のストレス状況を把握するために用いられます。;個人の診断ではなく、集団分析による職場環境改善の手がかりとして扱います。;職場では、用語の意味だけでなく、誰が対応し、どの情報を共有し、どの専門職につなぐかまで確認します。;実務では、用語を単独で覚えるのではなく、ラインケア・安全配慮・専門職連携の流れに置いて確認します。,根拠法令（労基法・労契法・労安法）の取り違え;「のみ」「必ず」などの断定表現に注意;管理監督者が医学的判断を抱え込む,「総合健康リスク」は基礎・役割分野の用語。定義→職場での見方→連携先の順で整理し、関連演習で確認してください。,,,総合健康リスクとは何ですか？,総合健康リスクは、仕事のストレス判定図などで使われ、部署や職場集団のストレス状況を把握するために用いられます。,総合健康リスクは試験でどのように問われますか？,「総合健康リスク」は定義に加え、演習問題の正答肢キーワードと照合して覚えると定着しやすいです。関連演習へリンクした問題を解き、用語記事に戻って確認してください。,総合健康リスクを学習するときの注意点は？,単語だけでなく、ラインケア・安全配慮・専門職連携の流れの中で意味を確認してください。数値や義務の有無は法令改正で変わる場合があるため、受験前に公式情報も確認してください。,y2026/q07,演習2026・第7問（基礎・労働安全衛生）
緩衝要因,緩衝要因,基礎・役割,基礎・役割,緩衝要因は、メンタルヘルスケアの意義、管理監督者の役割、ストレスや疾病の基礎理解に関わる用語です。,緩衝要因は、メンタルヘルスケアの意義、管理監督者の役割、ストレスや疾病の基礎理解に関わる用語です。まず「NIOSHモデルでは仕事のストレス要因に加え、個人的要因・緩衝要因（上司・同僚・家族の支援など）がストレス反応を修飾し、最終的な健康障害に至るプロセスを示している」という出題上のポイントと結びつけて理解します。過去問・演習では「NIOSHモデルでは仕事のストレス要因に加え、個人的要因・緩衝要因（上司・同僚・家族の支援など）がストレス反応を修飾し、最終的な健康障害に至るプロセスを示している」という形で扱われるため、単語だけでなく設問の場面も確認します。ラインケアの視点では、管理監督者が医学的判断を抱え込まず、職場で観察できる事実と専門職への連携を分けて理解することが重要です。関連する用語として、ストレス、ストレス反応、個人的要因、仕事のストレス要因もあわせて確認すると理解がつながります。,ストレス;ストレス反応;個人的要因,,A,演習の正答の要点は「NIOSHモデルでは仕事のストレス要因に加え、個人的要因・緩衝要因（上司・同僚・家族の支援など）がストレス反応を修飾し、最終的な健康障害に至るプロセスを示している」です。誤り肢は根拠法令の取り違え、対象範囲の限定（のみ・必ず）、責任主体の混同（会社のみ・管理監督者のみ）に注意してください。,g-426ff5c1183fd384,緩衝要因とは？意味・根拠・試験で押さえるポイント,緩衝要因は、基礎・役割分野で頻出の用語です。緩衝要因は、メンタルヘルスケアの意義、管理監督者の役割、ストレスや疾病の基礎理解に関わる用語です。本記事では意味、試験での出題の仕方、混同しやすい点を整理します。,緩衝要因は、メンタルヘルスケアの意義、管理監督者の役割、ストレスや疾病の基礎理解に関わる用語です。NIOSHモデルでは仕事のストレス要因に加え、個人的要因・緩衝要因（上司・同僚・家族の支援など）がストレス反応を修飾し、最終的な健康障害に至るプロセスを示している。,緩衝要因は、メンタルヘルスケアの意義、管理監督者の役割、ストレスや疾病の基礎理解に関わる用語です。;まず「NIOSHモデルでは仕事のストレス要因に加え、個人的要因・緩衝要因（上司・同僚・家族の支援など）がストレス反応を修飾し、最終的な健康障害に至るプロセスを示している」という出題上のポイントと結びつけて理解します。;過去問・演習では「NIOSHモデルでは仕事のストレス要因に加え、個人的要因・緩衝要因（上司・同僚・家族の支援など）がストレス反応を修飾し、最終的な健康障害に至るプロセスを示している」という形で扱われるため、単語だけでなく設問の場面も確認します。;ラインケアの視点では、管理監督者が医学的判断を抱え込まず、職場で観察できる事実と専門職への連携を分けて理解することが重要です。,根拠法令（労基法・労契法・労安法）の取り違え;「のみ」「必ず」などの断定表現に注意;管理監督者が医学的判断を抱え込む,「緩衝要因」は基礎・役割の重要語。定義→誰が何をするか→連携先の順で覚えると整理しやすい。,,,緩衝要因とは何ですか？,緩衝要因は、メンタルヘルスケアの意義、管理監督者の役割、ストレスや疾病の基礎理解に関わる用語です。,緩衝要因は試験でどのように問われますか？,「緩衝要因」は定義に加え、演習問題の正答肢キーワードと照合して覚えると定着しやすいです。関連演習へリンクした問題を解き、用語記事に戻って確認してください。,緩衝要因を学習するときの注意点は？,単語だけでなく、ラインケア・安全配慮・専門職連携の流れの中で意味を確認してください。数値や義務の有無は法令改正で変わる場合があるため、受験前に公式情報も確認してください。,y2026/q03,演習2026・第3問（NIOSH・緩衝要因）
職場におけるサポートの目的,職場におけるサポートの目的,基礎・役割,基礎・役割,職場におけるサポートの目的は、仕事の量や質、人間関係、裁量、支援、個人要因などがストレス反応にどう関わるかを整理する際に使われます。,職場におけるサポートの目的は、仕事の量や質、人間関係、裁量、支援、個人要因などがストレス反応にどう関わるかを整理する際に使われます。職場のメンタルヘルスでは、本人の弱さだけでなく、環境要因と緩衝要因を合わせて見ることが重要です。職場では、用語の意味だけでなく、誰が対応し、どの情報を共有し、どの専門職につなぐかまで確認します。実務では、用語を単独で覚えるのではなく、ラインケア・安全配慮・専門職連携の流れに置いて確認します。,36協定;DALYs損失;ILO（国際労働機関）,,A,「職場におけるサポートの目的」は選択肢で根拠・対象範囲・責任の所在がずれる肢に注意してください。「のみ」「必ず」などの断定は定義と照合し、管理監督者が医学的判断を抱え込まない点も確認します。,g-4f61a584c43c2191,職場におけるサポートの目的とは？意味・根拠・試験で押さえるポイント,職場におけるサポートの目的は、基礎・役割分野で頻出の用語です。職場におけるサポートの目的は、仕事の量や質、人間関係、裁量、支援、個人要因などがストレス反応にどう関わるかを整理する際に使われます。本記事では意味、試験での出題の仕方、混同しやすい点を整理します。,職場におけるサポートの目的は、仕事の量や質、人間関係、裁量、支援、個人要因などがストレス反応にどう関わるかを整理する際に使われます。職場のメンタルヘルスでは、本人の弱さだけでなく、環境要因と緩衝要因を合わせて見ることが重要です。,職場におけるサポートの目的は、仕事の量や質、人間関係、裁量、支援、個人要因などがストレス反応にどう関わるかを整理する際に使われます。;職場のメンタルヘルスでは、本人の弱さだけでなく、環境要因と緩衝要因を合わせて見ることが重要です。;職場では、用語の意味だけでなく、誰が対応し、どの情報を共有し、どの専門職につなぐかまで確認します。;実務では、用語を単独で覚えるのではなく、ラインケア・安全配慮・専門職連携の流れに置いて確認します。,根拠法令（労基法・労契法・労安法）の取り違え;「のみ」「必ず」などの断定表現に注意;管理監督者が医学的判断を抱え込む,「職場におけるサポートの目的」は基礎・役割分野の用語。定義→職場での見方→連携先の順で整理し、関連演習で確認してください。,,,職場におけるサポートの目的とは何ですか？,職場におけるサポートの目的は、仕事の量や質、人間関係、裁量、支援、個人要因などがストレス反応にどう関わるかを整理する際に使われます。,職場におけるサポートの目的は試験でどのように問われますか？,「職場におけるサポートの目的」は定義に加え、演習問題の正答肢キーワードと照合して覚えると定着しやすいです。関連演習へリンクした問題を解き、用語記事に戻って確認してください。,職場におけるサポートの目的を学習するときの注意点は？,単語だけでなく、ラインケア・安全配慮・専門職連携の流れの中で意味を確認してください。数値や義務の有無は法令改正で変わる場合があるため、受験前に公式情報も確認してください。,y2026/q65,演習2026・第65問（職場におけるサポートの目的）
職場のストレッサー,職場のストレッサー,基礎・役割,基礎・役割,職場のストレッサーには、過重な業務量、納期、役割の曖昧さ、裁量の少なさ、上司・同僚との関係、ハラスメント、騒音や温熱環境などがあります。,職場のストレッサーには、過重な業務量、納期、役割の曖昧さ、裁量の少なさ、上司・同僚との関係、ハラスメント、騒音や温熱環境などがあります。ストレス反応は、これらの要因と個人要因・支援資源によって変わります。職場では、用語の意味だけでなく、誰が対応し、どの情報を共有し、どの専門職につなぐかまで確認します。実務では、用語を単独で覚えるのではなく、ラインケア・安全配慮・専門職連携の流れに置いて確認します。,36協定;DALYs損失;ILO（国際労働機関）,,A,「職場のストレッサー」は選択肢で根拠・対象範囲・責任の所在がずれる肢に注意してください。「のみ」「必ず」などの断定は定義と照合し、管理監督者が医学的判断を抱え込まない点も確認します。,g-47fb8a5aa5cc4664,職場のストレッサーとは？意味・根拠・試験で押さえるポイント,職場のストレッサーは、基礎・役割分野で頻出の用語です。職場のストレッサーには、過重な業務量、納期、役割の曖昧さ、裁量の少なさ、上司・同僚との関係、ハラスメント、騒音や温熱環境などがあります。本記事では意味、試験での出題の仕方、混同しやすい点を整理します。,職場のストレッサーには、過重な業務量、納期、役割の曖昧さ、裁量の少なさ、上司・同僚との関係、ハラスメント、騒音や温熱環境などがあります。ストレス反応は、これらの要因と個人要因・支援資源によって変わります。,職場のストレッサーには、過重な業務量、納期、役割の曖昧さ、裁量の少なさ、上司・同僚との関係、ハラスメント、騒音や温熱環境などがあります。;ストレス反応は、これらの要因と個人要因・支援資源によって変わります。;職場では、用語の意味だけでなく、誰が対応し、どの情報を共有し、どの専門職につなぐかまで確認します。;実務では、用語を単独で覚えるのではなく、ラインケア・安全配慮・専門職連携の流れに置いて確認します。,根拠法令（労基法・労契法・労安法）の取り違え;「のみ」「必ず」などの断定表現に注意;管理監督者が医学的判断を抱え込む,「職場のストレッサー」は基礎・役割分野の用語。定義→職場での見方→連携先の順で整理し、関連演習で確認してください。,,,職場のストレッサーとは何ですか？,職場のストレッサーには、過重な業務量、納期、役割の曖昧さ、裁量の少なさ、上司・同僚との関係、ハラスメント、騒音や温熱環境などがあります。,職場のストレッサーは試験でどのように問われますか？,「職場のストレッサー」は定義に加え、演習問題の正答肢キーワードと照合して覚えると定着しやすいです。関連演習へリンクした問題を解き、用語記事に戻って確認してください。,職場のストレッサーを学習するときの注意点は？,単語だけでなく、ラインケア・安全配慮・専門職連携の流れの中で意味を確認してください。数値や義務の有無は法令改正で変わる場合があるため、受験前に公式情報も確認してください。,y2026/q03,演習2026・第3問（職場のストレッサー）
職場の支援判定図,職場の支援判定図,職場環境・配慮,職場環境・配慮,職場の支援判定図では、ストレスチェックなどから得られた集団の傾向を見て、仕事の要求度、裁量、上司・同僚の支援、職場の具体的な改善策を検討します。,職場の支援判定図では、ストレスチェックなどから得られた集団の傾向を見て、仕事の要求度、裁量、上司・同僚の支援、職場の具体的な改善策を検討します。個人の診断ではなく、職場全体のリスク低減に使います。職場では、用語の意味だけでなく、誰が対応し、どの情報を共有し、どの専門職につなぐかまで確認します。実務では、個人の努力だけでなく、職場の仕組みや環境をどう変えるかまで考えると理解が深まります。,PDCAサイクル;いつもと違う様子;コーピング,,A,「職場の支援判定図」は選択肢で根拠・対象範囲・責任の所在がずれる肢に注意してください。「のみ」「必ず」などの断定は定義と照合し、管理監督者が医学的判断を抱え込まない点も確認します。,g-e80badb4a9f26edb,職場の支援判定図とは？意味・根拠・試験で押さえるポイント,職場の支援判定図は、職場環境・配慮分野で頻出の用語です。職場の支援判定図では、ストレスチェックなどから得られた集団の傾向を見て、仕事の要求度、裁量、上司・同僚の支援、職場の具体的な改善策を検討します。本記事では意味、試験での出題の仕方、混同しやすい点を整理します。,職場の支援判定図では、ストレスチェックなどから得られた集団の傾向を見て、仕事の要求度、裁量、上司・同僚の支援、職場の具体的な改善策を検討します。個人の診断ではなく、職場全体のリスク低減に使います。,職場の支援判定図では、ストレスチェックなどから得られた集団の傾向を見て、仕事の要求度、裁量、上司・同僚の支援、職場の具体的な改善策を検討します。;個人の診断ではなく、職場全体のリスク低減に使います。;職場では、用語の意味だけでなく、誰が対応し、どの情報を共有し、どの専門職につなぐかまで確認します。;実務では、個人の努力だけでなく、職場の仕組みや環境をどう変えるかまで考えると理解が深まります。,数値基準・義務の有無・誰が実施するかの混同;個人結果と集団分析の取り違え;管理監督者が医学的判断を抱え込む,「職場の支援判定図」は職場環境・配慮分野の用語。定義→職場での見方→連携先の順で整理し、関連演習で確認してください。,,,職場の支援判定図とは何ですか？,職場の支援判定図では、ストレスチェックなどから得られた集団の傾向を見て、仕事の要求度、裁量、上司・同僚の支援、職場の具体的な改善策を検討します。,職場の支援判定図は試験でどのように問われますか？,「職場の支援判定図」は定義に加え、演習問題の正答肢キーワードと照合して覚えると定着しやすいです。関連演習へリンクした問題を解き、用語記事に戻って確認してください。,職場の支援判定図を学習するときの注意点は？,単語だけでなく、ラインケア・安全配慮・専門職連携の流れの中で意味を確認してください。数値や義務の有無は法令改正で変わる場合があるため、受験前に公式情報も確認してください。,y2026/q04,演習2026・第4問（職場環境・ストレス調査）
職場復帰する労働者への心理的支援,職場復帰する労働者への心理的支援,相談・連携・復職,相談・連携・復職,復職者は、再発への不安、周囲の目、業務遂行への自信低下などを抱えることがあります。,復職者は、再発への不安、周囲の目、業務遂行への自信低下などを抱えることがあります。心理的支援では、段階的な業務復帰、定期面談、相談しやすい関係、本人同意に基づく情報共有が重要です。職場では、用語の意味だけでなく、誰が対応し、どの情報を共有し、どの専門職につなぐかまで確認します。実務では、本人の安心感を保ちつつ、社内外の支援先とどのタイミングで連携するかを意識します。,いのちの電話;こころの耳メール相談;こころの耳電話相談,,A,「職場復帰する労働者への心理的支援」は選択肢で根拠・対象範囲・責任の所在がずれる肢に注意してください。「のみ」「必ず」などの断定は定義と照合し、管理監督者が医学的判断を抱え込まない点も確認します。,g-f020f3f720490714,職場復帰する労働者への心理的支援とは？意味・根拠・試験で押さえるポイント,職場復帰する労働者への心理的支援は、相談・連携・復職分野で頻出の用語です。復職者は、再発への不安、周囲の目、業務遂行への自信低下などを抱えることがあります。本記事では意味、試験での出題の仕方、混同しやすい点を整理します。,復職者は、再発への不安、周囲の目、業務遂行への自信低下などを抱えることがあります。心理的支援では、段階的な業務復帰、定期面談、相談しやすい関係、本人同意に基づく情報共有が重要です。,復職者は、再発への不安、周囲の目、業務遂行への自信低下などを抱えることがあります。;心理的支援では、段階的な業務復帰、定期面談、相談しやすい関係、本人同意に基づく情報共有が重要です。;職場では、用語の意味だけでなく、誰が対応し、どの情報を共有し、どの専門職につなぐかまで確認します。;実務では、本人の安心感を保ちつつ、社内外の支援先とどのタイミングで連携するかを意識します。,手順の順序・禁止事項（やってはいけないこと）の混同;主治医と産業医の役割の逆転;管理監督者が医学的判断を抱え込む,「職場復帰する労働者への心理的支援」は相談・連携・復職分野の用語。定義→職場での見方→連携先の順で整理し、関連演習で確認してください。,,,職場復帰する労働者への心理的支援とは何ですか？,復職者は、再発への不安、周囲の目、業務遂行への自信低下などを抱えることがあります。,職場復帰する労働者への心理的支援は試験でどのように問われますか？,「職場復帰する労働者への心理的支援」は定義に加え、演習問題の正答肢キーワードと照合して覚えると定着しやすいです。関連演習へリンクした問題を解き、用語記事に戻って確認してください。,職場復帰する労働者への心理的支援を学習するときの注意点は？,単語だけでなく、ラインケア・安全配慮・専門職連携の流れの中で意味を確認してください。数値や義務の有無は法令改正で変わる場合があるため、受験前に公式情報も確認してください。,y2026/q28,演習2026・第28問（相談・傾聴）
職場復帰の可否の判断及び職場復帰支援プランの作成,職場復帰の可否の判断及び職場復帰支援プランの作成,相談・連携・復職,相談・連携・復職,職場復帰の可否の判断及び職場復帰支援プランの作成は、休業開始から復職後のフォローアップまで、本人の状態、主治医の意見、産業医の意見、職場の受け入れ体制を確認するために使われます。,職場復帰の可否の判断及び職場復帰支援プランの作成は、休業開始から復職後のフォローアップまで、本人の状態、主治医の意見、産業医の意見、職場の受け入れ体制を確認するために使われます。復職支援では、病名そのものよりも、勤務時間、業務負荷、配慮事項、再発予防を具体化することが重要です。職場では、用語の意味だけでなく、誰が対応し、どの情報を共有し、どの専門職につなぐかまで確認します。実務では、本人の安心感を保ちつつ、社内外の支援先とどのタイミングで連携するかを意識します。,いのちの電話;こころの耳メール相談;こころの耳電話相談,,A,「職場復帰の可否の判断及び職場復帰支援プランの作成」は選択肢で根拠・対象範囲・責任の所在がずれる肢に注意してください。「のみ」「必ず」などの断定は定義と照合し、管理監督者が医学的判断を抱え込まない点も確認します。,g-3a172b013753c4f8,職場復帰の可否の判断及び職場復帰支援プランの作成とは？意味・根拠・試験で押さえるポイント,職場復帰の可否の判断及び職場復帰支援プランの作成は、相談・連携・復職分野で頻出の用語です。職場復帰の可否の判断及び職場復帰支援プランの作成は、休業開始から復職後のフォローアップまで、本人の状態、主治医の意見、産業医の意見、職場の受け入れ体制を確認するために使われます。本記事では意味、試験での出題の仕方、混同しやすい点を整理します。,職場復帰の可否の判断及び職場復帰支援プランの作成は、休業開始から復職後のフォローアップまで、本人の状態、主治医の意見、産業医の意見、職場の受け入れ体制を確認するために使われます。復職支援では、病名そのものよりも、勤務時間、業務負荷、配慮事項、再発予防を具体化することが重要です。,職場復帰の可否の判断及び職場復帰支援プランの作成は、休業開始から復職後のフォローアップまで、本人の状態、主治医の意見、産業医の意見、職場の受け入れ体制を確認するために使われます。;復職支援では、病名そのものよりも、勤務時間、業務負荷、配慮事項、再発予防を具体化することが重要です。;職場では、用語の意味だけでなく、誰が対応し、どの情報を共有し、どの専門職につなぐかまで確認します。;実務では、本人の安心感を保ちつつ、社内外の支援先とどのタイミングで連携するかを意識します。,手順の順序・禁止事項（やってはいけないこと）の混同;主治医と産業医の役割の逆転;管理監督者が医学的判断を抱え込む,「職場復帰の可否の判断及び職場復帰支援プランの作成」は相談・連携・復職分野の用語。定義→職場での見方→連携先の順で整理し、関連演習で確認してください。,,,職場復帰の可否の判断及び職場復帰支援プランの作成とは何ですか？,職場復帰の可否の判断及び職場復帰支援プランの作成は、休業開始から復職後のフォローアップまで、本人の状態、主治医の意見、産業医の意見、職場の受け入れ体制を確認するために使われます。,職場復帰の可否の判断及び職場復帰支援プランの作成は試験でどのように問われますか？,「職場復帰の可否の判断及び職場復帰支援プランの作成」は定義に加え、演習問題の正答肢キーワードと照合して覚えると定着しやすいです。関連演習へリンクした問題を解き、用語記事に戻って確認してください。,職場復帰の可否の判断及び職場復帰支援プランの作成を学習するときの注意点は？,単語だけでなく、ラインケア・安全配慮・専門職連携の流れの中で意味を確認してください。数値や義務の有無は法令改正で変わる場合があるため、受験前に公式情報も確認してください。,y2026/q06,演習2026・第6問（職場復帰の可否の判断及び職場復帰支援プランの作成）
職場復帰後のフォローアップ,職場復帰後のフォローアップ,相談・連携・復職,相談・連携・復職,職場復帰後のフォローアップは、相談対応、社内外資源との連携、休業者の職場復帰支援に関わる用語です。,職場復帰後のフォローアップは、相談対応、社内外資源との連携、休業者の職場復帰支援に関わる用語です。まず「科目: 心の健康問題をもつ復職者への支援の方法 主治医による職場復帰可能の診断書の提出 職場復帰の可否の判断および職場復帰支援プランの作成 最終的な職場復帰の決定 職場復帰後のフォローアップ」という出題上のポイントと結びつけて理解します。過去問・演習では「第1＝休業開始・休業中のケア、第2＝主治医による復帰可能の判断、第3＝復帰可否の判断とプラン作成、第4＝最終的な復帰決定、第5＝フォローアップ」という形で扱われるため、単語だけでなく設問の場面も確認します。ラインケアの視点では、本人の話を聴き、必要な範囲で産業保健スタッフや社外資源へつなぐことが重要です。関連する用語として、休業、最終的な職場復帰の決定、職場復帰支援プランの作成、主治医による職場復帰可能の判断もあわせて確認すると理解がつながります。,休業;最終的な職場復帰の決定;職場復帰支援プランの作成,,A,演習の正答の要点は「第1＝休業開始・休業中のケア、第2＝主治医による復帰可能の判断、第3＝復帰可否の判断とプラン作成、第4＝最終的な復帰決定、第5＝フォローアップ」です。誤り肢は根拠法令の取り違え、対象範囲の限定（のみ・必ず）、責任主体の混同（会社のみ・管理監督者のみ）に注意してください。,g-78c9a627b4c24ce3,職場復帰後のフォローアップとは？意味・根拠・試験で押さえるポイント,職場復帰後のフォローアップは、相談・連携・復職分野で頻出の用語です。職場復帰後のフォローアップは、相談対応、社内外資源との連携、休業者の職場復帰支援に関わる用語です。本記事では意味、試験での出題の仕方、混同しやすい点を整理します。,職場復帰後のフォローアップは、相談対応、社内外資源との連携、休業者の職場復帰支援に関わる用語です。科目: 心の健康問題をもつ復職者への支援の方法 主治医による職場復帰可能の診断書の提出 職場復帰の可否の判断および職場復帰支援プランの作成 最終的な職場復帰の決定 職場復帰後のフォローアップ。,職場復帰後のフォローアップは、相談対応、社内外資源との連携、休業者の職場復帰支援に関わる用語です。;まず「科目: 心の健康問題をもつ復職者への支援の方法 主治医による職場復帰可能の診断書の提出 職場復帰の可否の判断および職場復帰支援プランの作成 最終的な職場復帰の決定 職場復帰後のフォローアップ」という出題上のポイントと結びつけて理解します。;過去問・演習では「第1＝休業開始・休業中のケア、第2＝主治医による復帰可能の判断、第3＝復帰可否の判断とプラン作成、第4＝最終的な復帰決定、第5＝フォローアップ」という形で扱われるため、単語だけでなく設問の場面も確認します。;ラインケアの視点では、本人の話を聴き、必要な範囲で産業保健スタッフや社外資源へつなぐことが重要です。,手順の順序・禁止事項（やってはいけないこと）の混同;主治医と産業医の役割の逆転;管理監督者が医学的判断を抱え込む,「職場復帰後のフォローアップ」は相談・連携・復職の重要語。定義→誰が何をするか→連携先の順で覚えると整理しやすい。,,,職場復帰後のフォローアップとは何ですか？,職場復帰後のフォローアップは、相談対応、社内外資源との連携、休業者の職場復帰支援に関わる用語です。,職場復帰後のフォローアップは試験でどのように問われますか？,「職場復帰後のフォローアップ」は定義に加え、演習問題の正答肢キーワードと照合して覚えると定着しやすいです。関連演習へリンクした問題を解き、用語記事に戻って確認してください。,職場復帰後のフォローアップを学習するときの注意点は？,単語だけでなく、ラインケア・安全配慮・専門職連携の流れの中で意味を確認してください。数値や義務の有無は法令改正で変わる場合があるため、受験前に公式情報も確認してください。,y2026/q06,演習2026・第6問（職場復帰後のフォローアップ）
職場復帰支援に関する情報提供依頼書,職場復帰支援に関する情報提供依頼書,相談・連携・復職,相談・連携・復職,職場復帰支援に関する情報提供依頼書は、休業開始から復職後のフォローアップまで、本人の状態、主治医の意見、産業医の意見、職場の受け入れ体制を確認するために使われます。,職場復帰支援に関する情報提供依頼書は、休業開始から復職後のフォローアップまで、本人の状態、主治医の意見、産業医の意見、職場の受け入れ体制を確認するために使われます。復職支援では、病名そのものよりも、勤務時間、業務負荷、配慮事項、再発予防を具体化することが重要です。職場では、用語の意味だけでなく、誰が対応し、どの情報を共有し、どの専門職につなぐかまで確認します。実務では、本人の安心感を保ちつつ、社内外の支援先とどのタイミングで連携するかを意識します。,いのちの電話;こころの耳メール相談;こころの耳電話相談,,A,「職場復帰支援に関する情報提供依頼書」は選択肢で根拠・対象範囲・責任の所在がずれる肢に注意してください。「のみ」「必ず」などの断定は定義と照合し、管理監督者が医学的判断を抱え込まない点も確認します。,g-f1820e12dc6981ec,職場復帰支援に関する情報提供依頼書とは？意味・根拠・試験で押さえるポイント,職場復帰支援に関する情報提供依頼書は、相談・連携・復職分野で頻出の用語です。職場復帰支援に関する情報提供依頼書は、休業開始から復職後のフォローアップまで、本人の状態、主治医の意見、産業医の意見、職場の受け入れ体制を確認するために使われます。本記事では意味、試験での出題の仕方、混同しやすい点を整理します。,職場復帰支援に関する情報提供依頼書は、休業開始から復職後のフォローアップまで、本人の状態、主治医の意見、産業医の意見、職場の受け入れ体制を確認するために使われます。復職支援では、病名そのものよりも、勤務時間、業務負荷、配慮事項、再発予防を具体化することが重要です。,職場復帰支援に関する情報提供依頼書は、休業開始から復職後のフォローアップまで、本人の状態、主治医の意見、産業医の意見、職場の受け入れ体制を確認するために使われます。;復職支援では、病名そのものよりも、勤務時間、業務負荷、配慮事項、再発予防を具体化することが重要です。;職場では、用語の意味だけでなく、誰が対応し、どの情報を共有し、どの専門職につなぐかまで確認します。;実務では、本人の安心感を保ちつつ、社内外の支援先とどのタイミングで連携するかを意識します。,手順の順序・禁止事項（やってはいけないこと）の混同;主治医と産業医の役割の逆転;管理監督者が医学的判断を抱え込む,「職場復帰支援に関する情報提供依頼書」は相談・連携・復職分野の用語。定義→職場での見方→連携先の順で整理し、関連演習で確認してください。,,,職場復帰支援に関する情報提供依頼書とは何ですか？,職場復帰支援に関する情報提供依頼書は、休業開始から復職後のフォローアップまで、本人の状態、主治医の意見、産業医の意見、職場の受け入れ体制を確認するために使われます。,職場復帰支援に関する情報提供依頼書は試験でどのように問われますか？,「職場復帰支援に関する情報提供依頼書」は定義に加え、演習問題の正答肢キーワードと照合して覚えると定着しやすいです。関連演習へリンクした問題を解き、用語記事に戻って確認してください。,職場復帰支援に関する情報提供依頼書を学習するときの注意点は？,単語だけでなく、ラインケア・安全配慮・専門職連携の流れの中で意味を確認してください。数値や義務の有無は法令改正で変わる場合があるため、受験前に公式情報も確認してください。,y2026/q06,演習2026・第6問（職場復帰支援に関する情報提供依頼書）
職場復帰支援のポイント,職場復帰支援のポイント,相談・連携・復職,相談・連携・復職,職場復帰支援のポイントは、休業開始から復職後のフォローアップまで、本人の状態、主治医の意見、産業医の意見、職場の受け入れ体制を確認するために使われます。,職場復帰支援のポイントは、休業開始から復職後のフォローアップまで、本人の状態、主治医の意見、産業医の意見、職場の受け入れ体制を確認するために使われます。復職支援では、病名そのものよりも、勤務時間、業務負荷、配慮事項、再発予防を具体化することが重要です。職場では、用語の意味だけでなく、誰が対応し、どの情報を共有し、どの専門職につなぐかまで確認します。実務では、本人の安心感を保ちつつ、社内外の支援先とどのタイミングで連携するかを意識します。,いのちの電話;こころの耳メール相談;こころの耳電話相談,,A,「職場復帰支援のポイント」は選択肢で根拠・対象範囲・責任の所在がずれる肢に注意してください。「のみ」「必ず」などの断定は定義と照合し、管理監督者が医学的判断を抱え込まない点も確認します。,g-a81926fcd191a560,職場復帰支援のポイントとは？意味・根拠・試験で押さえるポイント,職場復帰支援のポイントは、相談・連携・復職分野で頻出の用語です。職場復帰支援のポイントは、休業開始から復職後のフォローアップまで、本人の状態、主治医の意見、産業医の意見、職場の受け入れ体制を確認するために使われます。本記事では意味、試験での出題の仕方、混同しやすい点を整理します。,職場復帰支援のポイントは、休業開始から復職後のフォローアップまで、本人の状態、主治医の意見、産業医の意見、職場の受け入れ体制を確認するために使われます。復職支援では、病名そのものよりも、勤務時間、業務負荷、配慮事項、再発予防を具体化することが重要です。,職場復帰支援のポイントは、休業開始から復職後のフォローアップまで、本人の状態、主治医の意見、産業医の意見、職場の受け入れ体制を確認するために使われます。;復職支援では、病名そのものよりも、勤務時間、業務負荷、配慮事項、再発予防を具体化することが重要です。;職場では、用語の意味だけでなく、誰が対応し、どの情報を共有し、どの専門職につなぐかまで確認します。;実務では、本人の安心感を保ちつつ、社内外の支援先とどのタイミングで連携するかを意識します。,手順の順序・禁止事項（やってはいけないこと）の混同;主治医と産業医の役割の逆転;管理監督者が医学的判断を抱え込む,「職場復帰支援のポイント」は相談・連携・復職分野の用語。定義→職場での見方→連携先の順で整理し、関連演習で確認してください。,,,職場復帰支援のポイントとは何ですか？,職場復帰支援のポイントは、休業開始から復職後のフォローアップまで、本人の状態、主治医の意見、産業医の意見、職場の受け入れ体制を確認するために使われます。,職場復帰支援のポイントは試験でどのように問われますか？,「職場復帰支援のポイント」は定義に加え、演習問題の正答肢キーワードと照合して覚えると定着しやすいです。関連演習へリンクした問題を解き、用語記事に戻って確認してください。,職場復帰支援のポイントを学習するときの注意点は？,単語だけでなく、ラインケア・安全配慮・専門職連携の流れの中で意味を確認してください。数値や義務の有無は法令改正で変わる場合があるため、受験前に公式情報も確認してください。,y2026/q06,演習2026・第6問（職場復帰支援のポイント）
職場復帰支援の流れ,職場復帰支援の流れ,相談・連携・復職,相談・連携・復職,職場復帰支援の流れは、相談対応、社内外資源との連携、休業者の職場復帰支援に関わる用語です。,職場復帰支援の流れは、相談対応、社内外資源との連携、休業者の職場復帰支援に関わる用語です。まず「5ステップで職場復帰支援の流れを示している」という出題上のポイントと結びつけて理解します。過去問・演習では「「心の健康問題により休業した労働者の職場復帰支援の手引き」は厚労省が2004年策定（改訂あり）」という形で扱われるため、単語だけでなく設問の場面も確認します。ラインケアの視点では、本人の話を聴き、必要な範囲で産業保健スタッフや社外資源へつなぐことが重要です。関連する用語として、休業、心の健康問題により休業した労働者の職場復帰支援の手引きもあわせて確認すると理解がつながります。,休業;心の健康問題により休業した労働者の職場復帰支援の手引き;確認すると理解がつながります,,A,演習の正答の要点は「「心の健康問題により休業した労働者の職場復帰支援の手引き」です。誤り肢は根拠法令の取り違え、対象範囲の限定（のみ・必ず）、責任主体の混同（会社のみ・管理監督者のみ）に注意してください。,g-827590f7d52a433b,職場復帰支援の流れとは？意味・根拠・試験で押さえるポイント,職場復帰支援の流れは、相談・連携・復職分野で頻出の用語です。職場復帰支援の流れは、相談対応、社内外資源との連携、休業者の職場復帰支援に関わる用語です。本記事では意味、試験での出題の仕方、混同しやすい点を整理します。,職場復帰支援の流れは、相談対応、社内外資源との連携、休業者の職場復帰支援に関わる用語です。5ステップで職場復帰支援の流れを示している。,職場復帰支援の流れは、相談対応、社内外資源との連携、休業者の職場復帰支援に関わる用語です。;まず「5ステップで職場復帰支援の流れを示している」という出題上のポイントと結びつけて理解します。;過去問・演習では「「心の健康問題により休業した労働者の職場復帰支援の手引き」は厚労省が2004年策定（改訂あり）」という形で扱われるため、単語だけでなく設問の場面も確認します。;ラインケアの視点では、本人の話を聴き、必要な範囲で産業保健スタッフや社外資源へつなぐことが重要です。,手順の順序・禁止事項（やってはいけないこと）の混同;主治医と産業医の役割の逆転;管理監督者が医学的判断を抱え込む,「職場復帰支援の流れ」は相談・連携・復職の重要語。定義→誰が何をするか→連携先の順で覚えると整理しやすい。,,,職場復帰支援の流れとは何ですか？,職場復帰支援の流れは、相談対応、社内外資源との連携、休業者の職場復帰支援に関わる用語です。,職場復帰支援の流れは試験でどのように問われますか？,「職場復帰支援の流れ」は定義に加え、演習問題の正答肢キーワードと照合して覚えると定着しやすいです。関連演習へリンクした問題を解き、用語記事に戻って確認してください。,職場復帰支援の流れを学習するときの注意点は？,単語だけでなく、ラインケア・安全配慮・専門職連携の流れの中で意味を確認してください。数値や義務の有無は法令改正で変わる場合があるため、受験前に公式情報も確認してください。,y2026/q06,演習2026・第6問（復職の流れ）
職場復帰支援の５つのステップ,職場復帰支援の５つのステップ,相談・連携・復職,相談・連携・復職,職場復帰支援は、休業開始・休業中のケア、主治医による復帰可能の判断、職場復帰可否の判断と支援プラン作成、最終的な復職決定、復職後のフォローアップという流れで整理されます。,職場復帰支援は、休業開始・休業中のケア、主治医による復帰可能の判断、職場復帰可否の判断と支援プラン作成、最終的な復職決定、復職後のフォローアップという流れで整理されます。本人、主治医、産業医、会社が連携して進めます。職場では、用語の意味だけでなく、誰が対応し、どの情報を共有し、どの専門職につなぐかまで確認します。実務では、本人の安心感を保ちつつ、社内外の支援先とどのタイミングで連携するかを意識します。,いのちの電話;こころの耳メール相談;こころの耳電話相談,,A,選択肢では根拠法令・対象範囲・責任の所在がずれる肢に注意し、用語の定義と照合してください。,g-c14468a72b9bc773,職場復帰支援の５つのステップとは？意味・根拠・試験で押さえるポイント,職場復帰支援の５つのステップは、相談・連携・復職分野で頻出の用語です。職場復帰支援は、休業開始・休業中のケア、主治医による復帰可能の判断、職場復帰可否の判断と支援プラン作成、最終的な復職決定、復職後のフォローアップという流れで整理されます。本記事では意味、試験での出題の仕方、混同しやすい点を整理します。,職場復帰支援は、休業開始・休業中のケア、主治医による復帰可能の判断、職場復帰可否の判断と支援プラン作成、最終的な復職決定、復職後のフォローアップという流れで整理されます。,職場復帰支援は、休業開始・休業中のケア、主治医による復帰可能の判断、職場復帰可否の判断と支援プラン作成、最終的な復職決定、復職後のフォローアップという流れで整理されます。;本人、主治医、産業医、会社が連携して進めます。;職場では、用語の意味だけでなく、誰が対応し、どの情報を共有し、どの専門職につなぐかまで確認します。;実務では、本人の安心感を保ちつつ、社内外の支援先とどのタイミングで連携するかを意識します。,手順の順序・禁止事項（やってはいけないこと）の混同;主治医と産業医の役割の逆転;管理監督者が医学的判断を抱え込む,「職場復帰支援の５つのステップ」は相談・連携・復職の重要語。定義→誰が何をするか→連携先の順で覚えると整理しやすい。,,,職場復帰支援の５つのステップとは何ですか？,職場復帰支援は、休業開始・休業中のケア、主治医による復帰可能の判断、職場復帰可否の判断と支援プラン作成、最終的な復職決定、復職後のフォローアップという流れで整理されます。,職場復帰支援の５つのステップは試験でどのように問われますか？,「職場復帰支援の５つのステップ」は定義に加え、演習問題の正答肢キーワードと照合して覚えると定着しやすいです。関連演習へリンクした問題を解き、用語記事に戻って確認してください。,職場復帰支援の５つのステップを学習するときの注意点は？,単語だけでなく、ラインケア・安全配慮・専門職連携の流れの中で意味を確認してください。数値や義務の有無は法令改正で変わる場合があるため、受験前に公式情報も確認してください。,y2026/q06,演習2026・第6問（復職5ステップ）
職場復帰支援プランの作成,職場復帰支援プランの作成,相談・連携・復職,相談・連携・復職,職場復帰支援プランの作成は、相談対応、社内外資源との連携、休業者の職場復帰支援に関わる用語です。,職場復帰支援プランの作成は、相談対応、社内外資源との連携、休業者の職場復帰支援に関わる用語です。まず「科目: 心の健康問題をもつ復職者への支援の方法 主治医による職場復帰可能の診断書の提出 職場復帰の可否の判断および職場復帰支援プランの作成 最終的な職場復帰の決定 職場復帰後のフォローアップ」という出題上のポイントと結びつけて理解します。過去問・演習では「第1＝休業開始・休業中のケア、第2＝主治医による復帰可能の判断、第3＝復帰可否の判断とプラン作成、第4＝最終的な復帰決定、第5＝フォローアップ」という形で扱われるため、単語だけでなく設問の場面も確認します。ラインケアの視点では、本人の話を聴き、必要な範囲で産業保健スタッフや社外資源へつなぐことが重要です。関連する用語として、休業、最終的な職場復帰の決定、職場復帰後のフォローアップもあわせて確認すると理解がつながります。,休業;最終的な職場復帰の決定;職場復帰後のフォローアップ,,A,演習の正答の要点は「第1＝休業開始・休業中のケア、第2＝主治医による復帰可能の判断、第3＝復帰可否の判断とプラン作成、第4＝最終的な復帰決定、第5＝フォローアップ」です。誤り肢は根拠法令の取り違え、対象範囲の限定（のみ・必ず）、責任主体の混同（会社のみ・管理監督者のみ）に注意してください。,g-69c8b0d25b6c3554,職場復帰支援プランの作成とは？意味・根拠・試験で押さえるポイント,職場復帰支援プランの作成は、相談・連携・復職分野で頻出の用語です。職場復帰支援プランの作成は、相談対応、社内外資源との連携、休業者の職場復帰支援に関わる用語です。本記事では意味、試験での出題の仕方、混同しやすい点を整理します。,職場復帰支援プランの作成は、相談対応、社内外資源との連携、休業者の職場復帰支援に関わる用語です。科目: 心の健康問題をもつ復職者への支援の方法 主治医による職場復帰可能の診断書の提出 職場復帰の可否の判断および職場復帰支援プランの作成 最終的な職場復帰の決定 職場復帰後のフォローアップ。,職場復帰支援プランの作成は、相談対応、社内外資源との連携、休業者の職場復帰支援に関わる用語です。;まず「科目: 心の健康問題をもつ復職者への支援の方法 主治医による職場復帰可能の診断書の提出 職場復帰の可否の判断および職場復帰支援プランの作成 最終的な職場復帰の決定 職場復帰後のフォローアップ」という出題上のポイントと結びつけて理解します。;過去問・演習では「第1＝休業開始・休業中のケア、第2＝主治医による復帰可能の判断、第3＝復帰可否の判断とプラン作成、第4＝最終的な復帰決定、第5＝フォローアップ」という形で扱われるため、単語だけでなく設問の場面も確認します。;ラインケアの視点では、本人の話を聴き、必要な範囲で産業保健スタッフや社外資源へつなぐことが重要です。,手順の順序・禁止事項（やってはいけないこと）の混同;主治医と産業医の役割の逆転;管理監督者が医学的判断を抱え込む,「職場復帰支援プランの作成」は相談・連携・復職の重要語。定義→誰が何をするか→連携先の順で覚えると整理しやすい。,,,職場復帰支援プランの作成とは何ですか？,職場復帰支援プランの作成は、相談対応、社内外資源との連携、休業者の職場復帰支援に関わる用語です。,職場復帰支援プランの作成は試験でどのように問われますか？,「職場復帰支援プランの作成」は定義に加え、演習問題の正答肢キーワードと照合して覚えると定着しやすいです。関連演習へリンクした問題を解き、用語記事に戻って確認してください。,職場復帰支援プランの作成を学習するときの注意点は？,単語だけでなく、ラインケア・安全配慮・専門職連携の流れの中で意味を確認してください。数値や義務の有無は法令改正で変わる場合があるため、受験前に公式情報も確認してください。,y2026/q06,演習2026・第6問（職場復帰支援プランの作成）
職場復帰支援プラン作成の際に検討すべき内容,職場復帰支援プラン作成の際に検討すべき内容,相談・連携・復職,相談・連携・復職,職場復帰支援プラン作成の際に検討すべき内容は、休業開始から復職後のフォローアップまで、本人の状態、主治医の意見、産業医の意見、職場の受け入れ体制を確認するために使われます。,職場復帰支援プラン作成の際に検討すべき内容は、休業開始から復職後のフォローアップまで、本人の状態、主治医の意見、産業医の意見、職場の受け入れ体制を確認するために使われます。復職支援では、病名そのものよりも、勤務時間、業務負荷、配慮事項、再発予防を具体化することが重要です。職場では、用語の意味だけでなく、誰が対応し、どの情報を共有し、どの専門職につなぐかまで確認します。実務では、本人の安心感を保ちつつ、社内外の支援先とどのタイミングで連携するかを意識します。,いのちの電話;こころの耳メール相談;こころの耳電話相談,,A,「職場復帰支援プラン作成の際に検討すべき内容」は選択肢で根拠・対象範囲・責任の所在がずれる肢に注意してください。「のみ」「必ず」などの断定は定義と照合し、管理監督者が医学的判断を抱え込まない点も確認します。,g-1914b937f0329b73,職場復帰支援プラン作成の際に検討すべき内容とは？意味・根拠・試験で押さえるポイント,職場復帰支援プラン作成の際に検討すべき内容は、相談・連携・復職分野で頻出の用語です。職場復帰支援プラン作成の際に検討すべき内容は、休業開始から復職後のフォローアップまで、本人の状態、主治医の意見、産業医の意見、職場の受け入れ体制を確認するために使われます。本記事では意味、試験での出題の仕方、混同しやすい点を整理します。,職場復帰支援プラン作成の際に検討すべき内容は、休業開始から復職後のフォローアップまで、本人の状態、主治医の意見、産業医の意見、職場の受け入れ体制を確認するために使われます。復職支援では、病名そのものよりも、勤務時間、業務負荷、配慮事項、再発予防を具体化することが重要です。,職場復帰支援プラン作成の際に検討すべき内容は、休業開始から復職後のフォローアップまで、本人の状態、主治医の意見、産業医の意見、職場の受け入れ体制を確認するために使われます。;復職支援では、病名そのものよりも、勤務時間、業務負荷、配慮事項、再発予防を具体化することが重要です。;職場では、用語の意味だけでなく、誰が対応し、どの情報を共有し、どの専門職につなぐかまで確認します。;実務では、本人の安心感を保ちつつ、社内外の支援先とどのタイミングで連携するかを意識します。,手順の順序・禁止事項（やってはいけないこと）の混同;主治医と産業医の役割の逆転;管理監督者が医学的判断を抱え込む,「職場復帰支援プラン作成の際に検討すべき内容」は相談・連携・復職分野の用語。定義→職場での見方→連携先の順で整理し、関連演習で確認してください。,,,職場復帰支援プラン作成の際に検討すべき内容とは何ですか？,職場復帰支援プラン作成の際に検討すべき内容は、休業開始から復職後のフォローアップまで、本人の状態、主治医の意見、産業医の意見、職場の受け入れ体制を確認するために使われます。,職場復帰支援プラン作成の際に検討すべき内容は試験でどのように問われますか？,「職場復帰支援プラン作成の際に検討すべき内容」は定義に加え、演習問題の正答肢キーワードと照合して覚えると定着しやすいです。関連演習へリンクした問題を解き、用語記事に戻って確認してください。,職場復帰支援プラン作成の際に検討すべき内容を学習するときの注意点は？,単語だけでなく、ラインケア・安全配慮・専門職連携の流れの中で意味を確認してください。数値や義務の有無は法令改正で変わる場合があるため、受験前に公式情報も確認してください。,y2026/q06,演習2026・第6問（職場復帰支援プラン作成の際に検討すべき内容）
職場環境の改善,職場環境の改善,基礎・役割,基礎・役割,職場環境の改善は、メンタルヘルスケアの意義、管理監督者の役割、ストレスや疾病の基礎理解に関わる用語です。,職場環境の改善は、メンタルヘルスケアの意義、管理監督者の役割、ストレスや疾病の基礎理解に関わる用語です。まず「ラインによるケアとは、管理監督者が部下の状況を把握し、職場環境の改善等を行うことをいう」という出題上のポイントと結びつけて理解します。過去問・演習では「事業場外資源によるケアはラインケアを補完するものであり、ラインケアが機能していても不要にはならない」という形で扱われるため、単語だけでなく設問の場面も確認します。ラインケアの視点では、管理監督者が医学的判断を抱え込まず、職場で観察できる事実と専門職への連携を分けて理解することが重要です。関連する用語として、ラインケア、産業医、ストレス、事業場外資源によるケアもあわせて確認すると理解がつながります。,ラインケア;産業医;ストレス,,A,演習の正答の要点は「事業場外資源によるケアはラインケアを補完するものであり、ラインケアが機能していても不要にはならない」です。誤り肢は根拠法令の取り違え、対象範囲の限定（のみ・必ず）、責任主体の混同（会社のみ・管理監督者のみ）に注意してください。,g-c47dffe09747205f,職場環境の改善とは？意味・根拠・試験で押さえるポイント,職場環境の改善は、基礎・役割分野で頻出の用語です。職場環境の改善は、メンタルヘルスケアの意義、管理監督者の役割、ストレスや疾病の基礎理解に関わる用語です。本記事では意味、試験での出題の仕方、混同しやすい点を整理します。,職場環境の改善は、メンタルヘルスケアの意義、管理監督者の役割、ストレスや疾病の基礎理解に関わる用語です。ラインによるケアとは、管理監督者が部下の状況を把握し、職場環境の改善等を行うことをいう。,職場環境の改善は、メンタルヘルスケアの意義、管理監督者の役割、ストレスや疾病の基礎理解に関わる用語です。;まず「ラインによるケアとは、管理監督者が部下の状況を把握し、職場環境の改善等を行うことをいう」という出題上のポイントと結びつけて理解します。;過去問・演習では「事業場外資源によるケアはラインケアを補完するものであり、ラインケアが機能していても不要にはならない」という形で扱われるため、単語だけでなく設問の場面も確認します。;ラインケアの視点では、管理監督者が医学的判断を抱え込まず、職場で観察できる事実と専門職への連携を分けて理解することが重要です。,根拠法令（労基法・労契法・労安法）の取り違え;「のみ」「必ず」などの断定表現に注意;管理監督者が医学的判断を抱え込む,「職場環境の改善」は基礎・役割の重要語。定義→誰が何をするか→連携先の順で覚えると整理しやすい。,,,職場環境の改善とは何ですか？,職場環境の改善は、メンタルヘルスケアの意義、管理監督者の役割、ストレスや疾病の基礎理解に関わる用語です。,職場環境の改善は試験でどのように問われますか？,「職場環境の改善」は定義に加え、演習問題の正答肢キーワードと照合して覚えると定着しやすいです。関連演習へリンクした問題を解き、用語記事に戻って確認してください。,職場環境の改善を学習するときの注意点は？,単語だけでなく、ラインケア・安全配慮・専門職連携の流れの中で意味を確認してください。数値や義務の有無は法令改正で変わる場合があるため、受験前に公式情報も確認してください。,y2026/q02,演習2026・第2問（職場環境の改善）
職場環境改善に役立った具体例,職場環境改善に役立った具体例,職場環境・配慮,職場環境・配慮,職場環境改善に役立った具体例では、ストレスチェックなどから得られた集団の傾向を見て、仕事の要求度、裁量、上司・同僚の支援、職場の具体的な改善策を検討します。,職場環境改善に役立った具体例では、ストレスチェックなどから得られた集団の傾向を見て、仕事の要求度、裁量、上司・同僚の支援、職場の具体的な改善策を検討します。個人の診断ではなく、職場全体のリスク低減に使います。職場では、用語の意味だけでなく、誰が対応し、どの情報を共有し、どの専門職につなぐかまで確認します。実務では、個人の努力だけでなく、職場の仕組みや環境をどう変えるかまで考えると理解が深まります。,PDCAサイクル;いつもと違う様子;コーピング,,A,「職場環境改善に役立った具体例」は選択肢で根拠・対象範囲・責任の所在がずれる肢に注意してください。「のみ」「必ず」などの断定は定義と照合し、管理監督者が医学的判断を抱え込まない点も確認します。,g-b73bd6e7619ff766,職場環境改善に役立った具体例とは？意味・根拠・試験で押さえるポイント,職場環境改善に役立った具体例は、職場環境・配慮分野で頻出の用語です。職場環境改善に役立った具体例では、ストレスチェックなどから得られた集団の傾向を見て、仕事の要求度、裁量、上司・同僚の支援、職場の具体的な改善策を検討します。本記事では意味、試験での出題の仕方、混同しやすい点を整理します。,職場環境改善に役立った具体例では、ストレスチェックなどから得られた集団の傾向を見て、仕事の要求度、裁量、上司・同僚の支援、職場の具体的な改善策を検討します。個人の診断ではなく、職場全体のリスク低減に使います。,職場環境改善に役立った具体例では、ストレスチェックなどから得られた集団の傾向を見て、仕事の要求度、裁量、上司・同僚の支援、職場の具体的な改善策を検討します。;個人の診断ではなく、職場全体のリスク低減に使います。;職場では、用語の意味だけでなく、誰が対応し、どの情報を共有し、どの専門職につなぐかまで確認します。;実務では、個人の努力だけでなく、職場の仕組みや環境をどう変えるかまで考えると理解が深まります。,数値基準・義務の有無・誰が実施するかの混同;個人結果と集団分析の取り違え;管理監督者が医学的判断を抱え込む,「職場環境改善に役立った具体例」は職場環境・配慮分野の用語。定義→職場での見方→連携先の順で整理し、関連演習で確認してください。,,,職場環境改善に役立った具体例とは何ですか？,職場環境改善に役立った具体例では、ストレスチェックなどから得られた集団の傾向を見て、仕事の要求度、裁量、上司・同僚の支援、職場の具体的な改善策を検討します。,職場環境改善に役立った具体例は試験でどのように問われますか？,「職場環境改善に役立った具体例」は定義に加え、演習問題の正答肢キーワードと照合して覚えると定着しやすいです。関連演習へリンクした問題を解き、用語記事に戻って確認してください。,職場環境改善に役立った具体例を学習するときの注意点は？,単語だけでなく、ラインケア・安全配慮・専門職連携の流れの中で意味を確認してください。数値や義務の有無は法令改正で変わる場合があるため、受験前に公式情報も確認してください。,y2026/q18,演習2026・第18問（職場環境改善に役立った具体例）
職場環境改善のためのヒント集（メンタルヘルスアクションチェックリスト）,職場環境改善のためのヒント集（メンタルヘルスアクションチェックリスト）,職場環境・配慮,職場環境・配慮,職場環境改善のためのヒント集（メンタルヘルスアクションチェックリスト）は、職場環境の評価・改善、個々の労働者への配慮、ストレスチェック制度に関わる用語です。,職場環境改善のためのヒント集（メンタルヘルスアクションチェックリスト）は、職場環境の評価・改善、個々の労働者への配慮、ストレスチェック制度に関わる用語です。まず「職場環境改善のためのヒント集（メンタルヘルスアクションチェックリスト）は、試験では「メンタルヘルスアクションチェックリスト（職場環境改善のためのヒント集）は管理監督者が職場の改善点を洗い出すためのツール」という文脈で確認される用語です」という出題上のポイントと結びつけて理解します。過去問・演習では「メンタルヘルスアクションチェックリスト（職場環境改善のためのヒント集）は管理監督者が職場の改善点を洗い出すためのツール」という形で扱われるため、単語だけでなく設問の場面も確認します。ラインケアの視点では、職場要因を把握し、業務量・裁量・支援体制など改善できる点へつなげることが重要です。,PDCAサイクル;いつもと違う様子;コーピング,,A,演習の正答の要点は「メンタルヘルスアクションチェックリスト（職場環境改善のためのヒント集）は管理監督者が職場の改善点を洗い出すためのツール」です。誤り肢は根拠法令の取り違え、対象範囲の限定（のみ・必ず）、責任主体の混同（会社のみ・管理監督者のみ）に注意してください。,g-85d6721897119df8,職場環境改善のためのヒント集（メンタルヘルスアクションチェックリスト）とは？意味・根拠・試験で押さえるポイント,職場環境改善のためのヒント集（メンタルヘルスアクションチェックリスト）は、職場環境・配慮分野で頻出の用語です。職場環境改善のためのヒント集（メンタルヘルスアクションチェックリスト）は、職場環境の評価・改善、個々の労働者への配慮、ストレスチェック制度に関わる用語です。本記事では意味、試験での出題の仕方、混同しやすい点を整理します。,職場環境改善のためのヒント集（メンタルヘルスアクションチェックリスト）は、職場環境の評価・改善、個々の労働者への配慮、ストレスチェック制度に関わる用語です。職場環境改善のためのヒント集（メンタルヘルスアクションチェックリスト）は、試験では「メンタルヘルスアクションチェックリスト（職場環境改善のためのヒント集）は管理監督者が職場の改善点を洗い出すためのツール。,職場環境改善のためのヒント集（メンタルヘルスアクションチェックリスト）は、職場環境の評価・改善、個々の労働者への配慮、ストレスチェック制度に関わる用語です。;まず「職場環境改善のためのヒント集（メンタルヘルスアクションチェックリスト）は、試験では「メンタルヘルスアクションチェックリスト（職場環境改善のためのヒント集）は管理監督者が職場の改善点を洗い出すためのツール」という文脈で確認される用語です」という出題上のポイントと結びつけて理解します。;過去問・演習では「メンタルヘルスアクションチェックリスト（職場環境改善のためのヒント集）は管理監督者が職場の改善点を洗い出すためのツール」という形で扱われるため、単語だけでなく設問の場面も確認します。;ラインケアの視点では、職場要因を把握し、業務量・裁量・支援体制など改善できる点へつなげることが重要です。,数値基準・義務の有無・誰が実施するかの混同;個人結果と集団分析の取り違え;管理監督者が医学的判断を抱え込む,「職場環境改善のためのヒント集（メンタルヘルスアクションチェックリスト）」は職場環境・配慮の重要語。定義→誰が何をするか→連携先の順で覚えると整理しやすい。,,,職場環境改善のためのヒント集（メンタルヘルスアクションチェックリスト）とは何ですか？,職場環境改善のためのヒント集（メンタルヘルスアクションチェックリスト）は、職場環境の評価・改善、個々の労働者への配慮、ストレスチェック制度に関わる用語です。,職場環境改善のためのヒント集（メンタルヘルスアクションチェックリスト）は試験でどのように問われますか？,「職場環境改善のためのヒント集（メンタルヘルスアクションチェックリスト）」は定義に加え、演習問題の正答肢キーワードと照合して覚えると定着しやすいです。関連演習へリンクした問題を解き、用語記事に戻って確認してください。,職場環境改善のためのヒント集（メンタルヘルスアクションチェックリスト）を学習するときの注意点は？,単語だけでなく、ラインケア・安全配慮・専門職連携の流れの中で意味を確認してください。数値や義務の有無は法令改正で変わる場合があるため、受験前に公式情報も確認してください。,y2026/q18,演習2026・第18問（職場環境改善のためのヒント集（メンタルヘルス…）
職場環境改善の効果,職場環境改善の効果,職場環境・配慮,職場環境・配慮,職場環境改善の効果では、ストレスチェックなどから得られた集団の傾向を見て、仕事の要求度、裁量、上司・同僚の支援、職場の具体的な改善策を検討します。,職場環境改善の効果では、ストレスチェックなどから得られた集団の傾向を見て、仕事の要求度、裁量、上司・同僚の支援、職場の具体的な改善策を検討します。個人の診断ではなく、職場全体のリスク低減に使います。職場では、用語の意味だけでなく、誰が対応し、どの情報を共有し、どの専門職につなぐかまで確認します。実務では、個人の努力だけでなく、職場の仕組みや環境をどう変えるかまで考えると理解が深まります。,PDCAサイクル;いつもと違う様子;コーピング,,A,「職場環境改善の効果」は選択肢で根拠・対象範囲・責任の所在がずれる肢に注意してください。「のみ」「必ず」などの断定は定義と照合し、管理監督者が医学的判断を抱え込まない点も確認します。,g-c56e12ca151bf744,職場環境改善の効果とは？意味・根拠・試験で押さえるポイント,職場環境改善の効果は、職場環境・配慮分野で頻出の用語です。職場環境改善の効果では、ストレスチェックなどから得られた集団の傾向を見て、仕事の要求度、裁量、上司・同僚の支援、職場の具体的な改善策を検討します。本記事では意味、試験での出題の仕方、混同しやすい点を整理します。,職場環境改善の効果では、ストレスチェックなどから得られた集団の傾向を見て、仕事の要求度、裁量、上司・同僚の支援、職場の具体的な改善策を検討します。個人の診断ではなく、職場全体のリスク低減に使います。,職場環境改善の効果では、ストレスチェックなどから得られた集団の傾向を見て、仕事の要求度、裁量、上司・同僚の支援、職場の具体的な改善策を検討します。;個人の診断ではなく、職場全体のリスク低減に使います。;職場では、用語の意味だけでなく、誰が対応し、どの情報を共有し、どの専門職につなぐかまで確認します。;実務では、個人の努力だけでなく、職場の仕組みや環境をどう変えるかまで考えると理解が深まります。,数値基準・義務の有無・誰が実施するかの混同;個人結果と集団分析の取り違え;管理監督者が医学的判断を抱え込む,「職場環境改善の効果」は職場環境・配慮分野の用語。定義→職場での見方→連携先の順で整理し、関連演習で確認してください。,,,職場環境改善の効果とは何ですか？,職場環境改善の効果では、ストレスチェックなどから得られた集団の傾向を見て、仕事の要求度、裁量、上司・同僚の支援、職場の具体的な改善策を検討します。,職場環境改善の効果は試験でどのように問われますか？,「職場環境改善の効果」は定義に加え、演習問題の正答肢キーワードと照合して覚えると定着しやすいです。関連演習へリンクした問題を解き、用語記事に戻って確認してください。,職場環境改善の効果を学習するときの注意点は？,単語だけでなく、ラインケア・安全配慮・専門職連携の流れの中で意味を確認してください。数値や義務の有無は法令改正で変わる場合があるため、受験前に公式情報も確認してください。,y2026/q18,演習2026・第18問（職場環境改善の効果）
職場環境等の把握と改善,職場環境等の把握と改善,職場環境・配慮,職場環境・配慮,職場環境等の把握と改善は、職場環境の評価・改善、個々の労働者への配慮、ストレスチェック制度に関わる用語です。,職場環境等の把握と改善は、職場環境の評価・改善、個々の労働者への配慮、ストレスチェック制度に関わる用語です。まず「職場環境等の把握と改善は、試験では「定性的評価：職場巡視・ヒアリング・グループディスカッション・面談等で得る質的情報」という文脈で確認される用語です」という出題上のポイントと結びつけて理解します。過去問・演習では「定性的評価：職場巡視・ヒアリング・グループディスカッション・面談等で得る質的情報」という形で扱われるため、単語だけでなく設問の場面も確認します。ラインケアの視点では、職場要因を把握し、業務量・裁量・支援体制など改善できる点へつなげることが重要です。関連する用語として、ストレス、ストレスチェックもあわせて確認すると理解がつながります。,ストレス;ストレスチェック;確認すると理解がつながります,,A,演習の正答の要点は「定性的評価：職場巡視・ヒアリング・グループディスカッション・面談等で得る質的情報」です。誤り肢は根拠法令の取り違え、対象範囲の限定（のみ・必ず）、責任主体の混同（会社のみ・管理監督者のみ）に注意してください。,g-4297c7cf52c6204e,職場環境等の把握と改善とは？意味・根拠・試験で押さえるポイント,職場環境等の把握と改善は、職場環境・配慮分野で頻出の用語です。職場環境等の把握と改善は、職場環境の評価・改善、個々の労働者への配慮、ストレスチェック制度に関わる用語です。本記事では意味、試験での出題の仕方、混同しやすい点を整理します。,職場環境等の把握と改善は、職場環境の評価・改善、個々の労働者への配慮、ストレスチェック制度に関わる用語です。職場環境等の把握と改善は、試験では「定性的評価：職場巡視・ヒアリング・グループディスカッション・面談等で得る質的情報。,職場環境等の把握と改善は、職場環境の評価・改善、個々の労働者への配慮、ストレスチェック制度に関わる用語です。;まず「職場環境等の把握と改善は、試験では「定性的評価：職場巡視・ヒアリング・グループディスカッション・面談等で得る質的情報」という文脈で確認される用語です」という出題上のポイントと結びつけて理解します。;過去問・演習では「定性的評価：職場巡視・ヒアリング・グループディスカッション・面談等で得る質的情報」という形で扱われるため、単語だけでなく設問の場面も確認します。;ラインケアの視点では、職場要因を把握し、業務量・裁量・支援体制など改善できる点へつなげることが重要です。,数値基準・義務の有無・誰が実施するかの混同;個人結果と集団分析の取り違え;管理監督者が医学的判断を抱え込む,「職場環境等の把握と改善」は職場環境・配慮の重要語。定義→誰が何をするか→連携先の順で覚えると整理しやすい。,,,職場環境等の把握と改善とは何ですか？,職場環境等の把握と改善は、職場環境の評価・改善、個々の労働者への配慮、ストレスチェック制度に関わる用語です。,職場環境等の把握と改善は試験でどのように問われますか？,「職場環境等の把握と改善」は定義に加え、演習問題の正答肢キーワードと照合して覚えると定着しやすいです。関連演習へリンクした問題を解き、用語記事に戻って確認してください。,職場環境等の把握と改善を学習するときの注意点は？,単語だけでなく、ラインケア・安全配慮・専門職連携の流れの中で意味を確認してください。数値や義務の有無は法令改正で変わる場合があるため、受験前に公式情報も確認してください。,y2026/q257,演習2026・第257問（職場環境等の把握と改善）
職業性ストレスの種類,職業性ストレスの種類,職場環境・配慮,職場環境・配慮,職業性ストレスの種類は、仕事の量や質、人間関係、裁量、支援、個人要因などがストレス反応にどう関わるかを整理する際に使われます。,職業性ストレスの種類は、仕事の量や質、人間関係、裁量、支援、個人要因などがストレス反応にどう関わるかを整理する際に使われます。職場のメンタルヘルスでは、本人の弱さだけでなく、環境要因と緩衝要因を合わせて見ることが重要です。職場では、用語の意味だけでなく、誰が対応し、どの情報を共有し、どの専門職につなぐかまで確認します。実務では、個人の努力だけでなく、職場の仕組みや環境をどう変えるかまで考えると理解が深まります。,PDCAサイクル;いつもと違う様子;コーピング,,A,「職業性ストレスの種類」は選択肢で根拠・対象範囲・責任の所在がずれる肢に注意してください。「のみ」「必ず」などの断定は定義と照合し、管理監督者が医学的判断を抱え込まない点も確認します。,g-c00483a42401288d,職業性ストレスの種類とは？意味・根拠・試験で押さえるポイント,職業性ストレスの種類は、職場環境・配慮分野で頻出の用語です。職業性ストレスの種類は、仕事の量や質、人間関係、裁量、支援、個人要因などがストレス反応にどう関わるかを整理する際に使われます。本記事では意味、試験での出題の仕方、混同しやすい点を整理します。,職業性ストレスの種類は、仕事の量や質、人間関係、裁量、支援、個人要因などがストレス反応にどう関わるかを整理する際に使われます。職場のメンタルヘルスでは、本人の弱さだけでなく、環境要因と緩衝要因を合わせて見ることが重要です。,職業性ストレスの種類は、仕事の量や質、人間関係、裁量、支援、個人要因などがストレス反応にどう関わるかを整理する際に使われます。;職場のメンタルヘルスでは、本人の弱さだけでなく、環境要因と緩衝要因を合わせて見ることが重要です。;職場では、用語の意味だけでなく、誰が対応し、どの情報を共有し、どの専門職につなぐかまで確認します。;実務では、個人の努力だけでなく、職場の仕組みや環境をどう変えるかまで考えると理解が深まります。,数値基準・義務の有無・誰が実施するかの混同;個人結果と集団分析の取り違え;管理監督者が医学的判断を抱え込む,「職業性ストレスの種類」は職場環境・配慮分野の用語。定義→職場での見方→連携先の順で整理し、関連演習で確認してください。,,,職業性ストレスの種類とは何ですか？,職業性ストレスの種類は、仕事の量や質、人間関係、裁量、支援、個人要因などがストレス反応にどう関わるかを整理する際に使われます。,職業性ストレスの種類は試験でどのように問われますか？,「職業性ストレスの種類」は定義に加え、演習問題の正答肢キーワードと照合して覚えると定着しやすいです。関連演習へリンクした問題を解き、用語記事に戻って確認してください。,職業性ストレスの種類を学習するときの注意点は？,単語だけでなく、ラインケア・安全配慮・専門職連携の流れの中で意味を確認してください。数値や義務の有無は法令改正で変わる場合があるため、受験前に公式情報も確認してください。,y2026/q03,演習2026・第3問（職業性ストレスの種類）
職業性ストレスモデル,職業性ストレスモデル,基礎・役割,基礎・役割,職業性ストレスモデルは、メンタルヘルスケアの意義、管理監督者の役割、ストレスや疾病の基礎理解に関わる用語です。,職業性ストレスモデルは、メンタルヘルスケアの意義、管理監督者の役割、ストレスや疾病の基礎理解に関わる用語です。まず「職業性ストレスモデルは、試験では「NIOSHモデルでは仕事のストレス要因に加え、個人的要因・緩衝要因（上司・同僚・家族の支援など）がストレス反応を修飾し、最終的な健康障害に至るプロセスを示している」という文脈で確認される用語です」という出題上のポイントと結びつけて理解します。過去問・演習では「NIOSHモデルでは仕事のストレス要因に加え、個人的要因・緩衝要因（上司・同僚・家族の支援など）がストレス反応を修飾し、最終的な健康障害に至るプロセスを示している」という形で扱われるため、単語だけでなく設問の場面も確認します。ラインケアの視点では、管理監督者が医学的判断を抱え込まず、職場で観察できる事実と専門職への連携を分けて理解することが重要です。関連する用語として、ストレス、ストレス反応、個人的要因、緩衝要因もあわせて確認すると理解がつながります。,ストレス;ストレス反応;個人的要因,,A,演習の正答の要点は「NIOSHモデルでは仕事のストレス要因に加え、個人的要因・緩衝要因（上司・同僚・家族の支援など）がストレス反応を修飾し、最終的な健康障害に至るプロセスを示している」です。誤り肢は根拠法令の取り違え、対象範囲の限定（のみ・必ず）、責任主体の混同（会社のみ・管理監督者のみ）に注意してください。,g-5464da42b2a5419a,職業性ストレスモデルとは？意味・根拠・試験で押さえるポイント,職業性ストレスモデルは、基礎・役割分野で頻出の用語です。職業性ストレスモデルは、メンタルヘルスケアの意義、管理監督者の役割、ストレスや疾病の基礎理解に関わる用語です。本記事では意味、試験での出題の仕方、混同しやすい点を整理します。,職業性ストレスモデルは、メンタルヘルスケアの意義、管理監督者の役割、ストレスや疾病の基礎理解に関わる用語です。職業性ストレスモデルは、試験では「NIOSHモデルでは仕事のストレス要因に加え、個人的要因・緩衝要因（上司・同僚・家族の支援など）がストレス反応を修飾し、最終的な健康障害に至るプロセスを示している。,職業性ストレスモデルは、メンタルヘルスケアの意義、管理監督者の役割、ストレスや疾病の基礎理解に関わる用語です。;まず「職業性ストレスモデルは、試験では「NIOSHモデルでは仕事のストレス要因に加え、個人的要因・緩衝要因（上司・同僚・家族の支援など）がストレス反応を修飾し、最終的な健康障害に至るプロセスを示している」という文脈で確認される用語です」という出題上のポイントと結びつけて理解します。;過去問・演習では「NIOSHモデルでは仕事のストレス要因に加え、個人的要因・緩衝要因（上司・同僚・家族の支援など）がストレス反応を修飾し、最終的な健康障害に至るプロセスを示している」という形で扱われるため、単語だけでなく設問の場面も確認します。;ラインケアの視点では、管理監督者が医学的判断を抱え込まず、職場で観察できる事実と専門職への連携を分けて理解することが重要です。,根拠法令（労基法・労契法・労安法）の取り違え;「のみ」「必ず」などの断定表現に注意;管理監督者が医学的判断を抱え込む,「職業性ストレスモデル」は基礎・役割の重要語。定義→誰が何をするか→連携先の順で覚えると整理しやすい。,,,職業性ストレスモデルとは何ですか？,職業性ストレスモデルは、メンタルヘルスケアの意義、管理監督者の役割、ストレスや疾病の基礎理解に関わる用語です。,職業性ストレスモデルは試験でどのように問われますか？,「職業性ストレスモデル」は定義に加え、演習問題の正答肢キーワードと照合して覚えると定着しやすいです。関連演習へリンクした問題を解き、用語記事に戻って確認してください。,職業性ストレスモデルを学習するときの注意点は？,単語だけでなく、ラインケア・安全配慮・専門職連携の流れの中で意味を確認してください。数値や義務の有無は法令改正で変わる場合があるため、受験前に公式情報も確認してください。,y2026/q03,演習2026・第3問（職業性ストレスモデル）
職業性ストレス簡易調査票,職業性ストレス簡易調査票,職場環境・配慮,職場環境・配慮,職業性ストレス簡易調査票は、職場環境の評価・改善、個々の労働者への配慮、ストレスチェック制度に関わる用語です。,職業性ストレス簡易調査票は、職場環境の評価・改善、個々の労働者への配慮、ストレスチェック制度に関わる用語です。まず「量−コントロール判定図は職業性ストレス簡易調査票の集団分析結果をもとに、職場のストレスレベルを視覚化するツール」という出題上のポイントと結びつけて理解します。過去問・演習では「新職業性ストレス簡易調査票はポジティブ要因（上司・同僚のサポート充実度・公正な評価・キャリア形成支援等）も含む」という形で扱われるため、単語だけでなく設問の場面も確認します。ラインケアの視点では、職場要因を把握し、業務量・裁量・支援体制など改善できる点へつなげることが重要です。関連する用語として、ストレス、ストレスチェック、量−コントロール判定図、新職業性ストレス簡易調査票もあわせて確認すると理解がつながります。,ストレス;ストレスチェック;量−コントロール判定図,,A,演習の正答の要点は「新職業性ストレス簡易調査票はポジティブ要因（上司・同僚のサポート充実度・公正な評価・キャリア形成支援等）も含む」です。誤り肢は根拠法令の取り違え、対象範囲の限定（のみ・必ず）、責任主体の混同（会社のみ・管理監督者のみ）に注意してください。,g-fe64ecfeea7706ad,職業性ストレス簡易調査票とは？意味・根拠・試験で押さえるポイント,職業性ストレス簡易調査票は、職場環境・配慮分野で頻出の用語です。職業性ストレス簡易調査票は、職場環境の評価・改善、個々の労働者への配慮、ストレスチェック制度に関わる用語です。本記事では意味、試験での出題の仕方、混同しやすい点を整理します。,職業性ストレス簡易調査票は、職場環境の評価・改善、個々の労働者への配慮、ストレスチェック制度に関わる用語です。量−コントロール判定図は職業性ストレス簡易調査票の集団分析結果をもとに、職場のストレスレベルを視覚化するツール。,職業性ストレス簡易調査票は、職場環境の評価・改善、個々の労働者への配慮、ストレスチェック制度に関わる用語です。;まず「量−コントロール判定図は職業性ストレス簡易調査票の集団分析結果をもとに、職場のストレスレベルを視覚化するツール」という出題上のポイントと結びつけて理解します。;過去問・演習では「新職業性ストレス簡易調査票はポジティブ要因（上司・同僚のサポート充実度・公正な評価・キャリア形成支援等）も含む」という形で扱われるため、単語だけでなく設問の場面も確認します。;ラインケアの視点では、職場要因を把握し、業務量・裁量・支援体制など改善できる点へつなげることが重要です。,数値基準・義務の有無・誰が実施するかの混同;個人結果と集団分析の取り違え;管理監督者が医学的判断を抱え込む,「職業性ストレス簡易調査票」は職場環境・配慮の重要語。定義→誰が何をするか→連携先の順で覚えると整理しやすい。,,,職業性ストレス簡易調査票とは何ですか？,職業性ストレス簡易調査票は、職場環境の評価・改善、個々の労働者への配慮、ストレスチェック制度に関わる用語です。,職業性ストレス簡易調査票は試験でどのように問われますか？,「職業性ストレス簡易調査票」は定義に加え、演習問題の正答肢キーワードと照合して覚えると定着しやすいです。関連演習へリンクした問題を解き、用語記事に戻って確認してください。,職業性ストレス簡易調査票を学習するときの注意点は？,単語だけでなく、ラインケア・安全配慮・専門職連携の流れの中で意味を確認してください。数値や義務の有無は法令改正で変わる場合があるため、受験前に公式情報も確認してください。,y2026/q07,演習2026・第7問（簡易調査票）
胃・十二指腸潰瘍,胃・十二指腸潰瘍,基礎・役割,基礎・役割,胃・十二指腸潰瘍は、身体疾患ですが、ストレスや生活習慣が症状に影響することがあります。,胃・十二指腸潰瘍は、身体疾患ですが、ストレスや生活習慣が症状に影響することがあります。職場のメンタルヘルスでは、心理的負荷が身体症状として表れる例の一つとして理解します。職場では、用語の意味だけでなく、誰が対応し、どの情報を共有し、どの専門職につなぐかまで確認します。実務では、用語を単独で覚えるのではなく、ラインケア・安全配慮・専門職連携の流れに置いて確認します。,36協定;DALYs損失;ILO（国際労働機関）,,A,「胃・十二指腸潰瘍」は選択肢で根拠・対象範囲・責任の所在がずれる肢に注意してください。「のみ」「必ず」などの断定は定義と照合し、管理監督者が医学的判断を抱え込まない点も確認します。,g-4ab3236e8c5bbaad,胃・十二指腸潰瘍とは？意味・根拠・試験で押さえるポイント,胃・十二指腸潰瘍は、基礎・役割分野で頻出の用語です。胃・十二指腸潰瘍は、身体疾患ですが、ストレスや生活習慣が症状に影響することがあります。本記事では意味、試験での出題の仕方、混同しやすい点を整理します。,胃・十二指腸潰瘍は、身体疾患ですが、ストレスや生活習慣が症状に影響することがあります。職場のメンタルヘルスでは、心理的負荷が身体症状として表れる例の一つとして理解します。,胃・十二指腸潰瘍は、身体疾患ですが、ストレスや生活習慣が症状に影響することがあります。;職場のメンタルヘルスでは、心理的負荷が身体症状として表れる例の一つとして理解します。;職場では、用語の意味だけでなく、誰が対応し、どの情報を共有し、どの専門職につなぐかまで確認します。;実務では、用語を単独で覚えるのではなく、ラインケア・安全配慮・専門職連携の流れに置いて確認します。,根拠法令（労基法・労契法・労安法）の取り違え;「のみ」「必ず」などの断定表現に注意;管理監督者が医学的判断を抱え込む,「胃・十二指腸潰瘍」は基礎・役割分野の用語。定義→職場での見方→連携先の順で整理し、関連演習で確認してください。,,,胃・十二指腸潰瘍とは何ですか？,胃・十二指腸潰瘍は、身体疾患ですが、ストレスや生活習慣が症状に影響することがあります。,胃・十二指腸潰瘍は試験でどのように問われますか？,「胃・十二指腸潰瘍」は定義に加え、演習問題の正答肢キーワードと照合して覚えると定着しやすいです。関連演習へリンクした問題を解き、用語記事に戻って確認してください。,胃・十二指腸潰瘍を学習するときの注意点は？,単語だけでなく、ラインケア・安全配慮・専門職連携の流れの中で意味を確認してください。数値や義務の有無は法令改正で変わる場合があるため、受験前に公式情報も確認してください。,y2026/q07,演習2026・第7問（基礎・労働安全衛生）
脆弱性ストレスモデル,脆弱性ストレスモデル,基礎・役割,基礎・役割,脆弱性ストレスモデルでは、同じストレッサーでも、個人の特性、既往歴、支援資源、対処力などによって反応が異なると考えます。,脆弱性ストレスモデルでは、同じストレッサーでも、個人の特性、既往歴、支援資源、対処力などによって反応が異なると考えます。職場では、ストレス要因を減らすことと、支援や相談しやすさを高めることの両方が大切です。職場では、用語の意味だけでなく、誰が対応し、どの情報を共有し、どの専門職につなぐかまで確認します。実務では、用語を単独で覚えるのではなく、ラインケア・安全配慮・専門職連携の流れに置いて確認します。,36協定;DALYs損失;ILO（国際労働機関）,,A,「脆弱性ストレスモデル」は選択肢で根拠・対象範囲・責任の所在がずれる肢に注意してください。「のみ」「必ず」などの断定は定義と照合し、管理監督者が医学的判断を抱え込まない点も確認します。,g-2e7e33c58c3fee39,脆弱性ストレスモデルとは？意味・根拠・試験で押さえるポイント,脆弱性ストレスモデルは、基礎・役割分野で頻出の用語です。脆弱性ストレスモデルでは、同じストレッサーでも、個人の特性、既往歴、支援資源、対処力などによって反応が異なると考えます。本記事では意味、試験での出題の仕方、混同しやすい点を整理します。,脆弱性ストレスモデルでは、同じストレッサーでも、個人の特性、既往歴、支援資源、対処力などによって反応が異なると考えます。職場では、ストレス要因を減らすことと、支援や相談しやすさを高めることの両方が大切です。,脆弱性ストレスモデルでは、同じストレッサーでも、個人の特性、既往歴、支援資源、対処力などによって反応が異なると考えます。;職場では、ストレス要因を減らすことと、支援や相談しやすさを高めることの両方が大切です。;職場では、用語の意味だけでなく、誰が対応し、どの情報を共有し、どの専門職につなぐかまで確認します。;実務では、用語を単独で覚えるのではなく、ラインケア・安全配慮・専門職連携の流れに置いて確認します。,根拠法令（労基法・労契法・労安法）の取り違え;「のみ」「必ず」などの断定表現に注意;管理監督者が医学的判断を抱え込む,「脆弱性ストレスモデル」は基礎・役割分野の用語。定義→職場での見方→連携先の順で整理し、関連演習で確認してください。,,,脆弱性ストレスモデルとは何ですか？,脆弱性ストレスモデルでは、同じストレッサーでも、個人の特性、既往歴、支援資源、対処力などによって反応が異なると考えます。,脆弱性ストレスモデルは試験でどのように問われますか？,「脆弱性ストレスモデル」は定義に加え、演習問題の正答肢キーワードと照合して覚えると定着しやすいです。関連演習へリンクした問題を解き、用語記事に戻って確認してください。,脆弱性ストレスモデルを学習するときの注意点は？,単語だけでなく、ラインケア・安全配慮・専門職連携の流れの中で意味を確認してください。数値や義務の有無は法令改正で変わる場合があるため、受験前に公式情報も確認してください。,y2026/q07,演習2026・第7問（基礎・労働安全衛生）
臨床心理士,臨床心理士,相談・連携・復職,相談・連携・復職,臨床心理士は、相談対応、社内外資源との連携、休業者の職場復帰支援に関わる用語です。,臨床心理士は、相談対応、社内外資源との連携、休業者の職場復帰支援に関わる用語です。まず「心の健康相談は保健師・看護師・精神保健福祉士・産業カウンセラー・臨床心理士等の専門資格を持つスタッフが担うことが望ましい」という出題上のポイントと結びつけて理解します。過去問・演習では「公認心理師は2017年施行の公認心理師法に基づく日本初の心理職国家資格」という形で扱われるため、単語だけでなく設問の場面も確認します。ラインケアの視点では、本人の話を聴き、必要な範囲で産業保健スタッフや社外資源へつなぐことが重要です。関連する用語として、保健師、産業カウンセラー、ストレス、ストレスチェックもあわせて確認すると理解がつながります。,保健師;産業カウンセラー;ストレス,,A,演習の正答の要点は「公認心理師は2017年施行の公認心理師法に基づく日本初の心理職国家資格」です。誤り肢は根拠法令の取り違え、対象範囲の限定（のみ・必ず）、責任主体の混同（会社のみ・管理監督者のみ）に注意してください。,g-da8be0af70a0708f,臨床心理士とは？意味・根拠・試験で押さえるポイント,臨床心理士は、相談・連携・復職分野で頻出の用語です。臨床心理士は、相談対応、社内外資源との連携、休業者の職場復帰支援に関わる用語です。本記事では意味、試験での出題の仕方、混同しやすい点を整理します。,臨床心理士は、相談対応、社内外資源との連携、休業者の職場復帰支援に関わる用語です。心の健康相談は保健師・看護師・精神保健福祉士・産業カウンセラー・臨床心理士等の専門資格を持つスタッフが担うことが望ましい。,臨床心理士は、相談対応、社内外資源との連携、休業者の職場復帰支援に関わる用語です。;まず「心の健康相談は保健師・看護師・精神保健福祉士・産業カウンセラー・臨床心理士等の専門資格を持つスタッフが担うことが望ましい」という出題上のポイントと結びつけて理解します。;過去問・演習では「公認心理師は2017年施行の公認心理師法に基づく日本初の心理職国家資格」という形で扱われるため、単語だけでなく設問の場面も確認します。;ラインケアの視点では、本人の話を聴き、必要な範囲で産業保健スタッフや社外資源へつなぐことが重要です。,手順の順序・禁止事項（やってはいけないこと）の混同;主治医と産業医の役割の逆転;管理監督者が医学的判断を抱え込む,「臨床心理士」は相談・連携・復職の重要語。定義→誰が何をするか→連携先の順で覚えると整理しやすい。,,,臨床心理士とは何ですか？,臨床心理士は、相談対応、社内外資源との連携、休業者の職場復帰支援に関わる用語です。,臨床心理士は試験でどのように問われますか？,「臨床心理士」は定義に加え、演習問題の正答肢キーワードと照合して覚えると定着しやすいです。関連演習へリンクした問題を解き、用語記事に戻って確認してください。,臨床心理士を学習するときの注意点は？,単語だけでなく、ラインケア・安全配慮・専門職連携の流れの中で意味を確認してください。数値や義務の有無は法令改正で変わる場合があるため、受験前に公式情報も確認してください。,y2026/q165,演習2026・第165問（臨床心理士）
自己充足的コミュニケーション,自己充足的コミュニケーション,基礎・役割,基礎・役割,自己充足的コミュニケーションは、話の聴き方、伝え方、相手への反応の仕方を考える際に使われます。,自己充足的コミュニケーションは、話の聴き方、伝え方、相手への反応の仕方を考える際に使われます。メンタルヘルス対応では、正論を押しつけるのではなく、相手が話しやすい関係をつくり、必要な支援へつなぐことが重要です。職場では、用語の意味だけでなく、誰が対応し、どの情報を共有し、どの専門職につなぐかまで確認します。実務では、用語を単独で覚えるのではなく、ラインケア・安全配慮・専門職連携の流れに置いて確認します。,36協定;DALYs損失;ILO（国際労働機関）,,A,「自己充足的コミュニケーション」は選択肢で根拠・対象範囲・責任の所在がずれる肢に注意してください。「のみ」「必ず」などの断定は定義と照合し、管理監督者が医学的判断を抱え込まない点も確認します。,g-6c2750cd2ea61204,自己充足的コミュニケーションとは？意味・根拠・試験で押さえるポイント,自己充足的コミュニケーションは、基礎・役割分野で頻出の用語です。自己充足的コミュニケーションは、話の聴き方、伝え方、相手への反応の仕方を考える際に使われます。本記事では意味、試験での出題の仕方、混同しやすい点を整理します。,自己充足的コミュニケーションは、話の聴き方、伝え方、相手への反応の仕方を考える際に使われます。メンタルヘルス対応では、正論を押しつけるのではなく、相手が話しやすい関係をつくり、必要な支援へつなぐことが重要です。,自己充足的コミュニケーションは、話の聴き方、伝え方、相手への反応の仕方を考える際に使われます。;メンタルヘルス対応では、正論を押しつけるのではなく、相手が話しやすい関係をつくり、必要な支援へつなぐことが重要です。;職場では、用語の意味だけでなく、誰が対応し、どの情報を共有し、どの専門職につなぐかまで確認します。;実務では、用語を単独で覚えるのではなく、ラインケア・安全配慮・専門職連携の流れに置いて確認します。,根拠法令（労基法・労契法・労安法）の取り違え;「のみ」「必ず」などの断定表現に注意;管理監督者が医学的判断を抱え込む,「自己充足的コミュニケーション」は基礎・役割分野の用語。定義→職場での見方→連携先の順で整理し、関連演習で確認してください。,,,自己充足的コミュニケーションとは何ですか？,自己充足的コミュニケーションは、話の聴き方、伝え方、相手への反応の仕方を考える際に使われます。,自己充足的コミュニケーションは試験でどのように問われますか？,「自己充足的コミュニケーション」は定義に加え、演習問題の正答肢キーワードと照合して覚えると定着しやすいです。関連演習へリンクした問題を解き、用語記事に戻って確認してください。,自己充足的コミュニケーションを学習するときの注意点は？,単語だけでなく、ラインケア・安全配慮・専門職連携の流れの中で意味を確認してください。数値や義務の有無は法令改正で変わる場合があるため、受験前に公式情報も確認してください。,y2026/q28,演習2026・第28問（傾聴・対人）
自律神経,自律神経,職場環境・配慮,職場環境・配慮,自律神経は、職場環境の評価・改善、個々の労働者への配慮、ストレスチェック制度に関わる用語です。,自律神経は、職場環境の評価・改善、個々の労働者への配慮、ストレスチェック制度に関わる用語です。まず「「手足が重たい」等の言語公式を繰り返すことで自律神経を調整する」という出題上のポイントと結びつけて理解します。過去問・演習では「自律訓練法はShultzが開発した自己催眠的リラクセーション技法」という形で扱われるため、単語だけでなく設問の場面も確認します。ラインケアの視点では、職場要因を把握し、業務量・裁量・支援体制など改善できる点へつなげることが重要です。関連する用語として、ストレス、リラクセーション、自律訓練法、薬物療法もあわせて確認すると理解がつながります。,ストレス;リラクセーション;自律訓練法,,A,演習の正答の要点は「自律訓練法はShultzが開発した自己催眠的リラクセーション技法」です。誤り肢は根拠法令の取り違え、対象範囲の限定（のみ・必ず）、責任主体の混同（会社のみ・管理監督者のみ）に注意してください。,g-be52c0f4d8ecaa3c,自律神経とは？意味・根拠・試験で押さえるポイント,自律神経は、職場環境・配慮分野で頻出の用語です。自律神経は、職場環境の評価・改善、個々の労働者への配慮、ストレスチェック制度に関わる用語です。本記事では意味、試験での出題の仕方、混同しやすい点を整理します。,自律神経は、職場環境の評価・改善、個々の労働者への配慮、ストレスチェック制度に関わる用語です。「手足が重たい。,自律神経は、職場環境の評価・改善、個々の労働者への配慮、ストレスチェック制度に関わる用語です。;まず「「手足が重たい」等の言語公式を繰り返すことで自律神経を調整する」という出題上のポイントと結びつけて理解します。;過去問・演習では「自律訓練法はShultzが開発した自己催眠的リラクセーション技法」という形で扱われるため、単語だけでなく設問の場面も確認します。;ラインケアの視点では、職場要因を把握し、業務量・裁量・支援体制など改善できる点へつなげることが重要です。,数値基準・義務の有無・誰が実施するかの混同;個人結果と集団分析の取り違え;管理監督者が医学的判断を抱え込む,「自律神経」は職場環境・配慮の重要語。定義→誰が何をするか→連携先の順で覚えると整理しやすい。,,,自律神経とは何ですか？,自律神経は、職場環境の評価・改善、個々の労働者への配慮、ストレスチェック制度に関わる用語です。,自律神経は試験でどのように問われますか？,「自律神経」は定義に加え、演習問題の正答肢キーワードと照合して覚えると定着しやすいです。関連演習へリンクした問題を解き、用語記事に戻って確認してください。,自律神経を学習するときの注意点は？,単語だけでなく、ラインケア・安全配慮・専門職連携の流れの中で意味を確認してください。数値や義務の有無は法令改正で変わる場合があるため、受験前に公式情報も確認してください。,y2026/q98,演習2026・第98問（自律神経）
自律神経（交感・副交感神経）,自律神経（交感・副交感神経）,基礎・役割,基礎・役割,自律神経（交感・副交感神経）は、メンタルヘルスケアの意義、管理監督者の役割、ストレスや疾病の基礎理解に関わる用語です。,自律神経（交感・副交感神経）は、メンタルヘルスケアの意義、管理監督者の役割、ストレスや疾病の基礎理解に関わる用語です。まず「自律神経（交感・副交感神経）は、試験では「自律訓練法はShultzが開発した自己催眠的リラクセーション技法」という文脈で確認される用語です」という出題上のポイントと結びつけて理解します。過去問・演習では「自律訓練法はShultzが開発した自己催眠的リラクセーション技法」という形で扱われるため、単語だけでなく設問の場面も確認します。ラインケアの視点では、管理監督者が医学的判断を抱え込まず、職場で観察できる事実と専門職への連携を分けて理解することが重要です。,36協定;DALYs損失;ILO（国際労働機関）,,A,演習の正答の要点は「自律訓練法はShultzが開発した自己催眠的リラクセーション技法」です。誤り肢は根拠法令の取り違え、対象範囲の限定（のみ・必ず）、責任主体の混同（会社のみ・管理監督者のみ）に注意してください。,g-1a5397b00d3c083b,自律神経（交感・副交感神経）とは？意味・根拠・試験で押さえるポイント,自律神経（交感・副交感神経）は、基礎・役割分野で頻出の用語です。自律神経（交感・副交感神経）は、メンタルヘルスケアの意義、管理監督者の役割、ストレスや疾病の基礎理解に関わる用語です。本記事では意味、試験での出題の仕方、混同しやすい点を整理します。,自律神経（交感・副交感神経）は、メンタルヘルスケアの意義、管理監督者の役割、ストレスや疾病の基礎理解に関わる用語です。自律神経（交感・副交感神経）は、試験では「自律訓練法はShultzが開発した自己催眠的リラクセーション技法。,自律神経（交感・副交感神経）は、メンタルヘルスケアの意義、管理監督者の役割、ストレスや疾病の基礎理解に関わる用語です。;まず「自律神経（交感・副交感神経）は、試験では「自律訓練法はShultzが開発した自己催眠的リラクセーション技法」という文脈で確認される用語です」という出題上のポイントと結びつけて理解します。;過去問・演習では「自律訓練法はShultzが開発した自己催眠的リラクセーション技法」という形で扱われるため、単語だけでなく設問の場面も確認します。;ラインケアの視点では、管理監督者が医学的判断を抱え込まず、職場で観察できる事実と専門職への連携を分けて理解することが重要です。,根拠法令（労基法・労契法・労安法）の取り違え;「のみ」「必ず」などの断定表現に注意;管理監督者が医学的判断を抱え込む,「自律神経（交感・副交感神経）」は基礎・役割の重要語。定義→誰が何をするか→連携先の順で覚えると整理しやすい。,,,自律神経（交感・副交感神経）とは何ですか？,自律神経（交感・副交感神経）は、メンタルヘルスケアの意義、管理監督者の役割、ストレスや疾病の基礎理解に関わる用語です。,自律神経（交感・副交感神経）は試験でどのように問われますか？,「自律神経（交感・副交感神経）」は定義に加え、演習問題の正答肢キーワードと照合して覚えると定着しやすいです。関連演習へリンクした問題を解き、用語記事に戻って確認してください。,自律神経（交感・副交感神経）を学習するときの注意点は？,単語だけでなく、ラインケア・安全配慮・専門職連携の流れの中で意味を確認してください。数値や義務の有無は法令改正で変わる場合があるため、受験前に公式情報も確認してください。,y2026/q82,演習2026・第82問（自律神経（交感・副交感神経））
自律訓練法,自律訓練法,職場環境・配慮,職場環境・配慮,自律訓練法は、職場環境の評価・改善、個々の労働者への配慮、ストレスチェック制度に関わる用語です。,自律訓練法は、職場環境の評価・改善、個々の労働者への配慮、ストレスチェック制度に関わる用語です。まず「自律訓練法はShultzが開発した自己催眠的リラクセーション技法」という出題上のポイントと結びつけて理解します。過去問・演習では「自律訓練法はShultzが開発した自己催眠的リラクセーション技法」という形で扱われるため、単語だけでなく設問の場面も確認します。ラインケアの視点では、職場要因を把握し、業務量・裁量・支援体制など改善できる点へつなげることが重要です。関連する用語として、ストレス、リラクセーション、自律神経、コーピングもあわせて確認すると理解がつながります。,ストレス;リラクセーション;自律神経,,A,演習の正答の要点は「自律訓練法はShultzが開発した自己催眠的リラクセーション技法」です。誤り肢は根拠法令の取り違え、対象範囲の限定（のみ・必ず）、責任主体の混同（会社のみ・管理監督者のみ）に注意してください。,g-34c9bfbb47f656ab,自律訓練法とは？意味・根拠・試験で押さえるポイント,自律訓練法は、職場環境・配慮分野で頻出の用語です。自律訓練法は、職場環境の評価・改善、個々の労働者への配慮、ストレスチェック制度に関わる用語です。本記事では意味、試験での出題の仕方、混同しやすい点を整理します。,自律訓練法は、職場環境の評価・改善、個々の労働者への配慮、ストレスチェック制度に関わる用語です。自律訓練法はShultzが開発した自己催眠的リラクセーション技法。,自律訓練法は、職場環境の評価・改善、個々の労働者への配慮、ストレスチェック制度に関わる用語です。;まず「自律訓練法はShultzが開発した自己催眠的リラクセーション技法」という出題上のポイントと結びつけて理解します。;過去問・演習では「自律訓練法はShultzが開発した自己催眠的リラクセーション技法」という形で扱われるため、単語だけでなく設問の場面も確認します。;ラインケアの視点では、職場要因を把握し、業務量・裁量・支援体制など改善できる点へつなげることが重要です。,数値基準・義務の有無・誰が実施するかの混同;個人結果と集団分析の取り違え;管理監督者が医学的判断を抱え込む,「自律訓練法」は職場環境・配慮の重要語。定義→誰が何をするか→連携先の順で覚えると整理しやすい。,,,自律訓練法とは何ですか？,自律訓練法は、職場環境の評価・改善、個々の労働者への配慮、ストレスチェック制度に関わる用語です。,自律訓練法は試験でどのように問われますか？,「自律訓練法」は定義に加え、演習問題の正答肢キーワードと照合して覚えると定着しやすいです。関連演習へリンクした問題を解き、用語記事に戻って確認してください。,自律訓練法を学習するときの注意点は？,単語だけでなく、ラインケア・安全配慮・専門職連携の流れの中で意味を確認してください。数値や義務の有無は法令改正で変わる場合があるため、受験前に公式情報も確認してください。,y2026/q98,演習2026・第98問（自律訓練法）
自殺対策基本法,自殺対策基本法,相談・連携・復職,相談・連携・復職,自殺対策基本法は、自殺を個人の問題だけでなく社会的要因を含む問題として捉え、国、地方公共団体、関係機関が連携して対策を進める考え方を示します。,自殺対策基本法は、自殺を個人の問題だけでなく社会的要因を含む問題として捉え、国、地方公共団体、関係機関が連携して対策を進める考え方を示します。職場では、過重労働、ハラスメント、孤立、相談体制が関連します。職場では、用語の意味だけでなく、誰が対応し、どの情報を共有し、どの専門職につなぐかまで確認します。実務では、本人の安心感を保ちつつ、社内外の支援先とどのタイミングで連携するかを意識します。,いのちの電話;こころの耳メール相談;こころの耳電話相談,,A,「自殺対策基本法」は選択肢で根拠・対象範囲・責任の所在がずれる肢に注意してください。「のみ」「必ず」などの断定は定義と照合し、管理監督者が医学的判断を抱え込まない点も確認します。,g-9154dce3f8a5089e,自殺対策基本法とは？意味・根拠・試験で押さえるポイント,自殺対策基本法は、相談・連携・復職分野で頻出の用語です。自殺対策基本法は、自殺を個人の問題だけでなく社会的要因を含む問題として捉え、国、地方公共団体、関係機関が連携して対策を進める考え方を示します。本記事では意味、試験での出題の仕方、混同しやすい点を整理します。,自殺対策基本法は、自殺を個人の問題だけでなく社会的要因を含む問題として捉え、国、地方公共団体、関係機関が連携して対策を進める考え方を示します。職場では、過重労働、ハラスメント、孤立、相談体制が関連します。,自殺対策基本法は、自殺を個人の問題だけでなく社会的要因を含む問題として捉え、国、地方公共団体、関係機関が連携して対策を進める考え方を示します。;職場では、過重労働、ハラスメント、孤立、相談体制が関連します。;職場では、用語の意味だけでなく、誰が対応し、どの情報を共有し、どの専門職につなぐかまで確認します。;実務では、本人の安心感を保ちつつ、社内外の支援先とどのタイミングで連携するかを意識します。,手順の順序・禁止事項（やってはいけないこと）の混同;主治医と産業医の役割の逆転;管理監督者が医学的判断を抱え込む,「自殺対策基本法」は相談・連携・復職分野の用語。定義→職場での見方→連携先の順で整理し、関連演習で確認してください。,,,自殺対策基本法とは何ですか？,自殺対策基本法は、自殺を個人の問題だけでなく社会的要因を含む問題として捉え、国、地方公共団体、関係機関が連携して対策を進める考え方を示します。,自殺対策基本法は試験でどのように問われますか？,「自殺対策基本法」は定義に加え、演習問題の正答肢キーワードと照合して覚えると定着しやすいです。関連演習へリンクした問題を解き、用語記事に戻って確認してください。,自殺対策基本法を学習するときの注意点は？,単語だけでなく、ラインケア・安全配慮・専門職連携の流れの中で意味を確認してください。数値や義務の有無は法令改正で変わる場合があるため、受験前に公式情報も確認してください。,y2026/q28,演習2026・第28問（相談・傾聴）
自殺総合対策大綱,自殺総合対策大綱,相談・連携・復職,相談・連携・復職,自殺総合対策大綱は、相談対応、社内外資源との連携、休業者の職場復帰支援に関わる用語です。,自殺総合対策大綱は、相談対応、社内外資源との連携、休業者の職場復帰支援に関わる用語です。まず「自殺総合対策大綱でも普及が推進されている」という出題上のポイントと結びつけて理解します。過去問・演習では「気づく・傾聴する・つなぐ・見守るの4つの役割を担い、管理監督者を含む誰もがゲートキーパーになれる」という形で扱われるため、単語だけでなく設問の場面も確認します。ラインケアの視点では、本人の話を聴き、必要な範囲で産業保健スタッフや社外資源へつなぐことが重要です。関連する用語として、傾聴、精神科もあわせて確認すると理解がつながります。,傾聴;精神科;確認すると理解がつながります,,A,演習の正答の要点は「気づく・傾聴する・つなぐ・見守るの4つの役割を担い、管理監督者を含む誰もがゲートキーパーになれる」です。誤り肢は根拠法令の取り違え、対象範囲の限定（のみ・必ず）、責任主体の混同（会社のみ・管理監督者のみ）に注意してください。,g-30e647a1f3c0b56b,自殺総合対策大綱とは？意味・根拠・試験で押さえるポイント,自殺総合対策大綱は、相談・連携・復職分野で頻出の用語です。自殺総合対策大綱は、相談対応、社内外資源との連携、休業者の職場復帰支援に関わる用語です。本記事では意味、試験での出題の仕方、混同しやすい点を整理します。,自殺総合対策大綱は、相談対応、社内外資源との連携、休業者の職場復帰支援に関わる用語です。自殺総合対策大綱でも普及が推進されている。,自殺総合対策大綱は、相談対応、社内外資源との連携、休業者の職場復帰支援に関わる用語です。;まず「自殺総合対策大綱でも普及が推進されている」という出題上のポイントと結びつけて理解します。;過去問・演習では「気づく・傾聴する・つなぐ・見守るの4つの役割を担い、管理監督者を含む誰もがゲートキーパーになれる」という形で扱われるため、単語だけでなく設問の場面も確認します。;ラインケアの視点では、本人の話を聴き、必要な範囲で産業保健スタッフや社外資源へつなぐことが重要です。,手順の順序・禁止事項（やってはいけないこと）の混同;主治医と産業医の役割の逆転;管理監督者が医学的判断を抱え込む,「自殺総合対策大綱」は相談・連携・復職の重要語。定義→誰が何をするか→連携先の順で覚えると整理しやすい。,,,自殺総合対策大綱とは何ですか？,自殺総合対策大綱は、相談対応、社内外資源との連携、休業者の職場復帰支援に関わる用語です。,自殺総合対策大綱は試験でどのように問われますか？,「自殺総合対策大綱」は定義に加え、演習問題の正答肢キーワードと照合して覚えると定着しやすいです。関連演習へリンクした問題を解き、用語記事に戻って確認してください。,自殺総合対策大綱を学習するときの注意点は？,単語だけでなく、ラインケア・安全配慮・専門職連携の流れの中で意味を確認してください。数値や義務の有無は法令改正で変わる場合があるため、受験前に公式情報も確認してください。,y2026/q190,演習2026・第190問（自殺総合対策大綱）
自閉スペクトラム症,自閉スペクトラム症,基礎・役割,基礎・役割,自閉スペクトラム症は、メンタルヘルスケアの意義、管理監督者の役割、ストレスや疾病の基礎理解に関わる用語です。,自閉スペクトラム症は、メンタルヘルスケアの意義、管理監督者の役割、ストレスや疾病の基礎理解に関わる用語です。まず「ASD（自閉スペクトラム症）の特性：社会的コミュニケーション困難・非言語コミュニケーションの困難・こだわり・感覚過敏等」という出題上のポイントと結びつけて理解します。過去問・演習では「ASD（自閉スペクトラム症）の特性：社会的コミュニケーション困難・非言語コミュニケーションの困難・こだわり・感覚過敏等」という形で扱われるため、単語だけでなく設問の場面も確認します。ラインケアの視点では、管理監督者が医学的判断を抱え込まず、職場で観察できる事実と専門職への連携を分けて理解することが重要です。関連する用語として、ストレス、心身症、発達障害もあわせて確認すると理解がつながります。,ストレス;心身症;発達障害,,A,演習の正答の要点は「ASD（自閉スペクトラム症）の特性：社会的コミュニケーション困難・非言語コミュニケーションの困難・こだわり・感覚過敏等」です。誤り肢は根拠法令の取り違え、対象範囲の限定（のみ・必ず）、責任主体の混同（会社のみ・管理監督者のみ）に注意してください。,g-0f36f3772c66b1dd,自閉スペクトラム症とは？意味・根拠・試験で押さえるポイント,自閉スペクトラム症は、基礎・役割分野で頻出の用語です。自閉スペクトラム症は、メンタルヘルスケアの意義、管理監督者の役割、ストレスや疾病の基礎理解に関わる用語です。本記事では意味、試験での出題の仕方、混同しやすい点を整理します。,自閉スペクトラム症は、メンタルヘルスケアの意義、管理監督者の役割、ストレスや疾病の基礎理解に関わる用語です。ASD（自閉スペクトラム症）の特性：社会的コミュニケーション困難・非言語コミュニケーションの困難・こだわり・感覚過敏等。,自閉スペクトラム症は、メンタルヘルスケアの意義、管理監督者の役割、ストレスや疾病の基礎理解に関わる用語です。;まず「ASD（自閉スペクトラム症）の特性：社会的コミュニケーション困難・非言語コミュニケーションの困難・こだわり・感覚過敏等」という出題上のポイントと結びつけて理解します。;過去問・演習では「ASD（自閉スペクトラム症）の特性：社会的コミュニケーション困難・非言語コミュニケーションの困難・こだわり・感覚過敏等」という形で扱われるため、単語だけでなく設問の場面も確認します。;ラインケアの視点では、管理監督者が医学的判断を抱え込まず、職場で観察できる事実と専門職への連携を分けて理解することが重要です。,根拠法令（労基法・労契法・労安法）の取り違え;「のみ」「必ず」などの断定表現に注意;管理監督者が医学的判断を抱え込む,「自閉スペクトラム症」は基礎・役割の重要語。定義→誰が何をするか→連携先の順で覚えると整理しやすい。,,,自閉スペクトラム症とは何ですか？,自閉スペクトラム症は、メンタルヘルスケアの意義、管理監督者の役割、ストレスや疾病の基礎理解に関わる用語です。,自閉スペクトラム症は試験でどのように問われますか？,「自閉スペクトラム症」は定義に加え、演習問題の正答肢キーワードと照合して覚えると定着しやすいです。関連演習へリンクした問題を解き、用語記事に戻って確認してください。,自閉スペクトラム症を学習するときの注意点は？,単語だけでなく、ラインケア・安全配慮・専門職連携の流れの中で意味を確認してください。数値や義務の有無は法令改正で変わる場合があるため、受験前に公式情報も確認してください。,y2026/q209,演習2026・第209問（自閉スペクトラム症）
薬物療法,薬物療法,基礎・役割,基礎・役割,薬物療法は、メンタルヘルスケアの意義、管理監督者の役割、ストレスや疾病の基礎理解に関わる用語です。,薬物療法は、メンタルヘルスケアの意義、管理監督者の役割、ストレスや疾病の基礎理解に関わる用語です。まず「薬物療法（SSRI等）と認知行動療法が有効」という出題上のポイントと結びつけて理解します。過去問・演習では「パニック障害はパニック発作の繰り返しと予期不安が特徴」という形で扱われるため、単語だけでなく設問の場面も確認します。ラインケアの視点では、管理監督者が医学的判断を抱え込まず、職場で観察できる事実と専門職への連携を分けて理解することが重要です。関連する用語として、ストレス、認知行動療法、うつ病、心理療法もあわせて確認すると理解がつながります。,ストレス;認知行動療法;うつ病,,A,演習の正答の要点は「パニック障害はパニック発作の繰り返しと予期不安が特徴」です。誤り肢は根拠法令の取り違え、対象範囲の限定（のみ・必ず）、責任主体の混同（会社のみ・管理監督者のみ）に注意してください。,g-dbed7adbe8465a66,薬物療法とは？意味・根拠・試験で押さえるポイント,薬物療法は、基礎・役割分野で頻出の用語です。薬物療法は、メンタルヘルスケアの意義、管理監督者の役割、ストレスや疾病の基礎理解に関わる用語です。本記事では意味、試験での出題の仕方、混同しやすい点を整理します。,薬物療法は、メンタルヘルスケアの意義、管理監督者の役割、ストレスや疾病の基礎理解に関わる用語です。薬物療法（SSRI等）と認知行動療法が有効。,薬物療法は、メンタルヘルスケアの意義、管理監督者の役割、ストレスや疾病の基礎理解に関わる用語です。;まず「薬物療法（SSRI等）と認知行動療法が有効」という出題上のポイントと結びつけて理解します。;過去問・演習では「パニック障害はパニック発作の繰り返しと予期不安が特徴」という形で扱われるため、単語だけでなく設問の場面も確認します。;ラインケアの視点では、管理監督者が医学的判断を抱え込まず、職場で観察できる事実と専門職への連携を分けて理解することが重要です。,根拠法令（労基法・労契法・労安法）の取り違え;「のみ」「必ず」などの断定表現に注意;管理監督者が医学的判断を抱え込む,「薬物療法」は基礎・役割の重要語。定義→誰が何をするか→連携先の順で覚えると整理しやすい。,,,薬物療法とは何ですか？,薬物療法は、メンタルヘルスケアの意義、管理監督者の役割、ストレスや疾病の基礎理解に関わる用語です。,薬物療法は試験でどのように問われますか？,「薬物療法」は定義に加え、演習問題の正答肢キーワードと照合して覚えると定着しやすいです。関連演習へリンクした問題を解き、用語記事に戻って確認してください。,薬物療法を学習するときの注意点は？,単語だけでなく、ラインケア・安全配慮・専門職連携の流れの中で意味を確認してください。数値や義務の有無は法令改正で変わる場合があるため、受験前に公式情報も確認してください。,y2026/q55,演習2026・第55問（薬物療法）
衛生委員会,衛生委員会,基礎・役割,基礎・役割,衛生委員会は、メンタルヘルスケアの意義、管理監督者の役割、ストレスや疾病の基礎理解に関わる用語です。,衛生委員会は、メンタルヘルスケアの意義、管理監督者の役割、ストレスや疾病の基礎理解に関わる用語です。まず「心の健康づくり計画は衛生委員会等で調査審議のうえ策定し、労働者への周知が必要」という出題上のポイントと結びつけて理解します。過去問・演習では「心の健康づくり計画は衛生委員会等で調査審議のうえ策定し、労働者への周知が必要」という形で扱われるため、単語だけでなく設問の場面も確認します。ラインケアの視点では、管理監督者が医学的判断を抱え込まず、職場で観察できる事実と専門職への連携を分けて理解することが重要です。関連する用語として、労働災害、長時間労働、面接指導、ストレスもあわせて確認すると理解がつながります。,労働災害;長時間労働;面接指導,,A,演習の正答の要点は「心の健康づくり計画は衛生委員会等で調査審議のうえ策定し、労働者への周知が必要」です。誤り肢は根拠法令の取り違え、対象範囲の限定（のみ・必ず）、責任主体の混同（会社のみ・管理監督者のみ）に注意してください。,g-3f7784d36d923347,衛生委員会とは？意味・根拠・試験で押さえるポイント,衛生委員会は、基礎・役割分野で頻出の用語です。衛生委員会は、メンタルヘルスケアの意義、管理監督者の役割、ストレスや疾病の基礎理解に関わる用語です。本記事では意味、試験での出題の仕方、混同しやすい点を整理します。,衛生委員会は、メンタルヘルスケアの意義、管理監督者の役割、ストレスや疾病の基礎理解に関わる用語です。心の健康づくり計画は衛生委員会等で調査審議のうえ策定し、労働者への周知が必要。,衛生委員会は、メンタルヘルスケアの意義、管理監督者の役割、ストレスや疾病の基礎理解に関わる用語です。;まず「心の健康づくり計画は衛生委員会等で調査審議のうえ策定し、労働者への周知が必要」という出題上のポイントと結びつけて理解します。;過去問・演習では「心の健康づくり計画は衛生委員会等で調査審議のうえ策定し、労働者への周知が必要」という形で扱われるため、単語だけでなく設問の場面も確認します。;ラインケアの視点では、管理監督者が医学的判断を抱え込まず、職場で観察できる事実と専門職への連携を分けて理解することが重要です。,根拠法令（労基法・労契法・労安法）の取り違え;「のみ」「必ず」などの断定表現に注意;管理監督者が医学的判断を抱え込む,「衛生委員会」は基礎・役割の重要語。定義→誰が何をするか→連携先の順で覚えると整理しやすい。,,,衛生委員会とは何ですか？,衛生委員会は、メンタルヘルスケアの意義、管理監督者の役割、ストレスや疾病の基礎理解に関わる用語です。,衛生委員会は試験でどのように問われますか？,「衛生委員会」は定義に加え、演習問題の正答肢キーワードと照合して覚えると定着しやすいです。関連演習へリンクした問題を解き、用語記事に戻って確認してください。,衛生委員会を学習するときの注意点は？,単語だけでなく、ラインケア・安全配慮・専門職連携の流れの中で意味を確認してください。数値や義務の有無は法令改正で変わる場合があるため、受験前に公式情報も確認してください。,y2026/q08,演習2026・第8問（衛生委員会）
衛生推進者,衛生推進者,基礎・役割,基礎・役割,衛生推進者は、一定規模の事業場で衛生に関する業務を推進する役割を担います。,衛生推進者は、一定規模の事業場で衛生に関する業務を推進する役割を担います。産業医や衛生管理者の選任義務がない小規模事業場でも、健康確保や安全衛生管理を進めるための体制づくりが求められます。職場では、用語の意味だけでなく、誰が対応し、どの情報を共有し、どの専門職につなぐかまで確認します。実務では、用語を単独で覚えるのではなく、ラインケア・安全配慮・専門職連携の流れに置いて確認します。,36協定;DALYs損失;ILO（国際労働機関）,,A,「衛生推進者」は選択肢で根拠・対象範囲・責任の所在がずれる肢に注意してください。「のみ」「必ず」などの断定は定義と照合し、管理監督者が医学的判断を抱え込まない点も確認します。,g-e54baf54f51da2a5,衛生推進者とは？意味・根拠・試験で押さえるポイント,衛生推進者は、基礎・役割分野で頻出の用語です。衛生推進者は、一定規模の事業場で衛生に関する業務を推進する役割を担います。本記事では意味、試験での出題の仕方、混同しやすい点を整理します。,衛生推進者は、一定規模の事業場で衛生に関する業務を推進する役割を担います。産業医や衛生管理者の選任義務がない小規模事業場でも、健康確保や安全衛生管理を進めるための体制づくりが求められます。,衛生推進者は、一定規模の事業場で衛生に関する業務を推進する役割を担います。;産業医や衛生管理者の選任義務がない小規模事業場でも、健康確保や安全衛生管理を進めるための体制づくりが求められます。;職場では、用語の意味だけでなく、誰が対応し、どの情報を共有し、どの専門職につなぐかまで確認します。;実務では、用語を単独で覚えるのではなく、ラインケア・安全配慮・専門職連携の流れに置いて確認します。,根拠法令（労基法・労契法・労安法）の取り違え;「のみ」「必ず」などの断定表現に注意;管理監督者が医学的判断を抱え込む,「衛生推進者」は基礎・役割分野の用語。定義→職場での見方→連携先の順で整理し、関連演習で確認してください。,,,衛生推進者とは何ですか？,衛生推進者は、一定規模の事業場で衛生に関する業務を推進する役割を担います。,衛生推進者は試験でどのように問われますか？,「衛生推進者」は定義に加え、演習問題の正答肢キーワードと照合して覚えると定着しやすいです。関連演習へリンクした問題を解き、用語記事に戻って確認してください。,衛生推進者を学習するときの注意点は？,単語だけでなく、ラインケア・安全配慮・専門職連携の流れの中で意味を確認してください。数値や義務の有無は法令改正で変わる場合があるため、受験前に公式情報も確認してください。,y2026/q07,演習2026・第7問（基礎・労働安全衛生）
衛生管理者,衛生管理者,相談・連携・復職,相談・連携・復職,衛生管理者は、相談対応、社内外資源との連携、休業者の職場復帰支援に関わる用語です。,衛生管理者は、相談対応、社内外資源との連携、休業者の職場復帰支援に関わる用語です。まず「衛生管理者の選任義務は常時50人以上の事業場」という出題上のポイントと結びつけて理解します。過去問・演習では「衛生管理者の選任義務は常時50人以上の事業場」という形で扱われるため、単語だけでなく設問の場面も確認します。ラインケアの視点では、本人の話を聴き、必要な範囲で産業保健スタッフや社外資源へつなぐことが重要です。関連する用語として、事業場内産業保健スタッフ等によるケア、事業場外資源によるケア、産業医、セルフケアもあわせて確認すると理解がつながります。,事業場内産業保健スタッフ等によるケア;事業場外資源によるケア;産業医,,A,演習の正答の要点は「衛生管理者の選任義務は常時50人以上の事業場」です。誤り肢は根拠法令の取り違え、対象範囲の限定（のみ・必ず）、責任主体の混同（会社のみ・管理監督者のみ）に注意してください。,g-3a5bc1f120d50d25,衛生管理者とは？意味・根拠・試験で押さえるポイント,衛生管理者は、相談・連携・復職分野で頻出の用語です。衛生管理者は、相談対応、社内外資源との連携、休業者の職場復帰支援に関わる用語です。本記事では意味、試験での出題の仕方、混同しやすい点を整理します。,衛生管理者は、相談対応、社内外資源との連携、休業者の職場復帰支援に関わる用語です。衛生管理者の選任義務は常時50人以上の事業場。,衛生管理者は、相談対応、社内外資源との連携、休業者の職場復帰支援に関わる用語です。;まず「衛生管理者の選任義務は常時50人以上の事業場」という出題上のポイントと結びつけて理解します。;過去問・演習では「衛生管理者の選任義務は常時50人以上の事業場」という形で扱われるため、単語だけでなく設問の場面も確認します。;ラインケアの視点では、本人の話を聴き、必要な範囲で産業保健スタッフや社外資源へつなぐことが重要です。,手順の順序・禁止事項（やってはいけないこと）の混同;主治医と産業医の役割の逆転;管理監督者が医学的判断を抱え込む,「衛生管理者」は相談・連携・復職の重要語。定義→誰が何をするか→連携先の順で覚えると整理しやすい。,,,衛生管理者とは何ですか？,衛生管理者は、相談対応、社内外資源との連携、休業者の職場復帰支援に関わる用語です。,衛生管理者は試験でどのように問われますか？,「衛生管理者」は定義に加え、演習問題の正答肢キーワードと照合して覚えると定着しやすいです。関連演習へリンクした問題を解き、用語記事に戻って確認してください。,衛生管理者を学習するときの注意点は？,単語だけでなく、ラインケア・安全配慮・専門職連携の流れの中で意味を確認してください。数値や義務の有無は法令改正で変わる場合があるため、受験前に公式情報も確認してください。,y2026/q02,演習2026・第2問（衛生管理者）
視床下部,視床下部,基礎・役割,基礎・役割,視床下部は、ストレッサーに対する身体反応や心理反応を説明する際に使われます。,視床下部は、ストレッサーに対する身体反応や心理反応を説明する際に使われます。急性の緊張反応、慢性的な疲労や不調、自律神経系や内分泌系の反応などを、ストレス反応の流れとして理解します。職場では、用語の意味だけでなく、誰が対応し、どの情報を共有し、どの専門職につなぐかまで確認します。実務では、用語を単独で覚えるのではなく、ラインケア・安全配慮・専門職連携の流れに置いて確認します。,36協定;DALYs損失;ILO（国際労働機関）,,A,「視床下部」は選択肢で根拠・対象範囲・責任の所在がずれる肢に注意してください。「のみ」「必ず」などの断定は定義と照合し、管理監督者が医学的判断を抱え込まない点も確認します。,g-114853b03215b165,視床下部とは？意味・根拠・試験で押さえるポイント,視床下部は、基礎・役割分野で頻出の用語です。視床下部は、ストレッサーに対する身体反応や心理反応を説明する際に使われます。本記事では意味、試験での出題の仕方、混同しやすい点を整理します。,視床下部は、ストレッサーに対する身体反応や心理反応を説明する際に使われます。急性の緊張反応、慢性的な疲労や不調、自律神経系や内分泌系の反応などを、ストレス反応の流れとして理解します。,視床下部は、ストレッサーに対する身体反応や心理反応を説明する際に使われます。;急性の緊張反応、慢性的な疲労や不調、自律神経系や内分泌系の反応などを、ストレス反応の流れとして理解します。;職場では、用語の意味だけでなく、誰が対応し、どの情報を共有し、どの専門職につなぐかまで確認します。;実務では、用語を単独で覚えるのではなく、ラインケア・安全配慮・専門職連携の流れに置いて確認します。,根拠法令（労基法・労契法・労安法）の取り違え;「のみ」「必ず」などの断定表現に注意;管理監督者が医学的判断を抱え込む,「視床下部」は基礎・役割分野の用語。定義→職場での見方→連携先の順で整理し、関連演習で確認してください。,,,視床下部とは何ですか？,視床下部は、ストレッサーに対する身体反応や心理反応を説明する際に使われます。,視床下部は試験でどのように問われますか？,「視床下部」は定義に加え、演習問題の正答肢キーワードと照合して覚えると定着しやすいです。関連演習へリンクした問題を解き、用語記事に戻って確認してください。,視床下部を学習するときの注意点は？,単語だけでなく、ラインケア・安全配慮・専門職連携の流れの中で意味を確認してください。数値や義務の有無は法令改正で変わる場合があるため、受験前に公式情報も確認してください。,y2026/q07,演習2026・第7問（基礎・労働安全衛生）
認知行動療法,認知行動療法,基礎・役割,基礎・役割,認知行動療法は、メンタルヘルスケアの意義、管理監督者の役割、ストレスや疾病の基礎理解に関わる用語です。,認知行動療法は、メンタルヘルスケアの意義、管理監督者の役割、ストレスや疾病の基礎理解に関わる用語です。まず「薬物療法（SSRI等）と認知行動療法が有効」という出題上のポイントと結びつけて理解します。過去問・演習では「CBTは認知（思考パターン）と行動の両面に働きかける心理療法」という形で扱われるため、単語だけでなく設問の場面も確認します。ラインケアの視点では、管理監督者が医学的判断を抱え込まず、職場で観察できる事実と専門職への連携を分けて理解することが重要です。関連する用語として、ストレス、薬物療法、SSRI、パニック障害もあわせて確認すると理解がつながります。,ストレス;薬物療法;SSRI,,A,演習の正答の要点は「CBTは認知（思考パターン）と行動の両面に働きかける心理療法」です。誤り肢は根拠法令の取り違え、対象範囲の限定（のみ・必ず）、責任主体の混同（会社のみ・管理監督者のみ）に注意してください。,g-790e1b8206793bd6,認知行動療法とは？意味・根拠・試験で押さえるポイント,認知行動療法は、基礎・役割分野で頻出の用語です。認知行動療法は、メンタルヘルスケアの意義、管理監督者の役割、ストレスや疾病の基礎理解に関わる用語です。本記事では意味、試験での出題の仕方、混同しやすい点を整理します。,認知行動療法は、メンタルヘルスケアの意義、管理監督者の役割、ストレスや疾病の基礎理解に関わる用語です。薬物療法（SSRI等）と認知行動療法が有効。,認知行動療法は、メンタルヘルスケアの意義、管理監督者の役割、ストレスや疾病の基礎理解に関わる用語です。;まず「薬物療法（SSRI等）と認知行動療法が有効」という出題上のポイントと結びつけて理解します。;過去問・演習では「CBTは認知（思考パターン）と行動の両面に働きかける心理療法」という形で扱われるため、単語だけでなく設問の場面も確認します。;ラインケアの視点では、管理監督者が医学的判断を抱え込まず、職場で観察できる事実と専門職への連携を分けて理解することが重要です。,根拠法令（労基法・労契法・労安法）の取り違え;「のみ」「必ず」などの断定表現に注意;管理監督者が医学的判断を抱え込む,「認知行動療法」は基礎・役割の重要語。定義→誰が何をするか→連携先の順で覚えると整理しやすい。,,,認知行動療法とは何ですか？,認知行動療法は、メンタルヘルスケアの意義、管理監督者の役割、ストレスや疾病の基礎理解に関わる用語です。,認知行動療法は試験でどのように問われますか？,「認知行動療法」は定義に加え、演習問題の正答肢キーワードと照合して覚えると定着しやすいです。関連演習へリンクした問題を解き、用語記事に戻って確認してください。,認知行動療法を学習するときの注意点は？,単語だけでなく、ラインケア・安全配慮・専門職連携の流れの中で意味を確認してください。数値や義務の有無は法令改正で変わる場合があるため、受験前に公式情報も確認してください。,y2026/q83,演習2026・第83問（認知行動療法）
警告反応,警告反応,基礎・役割,基礎・役割,警告反応は、メンタルヘルスケアの意義、管理監督者の役割、ストレスや疾病の基礎理解に関わる用語です。,警告反応は、メンタルヘルスケアの意義、管理監督者の役割、ストレスや疾病の基礎理解に関わる用語です。まず「セリエの汎適応症候群は警告反応期→抵抗期→疲憊期の3段階」という出題上のポイントと結びつけて理解します。過去問・演習では「セリエの汎適応症候群は警告反応期→抵抗期→疲憊期の3段階」という形で扱われるため、単語だけでなく設問の場面も確認します。ラインケアの視点では、管理監督者が医学的判断を抱え込まず、職場で観察できる事実と専門職への連携を分けて理解することが重要です。関連する用語として、ストレス、ストレス反応、抵抗期、汎適応症候群もあわせて確認すると理解がつながります。,ストレス;ストレス反応;抵抗期,,A,演習の正答の要点は「セリエの汎適応症候群は警告反応期→抵抗期→疲憊期の3段階」です。誤り肢は根拠法令の取り違え、対象範囲の限定（のみ・必ず）、責任主体の混同（会社のみ・管理監督者のみ）に注意してください。,g-b468e644fd282742,警告反応とは？意味・根拠・試験で押さえるポイント,警告反応は、基礎・役割分野で頻出の用語です。警告反応は、メンタルヘルスケアの意義、管理監督者の役割、ストレスや疾病の基礎理解に関わる用語です。本記事では意味、試験での出題の仕方、混同しやすい点を整理します。,警告反応は、メンタルヘルスケアの意義、管理監督者の役割、ストレスや疾病の基礎理解に関わる用語です。セリエの汎適応症候群は警告反応期→抵抗期→疲憊期の3段階。,警告反応は、メンタルヘルスケアの意義、管理監督者の役割、ストレスや疾病の基礎理解に関わる用語です。;まず「セリエの汎適応症候群は警告反応期→抵抗期→疲憊期の3段階」という出題上のポイントと結びつけて理解します。;過去問・演習では「セリエの汎適応症候群は警告反応期→抵抗期→疲憊期の3段階」という形で扱われるため、単語だけでなく設問の場面も確認します。;ラインケアの視点では、管理監督者が医学的判断を抱え込まず、職場で観察できる事実と専門職への連携を分けて理解することが重要です。,根拠法令（労基法・労契法・労安法）の取り違え;「のみ」「必ず」などの断定表現に注意;管理監督者が医学的判断を抱え込む,「警告反応」は基礎・役割の重要語。定義→誰が何をするか→連携先の順で覚えると整理しやすい。,,,警告反応とは何ですか？,警告反応は、メンタルヘルスケアの意義、管理監督者の役割、ストレスや疾病の基礎理解に関わる用語です。,警告反応は試験でどのように問われますか？,「警告反応」は定義に加え、演習問題の正答肢キーワードと照合して覚えると定着しやすいです。関連演習へリンクした問題を解き、用語記事に戻って確認してください。,警告反応を学習するときの注意点は？,単語だけでなく、ラインケア・安全配慮・専門職連携の流れの中で意味を確認してください。数値や義務の有無は法令改正で変わる場合があるため、受験前に公式情報も確認してください。,y2026/q13,演習2026・第13問（警告反応）
躁うつ病,躁うつ病,基礎・役割,基礎・役割,躁うつ病は、メンタルヘルスケアの意義、管理監督者の役割、ストレスや疾病の基礎理解に関わる用語です。,躁うつ病は、メンタルヘルスケアの意義、管理監督者の役割、ストレスや疾病の基礎理解に関わる用語です。まず「躁うつ病は、試験では「双極性障害は躁状態と抑うつ状態が交互に出現」という文脈で確認される用語です」という出題上のポイントと結びつけて理解します。過去問・演習では「双極性障害は躁状態と抑うつ状態が交互に出現」という形で扱われるため、単語だけでなく設問の場面も確認します。ラインケアの視点では、管理監督者が医学的判断を抱え込まず、職場で観察できる事実と専門職への連携を分けて理解することが重要です。関連する用語として、うつ病、ストレス、抗うつ薬、躁状態もあわせて確認すると理解がつながります。,うつ病;ストレス;抗うつ薬,,A,演習の正答の要点は「双極性障害は躁状態と抑うつ状態が交互に出現」です。誤り肢は根拠法令の取り違え、対象範囲の限定（のみ・必ず）、責任主体の混同（会社のみ・管理監督者のみ）に注意してください。,g-4022fb62516dc51e,躁うつ病とは？意味・根拠・試験で押さえるポイント,躁うつ病は、基礎・役割分野で頻出の用語です。躁うつ病は、メンタルヘルスケアの意義、管理監督者の役割、ストレスや疾病の基礎理解に関わる用語です。本記事では意味、試験での出題の仕方、混同しやすい点を整理します。,躁うつ病は、メンタルヘルスケアの意義、管理監督者の役割、ストレスや疾病の基礎理解に関わる用語です。躁うつ病は、試験では「双極性障害は躁状態と抑うつ状態が交互に出現。,躁うつ病は、メンタルヘルスケアの意義、管理監督者の役割、ストレスや疾病の基礎理解に関わる用語です。;まず「躁うつ病は、試験では「双極性障害は躁状態と抑うつ状態が交互に出現」という文脈で確認される用語です」という出題上のポイントと結びつけて理解します。;過去問・演習では「双極性障害は躁状態と抑うつ状態が交互に出現」という形で扱われるため、単語だけでなく設問の場面も確認します。;ラインケアの視点では、管理監督者が医学的判断を抱え込まず、職場で観察できる事実と専門職への連携を分けて理解することが重要です。,根拠法令（労基法・労契法・労安法）の取り違え;「のみ」「必ず」などの断定表現に注意;管理監督者が医学的判断を抱え込む,「躁うつ病」は基礎・役割の重要語。定義→誰が何をするか→連携先の順で覚えると整理しやすい。,,,躁うつ病とは何ですか？,躁うつ病は、メンタルヘルスケアの意義、管理監督者の役割、ストレスや疾病の基礎理解に関わる用語です。,躁うつ病は試験でどのように問われますか？,「躁うつ病」は定義に加え、演習問題の正答肢キーワードと照合して覚えると定着しやすいです。関連演習へリンクした問題を解き、用語記事に戻って確認してください。,躁うつ病を学習するときの注意点は？,単語だけでなく、ラインケア・安全配慮・専門職連携の流れの中で意味を確認してください。数値や義務の有無は法令改正で変わる場合があるため、受験前に公式情報も確認してください。,y2026/q54,演習2026・第54問（躁うつ病）
躁状態,躁状態,基礎・役割,基礎・役割,躁状態は、メンタルヘルスケアの意義、管理監督者の役割、ストレスや疾病の基礎理解に関わる用語です。,躁状態は、メンタルヘルスケアの意義、管理監督者の役割、ストレスや疾病の基礎理解に関わる用語です。まず「双極性障害は躁状態と抑うつ状態が交互に出現」という出題上のポイントと結びつけて理解します。過去問・演習では「双極性障害は躁状態と抑うつ状態が交互に出現」という形で扱われるため、単語だけでなく設問の場面も確認します。ラインケアの視点では、管理監督者が医学的判断を抱え込まず、職場で観察できる事実と専門職への連携を分けて理解することが重要です。関連する用語として、ストレス、抗うつ薬、うつ病、躁うつ病もあわせて確認すると理解がつながります。,ストレス;抗うつ薬;うつ病,,A,演習の正答の要点は「双極性障害は躁状態と抑うつ状態が交互に出現」です。誤り肢は根拠法令の取り違え、対象範囲の限定（のみ・必ず）、責任主体の混同（会社のみ・管理監督者のみ）に注意してください。,g-6b00f80474cde749,躁状態とは？意味・根拠・試験で押さえるポイント,躁状態は、基礎・役割分野で頻出の用語です。躁状態は、メンタルヘルスケアの意義、管理監督者の役割、ストレスや疾病の基礎理解に関わる用語です。本記事では意味、試験での出題の仕方、混同しやすい点を整理します。,躁状態は、メンタルヘルスケアの意義、管理監督者の役割、ストレスや疾病の基礎理解に関わる用語です。双極性障害は躁状態と抑うつ状態が交互に出現。,躁状態は、メンタルヘルスケアの意義、管理監督者の役割、ストレスや疾病の基礎理解に関わる用語です。;まず「双極性障害は躁状態と抑うつ状態が交互に出現」という出題上のポイントと結びつけて理解します。;過去問・演習では「双極性障害は躁状態と抑うつ状態が交互に出現」という形で扱われるため、単語だけでなく設問の場面も確認します。;ラインケアの視点では、管理監督者が医学的判断を抱え込まず、職場で観察できる事実と専門職への連携を分けて理解することが重要です。,根拠法令（労基法・労契法・労安法）の取り違え;「のみ」「必ず」などの断定表現に注意;管理監督者が医学的判断を抱え込む,「躁状態」は基礎・役割の重要語。定義→誰が何をするか→連携先の順で覚えると整理しやすい。,,,躁状態とは何ですか？,躁状態は、メンタルヘルスケアの意義、管理監督者の役割、ストレスや疾病の基礎理解に関わる用語です。,躁状態は試験でどのように問われますか？,「躁状態」は定義に加え、演習問題の正答肢キーワードと照合して覚えると定着しやすいです。関連演習へリンクした問題を解き、用語記事に戻って確認してください。,躁状態を学習するときの注意点は？,単語だけでなく、ラインケア・安全配慮・専門職連携の流れの中で意味を確認してください。数値や義務の有無は法令改正で変わる場合があるため、受験前に公式情報も確認してください。,y2026/q54,演習2026・第54問（躁状態）
返報性の法則,返報性の法則,基礎・役割,基礎・役割,返報性の法則は、話の聴き方、伝え方、相手への反応の仕方を考える際に使われます。,返報性の法則は、話の聴き方、伝え方、相手への反応の仕方を考える際に使われます。メンタルヘルス対応では、正論を押しつけるのではなく、相手が話しやすい関係をつくり、必要な支援へつなぐことが重要です。職場では、用語の意味だけでなく、誰が対応し、どの情報を共有し、どの専門職につなぐかまで確認します。実務では、用語を単独で覚えるのではなく、ラインケア・安全配慮・専門職連携の流れに置いて確認します。,36協定;DALYs損失;ILO（国際労働機関）,,A,「返報性の法則」は選択肢で根拠・対象範囲・責任の所在がずれる肢に注意してください。「のみ」「必ず」などの断定は定義と照合し、管理監督者が医学的判断を抱え込まない点も確認します。,g-f2096d86d0eee246,返報性の法則とは？意味・根拠・試験で押さえるポイント,返報性の法則は、基礎・役割分野で頻出の用語です。返報性の法則は、話の聴き方、伝え方、相手への反応の仕方を考える際に使われます。本記事では意味、試験での出題の仕方、混同しやすい点を整理します。,返報性の法則は、話の聴き方、伝え方、相手への反応の仕方を考える際に使われます。メンタルヘルス対応では、正論を押しつけるのではなく、相手が話しやすい関係をつくり、必要な支援へつなぐことが重要です。,返報性の法則は、話の聴き方、伝え方、相手への反応の仕方を考える際に使われます。;メンタルヘルス対応では、正論を押しつけるのではなく、相手が話しやすい関係をつくり、必要な支援へつなぐことが重要です。;職場では、用語の意味だけでなく、誰が対応し、どの情報を共有し、どの専門職につなぐかまで確認します。;実務では、用語を単独で覚えるのではなく、ラインケア・安全配慮・専門職連携の流れに置いて確認します。,根拠法令（労基法・労契法・労安法）の取り違え;「のみ」「必ず」などの断定表現に注意;管理監督者が医学的判断を抱え込む,「返報性の法則」は基礎・役割分野の用語。定義→職場での見方→連携先の順で整理し、関連演習で確認してください。,,,返報性の法則とは何ですか？,返報性の法則は、話の聴き方、伝え方、相手への反応の仕方を考える際に使われます。,返報性の法則は試験でどのように問われますか？,「返報性の法則」は定義に加え、演習問題の正答肢キーワードと照合して覚えると定着しやすいです。関連演習へリンクした問題を解き、用語記事に戻って確認してください。,返報性の法則を学習するときの注意点は？,単語だけでなく、ラインケア・安全配慮・専門職連携の流れの中で意味を確認してください。数値や義務の有無は法令改正で変わる場合があるため、受験前に公式情報も確認してください。,y2026/q07,演習2026・第7問（基礎・労働安全衛生）
逸失利益,逸失利益,基礎・役割,基礎・役割,逸失利益は、メンタルヘルスケアの意義、管理監督者の役割、ストレスや疾病の基礎理解に関わる用語です。,逸失利益は、メンタルヘルスケアの意義、管理監督者の役割、ストレスや疾病の基礎理解に関わる用語です。まず「損害賠償の対象は積極損害（治療費等）・消極損害（逸失利益）・慰謝料」という出題上のポイントと結びつけて理解します。過去問・演習では「損害賠償の対象は積極損害（治療費等）・消極損害（逸失利益）・慰謝料」という形で扱われるため、単語だけでなく設問の場面も確認します。ラインケアの視点では、管理監督者が医学的判断を抱え込まず、職場で観察できる事実と専門職への連携を分けて理解することが重要です。関連する用語として、安全配慮義務、慰謝料、休業もあわせて確認すると理解がつながります。,安全配慮義務;慰謝料;休業,,A,演習の正答の要点は「損害賠償の対象は積極損害（治療費等）・消極損害（逸失利益）・慰謝料」です。誤り肢は根拠法令の取り違え、対象範囲の限定（のみ・必ず）、責任主体の混同（会社のみ・管理監督者のみ）に注意してください。,g-2d1ecab335172b89,逸失利益とは？意味・根拠・試験で押さえるポイント,逸失利益は、基礎・役割分野で頻出の用語です。逸失利益は、メンタルヘルスケアの意義、管理監督者の役割、ストレスや疾病の基礎理解に関わる用語です。本記事では意味、試験での出題の仕方、混同しやすい点を整理します。,逸失利益は、メンタルヘルスケアの意義、管理監督者の役割、ストレスや疾病の基礎理解に関わる用語です。損害賠償の対象は積極損害（治療費等）・消極損害（逸失利益）・慰謝料。,逸失利益は、メンタルヘルスケアの意義、管理監督者の役割、ストレスや疾病の基礎理解に関わる用語です。;まず「損害賠償の対象は積極損害（治療費等）・消極損害（逸失利益）・慰謝料」という出題上のポイントと結びつけて理解します。;過去問・演習では「損害賠償の対象は積極損害（治療費等）・消極損害（逸失利益）・慰謝料」という形で扱われるため、単語だけでなく設問の場面も確認します。;ラインケアの視点では、管理監督者が医学的判断を抱え込まず、職場で観察できる事実と専門職への連携を分けて理解することが重要です。,根拠法令（労基法・労契法・労安法）の取り違え;「のみ」「必ず」などの断定表現に注意;管理監督者が医学的判断を抱え込む,「逸失利益」は基礎・役割の重要語。定義→誰が何をするか→連携先の順で覚えると整理しやすい。,,,逸失利益とは何ですか？,逸失利益は、メンタルヘルスケアの意義、管理監督者の役割、ストレスや疾病の基礎理解に関わる用語です。,逸失利益は試験でどのように問われますか？,「逸失利益」は定義に加え、演習問題の正答肢キーワードと照合して覚えると定着しやすいです。関連演習へリンクした問題を解き、用語記事に戻って確認してください。,逸失利益を学習するときの注意点は？,単語だけでなく、ラインケア・安全配慮・専門職連携の流れの中で意味を確認してください。数値や義務の有無は法令改正で変わる場合があるため、受験前に公式情報も確認してください。,y2026/q44,演習2026・第44問（逸失利益）
運動,運動,基礎・役割,基礎・役割,運動は、メンタルヘルスケアの意義、管理監督者の役割、ストレスや疾病の基礎理解に関わる用語です。,運動は、メンタルヘルスケアの意義、管理監督者の役割、ストレスや疾病の基礎理解に関わる用語です。まず「睡眠・運動・食事など生活習慣を整える」という出題上のポイントと結びつけて理解します。過去問・演習では「セルフケアは労働者自身が行うもので診断・治療は含まれない」という形で扱われるため、単語だけでなく設問の場面も確認します。ラインケアの視点では、管理監督者が医学的判断を抱え込まず、職場で観察できる事実と専門職への連携を分けて理解することが重要です。関連する用語として、ストレス、リラクセーション、セルフケア、食事もあわせて確認すると理解がつながります。,ストレス;リラクセーション;セルフケア,,A,演習の正答の要点は「セルフケアは労働者自身が行うもので診断・治療は含まれない」です。誤り肢は根拠法令の取り違え、対象範囲の限定（のみ・必ず）、責任主体の混同（会社のみ・管理監督者のみ）に注意してください。,g-16e44fea20e13e36,運動とは？意味・根拠・試験で押さえるポイント,運動は、基礎・役割分野で頻出の用語です。運動は、メンタルヘルスケアの意義、管理監督者の役割、ストレスや疾病の基礎理解に関わる用語です。本記事では意味、試験での出題の仕方、混同しやすい点を整理します。,運動は、メンタルヘルスケアの意義、管理監督者の役割、ストレスや疾病の基礎理解に関わる用語です。睡眠・運動・食事など生活習慣を整える。,運動は、メンタルヘルスケアの意義、管理監督者の役割、ストレスや疾病の基礎理解に関わる用語です。;まず「睡眠・運動・食事など生活習慣を整える」という出題上のポイントと結びつけて理解します。;過去問・演習では「セルフケアは労働者自身が行うもので診断・治療は含まれない」という形で扱われるため、単語だけでなく設問の場面も確認します。;ラインケアの視点では、管理監督者が医学的判断を抱え込まず、職場で観察できる事実と専門職への連携を分けて理解することが重要です。,根拠法令（労基法・労契法・労安法）の取り違え;「のみ」「必ず」などの断定表現に注意;管理監督者が医学的判断を抱え込む,「運動」は基礎・役割の重要語。定義→誰が何をするか→連携先の順で覚えると整理しやすい。,,,運動とは何ですか？,運動は、メンタルヘルスケアの意義、管理監督者の役割、ストレスや疾病の基礎理解に関わる用語です。,運動は試験でどのように問われますか？,「運動」は定義に加え、演習問題の正答肢キーワードと照合して覚えると定着しやすいです。関連演習へリンクした問題を解き、用語記事に戻って確認してください。,運動を学習するときの注意点は？,単語だけでなく、ラインケア・安全配慮・専門職連携の流れの中で意味を確認してください。数値や義務の有無は法令改正で変わる場合があるため、受験前に公式情報も確認してください。,y2026/q196,演習2026・第196問（運動）
過剰適応者,過剰適応者,基礎・役割,基礎・役割,過剰適応者は、まじめで責任感が強く、周囲に合わせようとする一方で、自分の疲労やつらさを言い出しにくいことがあります。,過剰適応者は、まじめで責任感が強く、周囲に合わせようとする一方で、自分の疲労やつらさを言い出しにくいことがあります。職場では、成果が出ているように見えても疲労が蓄積している場合があります。職場では、用語の意味だけでなく、誰が対応し、どの情報を共有し、どの専門職につなぐかまで確認します。実務では、用語を単独で覚えるのではなく、ラインケア・安全配慮・専門職連携の流れに置いて確認します。,36協定;DALYs損失;ILO（国際労働機関）,,A,「過剰適応者」は選択肢で根拠・対象範囲・責任の所在がずれる肢に注意してください。「のみ」「必ず」などの断定は定義と照合し、管理監督者が医学的判断を抱え込まない点も確認します。,g-1db059d4b781b922,過剰適応者とは？意味・根拠・試験で押さえるポイント,過剰適応者は、基礎・役割分野で頻出の用語です。過剰適応者は、まじめで責任感が強く、周囲に合わせようとする一方で、自分の疲労やつらさを言い出しにくいことがあります。本記事では意味、試験での出題の仕方、混同しやすい点を整理します。,過剰適応者は、まじめで責任感が強く、周囲に合わせようとする一方で、自分の疲労やつらさを言い出しにくいことがあります。職場では、成果が出ているように見えても疲労が蓄積している場合があります。,過剰適応者は、まじめで責任感が強く、周囲に合わせようとする一方で、自分の疲労やつらさを言い出しにくいことがあります。;職場では、成果が出ているように見えても疲労が蓄積している場合があります。;職場では、用語の意味だけでなく、誰が対応し、どの情報を共有し、どの専門職につなぐかまで確認します。;実務では、用語を単独で覚えるのではなく、ラインケア・安全配慮・専門職連携の流れに置いて確認します。,根拠法令（労基法・労契法・労安法）の取り違え;「のみ」「必ず」などの断定表現に注意;管理監督者が医学的判断を抱え込む,「過剰適応者」は基礎・役割分野の用語。定義→職場での見方→連携先の順で整理し、関連演習で確認してください。,,,過剰適応者とは何ですか？,過剰適応者は、まじめで責任感が強く、周囲に合わせようとする一方で、自分の疲労やつらさを言い出しにくいことがあります。,過剰適応者は試験でどのように問われますか？,「過剰適応者」は定義に加え、演習問題の正答肢キーワードと照合して覚えると定着しやすいです。関連演習へリンクした問題を解き、用語記事に戻って確認してください。,過剰適応者を学習するときの注意点は？,単語だけでなく、ラインケア・安全配慮・専門職連携の流れの中で意味を確認してください。数値や義務の有無は法令改正で変わる場合があるため、受験前に公式情報も確認してください。,y2026/q07,演習2026・第7問（基礎・労働安全衛生）
過労死等の労災補償状況,過労死等の労災補償状況,基礎・役割,基礎・役割,過労死等の労災補償状況は、職場での健康障害防止、労働時間管理、安全衛生体制、災害補償などと関係します。,過労死等の労災補償状況は、職場での健康障害防止、労働時間管理、安全衛生体制、災害補償などと関係します。メンタルヘルス対策でも、長時間労働、ストレスチェック、面接指導、職場環境改善を制度面から支える基礎になります。職場では、用語の意味だけでなく、誰が対応し、どの情報を共有し、どの専門職につなぐかまで確認します。実務では、用語を単独で覚えるのではなく、ラインケア・安全配慮・専門職連携の流れに置いて確認します。,36協定;DALYs損失;ILO（国際労働機関）,,A,「過労死等の労災補償状況」は選択肢で根拠・対象範囲・責任の所在がずれる肢に注意してください。「のみ」「必ず」などの断定は定義と照合し、管理監督者が医学的判断を抱え込まない点も確認します。,g-99a24ae7328d29b8,過労死等の労災補償状況とは？意味・根拠・試験で押さえるポイント,過労死等の労災補償状況は、基礎・役割分野で頻出の用語です。過労死等の労災補償状況は、職場での健康障害防止、労働時間管理、安全衛生体制、災害補償などと関係します。本記事では意味、試験での出題の仕方、混同しやすい点を整理します。,過労死等の労災補償状況は、職場での健康障害防止、労働時間管理、安全衛生体制、災害補償などと関係します。メンタルヘルス対策でも、長時間労働、ストレスチェック、面接指導、職場環境改善を制度面から支える基礎になります。,過労死等の労災補償状況は、職場での健康障害防止、労働時間管理、安全衛生体制、災害補償などと関係します。;メンタルヘルス対策でも、長時間労働、ストレスチェック、面接指導、職場環境改善を制度面から支える基礎になります。;職場では、用語の意味だけでなく、誰が対応し、どの情報を共有し、どの専門職につなぐかまで確認します。;実務では、用語を単独で覚えるのではなく、ラインケア・安全配慮・専門職連携の流れに置いて確認します。,根拠法令（労基法・労契法・労安法）の取り違え;「のみ」「必ず」などの断定表現に注意;管理監督者が医学的判断を抱え込む,「過労死等の労災補償状況」は基礎・役割分野の用語。定義→職場での見方→連携先の順で整理し、関連演習で確認してください。,,,過労死等の労災補償状況とは何ですか？,過労死等の労災補償状況は、職場での健康障害防止、労働時間管理、安全衛生体制、災害補償などと関係します。,過労死等の労災補償状況は試験でどのように問われますか？,「過労死等の労災補償状況」は定義に加え、演習問題の正答肢キーワードと照合して覚えると定着しやすいです。関連演習へリンクした問題を解き、用語記事に戻って確認してください。,過労死等の労災補償状況を学習するときの注意点は？,単語だけでなく、ラインケア・安全配慮・専門職連携の流れの中で意味を確認してください。数値や義務の有無は法令改正で変わる場合があるため、受験前に公式情報も確認してください。,y2026/q07,演習2026・第7問（基礎・労働安全衛生）
過労死等防止対策推進法,過労死等防止対策推進法,基礎・役割,基礎・役割,過労死等防止対策推進法は、メンタルヘルスケアの意義、管理監督者の役割、ストレスや疾病の基礎理解に関わる用語です。,過労死等防止対策推進法は、メンタルヘルスケアの意義、管理監督者の役割、ストレスや疾病の基礎理解に関わる用語です。まず「過労死等防止対策推進法（2014年）は過労死ゼロを目指し、調査研究・啓発・相談体制整備等を求める」という出題上のポイントと結びつけて理解します。過去問・演習では「過労死等防止対策推進法（2014年）は過労死ゼロを目指し、調査研究・啓発・相談体制整備等を求める」という形で扱われるため、単語だけでなく設問の場面も確認します。ラインケアの視点では、管理監督者が医学的判断を抱え込まず、職場で観察できる事実と専門職への連携を分けて理解することが重要です。関連する用語として、労働災害、ストレスもあわせて確認すると理解がつながります。,労働災害;ストレス;確認すると理解がつながります,,A,演習の正答の要点は「過労死等防止対策推進法（2014年）は過労死ゼロを目指し、調査研究・啓発・相談体制整備等を求める」です。誤り肢は根拠法令の取り違え、対象範囲の限定（のみ・必ず）、責任主体の混同（会社のみ・管理監督者のみ）に注意してください。,g-6658eff11ad77a55,過労死等防止対策推進法とは？意味・根拠・試験で押さえるポイント,過労死等防止対策推進法は、基礎・役割分野で頻出の用語です。過労死等防止対策推進法は、メンタルヘルスケアの意義、管理監督者の役割、ストレスや疾病の基礎理解に関わる用語です。本記事では意味、試験での出題の仕方、混同しやすい点を整理します。,過労死等防止対策推進法は、メンタルヘルスケアの意義、管理監督者の役割、ストレスや疾病の基礎理解に関わる用語です。過労死等防止対策推進法（2014年）は過労死ゼロを目指し、調査研究・啓発・相談体制整備等を求める。,過労死等防止対策推進法は、メンタルヘルスケアの意義、管理監督者の役割、ストレスや疾病の基礎理解に関わる用語です。;まず「過労死等防止対策推進法（2014年）は過労死ゼロを目指し、調査研究・啓発・相談体制整備等を求める」という出題上のポイントと結びつけて理解します。;過去問・演習では「過労死等防止対策推進法（2014年）は過労死ゼロを目指し、調査研究・啓発・相談体制整備等を求める」という形で扱われるため、単語だけでなく設問の場面も確認します。;ラインケアの視点では、管理監督者が医学的判断を抱え込まず、職場で観察できる事実と専門職への連携を分けて理解することが重要です。,根拠法令（労基法・労契法・労安法）の取り違え;「のみ」「必ず」などの断定表現に注意;管理監督者が医学的判断を抱え込む,「過労死等防止対策推進法」は基礎・役割の重要語。定義→誰が何をするか→連携先の順で覚えると整理しやすい。,,,過労死等防止対策推進法とは何ですか？,過労死等防止対策推進法は、メンタルヘルスケアの意義、管理監督者の役割、ストレスや疾病の基礎理解に関わる用語です。,過労死等防止対策推進法は試験でどのように問われますか？,「過労死等防止対策推進法」は定義に加え、演習問題の正答肢キーワードと照合して覚えると定着しやすいです。関連演習へリンクした問題を解き、用語記事に戻って確認してください。,過労死等防止対策推進法を学習するときの注意点は？,単語だけでなく、ラインケア・安全配慮・専門職連携の流れの中で意味を確認してください。数値や義務の有無は法令改正で変わる場合があるため、受験前に公式情報も確認してください。,y2026/q08,演習2026・第8問（過労死防止）
過換気症候群,過換気症候群,基礎・役割,基礎・役割,過換気症候群では、強い不安、緊張、パニック発作などに伴って呼吸が過剰になり、息苦しさ、めまい、手足のしびれなどを訴えることがあります。,過換気症候群では、強い不安、緊張、パニック発作などに伴って呼吸が過剰になり、息苦しさ、めまい、手足のしびれなどを訴えることがあります。急な症状では身体疾患との鑑別も必要です。職場では、用語の意味だけでなく、誰が対応し、どの情報を共有し、どの専門職につなぐかまで確認します。実務では、用語を単独で覚えるのではなく、ラインケア・安全配慮・専門職連携の流れに置いて確認します。,36協定;DALYs損失;ILO（国際労働機関）,,A,「過換気症候群」は選択肢で根拠・対象範囲・責任の所在がずれる肢に注意してください。「のみ」「必ず」などの断定は定義と照合し、管理監督者が医学的判断を抱え込まない点も確認します。,g-11f7d962b1f0bf54,過換気症候群とは？意味・根拠・試験で押さえるポイント,過換気症候群は、基礎・役割分野で頻出の用語です。過換気症候群では、強い不安、緊張、パニック発作などに伴って呼吸が過剰になり、息苦しさ、めまい、手足のしびれなどを訴えることがあります。本記事では意味、試験での出題の仕方、混同しやすい点を整理します。,過換気症候群では、強い不安、緊張、パニック発作などに伴って呼吸が過剰になり、息苦しさ、めまい、手足のしびれなどを訴えることがあります。急な症状では身体疾患との鑑別も必要です。,過換気症候群では、強い不安、緊張、パニック発作などに伴って呼吸が過剰になり、息苦しさ、めまい、手足のしびれなどを訴えることがあります。;急な症状では身体疾患との鑑別も必要です。;職場では、用語の意味だけでなく、誰が対応し、どの情報を共有し、どの専門職につなぐかまで確認します。;実務では、用語を単独で覚えるのではなく、ラインケア・安全配慮・専門職連携の流れに置いて確認します。,根拠法令（労基法・労契法・労安法）の取り違え;「のみ」「必ず」などの断定表現に注意;管理監督者が医学的判断を抱え込む,「過換気症候群」は基礎・役割分野の用語。定義→職場での見方→連携先の順で整理し、関連演習で確認してください。,,,過換気症候群とは何ですか？,過換気症候群では、強い不安、緊張、パニック発作などに伴って呼吸が過剰になり、息苦しさ、めまい、手足のしびれなどを訴えることがあります。,過換気症候群は試験でどのように問われますか？,「過換気症候群」は定義に加え、演習問題の正答肢キーワードと照合して覚えると定着しやすいです。関連演習へリンクした問題を解き、用語記事に戻って確認してください。,過換気症候群を学習するときの注意点は？,単語だけでなく、ラインケア・安全配慮・専門職連携の流れの中で意味を確認してください。数値や義務の有無は法令改正で変わる場合があるため、受験前に公式情報も確認してください。,y2026/q07,演習2026・第7問（基礎・労働安全衛生）
過敏性腸症候群様群,過敏性腸症候群様群,基礎・役割,基礎・役割,過敏性腸症候群様群は、精神症状、身体症状、ストレス反応、治療や支援の理解に関わる用語です。,過敏性腸症候群様群は、精神症状、身体症状、ストレス反応、治療や支援の理解に関わる用語です。職場では管理監督者が医学的診断をするのではなく、遅刻・欠勤、ミス、表情、対人関係、体調不良などの事例性として把握します。職場では、用語の意味だけでなく、誰が対応し、どの情報を共有し、どの専門職につなぐかまで確認します。実務では、用語を単独で覚えるのではなく、ラインケア・安全配慮・専門職連携の流れに置いて確認します。,36協定;DALYs損失;ILO（国際労働機関）,,A,「過敏性腸症候群様群」は選択肢で根拠・対象範囲・責任の所在がずれる肢に注意してください。「のみ」「必ず」などの断定は定義と照合し、管理監督者が医学的判断を抱え込まない点も確認します。,g-02a3fa9de8bcb90d,過敏性腸症候群様群とは？意味・根拠・試験で押さえるポイント,過敏性腸症候群様群は、基礎・役割分野で頻出の用語です。過敏性腸症候群様群は、精神症状、身体症状、ストレス反応、治療や支援の理解に関わる用語です。本記事では意味、試験での出題の仕方、混同しやすい点を整理します。,職場では管理監督者が医学的診断をするのではなく、遅刻・欠勤、ミス、表情、対人関係、体調不良などの事例性として把握します。,過敏性腸症候群様群は、精神症状、身体症状、ストレス反応、治療や支援の理解に関わる用語です。;職場では管理監督者が医学的診断をするのではなく、遅刻・欠勤、ミス、表情、対人関係、体調不良などの事例性として把握します。;職場では、用語の意味だけでなく、誰が対応し、どの情報を共有し、どの専門職につなぐかまで確認します。;実務では、用語を単独で覚えるのではなく、ラインケア・安全配慮・専門職連携の流れに置いて確認します。,根拠法令（労基法・労契法・労安法）の取り違え;「のみ」「必ず」などの断定表現に注意;管理監督者が医学的判断を抱え込む,「過敏性腸症候群様群」は基礎・役割分野の用語。定義→職場での見方→連携先の順で整理し、関連演習で確認してください。,,,過敏性腸症候群様群とは何ですか？,過敏性腸症候群様群は、精神症状、身体症状、ストレス反応、治療や支援の理解に関わる用語です。,過敏性腸症候群様群は試験でどのように問われますか？,「過敏性腸症候群様群」は定義に加え、演習問題の正答肢キーワードと照合して覚えると定着しやすいです。関連演習へリンクした問題を解き、用語記事に戻って確認してください。,過敏性腸症候群様群を学習するときの注意点は？,単語だけでなく、ラインケア・安全配慮・専門職連携の流れの中で意味を確認してください。数値や義務の有無は法令改正で変わる場合があるため、受験前に公式情報も確認してください。,y2026/q111,演習2026・第111問（過敏性腸症候群様群）
過眠症,過眠症,基礎・役割,基礎・役割,過眠症は、精神症状、身体症状、ストレス反応、治療や支援の理解に関わる用語です。,過眠症は、精神症状、身体症状、ストレス反応、治療や支援の理解に関わる用語です。職場では管理監督者が医学的診断をするのではなく、遅刻・欠勤、ミス、表情、対人関係、体調不良などの事例性として把握します。職場では、用語の意味だけでなく、誰が対応し、どの情報を共有し、どの専門職につなぐかまで確認します。実務では、用語を単独で覚えるのではなく、ラインケア・安全配慮・専門職連携の流れに置いて確認します。,36協定;DALYs損失;ILO（国際労働機関）,,A,「過眠症」は選択肢で根拠・対象範囲・責任の所在がずれる肢に注意してください。「のみ」「必ず」などの断定は定義と照合し、管理監督者が医学的判断を抱え込まない点も確認します。,g-14a448f5f7a49ab2,過眠症とは？意味・根拠・試験で押さえるポイント,過眠症は、基礎・役割分野で頻出の用語です。過眠症は、精神症状、身体症状、ストレス反応、治療や支援の理解に関わる用語です。本記事では意味、試験での出題の仕方、混同しやすい点を整理します。,職場では管理監督者が医学的診断をするのではなく、遅刻・欠勤、ミス、表情、対人関係、体調不良などの事例性として把握します。,過眠症は、精神症状、身体症状、ストレス反応、治療や支援の理解に関わる用語です。;職場では管理監督者が医学的診断をするのではなく、遅刻・欠勤、ミス、表情、対人関係、体調不良などの事例性として把握します。;職場では、用語の意味だけでなく、誰が対応し、どの情報を共有し、どの専門職につなぐかまで確認します。;実務では、用語を単独で覚えるのではなく、ラインケア・安全配慮・専門職連携の流れに置いて確認します。,根拠法令（労基法・労契法・労安法）の取り違え;「のみ」「必ず」などの断定表現に注意;管理監督者が医学的判断を抱え込む,「過眠症」は基礎・役割分野の用語。定義→職場での見方→連携先の順で整理し、関連演習で確認してください。,,,過眠症とは何ですか？,過眠症は、精神症状、身体症状、ストレス反応、治療や支援の理解に関わる用語です。,過眠症は試験でどのように問われますか？,「過眠症」は定義に加え、演習問題の正答肢キーワードと照合して覚えると定着しやすいです。関連演習へリンクした問題を解き、用語記事に戻って確認してください。,過眠症を学習するときの注意点は？,単語だけでなく、ラインケア・安全配慮・専門職連携の流れの中で意味を確認してください。数値や義務の有無は法令改正で変わる場合があるため、受験前に公式情報も確認してください。,y2026/q07,演習2026・第7問（基礎・労働安全衛生）
過重労働による健康障害防止のための総合対策,過重労働による健康障害防止のための総合対策,職場環境・配慮,職場環境・配慮,過重労働による健康障害防止のための総合対策は、職場環境の評価・改善、個々の労働者への配慮、ストレスチェック制度に関わる用語です。,過重労働による健康障害防止のための総合対策は、職場環境の評価・改善、個々の労働者への配慮、ストレスチェック制度に関わる用語です。まず「過重労働による健康障害防止のための総合対策は、試験では「過重労働防止対策では労働時間の削減・適正化、面接指導の実施、勤務間インターバルの確保等が求められる」という文脈で確認される用語です」という出題上のポイントと結びつけて理解します。過去問・演習では「過重労働防止対策では労働時間の削減・適正化、面接指導の実施、勤務間インターバルの確保等が求められる」という形で扱われるため、単語だけでなく設問の場面も確認します。ラインケアの視点では、職場要因を把握し、業務量・裁量・支援体制など改善できる点へつなげることが重要です。関連する用語として、労働者の健康管理、過重労働対策、面接指導もあわせて確認すると理解がつながります。,労働者の健康管理;過重労働対策;面接指導,,A,演習の正答の要点は「過重労働防止対策では労働時間の削減・適正化、面接指導の実施、勤務間インターバルの確保等が求められる」です。誤り肢は根拠法令の取り違え、対象範囲の限定（のみ・必ず）、責任主体の混同（会社のみ・管理監督者のみ）に注意してください。,g-8caf3a6fc79611ab,過重労働による健康障害防止のための総合対策とは？意味・根拠・試験で押さえるポイント,過重労働による健康障害防止のための総合対策は、職場環境・配慮分野で頻出の用語です。過重労働による健康障害防止のための総合対策は、職場環境の評価・改善、個々の労働者への配慮、ストレスチェック制度に関わる用語です。本記事では意味、試験での出題の仕方、混同しやすい点を整理します。,過重労働による健康障害防止のための総合対策は、職場環境の評価・改善、個々の労働者への配慮、ストレスチェック制度に関わる用語です。過重労働による健康障害防止のための総合対策は、試験では「過重労働防止対策では労働時間の削減・適正化、面接指導の実施、勤務間インターバルの確保等が求められる。,過重労働による健康障害防止のための総合対策は、職場環境の評価・改善、個々の労働者への配慮、ストレスチェック制度に関わる用語です。;まず「過重労働による健康障害防止のための総合対策は、試験では「過重労働防止対策では労働時間の削減・適正化、面接指導の実施、勤務間インターバルの確保等が求められる」という文脈で確認される用語です」という出題上のポイントと結びつけて理解します。;過去問・演習では「過重労働防止対策では労働時間の削減・適正化、面接指導の実施、勤務間インターバルの確保等が求められる」という形で扱われるため、単語だけでなく設問の場面も確認します。;ラインケアの視点では、職場要因を把握し、業務量・裁量・支援体制など改善できる点へつなげることが重要です。,数値基準・義務の有無・誰が実施するかの混同;個人結果と集団分析の取り違え;管理監督者が医学的判断を抱え込む,「過重労働による健康障害防止のための総合対策」は職場環境・配慮の重要語。定義→誰が何をするか→連携先の順で覚えると整理しやすい。,,,過重労働による健康障害防止のための総合対策とは何ですか？,過重労働による健康障害防止のための総合対策は、職場環境の評価・改善、個々の労働者への配慮、ストレスチェック制度に関わる用語です。,過重労働による健康障害防止のための総合対策は試験でどのように問われますか？,「過重労働による健康障害防止のための総合対策」は定義に加え、演習問題の正答肢キーワードと照合して覚えると定着しやすいです。関連演習へリンクした問題を解き、用語記事に戻って確認してください。,過重労働による健康障害防止のための総合対策を学習するときの注意点は？,単語だけでなく、ラインケア・安全配慮・専門職連携の流れの中で意味を確認してください。数値や義務の有無は法令改正で変わる場合があるため、受験前に公式情報も確認してください。,y2026/q22,演習2026・第22問（過重労働防止）
過重労働対策,過重労働対策,職場環境・配慮,職場環境・配慮,過重労働対策は、職場環境の評価・改善、個々の労働者への配慮、ストレスチェック制度に関わる用語です。,過重労働対策は、職場環境の評価・改善、個々の労働者への配慮、ストレスチェック制度に関わる用語です。まず「試験では「過重労働対策は人事部門のみの責任であり、管理監督者は関与しない」という誤り選択肢に注意する用語です」という出題上のポイントと結びつけて理解します。過去問・演習では「過重労働防止対策では労働時間の削減・適正化、面接指導の実施、勤務間インターバルの確保等が求められる」という形で扱われるため、単語だけでなく設問の場面も確認します。ラインケアの視点では、職場要因を把握し、業務量・裁量・支援体制など改善できる点へつなげることが重要です。関連する用語として、面接指導、労働者の健康管理、過重労働による健康障害防止のための総合対策もあわせて確認すると理解がつながります。,面接指導;労働者の健康管理;過重労働による健康障害防止のための総合対策,,A,演習の正答の要点は「過重労働防止対策では労働時間の削減・適正化、面接指導の実施、勤務間インターバルの確保等が求められる」です。誤り肢は根拠法令の取り違え、対象範囲の限定（のみ・必ず）、責任主体の混同（会社のみ・管理監督者のみ）に注意してください。,g-dfa9239858583674,過重労働対策とは？意味・根拠・試験で押さえるポイント,過重労働対策は、職場環境・配慮分野で頻出の用語です。過重労働対策は、職場環境の評価・改善、個々の労働者への配慮、ストレスチェック制度に関わる用語です。本記事では意味、試験での出題の仕方、混同しやすい点を整理します。,過重労働対策は、職場環境の評価・改善、個々の労働者への配慮、ストレスチェック制度に関わる用語です。試験では「過重労働対策は人事部門のみの責任であり、管理監督者は関与しない。,過重労働対策は、職場環境の評価・改善、個々の労働者への配慮、ストレスチェック制度に関わる用語です。;まず「試験では「過重労働対策は人事部門のみの責任であり、管理監督者は関与しない」という誤り選択肢に注意する用語です」という出題上のポイントと結びつけて理解します。;過去問・演習では「過重労働防止対策では労働時間の削減・適正化、面接指導の実施、勤務間インターバルの確保等が求められる」という形で扱われるため、単語だけでなく設問の場面も確認します。;ラインケアの視点では、職場要因を把握し、業務量・裁量・支援体制など改善できる点へつなげることが重要です。,数値基準・義務の有無・誰が実施するかの混同;個人結果と集団分析の取り違え;管理監督者が医学的判断を抱え込む,「過重労働対策」は職場環境・配慮の重要語。定義→誰が何をするか→連携先の順で覚えると整理しやすい。,,,過重労働対策とは何ですか？,過重労働対策は、職場環境の評価・改善、個々の労働者への配慮、ストレスチェック制度に関わる用語です。,過重労働対策は試験でどのように問われますか？,「過重労働対策」は定義に加え、演習問題の正答肢キーワードと照合して覚えると定着しやすいです。関連演習へリンクした問題を解き、用語記事に戻って確認してください。,過重労働対策を学習するときの注意点は？,単語だけでなく、ラインケア・安全配慮・専門職連携の流れの中で意味を確認してください。数値や義務の有無は法令改正で変わる場合があるため、受験前に公式情報も確認してください。,y2026/q131,演習2026・第131問（過重労働対策）
過重負荷の定義,過重負荷の定義,基礎・役割,基礎・役割,過重負荷の定義は、時間外・休日労働、疲労の蓄積、医師による面接指導、就業上の措置と関係します。,過重負荷の定義は、時間外・休日労働、疲労の蓄積、医師による面接指導、就業上の措置と関係します。長時間労働はメンタルヘルス不調や脳・心臓疾患のリスクにもつながるため、管理監督者は労働時間と仕事ぶりの変化を早めに把握します。職場では、用語の意味だけでなく、誰が対応し、どの情報を共有し、どの専門職につなぐかまで確認します。実務では、用語を単独で覚えるのではなく、ラインケア・安全配慮・専門職連携の流れに置いて確認します。,36協定;DALYs損失;ILO（国際労働機関）,,A,「過重負荷の定義」は選択肢で根拠・対象範囲・責任の所在がずれる肢に注意してください。「のみ」「必ず」などの断定は定義と照合し、管理監督者が医学的判断を抱え込まない点も確認します。,g-dbd4b88ab76a3b58,過重負荷の定義とは？意味・根拠・試験で押さえるポイント,過重負荷の定義は、基礎・役割分野で頻出の用語です。過重負荷の定義は、時間外・休日労働、疲労の蓄積、医師による面接指導、就業上の措置と関係します。本記事では意味、試験での出題の仕方、混同しやすい点を整理します。,過重負荷の定義は、時間外・休日労働、疲労の蓄積、医師による面接指導、就業上の措置と関係します。長時間労働はメンタルヘルス不調や脳・心臓疾患のリスクにもつながるため、管理監督者は労働時間と仕事ぶりの変化を早めに把握します。,過重負荷の定義は、時間外・休日労働、疲労の蓄積、医師による面接指導、就業上の措置と関係します。;長時間労働はメンタルヘルス不調や脳・心臓疾患のリスクにもつながるため、管理監督者は労働時間と仕事ぶりの変化を早めに把握します。;職場では、用語の意味だけでなく、誰が対応し、どの情報を共有し、どの専門職につなぐかまで確認します。;実務では、用語を単独で覚えるのではなく、ラインケア・安全配慮・専門職連携の流れに置いて確認します。,根拠法令（労基法・労契法・労安法）の取り違え;「のみ」「必ず」などの断定表現に注意;管理監督者が医学的判断を抱え込む,「過重負荷の定義」は基礎・役割分野の用語。定義→職場での見方→連携先の順で整理し、関連演習で確認してください。,,,過重負荷の定義とは何ですか？,過重負荷の定義は、時間外・休日労働、疲労の蓄積、医師による面接指導、就業上の措置と関係します。,過重負荷の定義は試験でどのように問われますか？,「過重負荷の定義」は定義に加え、演習問題の正答肢キーワードと照合して覚えると定着しやすいです。関連演習へリンクした問題を解き、用語記事に戻って確認してください。,過重負荷の定義を学習するときの注意点は？,単語だけでなく、ラインケア・安全配慮・専門職連携の流れの中で意味を確認してください。数値や義務の有無は法令改正で変わる場合があるため、受験前に公式情報も確認してください。,y2026/q08,演習2026・第8問（過重労働）
過食症,過食症,基礎・役割,基礎・役割,過食症では、短時間に大量に食べる過食発作と、嘔吐、下剤使用、絶食、過度な運動などがみられることがあります。,過食症では、短時間に大量に食べる過食発作と、嘔吐、下剤使用、絶食、過度な運動などがみられることがあります。外見だけでは気づきにくい場合もあり、本人の苦痛が大きい疾患です。職場では、用語の意味だけでなく、誰が対応し、どの情報を共有し、どの専門職につなぐかまで確認します。実務では、用語を単独で覚えるのではなく、ラインケア・安全配慮・専門職連携の流れに置いて確認します。,36協定;DALYs損失;ILO（国際労働機関）,,A,「過食症」は選択肢で根拠・対象範囲・責任の所在がずれる肢に注意してください。「のみ」「必ず」などの断定は定義と照合し、管理監督者が医学的判断を抱え込まない点も確認します。,g-d0e697f1ed3192d8,過食症とは？意味・根拠・試験で押さえるポイント,過食症は、基礎・役割分野で頻出の用語です。過食症では、短時間に大量に食べる過食発作と、嘔吐、下剤使用、絶食、過度な運動などがみられることがあります。本記事では意味、試験での出題の仕方、混同しやすい点を整理します。,過食症では、短時間に大量に食べる過食発作と、嘔吐、下剤使用、絶食、過度な運動などがみられることがあります。外見だけでは気づきにくい場合もあり、本人の苦痛が大きい疾患です。,過食症では、短時間に大量に食べる過食発作と、嘔吐、下剤使用、絶食、過度な運動などがみられることがあります。;外見だけでは気づきにくい場合もあり、本人の苦痛が大きい疾患です。;職場では、用語の意味だけでなく、誰が対応し、どの情報を共有し、どの専門職につなぐかまで確認します。;実務では、用語を単独で覚えるのではなく、ラインケア・安全配慮・専門職連携の流れに置いて確認します。,根拠法令（労基法・労契法・労安法）の取り違え;「のみ」「必ず」などの断定表現に注意;管理監督者が医学的判断を抱え込む,「過食症」は基礎・役割分野の用語。定義→職場での見方→連携先の順で整理し、関連演習で確認してください。,,,過食症とは何ですか？,過食症では、短時間に大量に食べる過食発作と、嘔吐、下剤使用、絶食、過度な運動などがみられることがあります。,過食症は試験でどのように問われますか？,「過食症」は定義に加え、演習問題の正答肢キーワードと照合して覚えると定着しやすいです。関連演習へリンクした問題を解き、用語記事に戻って確認してください。,過食症を学習するときの注意点は？,単語だけでなく、ラインケア・安全配慮・専門職連携の流れの中で意味を確認してください。数値や義務の有無は法令改正で変わる場合があるため、受験前に公式情報も確認してください。,y2026/q07,演習2026・第7問（基礎・労働安全衛生）
適応障害,適応障害,基礎・役割,基礎・役割,適応障害は、メンタルヘルスケアの意義、管理監督者の役割、ストレスや疾病の基礎理解に関わる用語です。,適応障害は、メンタルヘルスケアの意義、管理監督者の役割、ストレスや疾病の基礎理解に関わる用語です。まず「適応障害は特定のストレス因子への反応として発症し、その因子から離れると改善しやすい」という出題上のポイントと結びつけて理解します。過去問・演習では「適応障害は特定のストレス因子への反応として発症し、その因子から離れると改善しやすい」という形で扱われるため、単語だけでなく設問の場面も確認します。ラインケアの視点では、管理監督者が医学的判断を抱え込まず、職場で観察できる事実と専門職への連携を分けて理解することが重要です。関連する用語として、うつ病、ストレス、心理療法、入院治療もあわせて確認すると理解がつながります。,うつ病;ストレス;心理療法,,A,演習の正答の要点は「適応障害は特定のストレス因子への反応として発症し、その因子から離れると改善しやすい」です。誤り肢は根拠法令の取り違え、対象範囲の限定（のみ・必ず）、責任主体の混同（会社のみ・管理監督者のみ）に注意してください。,g-cfeb320ef585369c,適応障害とは？意味・根拠・試験で押さえるポイント,適応障害は、基礎・役割分野で頻出の用語です。適応障害は、メンタルヘルスケアの意義、管理監督者の役割、ストレスや疾病の基礎理解に関わる用語です。本記事では意味、試験での出題の仕方、混同しやすい点を整理します。,適応障害は、メンタルヘルスケアの意義、管理監督者の役割、ストレスや疾病の基礎理解に関わる用語です。適応障害は特定のストレス因子への反応として発症し、その因子から離れると改善しやすい。,適応障害は、メンタルヘルスケアの意義、管理監督者の役割、ストレスや疾病の基礎理解に関わる用語です。;まず「適応障害は特定のストレス因子への反応として発症し、その因子から離れると改善しやすい」という出題上のポイントと結びつけて理解します。;過去問・演習では「適応障害は特定のストレス因子への反応として発症し、その因子から離れると改善しやすい」という形で扱われるため、単語だけでなく設問の場面も確認します。;ラインケアの視点では、管理監督者が医学的判断を抱え込まず、職場で観察できる事実と専門職への連携を分けて理解することが重要です。,根拠法令（労基法・労契法・労安法）の取り違え;「のみ」「必ず」などの断定表現に注意;管理監督者が医学的判断を抱え込む,「適応障害」は基礎・役割の重要語。定義→誰が何をするか→連携先の順で覚えると整理しやすい。,,,適応障害とは何ですか？,適応障害は、メンタルヘルスケアの意義、管理監督者の役割、ストレスや疾病の基礎理解に関わる用語です。,適応障害は試験でどのように問われますか？,「適応障害」は定義に加え、演習問題の正答肢キーワードと照合して覚えると定着しやすいです。関連演習へリンクした問題を解き、用語記事に戻って確認してください。,適応障害を学習するときの注意点は？,単語だけでなく、ラインケア・安全配慮・専門職連携の流れの中で意味を確認してください。数値や義務の有無は法令改正で変わる場合があるため、受験前に公式情報も確認してください。,y2026/q67,演習2026・第67問（適応障害）
量−コントロール判定図,量−コントロール判定図,職場環境・配慮,職場環境・配慮,量−コントロール判定図は、職場環境の評価・改善、個々の労働者への配慮、ストレスチェック制度に関わる用語です。,量−コントロール判定図は、職場環境の評価・改善、個々の労働者への配慮、ストレスチェック制度に関わる用語です。まず「量−コントロール判定図は集団分析に使用」という出題上のポイントと結びつけて理解します。過去問・演習では「メンタルヘルスアクションチェックリスト（職場環境改善のためのヒント集）は管理監督者が職場の改善点を洗い出すためのツール」という形で扱われるため、単語だけでなく設問の場面も確認します。ラインケアの視点では、職場要因を把握し、業務量・裁量・支援体制など改善できる点へつなげることが重要です。関連する用語として、ストレス、職業性ストレス簡易調査票、産業医もあわせて確認すると理解がつながります。,ストレス;職業性ストレス簡易調査票;産業医,,A,演習の正答の要点は「メンタルヘルスアクションチェックリスト（職場環境改善のためのヒント集）は管理監督者が職場の改善点を洗い出すためのツール」です。誤り肢は根拠法令の取り違え、対象範囲の限定（のみ・必ず）、責任主体の混同（会社のみ・管理監督者のみ）に注意してください。,g-43ac514e4d9b14c4,量−コントロール判定図とは？意味・根拠・試験で押さえるポイント,量−コントロール判定図は、職場環境・配慮分野で頻出の用語です。量−コントロール判定図は、職場環境の評価・改善、個々の労働者への配慮、ストレスチェック制度に関わる用語です。本記事では意味、試験での出題の仕方、混同しやすい点を整理します。,量−コントロール判定図は、職場環境の評価・改善、個々の労働者への配慮、ストレスチェック制度に関わる用語です。量−コントロール判定図は集団分析に使用。,量−コントロール判定図は、職場環境の評価・改善、個々の労働者への配慮、ストレスチェック制度に関わる用語です。;まず「量−コントロール判定図は集団分析に使用」という出題上のポイントと結びつけて理解します。;過去問・演習では「メンタルヘルスアクションチェックリスト（職場環境改善のためのヒント集）は管理監督者が職場の改善点を洗い出すためのツール」という形で扱われるため、単語だけでなく設問の場面も確認します。;ラインケアの視点では、職場要因を把握し、業務量・裁量・支援体制など改善できる点へつなげることが重要です。,数値基準・義務の有無・誰が実施するかの混同;個人結果と集団分析の取り違え;管理監督者が医学的判断を抱え込む,「量−コントロール判定図」は職場環境・配慮の重要語。定義→誰が何をするか→連携先の順で覚えると整理しやすい。,,,量−コントロール判定図とは何ですか？,量−コントロール判定図は、職場環境の評価・改善、個々の労働者への配慮、ストレスチェック制度に関わる用語です。,量−コントロール判定図は試験でどのように問われますか？,「量−コントロール判定図」は定義に加え、演習問題の正答肢キーワードと照合して覚えると定着しやすいです。関連演習へリンクした問題を解き、用語記事に戻って確認してください。,量−コントロール判定図を学習するときの注意点は？,単語だけでなく、ラインケア・安全配慮・専門職連携の流れの中で意味を確認してください。数値や義務の有無は法令改正で変わる場合があるため、受験前に公式情報も確認してください。,y2026/q58,演習2026・第58問（量−コントロール判定図）
長時間労働,長時間労働,基礎・役割,基礎・役割,長時間労働は、メンタルヘルスケアの意義、管理監督者の役割、ストレスや疾病の基礎理解に関わる用語です。,長時間労働は、メンタルヘルスケアの意義、管理監督者の役割、ストレスや疾病の基礎理解に関わる用語です。まず「長時間労働への対応は業務量・優先度の整理が基本」という出題上のポイントと結びつけて理解します。過去問・演習では「長時間労働への対応は業務量・優先度の整理が基本」という形で扱われるため、単語だけでなく設問の場面も確認します。ラインケアの視点では、管理監督者が医学的判断を抱え込まず、職場で観察できる事実と専門職への連携を分けて理解することが重要です。関連する用語として、労働災害、安全配慮義務、面接指導、ストレスもあわせて確認すると理解がつながります。,労働災害;安全配慮義務;面接指導,,A,演習の正答の要点は「長時間労働への対応は業務量・優先度の整理が基本」です。誤り肢は根拠法令の取り違え、対象範囲の限定（のみ・必ず）、責任主体の混同（会社のみ・管理監督者のみ）に注意してください。,g-ec134bc39d4f7d70,長時間労働とは？意味・根拠・試験で押さえるポイント,長時間労働は、基礎・役割分野で頻出の用語です。長時間労働は、メンタルヘルスケアの意義、管理監督者の役割、ストレスや疾病の基礎理解に関わる用語です。本記事では意味、試験での出題の仕方、混同しやすい点を整理します。,長時間労働は、メンタルヘルスケアの意義、管理監督者の役割、ストレスや疾病の基礎理解に関わる用語です。長時間労働への対応は業務量・優先度の整理が基本。,長時間労働は、メンタルヘルスケアの意義、管理監督者の役割、ストレスや疾病の基礎理解に関わる用語です。;まず「長時間労働への対応は業務量・優先度の整理が基本」という出題上のポイントと結びつけて理解します。;過去問・演習では「長時間労働への対応は業務量・優先度の整理が基本」という形で扱われるため、単語だけでなく設問の場面も確認します。;ラインケアの視点では、管理監督者が医学的判断を抱え込まず、職場で観察できる事実と専門職への連携を分けて理解することが重要です。,根拠法令（労基法・労契法・労安法）の取り違え;「のみ」「必ず」などの断定表現に注意;管理監督者が医学的判断を抱え込む,「長時間労働」は基礎・役割の重要語。定義→誰が何をするか→連携先の順で覚えると整理しやすい。,,,長時間労働とは何ですか？,長時間労働は、メンタルヘルスケアの意義、管理監督者の役割、ストレスや疾病の基礎理解に関わる用語です。,長時間労働は試験でどのように問われますか？,「長時間労働」は定義に加え、演習問題の正答肢キーワードと照合して覚えると定着しやすいです。関連演習へリンクした問題を解き、用語記事に戻って確認してください。,長時間労働を学習するときの注意点は？,単語だけでなく、ラインケア・安全配慮・専門職連携の流れの中で意味を確認してください。数値や義務の有無は法令改正で変わる場合があるため、受験前に公式情報も確認してください。,y2026/q08,演習2026・第8問（長時間労働）
長時間労働者に対する面接指導,長時間労働者に対する面接指導,職場環境・配慮,職場環境・配慮,長時間労働者に対する面接指導は、時間外・休日労働、疲労の蓄積、医師による面接指導、就業上の措置と関係します。,長時間労働者に対する面接指導は、時間外・休日労働、疲労の蓄積、医師による面接指導、就業上の措置と関係します。長時間労働はメンタルヘルス不調や脳・心臓疾患のリスクにもつながるため、管理監督者は労働時間と仕事ぶりの変化を早めに把握します。職場では、用語の意味だけでなく、誰が対応し、どの情報を共有し、どの専門職につなぐかまで確認します。実務では、個人の努力だけでなく、職場の仕組みや環境をどう変えるかまで考えると理解が深まります。,PDCAサイクル;いつもと違う様子;コーピング,,A,「長時間労働者に対する面接指導」は選択肢で根拠・対象範囲・責任の所在がずれる肢に注意してください。「のみ」「必ず」などの断定は定義と照合し、管理監督者が医学的判断を抱え込まない点も確認します。,g-425cf0b283dd63fb,長時間労働者に対する面接指導とは？意味・根拠・試験で押さえるポイント,長時間労働者に対する面接指導は、職場環境・配慮分野で頻出の用語です。長時間労働者に対する面接指導は、時間外・休日労働、疲労の蓄積、医師による面接指導、就業上の措置と関係します。本記事では意味、試験での出題の仕方、混同しやすい点を整理します。,長時間労働者に対する面接指導は、時間外・休日労働、疲労の蓄積、医師による面接指導、就業上の措置と関係します。長時間労働はメンタルヘルス不調や脳・心臓疾患のリスクにもつながるため、管理監督者は労働時間と仕事ぶりの変化を早めに把握します。,長時間労働者に対する面接指導は、時間外・休日労働、疲労の蓄積、医師による面接指導、就業上の措置と関係します。;長時間労働はメンタルヘルス不調や脳・心臓疾患のリスクにもつながるため、管理監督者は労働時間と仕事ぶりの変化を早めに把握します。;職場では、用語の意味だけでなく、誰が対応し、どの情報を共有し、どの専門職につなぐかまで確認します。;実務では、個人の努力だけでなく、職場の仕組みや環境をどう変えるかまで考えると理解が深まります。,数値基準・義務の有無・誰が実施するかの混同;個人結果と集団分析の取り違え;管理監督者が医学的判断を抱え込む,「長時間労働者に対する面接指導」は職場環境・配慮分野の用語。定義→職場での見方→連携先の順で整理し、関連演習で確認してください。,,,長時間労働者に対する面接指導とは何ですか？,長時間労働者に対する面接指導は、時間外・休日労働、疲労の蓄積、医師による面接指導、就業上の措置と関係します。,長時間労働者に対する面接指導は試験でどのように問われますか？,「長時間労働者に対する面接指導」は定義に加え、演習問題の正答肢キーワードと照合して覚えると定着しやすいです。関連演習へリンクした問題を解き、用語記事に戻って確認してください。,長時間労働者に対する面接指導を学習するときの注意点は？,単語だけでなく、ラインケア・安全配慮・専門職連携の流れの中で意味を確認してください。数値や義務の有無は法令改正で変わる場合があるため、受験前に公式情報も確認してください。,y2026/q08,演習2026・第8問（長時間労働者に対する面接指導）
長時間労働者への面接指導チェックリスト,長時間労働者への面接指導チェックリスト,職場環境・配慮,職場環境・配慮,長時間労働者への面接指導チェックリストは、時間外・休日労働、疲労の蓄積、医師による面接指導、就業上の措置と関係します。,長時間労働者への面接指導チェックリストは、時間外・休日労働、疲労の蓄積、医師による面接指導、就業上の措置と関係します。長時間労働はメンタルヘルス不調や脳・心臓疾患のリスクにもつながるため、管理監督者は労働時間と仕事ぶりの変化を早めに把握します。職場では、用語の意味だけでなく、誰が対応し、どの情報を共有し、どの専門職につなぐかまで確認します。実務では、個人の努力だけでなく、職場の仕組みや環境をどう変えるかまで考えると理解が深まります。,PDCAサイクル;いつもと違う様子;コーピング,,A,「長時間労働者への面接指導チェックリスト」は選択肢で根拠・対象範囲・責任の所在がずれる肢に注意してください。「のみ」「必ず」などの断定は定義と照合し、管理監督者が医学的判断を抱え込まない点も確認します。,g-f21d063edb1bd6c6,長時間労働者への面接指導チェックリストとは？意味・根拠・試験で押さえるポイント,長時間労働者への面接指導チェックリストは、職場環境・配慮分野で頻出の用語です。長時間労働者への面接指導チェックリストは、時間外・休日労働、疲労の蓄積、医師による面接指導、就業上の措置と関係します。本記事では意味、試験での出題の仕方、混同しやすい点を整理します。,長時間労働者への面接指導チェックリストは、時間外・休日労働、疲労の蓄積、医師による面接指導、就業上の措置と関係します。長時間労働はメンタルヘルス不調や脳・心臓疾患のリスクにもつながるため、管理監督者は労働時間と仕事ぶりの変化を早めに把握します。,長時間労働者への面接指導チェックリストは、時間外・休日労働、疲労の蓄積、医師による面接指導、就業上の措置と関係します。;長時間労働はメンタルヘルス不調や脳・心臓疾患のリスクにもつながるため、管理監督者は労働時間と仕事ぶりの変化を早めに把握します。;職場では、用語の意味だけでなく、誰が対応し、どの情報を共有し、どの専門職につなぐかまで確認します。;実務では、個人の努力だけでなく、職場の仕組みや環境をどう変えるかまで考えると理解が深まります。,数値基準・義務の有無・誰が実施するかの混同;個人結果と集団分析の取り違え;管理監督者が医学的判断を抱え込む,「長時間労働者への面接指導チェックリスト」は職場環境・配慮分野の用語。定義→職場での見方→連携先の順で整理し、関連演習で確認してください。,,,長時間労働者への面接指導チェックリストとは何ですか？,長時間労働者への面接指導チェックリストは、時間外・休日労働、疲労の蓄積、医師による面接指導、就業上の措置と関係します。,長時間労働者への面接指導チェックリストは試験でどのように問われますか？,「長時間労働者への面接指導チェックリスト」は定義に加え、演習問題の正答肢キーワードと照合して覚えると定着しやすいです。関連演習へリンクした問題を解き、用語記事に戻って確認してください。,長時間労働者への面接指導チェックリストを学習するときの注意点は？,単語だけでなく、ラインケア・安全配慮・専門職連携の流れの中で意味を確認してください。数値や義務の有無は法令改正で変わる場合があるため、受験前に公式情報も確認してください。,y2026/q08,演習2026・第8問（長時間労働者への面接指導チェックリスト）
閉塞性タイプ,閉塞性タイプ,基礎・役割,基礎・役割,閉塞性タイプは、悩みを外に出しにくく、周囲に相談せず抱え込みやすい状態を理解する文脈で扱われます。,閉塞性タイプは、悩みを外に出しにくく、周囲に相談せず抱え込みやすい状態を理解する文脈で扱われます。職場では、孤立、相談回避、急な欠勤や仕事ぶりの変化として現れることがあります。職場では、用語の意味だけでなく、誰が対応し、どの情報を共有し、どの専門職につなぐかまで確認します。実務では、用語を単独で覚えるのではなく、ラインケア・安全配慮・専門職連携の流れに置いて確認します。,36協定;DALYs損失;ILO（国際労働機関）,,A,「閉塞性タイプ」は選択肢で根拠・対象範囲・責任の所在がずれる肢に注意してください。「のみ」「必ず」などの断定は定義と照合し、管理監督者が医学的判断を抱え込まない点も確認します。,g-39ae23fbd7d7b973,閉塞性タイプとは？意味・根拠・試験で押さえるポイント,閉塞性タイプは、基礎・役割分野で頻出の用語です。閉塞性タイプは、悩みを外に出しにくく、周囲に相談せず抱え込みやすい状態を理解する文脈で扱われます。本記事では意味、試験での出題の仕方、混同しやすい点を整理します。,閉塞性タイプは、悩みを外に出しにくく、周囲に相談せず抱え込みやすい状態を理解する文脈で扱われます。職場では、孤立、相談回避、急な欠勤や仕事ぶりの変化として現れることがあります。,閉塞性タイプは、悩みを外に出しにくく、周囲に相談せず抱え込みやすい状態を理解する文脈で扱われます。;職場では、孤立、相談回避、急な欠勤や仕事ぶりの変化として現れることがあります。;職場では、用語の意味だけでなく、誰が対応し、どの情報を共有し、どの専門職につなぐかまで確認します。;実務では、用語を単独で覚えるのではなく、ラインケア・安全配慮・専門職連携の流れに置いて確認します。,根拠法令（労基法・労契法・労安法）の取り違え;「のみ」「必ず」などの断定表現に注意;管理監督者が医学的判断を抱え込む,「閉塞性タイプ」は基礎・役割分野の用語。定義→職場での見方→連携先の順で整理し、関連演習で確認してください。,,,閉塞性タイプとは何ですか？,閉塞性タイプは、悩みを外に出しにくく、周囲に相談せず抱え込みやすい状態を理解する文脈で扱われます。,閉塞性タイプは試験でどのように問われますか？,「閉塞性タイプ」は定義に加え、演習問題の正答肢キーワードと照合して覚えると定着しやすいです。関連演習へリンクした問題を解き、用語記事に戻って確認してください。,閉塞性タイプを学習するときの注意点は？,単語だけでなく、ラインケア・安全配慮・専門職連携の流れの中で意味を確認してください。数値や義務の有無は法令改正で変わる場合があるため、受験前に公式情報も確認してください。,y2026/q07,演習2026・第7問（基礎・労働安全衛生）
防御反応,防御反応,基礎・役割,基礎・役割,防御反応は、ストレッサーに対する身体反応や心理反応を説明する際に使われます。,防御反応は、ストレッサーに対する身体反応や心理反応を説明する際に使われます。急性の緊張反応、慢性的な疲労や不調、自律神経系や内分泌系の反応などを、ストレス反応の流れとして理解します。職場では、用語の意味だけでなく、誰が対応し、どの情報を共有し、どの専門職につなぐかまで確認します。実務では、用語を単独で覚えるのではなく、ラインケア・安全配慮・専門職連携の流れに置いて確認します。,36協定;DALYs損失;ILO（国際労働機関）,,A,「防御反応」は選択肢で根拠・対象範囲・責任の所在がずれる肢に注意してください。「のみ」「必ず」などの断定は定義と照合し、管理監督者が医学的判断を抱え込まない点も確認します。,g-f2f0b24e1f12687f,防御反応とは？意味・根拠・試験で押さえるポイント,防御反応は、基礎・役割分野で頻出の用語です。防御反応は、ストレッサーに対する身体反応や心理反応を説明する際に使われます。本記事では意味、試験での出題の仕方、混同しやすい点を整理します。,防御反応は、ストレッサーに対する身体反応や心理反応を説明する際に使われます。急性の緊張反応、慢性的な疲労や不調、自律神経系や内分泌系の反応などを、ストレス反応の流れとして理解します。,防御反応は、ストレッサーに対する身体反応や心理反応を説明する際に使われます。;急性の緊張反応、慢性的な疲労や不調、自律神経系や内分泌系の反応などを、ストレス反応の流れとして理解します。;職場では、用語の意味だけでなく、誰が対応し、どの情報を共有し、どの専門職につなぐかまで確認します。;実務では、用語を単独で覚えるのではなく、ラインケア・安全配慮・専門職連携の流れに置いて確認します。,根拠法令（労基法・労契法・労安法）の取り違え;「のみ」「必ず」などの断定表現に注意;管理監督者が医学的判断を抱え込む,「防御反応」は基礎・役割分野の用語。定義→職場での見方→連携先の順で整理し、関連演習で確認してください。,,,防御反応とは何ですか？,防御反応は、ストレッサーに対する身体反応や心理反応を説明する際に使われます。,防御反応は試験でどのように問われますか？,「防御反応」は定義に加え、演習問題の正答肢キーワードと照合して覚えると定着しやすいです。関連演習へリンクした問題を解き、用語記事に戻って確認してください。,防御反応を学習するときの注意点は？,単語だけでなく、ラインケア・安全配慮・専門職連携の流れの中で意味を確認してください。数値や義務の有無は法令改正で変わる場合があるため、受験前に公式情報も確認してください。,y2026/q07,演習2026・第7問（基礎・労働安全衛生）
陰性症状,陰性症状,基礎・役割,基礎・役割,陰性症状は、メンタルヘルスケアの意義、管理監督者の役割、ストレスや疾病の基礎理解に関わる用語です。,陰性症状は、メンタルヘルスケアの意義、管理監督者の役割、ストレスや疾病の基礎理解に関わる用語です。まず「陽性・陰性症状の理解と早期介入が重要」という出題上のポイントと結びつけて理解します。過去問・演習では「統合失調症は適切な治療・支援により就労を含む社会参加が可能」という形で扱われるため、単語だけでなく設問の場面も確認します。ラインケアの視点では、管理監督者が医学的判断を抱え込まず、職場で観察できる事実と専門職への連携を分けて理解することが重要です。関連する用語として、ストレス、統合失調症、抗精神病薬、薬物療法もあわせて確認すると理解がつながります。,ストレス;統合失調症;抗精神病薬,,A,演習の正答の要点は「統合失調症は適切な治療・支援により就労を含む社会参加が可能」です。誤り肢は根拠法令の取り違え、対象範囲の限定（のみ・必ず）、責任主体の混同（会社のみ・管理監督者のみ）に注意してください。,g-80c4358d3278ddec,陰性症状とは？意味・根拠・試験で押さえるポイント,陰性症状は、基礎・役割分野で頻出の用語です。陰性症状は、メンタルヘルスケアの意義、管理監督者の役割、ストレスや疾病の基礎理解に関わる用語です。本記事では意味、試験での出題の仕方、混同しやすい点を整理します。,陰性症状は、メンタルヘルスケアの意義、管理監督者の役割、ストレスや疾病の基礎理解に関わる用語です。陽性・陰性症状の理解と早期介入が重要。,陰性症状は、メンタルヘルスケアの意義、管理監督者の役割、ストレスや疾病の基礎理解に関わる用語です。;まず「陽性・陰性症状の理解と早期介入が重要」という出題上のポイントと結びつけて理解します。;過去問・演習では「統合失調症は適切な治療・支援により就労を含む社会参加が可能」という形で扱われるため、単語だけでなく設問の場面も確認します。;ラインケアの視点では、管理監督者が医学的判断を抱え込まず、職場で観察できる事実と専門職への連携を分けて理解することが重要です。,根拠法令（労基法・労契法・労安法）の取り違え;「のみ」「必ず」などの断定表現に注意;管理監督者が医学的判断を抱え込む,「陰性症状」は基礎・役割の重要語。定義→誰が何をするか→連携先の順で覚えると整理しやすい。,,,陰性症状とは何ですか？,陰性症状は、メンタルヘルスケアの意義、管理監督者の役割、ストレスや疾病の基礎理解に関わる用語です。,陰性症状は試験でどのように問われますか？,「陰性症状」は定義に加え、演習問題の正答肢キーワードと照合して覚えると定着しやすいです。関連演習へリンクした問題を解き、用語記事に戻って確認してください。,陰性症状を学習するときの注意点は？,単語だけでなく、ラインケア・安全配慮・専門職連携の流れの中で意味を確認してください。数値や義務の有無は法令改正で変わる場合があるため、受験前に公式情報も確認してください。,y2026/q55,演習2026・第55問（陰性症状）
陽性症状,陽性症状,基礎・役割,基礎・役割,陽性症状は、メンタルヘルスケアの意義、管理監督者の役割、ストレスや疾病の基礎理解に関わる用語です。,陽性症状は、メンタルヘルスケアの意義、管理監督者の役割、ストレスや疾病の基礎理解に関わる用語です。まず「科目: ストレスおよびメンタルヘルスに関する基礎知識 幻覚・妄想などの陽性症状と、感情の平板化・意欲低下などの陰性症状がある」という出題上のポイントと結びつけて理解します。過去問・演習では「統合失調症は適切な治療・支援により就労を含む社会参加が可能」という形で扱われるため、単語だけでなく設問の場面も確認します。ラインケアの視点では、管理監督者が医学的判断を抱え込まず、職場で観察できる事実と専門職への連携を分けて理解することが重要です。関連する用語として、ストレス、統合失調症、陰性症状、抗精神病薬もあわせて確認すると理解がつながります。,ストレス;統合失調症;陰性症状,,A,演習の正答の要点は「統合失調症は適切な治療・支援により就労を含む社会参加が可能」です。誤り肢は根拠法令の取り違え、対象範囲の限定（のみ・必ず）、責任主体の混同（会社のみ・管理監督者のみ）に注意してください。,g-0600348b5e982e82,陽性症状とは？意味・根拠・試験で押さえるポイント,陽性症状は、基礎・役割分野で頻出の用語です。陽性症状は、メンタルヘルスケアの意義、管理監督者の役割、ストレスや疾病の基礎理解に関わる用語です。本記事では意味、試験での出題の仕方、混同しやすい点を整理します。,陽性症状は、メンタルヘルスケアの意義、管理監督者の役割、ストレスや疾病の基礎理解に関わる用語です。科目: ストレスおよびメンタルヘルスに関する基礎知識 幻覚・妄想などの陽性症状と、感情の平板化・意欲低下などの陰性症状がある。,陽性症状は、メンタルヘルスケアの意義、管理監督者の役割、ストレスや疾病の基礎理解に関わる用語です。;まず「科目: ストレスおよびメンタルヘルスに関する基礎知識 幻覚・妄想などの陽性症状と、感情の平板化・意欲低下などの陰性症状がある」という出題上のポイントと結びつけて理解します。;過去問・演習では「統合失調症は適切な治療・支援により就労を含む社会参加が可能」という形で扱われるため、単語だけでなく設問の場面も確認します。;ラインケアの視点では、管理監督者が医学的判断を抱え込まず、職場で観察できる事実と専門職への連携を分けて理解することが重要です。,根拠法令（労基法・労契法・労安法）の取り違え;「のみ」「必ず」などの断定表現に注意;管理監督者が医学的判断を抱え込む,「陽性症状」は基礎・役割の重要語。定義→誰が何をするか→連携先の順で覚えると整理しやすい。,,,陽性症状とは何ですか？,陽性症状は、メンタルヘルスケアの意義、管理監督者の役割、ストレスや疾病の基礎理解に関わる用語です。,陽性症状は試験でどのように問われますか？,「陽性症状」は定義に加え、演習問題の正答肢キーワードと照合して覚えると定着しやすいです。関連演習へリンクした問題を解き、用語記事に戻って確認してください。,陽性症状を学習するときの注意点は？,単語だけでなく、ラインケア・安全配慮・専門職連携の流れの中で意味を確認してください。数値や義務の有無は法令改正で変わる場合があるため、受験前に公式情報も確認してください。,y2026/q55,演習2026・第55問（陽性症状）
障害者の範囲,障害者の範囲,基礎・役割,基礎・役割,障害者の範囲は、メンタルヘルスケアの意義、管理監督者の役割、ストレスや疾病の基礎理解に関わる用語です。,障害者の範囲は、メンタルヘルスケアの意義、管理監督者の役割、ストレスや疾病の基礎理解に関わる用語です。まず「障害者の範囲には身体・知的・精神障害者が含まれる」という出題上のポイントと結びつけて理解します。過去問・演習では「精神障害者保健福祉手帳を持つ者は法定雇用率の算定対象」という形で扱われるため、単語だけでなく設問の場面も確認します。ラインケアの視点では、管理監督者が医学的判断を抱え込まず、職場で観察できる事実と専門職への連携を分けて理解することが重要です。関連する用語として、ストレス、合理的配慮の提供、障害者雇用促進法もあわせて確認すると理解がつながります。,ストレス;合理的配慮の提供;障害者雇用促進法,,A,演習の正答の要点は「精神障害者保健福祉手帳を持つ者は法定雇用率の算定対象」です。誤り肢は根拠法令の取り違え、対象範囲の限定（のみ・必ず）、責任主体の混同（会社のみ・管理監督者のみ）に注意してください。,g-d3036510d3a4efb4,障害者の範囲とは？意味・根拠・試験で押さえるポイント,障害者の範囲は、基礎・役割分野で頻出の用語です。障害者の範囲は、メンタルヘルスケアの意義、管理監督者の役割、ストレスや疾病の基礎理解に関わる用語です。本記事では意味、試験での出題の仕方、混同しやすい点を整理します。,障害者の範囲は、メンタルヘルスケアの意義、管理監督者の役割、ストレスや疾病の基礎理解に関わる用語です。障害者の範囲には身体・知的・精神障害者が含まれる。,障害者の範囲は、メンタルヘルスケアの意義、管理監督者の役割、ストレスや疾病の基礎理解に関わる用語です。;まず「障害者の範囲には身体・知的・精神障害者が含まれる」という出題上のポイントと結びつけて理解します。;過去問・演習では「精神障害者保健福祉手帳を持つ者は法定雇用率の算定対象」という形で扱われるため、単語だけでなく設問の場面も確認します。;ラインケアの視点では、管理監督者が医学的判断を抱え込まず、職場で観察できる事実と専門職への連携を分けて理解することが重要です。,根拠法令（労基法・労契法・労安法）の取り違え;「のみ」「必ず」などの断定表現に注意;管理監督者が医学的判断を抱え込む,「障害者の範囲」は基礎・役割の重要語。定義→誰が何をするか→連携先の順で覚えると整理しやすい。,,,障害者の範囲とは何ですか？,障害者の範囲は、メンタルヘルスケアの意義、管理監督者の役割、ストレスや疾病の基礎理解に関わる用語です。,障害者の範囲は試験でどのように問われますか？,「障害者の範囲」は定義に加え、演習問題の正答肢キーワードと照合して覚えると定着しやすいです。関連演習へリンクした問題を解き、用語記事に戻って確認してください。,障害者の範囲を学習するときの注意点は？,単語だけでなく、ラインケア・安全配慮・専門職連携の流れの中で意味を確認してください。数値や義務の有無は法令改正で変わる場合があるため、受験前に公式情報も確認してください。,y2026/q16,演習2026・第16問（障害者の範囲）
障害者差別解消法,障害者差別解消法,基礎・役割,基礎・役割,障害者差別解消法は、メンタルヘルスケアの意義、管理監督者の役割、ストレスや疾病の基礎理解に関わる用語です。,障害者差別解消法は、メンタルヘルスケアの意義、管理監督者の役割、ストレスや疾病の基礎理解に関わる用語です。まず「障害者差別解消法・雇用促進法により合理的配慮が求められる」という出題上のポイントと結びつけて理解します。過去問・演習では「障害者差別解消法は国・自治体・民間事業者に差別禁止を義務付け（2021年改正で民間も義務化）」という形で扱われるため、単語だけでなく設問の場面も確認します。ラインケアの視点では、管理監督者が医学的判断を抱え込まず、職場で観察できる事実と専門職への連携を分けて理解することが重要です。関連する用語として、ストレス、発達障害、合理的配慮の提供、心身症もあわせて確認すると理解がつながります。,ストレス;発達障害;合理的配慮の提供,,A,演習の正答の要点は「障害者差別解消法は国・自治体・民間事業者に差別禁止を義務付け（2021年改正で民間も義務化）」です。誤り肢は根拠法令の取り違え、対象範囲の限定（のみ・必ず）、責任主体の混同（会社のみ・管理監督者のみ）に注意してください。,g-95e927cb2b5e2671,障害者差別解消法とは？意味・根拠・試験で押さえるポイント,障害者差別解消法は、基礎・役割分野で頻出の用語です。障害者差別解消法は、メンタルヘルスケアの意義、管理監督者の役割、ストレスや疾病の基礎理解に関わる用語です。本記事では意味、試験での出題の仕方、混同しやすい点を整理します。,障害者差別解消法は、メンタルヘルスケアの意義、管理監督者の役割、ストレスや疾病の基礎理解に関わる用語です。障害者差別解消法・雇用促進法により合理的配慮が求められる。,障害者差別解消法は、メンタルヘルスケアの意義、管理監督者の役割、ストレスや疾病の基礎理解に関わる用語です。;まず「障害者差別解消法・雇用促進法により合理的配慮が求められる」という出題上のポイントと結びつけて理解します。;過去問・演習では「障害者差別解消法は国・自治体・民間事業者に差別禁止を義務付け（2021年改正で民間も義務化）」という形で扱われるため、単語だけでなく設問の場面も確認します。;ラインケアの視点では、管理監督者が医学的判断を抱え込まず、職場で観察できる事実と専門職への連携を分けて理解することが重要です。,根拠法令（労基法・労契法・労安法）の取り違え;「のみ」「必ず」などの断定表現に注意;管理監督者が医学的判断を抱え込む,「障害者差別解消法」は基礎・役割の重要語。定義→誰が何をするか→連携先の順で覚えると整理しやすい。,,,障害者差別解消法とは何ですか？,障害者差別解消法は、メンタルヘルスケアの意義、管理監督者の役割、ストレスや疾病の基礎理解に関わる用語です。,障害者差別解消法は試験でどのように問われますか？,「障害者差別解消法」は定義に加え、演習問題の正答肢キーワードと照合して覚えると定着しやすいです。関連演習へリンクした問題を解き、用語記事に戻って確認してください。,障害者差別解消法を学習するときの注意点は？,単語だけでなく、ラインケア・安全配慮・専門職連携の流れの中で意味を確認してください。数値や義務の有無は法令改正で変わる場合があるため、受験前に公式情報も確認してください。,y2026/q16,演習2026・第16問（障害者差別解消法）
障害者職場定着支援奨励金,障害者職場定着支援奨励金,基礎・役割,基礎・役割,障害者職場定着支援奨励金は、メンタルヘルスケアの意義、管理監督者の役割、ストレスや疾病の基礎理解に関わる用語です。,障害者職場定着支援奨励金は、メンタルヘルスケアの意義、管理監督者の役割、ストレスや疾病の基礎理解に関わる用語です。まず「障害者職場定着支援奨励金（現：障害者雇用安定助成金等）は事業者が職場定着のための支援措置を講じた場合に支給される」という出題上のポイントと結びつけて理解します。過去問・演習では「障害者職場定着支援奨励金（現：障害者雇用安定助成金等）は事業者が職場定着のための支援措置を講じた場合に支給される」という形で扱われるため、単語だけでなく設問の場面も確認します。ラインケアの視点では、管理監督者が医学的判断を抱え込まず、職場で観察できる事実と専門職への連携を分けて理解することが重要です。関連する用語として、ストレスもあわせて確認すると理解がつながります。,ストレス;確認すると理解がつながります,,A,演習の正答の要点は「障害者職場定着支援奨励金（現：障害者雇用安定助成金等）は事業者が職場定着のための支援措置を講じた場合に支給される」です。誤り肢は根拠法令の取り違え、対象範囲の限定（のみ・必ず）、責任主体の混同（会社のみ・管理監督者のみ）に注意してください。,g-9b530fad7100db8f,障害者職場定着支援奨励金とは？意味・根拠・試験で押さえるポイント,障害者職場定着支援奨励金は、基礎・役割分野で頻出の用語です。障害者職場定着支援奨励金は、メンタルヘルスケアの意義、管理監督者の役割、ストレスや疾病の基礎理解に関わる用語です。本記事では意味、試験での出題の仕方、混同しやすい点を整理します。,障害者職場定着支援奨励金は、メンタルヘルスケアの意義、管理監督者の役割、ストレスや疾病の基礎理解に関わる用語です。障害者職場定着支援奨励金（現：障害者雇用安定助成金等）は事業者が職場定着のための支援措置を講じた場合に支給される。,障害者職場定着支援奨励金は、メンタルヘルスケアの意義、管理監督者の役割、ストレスや疾病の基礎理解に関わる用語です。;まず「障害者職場定着支援奨励金（現：障害者雇用安定助成金等）は事業者が職場定着のための支援措置を講じた場合に支給される」という出題上のポイントと結びつけて理解します。;過去問・演習では「障害者職場定着支援奨励金（現：障害者雇用安定助成金等）は事業者が職場定着のための支援措置を講じた場合に支給される」という形で扱われるため、単語だけでなく設問の場面も確認します。;ラインケアの視点では、管理監督者が医学的判断を抱え込まず、職場で観察できる事実と専門職への連携を分けて理解することが重要です。,根拠法令（労基法・労契法・労安法）の取り違え;「のみ」「必ず」などの断定表現に注意;管理監督者が医学的判断を抱え込む,「障害者職場定着支援奨励金」は基礎・役割の重要語。定義→誰が何をするか→連携先の順で覚えると整理しやすい。,,,障害者職場定着支援奨励金とは何ですか？,障害者職場定着支援奨励金は、メンタルヘルスケアの意義、管理監督者の役割、ストレスや疾病の基礎理解に関わる用語です。,障害者職場定着支援奨励金は試験でどのように問われますか？,「障害者職場定着支援奨励金」は定義に加え、演習問題の正答肢キーワードと照合して覚えると定着しやすいです。関連演習へリンクした問題を解き、用語記事に戻って確認してください。,障害者職場定着支援奨励金を学習するときの注意点は？,単語だけでなく、ラインケア・安全配慮・専門職連携の流れの中で意味を確認してください。数値や義務の有無は法令改正で変わる場合があるため、受験前に公式情報も確認してください。,y2026/q211,演習2026・第211問（障害者職場定着支援奨励金）
障害者雇用促進法,障害者雇用促進法,基礎・役割,基礎・役割,障害者雇用促進法は、メンタルヘルスケアの意義、管理監督者の役割、ストレスや疾病の基礎理解に関わる用語です。,障害者雇用促進法は、メンタルヘルスケアの意義、管理監督者の役割、ストレスや疾病の基礎理解に関わる用語です。まず「障害者雇用促進法は、試験では「精神障害者保健福祉手帳を持つ者は法定雇用率の算定対象」という文脈で確認される用語です」という出題上のポイントと結びつけて理解します。過去問・演習では「精神障害者保健福祉手帳を持つ者は法定雇用率の算定対象」という形で扱われるため、単語だけでなく設問の場面も確認します。ラインケアの視点では、管理監督者が医学的判断を抱え込まず、職場で観察できる事実と専門職への連携を分けて理解することが重要です。関連する用語として、ストレス、合理的配慮の提供、障害者の範囲もあわせて確認すると理解がつながります。,ストレス;合理的配慮の提供;障害者の範囲,,A,演習の正答の要点は「精神障害者保健福祉手帳を持つ者は法定雇用率の算定対象」です。誤り肢は根拠法令の取り違え、対象範囲の限定（のみ・必ず）、責任主体の混同（会社のみ・管理監督者のみ）に注意してください。,g-e08475b769cab9f2,障害者雇用促進法とは？意味・根拠・試験で押さえるポイント,障害者雇用促進法は、基礎・役割分野で頻出の用語です。障害者雇用促進法は、メンタルヘルスケアの意義、管理監督者の役割、ストレスや疾病の基礎理解に関わる用語です。本記事では意味、試験での出題の仕方、混同しやすい点を整理します。,障害者雇用促進法は、メンタルヘルスケアの意義、管理監督者の役割、ストレスや疾病の基礎理解に関わる用語です。障害者雇用促進法は、試験では「精神障害者保健福祉手帳を持つ者は法定雇用率の算定対象。,障害者雇用促進法は、メンタルヘルスケアの意義、管理監督者の役割、ストレスや疾病の基礎理解に関わる用語です。;まず「障害者雇用促進法は、試験では「精神障害者保健福祉手帳を持つ者は法定雇用率の算定対象」という文脈で確認される用語です」という出題上のポイントと結びつけて理解します。;過去問・演習では「精神障害者保健福祉手帳を持つ者は法定雇用率の算定対象」という形で扱われるため、単語だけでなく設問の場面も確認します。;ラインケアの視点では、管理監督者が医学的判断を抱え込まず、職場で観察できる事実と専門職への連携を分けて理解することが重要です。,根拠法令（労基法・労契法・労安法）の取り違え;「のみ」「必ず」などの断定表現に注意;管理監督者が医学的判断を抱え込む,「障害者雇用促進法」は基礎・役割の重要語。定義→誰が何をするか→連携先の順で覚えると整理しやすい。,,,障害者雇用促進法とは何ですか？,障害者雇用促進法は、メンタルヘルスケアの意義、管理監督者の役割、ストレスや疾病の基礎理解に関わる用語です。,障害者雇用促進法は試験でどのように問われますか？,「障害者雇用促進法」は定義に加え、演習問題の正答肢キーワードと照合して覚えると定着しやすいです。関連演習へリンクした問題を解き、用語記事に戻って確認してください。,障害者雇用促進法を学習するときの注意点は？,単語だけでなく、ラインケア・安全配慮・専門職連携の流れの中で意味を確認してください。数値や義務の有無は法令改正で変わる場合があるため、受験前に公式情報も確認してください。,y2026/q16,演習2026・第16問（障害者雇用促進法）
面接指導,面接指導,基礎・役割,基礎・役割,一般の長時間労働者では、月80時間超の時間外・休日労働があり疲労の蓄積が認められる者が申し出た場合に、医師による面接指導が義務となります。,一般の長時間労働者では、月80時間超の時間外・休日労働があり疲労の蓄積が認められる者が申し出た場合に、医師による面接指導が義務となります。研究開発業務従事者や高度プロフェッショナル制度適用者などでは、月100時間超等で申出なしの面接指導対象となる場合があります。ストレスチェックの高ストレス者についても、本人の申し出により面接指導につながります。実務では、用語を単独で覚えるのではなく、ラインケア・安全配慮・専門職連携の流れに置いて確認します。,36協定;DALYs損失;ILO（国際労働機関）,,A,選択肢では根拠法令・対象範囲・責任の所在がずれる肢に注意し、用語の定義と照合してください。,g-7072625d99be35de,面接指導とは？意味・根拠・試験で押さえるポイント,面接指導は、基礎・役割分野で頻出の用語です。一般の長時間労働者では、月80時間超の時間外・休日労働があり疲労の蓄積が認められる者が申し出た場合に、医師による面接指導が義務となります。本記事では意味、試験での出題の仕方、混同しやすい点を整理します。,一般の長時間労働者では、月80時間超の時間外・休日労働があり疲労の蓄積が認められる者が申し出た場合に、医師による面接指導が義務となります。,一般の長時間労働者では、月80時間超の時間外・休日労働があり疲労の蓄積が認められる者が申し出た場合に、医師による面接指導が義務となります。;研究開発業務従事者や高度プロフェッショナル制度適用者などでは、月100時間超等で申出なしの面接指導対象となる場合があります。;ストレスチェックの高ストレス者についても、本人の申し出により面接指導につながります。;実務では、用語を単独で覚えるのではなく、ラインケア・安全配慮・専門職連携の流れに置いて確認します。,根拠法令（労基法・労契法・労安法）の取り違え;「のみ」「必ず」などの断定表現に注意;管理監督者が医学的判断を抱え込む,「面接指導」は基礎・役割の重要語。定義→誰が何をするか→連携先の順で覚えると整理しやすい。,,,面接指導とは何ですか？,一般の長時間労働者では、月80時間超の時間外・休日労働があり疲労の蓄積が認められる者が申し出た場合に、医師による面接指導が義務となります。,面接指導は試験でどのように問われますか？,「面接指導」は定義に加え、演習問題の正答肢キーワードと照合して覚えると定着しやすいです。関連演習へリンクした問題を解き、用語記事に戻って確認してください。,面接指導を学習するときの注意点は？,単語だけでなく、ラインケア・安全配慮・専門職連携の流れの中で意味を確認してください。数値や義務の有無は法令改正で変わる場合があるため、受験前に公式情報も確認してください。,y2026/q10,演習2026・第10問（面接指導）
面接指導またはこれに準ずる措置,面接指導またはこれに準ずる措置,職場環境・配慮,職場環境・配慮,面接指導またはこれに準ずる措置は、時間外・休日労働、疲労の蓄積、医師による面接指導、就業上の措置と関係します。,面接指導またはこれに準ずる措置は、時間外・休日労働、疲労の蓄積、医師による面接指導、就業上の措置と関係します。長時間労働はメンタルヘルス不調や脳・心臓疾患のリスクにもつながるため、管理監督者は労働時間と仕事ぶりの変化を早めに把握します。職場では、用語の意味だけでなく、誰が対応し、どの情報を共有し、どの専門職につなぐかまで確認します。実務では、個人の努力だけでなく、職場の仕組みや環境をどう変えるかまで考えると理解が深まります。,PDCAサイクル;いつもと違う様子;コーピング,,A,「面接指導またはこれに準ずる措置」は選択肢で根拠・対象範囲・責任の所在がずれる肢に注意してください。「のみ」「必ず」などの断定は定義と照合し、管理監督者が医学的判断を抱え込まない点も確認します。,g-19f7351dccaf0ed0,面接指導またはこれに準ずる措置とは？意味・根拠・試験で押さえるポイント,面接指導またはこれに準ずる措置は、職場環境・配慮分野で頻出の用語です。面接指導またはこれに準ずる措置は、時間外・休日労働、疲労の蓄積、医師による面接指導、就業上の措置と関係します。本記事では意味、試験での出題の仕方、混同しやすい点を整理します。,面接指導またはこれに準ずる措置は、時間外・休日労働、疲労の蓄積、医師による面接指導、就業上の措置と関係します。長時間労働はメンタルヘルス不調や脳・心臓疾患のリスクにもつながるため、管理監督者は労働時間と仕事ぶりの変化を早めに把握します。,面接指導またはこれに準ずる措置は、時間外・休日労働、疲労の蓄積、医師による面接指導、就業上の措置と関係します。;長時間労働はメンタルヘルス不調や脳・心臓疾患のリスクにもつながるため、管理監督者は労働時間と仕事ぶりの変化を早めに把握します。;職場では、用語の意味だけでなく、誰が対応し、どの情報を共有し、どの専門職につなぐかまで確認します。;実務では、個人の努力だけでなく、職場の仕組みや環境をどう変えるかまで考えると理解が深まります。,数値基準・義務の有無・誰が実施するかの混同;個人結果と集団分析の取り違え;管理監督者が医学的判断を抱え込む,「面接指導またはこれに準ずる措置」は職場環境・配慮分野の用語。定義→職場での見方→連携先の順で整理し、関連演習で確認してください。,,,面接指導またはこれに準ずる措置とは何ですか？,面接指導またはこれに準ずる措置は、時間外・休日労働、疲労の蓄積、医師による面接指導、就業上の措置と関係します。,面接指導またはこれに準ずる措置は試験でどのように問われますか？,「面接指導またはこれに準ずる措置」は定義に加え、演習問題の正答肢キーワードと照合して覚えると定着しやすいです。関連演習へリンクした問題を解き、用語記事に戻って確認してください。,面接指導またはこれに準ずる措置を学習するときの注意点は？,単語だけでなく、ラインケア・安全配慮・専門職連携の流れの中で意味を確認してください。数値や義務の有無は法令改正で変わる場合があるため、受験前に公式情報も確認してください。,y2026/q04,演習2026・第4問（職場環境・ストレス調査）
食事,食事,基礎・役割,基礎・役割,食事は、メンタルヘルスケアの意義、管理監督者の役割、ストレスや疾病の基礎理解に関わる用語です。,食事は、メンタルヘルスケアの意義、管理監督者の役割、ストレスや疾病の基礎理解に関わる用語です。まず「睡眠・運動・食事など生活習慣を整える」という出題上のポイントと結びつけて理解します。過去問・演習では「セルフケアは労働者自身が行うもので診断・治療は含まれない」という形で扱われるため、単語だけでなく設問の場面も確認します。ラインケアの視点では、管理監督者が医学的判断を抱え込まず、職場で観察できる事実と専門職への連携を分けて理解することが重要です。関連する用語として、ストレス、セルフケア、リラクセーション、運動もあわせて確認すると理解がつながります。,ストレス;セルフケア;リラクセーション,,A,演習の正答の要点は「セルフケアは労働者自身が行うもので診断・治療は含まれない」です。誤り肢は根拠法令の取り違え、対象範囲の限定（のみ・必ず）、責任主体の混同（会社のみ・管理監督者のみ）に注意してください。,g-c7287c7521cf076c,食事とは？意味・根拠・試験で押さえるポイント,食事は、基礎・役割分野で頻出の用語です。食事は、メンタルヘルスケアの意義、管理監督者の役割、ストレスや疾病の基礎理解に関わる用語です。本記事では意味、試験での出題の仕方、混同しやすい点を整理します。,食事は、メンタルヘルスケアの意義、管理監督者の役割、ストレスや疾病の基礎理解に関わる用語です。睡眠・運動・食事など生活習慣を整える。,食事は、メンタルヘルスケアの意義、管理監督者の役割、ストレスや疾病の基礎理解に関わる用語です。;まず「睡眠・運動・食事など生活習慣を整える」という出題上のポイントと結びつけて理解します。;過去問・演習では「セルフケアは労働者自身が行うもので診断・治療は含まれない」という形で扱われるため、単語だけでなく設問の場面も確認します。;ラインケアの視点では、管理監督者が医学的判断を抱え込まず、職場で観察できる事実と専門職への連携を分けて理解することが重要です。,根拠法令（労基法・労契法・労安法）の取り違え;「のみ」「必ず」などの断定表現に注意;管理監督者が医学的判断を抱え込む,「食事」は基礎・役割の重要語。定義→誰が何をするか→連携先の順で覚えると整理しやすい。,,,食事とは何ですか？,食事は、メンタルヘルスケアの意義、管理監督者の役割、ストレスや疾病の基礎理解に関わる用語です。,食事は試験でどのように問われますか？,「食事」は定義に加え、演習問題の正答肢キーワードと照合して覚えると定着しやすいです。関連演習へリンクした問題を解き、用語記事に戻って確認してください。,食事を学習するときの注意点は？,単語だけでなく、ラインケア・安全配慮・専門職連携の流れの中で意味を確認してください。数値や義務の有無は法令改正で変わる場合があるため、受験前に公式情報も確認してください。,y2026/q196,演習2026・第196問（食事）
高血圧予防のための６つの生活習慣,高血圧予防のための６つの生活習慣,基礎・役割,基礎・役割,高血圧予防では、食塩摂取の見直し、適度な運動、節酒、禁煙、体重管理、睡眠・休養などの生活習慣が重要です。,高血圧予防では、食塩摂取の見直し、適度な運動、節酒、禁煙、体重管理、睡眠・休養などの生活習慣が重要です。ストレスや過重労働は血圧や生活習慣にも影響するため、心身の健康づくりと関連します。職場では、用語の意味だけでなく、誰が対応し、どの情報を共有し、どの専門職につなぐかまで確認します。実務では、用語を単独で覚えるのではなく、ラインケア・安全配慮・専門職連携の流れに置いて確認します。,36協定;DALYs損失;ILO（国際労働機関）,,A,「高血圧予防のための６つの生活習慣」は選択肢で根拠・対象範囲・責任の所在がずれる肢に注意してください。「のみ」「必ず」などの断定は定義と照合し、管理監督者が医学的判断を抱え込まない点も確認します。,g-f8252da1d3666f58,高血圧予防のための６つの生活習慣とは？意味・根拠・試験で押さえるポイント,高血圧予防のための６つの生活習慣は、基礎・役割分野で頻出の用語です。高血圧予防では、食塩摂取の見直し、適度な運動、節酒、禁煙、体重管理、睡眠・休養などの生活習慣が重要です。本記事では意味、試験での出題の仕方、混同しやすい点を整理します。,高血圧予防では、食塩摂取の見直し、適度な運動、節酒、禁煙、体重管理、睡眠・休養などの生活習慣が重要です。ストレスや過重労働は血圧や生活習慣にも影響するため、心身の健康づくりと関連します。,高血圧予防では、食塩摂取の見直し、適度な運動、節酒、禁煙、体重管理、睡眠・休養などの生活習慣が重要です。;ストレスや過重労働は血圧や生活習慣にも影響するため、心身の健康づくりと関連します。;職場では、用語の意味だけでなく、誰が対応し、どの情報を共有し、どの専門職につなぐかまで確認します。;実務では、用語を単独で覚えるのではなく、ラインケア・安全配慮・専門職連携の流れに置いて確認します。,根拠法令（労基法・労契法・労安法）の取り違え;「のみ」「必ず」などの断定表現に注意;管理監督者が医学的判断を抱え込む,「高血圧予防のための６つの生活習慣」は基礎・役割分野の用語。定義→職場での見方→連携先の順で整理し、関連演習で確認してください。,,,高血圧予防のための６つの生活習慣とは何ですか？,高血圧予防では、食塩摂取の見直し、適度な運動、節酒、禁煙、体重管理、睡眠・休養などの生活習慣が重要です。,高血圧予防のための６つの生活習慣は試験でどのように問われますか？,「高血圧予防のための６つの生活習慣」は定義に加え、演習問題の正答肢キーワードと照合して覚えると定着しやすいです。関連演習へリンクした問題を解き、用語記事に戻って確認してください。,高血圧予防のための６つの生活習慣を学習するときの注意点は？,単語だけでなく、ラインケア・安全配慮・専門職連携の流れの中で意味を確認してください。数値や義務の有無は法令改正で変わる場合があるため、受験前に公式情報も確認してください。,y2026/q07,演習2026・第7問（基礎・労働安全衛生）
労働契約法,労働契約法,基礎・役割,基礎・役割,労働契約法は、労働条件の明示、解雇制限、有期契約の更新拒絶など、雇用関係の基本ルールを定める法律です。,労働契約法は、労働条件の明示、解雇制限、有期契約の更新拒絶など、雇用関係の基本ルールを定める法律です。メンタルヘルス不調による休職・復職・配置転換の場面では、労働条件の変更や解雇の可否と結びついて問われます。管理監督者は医学的判断をせず、就業上の配慮は産業医・人事労務と連携して検討します。過去問では労基法・労安法との役割分担（労働時間・安全衛生は労基法・労安法）と混同しやすい点に注意します。,労働基準法;安全配慮義務;就業上の配慮,労働契約法,A,選択肢では根拠法令・対象範囲・責任の所在がずれる肢に注意し、用語の定義と照合してください。,g-439e7be500475b13,労働契約法とは？意味・根拠・試験で押さえるポイント,労働契約法は、基礎・役割分野で頻出の用語です。労働契約法は、労働条件の明示、解雇制限、有期契約の更新拒絶など、雇用関係の基本ルールを定める法律です。本記事では意味、試験での出題の仕方、混同しやすい点を整理します。,労働契約法は、労働条件の明示、解雇制限、有期契約の更新拒絶など、雇用関係の基本ルールを定める法律です。メンタルヘルス不調による休職・復職・配置転換の場面では、労働条件の変更や解雇の可否と結びついて問われます。管理監督者は医学的判断をせず、就業上の配慮は産業医・人事労務と連携して検討します。過去問では労基法・労安法との役割分担（労働時間・安全衛生は労基法・労安法）と混同しやすい点に注意します。,労働契約法は、労働条件の明示、解雇制限、有期契約の更新拒絶など、雇用関係の基本ルールを定める法律です。;メンタルヘルス不調による休職・復職・配置転換の場面では、労働条件の変更や解雇の可否と結びついて問われます。;管理監督者は医学的判断をせず、就業上の配慮は産業医・人事労務と連携して検討します。;過去問では労基法・労安法との役割分担（労働時間・安全衛生は労基法・労安法）と混同しやすい点に注意します。,労基法・労安法との役割分担（労働時間・安全衛生）を混同;解雇・休職と安全配慮義務を混同,「労働契約法」は基礎・役割の重要語。定義→誰が何をするか→連携先の順で覚えると整理しやすい。,,,労働契約法とは何ですか？,労働契約法は、労働条件の明示、解雇制限、有期契約の更新拒絶など、雇用関係の基本ルールを定める法律です。,労働契約法は試験でどのように問われますか？,「労働契約法」は定義確認に加え、数値・手順・誰が担うかがセットで問われます。関連する演習問題で正答肢のキーワードをメモし、用語記事と往復してください。,労働契約法を学習するときの注意点は？,単語だけでなく、ラインケア・安全配慮・専門職連携の流れの中で意味を確認してください。数値や義務の有無は法令改正で変わる場合があるため、受験前に公式情報も確認してください。,y2026/q199,演習2026・第199問（労働契約法）
過労死,過労死,職場環境・配慮,職場環境・配慮,過労死は、過重な労働や長時間労働が関与して死亡に至った事例を指し、職場の労働時間管理とメンタルヘルス対策の重要性を示す概念です。,過労死は、過重な労働や長時間労働が関与して死亡に至った事例を指し、職場の労働時間管理とメンタルヘルス対策の重要性を示す概念です。過労死等防止対策推進法や36協定・時間外労働の上限とセットで理解します。管理監督者は残業の把握、いつもと違う様子への気づき、産業医への連携が求められます。試験では「過労死ゼロ」施策の趣旨や、長時間労働と心身の健康リスクの関係が問われます。,過労死等防止対策推進法;時間外労働;過重労働防止,過労死等防止対策推進法,A,誤り：①過労死ゼロ＝残業禁止、②労災認定目安と面接指導義務の混同、③管理監督者個人に刑事責任のみ。正答は長時間労働と健康リスクの関係です。,g-1a56109fdb382758,過労死とは？意味・根拠・試験で押さえるポイント,過労死は、職場環境・配慮分野で頻出の用語です。過労死は、過重な労働や長時間労働が関与して死亡に至った事例を指し、職場の労働時間管理とメンタルヘルス対策の重要性を示す概念です。本記事では意味、試験での出題の仕方、混同しやすい点を整理します。,過労死は、過重な労働や長時間労働が関与して死亡に至った事例を指し、労働時間管理とメンタルヘルス対策の重要性を示す概念です。過労死等防止対策推進法、36協定、時間外労働の上限と一体的に理解します。,過労死は、過重な労働や長時間労働が関与して死亡に至った事例を指し、職場の労働時間管理とメンタルヘルス対策の重要性を示す概念です。;過労死等防止対策推進法や36協定・時間外労働の上限とセットで理解します。;管理監督者は残業の把握、いつもと違う様子への気づき、産業医への連携が求められます。;試験では「過労死ゼロ」施策の趣旨や、長時間労働と心身の健康リスクの関係が問われます。,労災の時間基準（月100・平均80）をすべての面接指導義務に当てはめる;過労死対策を福利厚生だけと捉える;36協定があれば過重労働は適法と誤解,「過労死」は職場環境・配慮の重要語。定義→誰が何をするか→連携先の順で覚えると整理しやすい。,過労死の労災認定においては、発症前1か月に100時間または2〜6か月間平均で月80時間を超える時間外労働が目安となる。,○（労災認定の目安として整理される。面接指導義務とは別枠で覚える）,過労死とは何ですか？,過労死は、過重な労働や長時間労働が関与して死亡に至った事例を指し、職場の労働時間管理とメンタルヘルス対策の重要性を示す概念です。,過労死は試験でどのように問われますか？,過重労働防止の数値・面接指導・労災目安が一問にまとまって出ることがあります。,過労死を学習するときの注意点は？,単語だけでなく、ラインケア・安全配慮・専門職連携の流れの中で意味を確認してください。数値や義務の有無は法令改正で変わる場合があるため、受験前に公式情報も確認してください。,y2026/q08,演習2026・第8問（過重労働・過労死）
時間外労働,時間外労働,職場環境・配慮,職場環境・配慮,時間外労働は、法定労働時間を超えて行う労働で、36協定と上限規制の対象となります。,時間外労働は、法定労働時間を超えて行う労働で、36協定と上限規制の対象となります。2019年改正労基法により、特別条項を含めても年720時間・月100時間未満・2〜6か月平均80時間以内の上限が設けられました。過重労働はメンタルヘルス不調の主要なストレッサーであり、管理監督者は業務配分と残業把握が重要です。面接指導の対象とも関連します。,36協定;時間外労働の上限;過重労働,労働基準法,A,誤り：①36協定があれば無制限、②休日労働は時間外に含まれない、③面接指導は月45時間超で全員義務。上限規制（720/100/80）を必ず確認します。,g-ca93ff020ab0150b,時間外労働とは？意味・根拠・試験で押さえるポイント,時間外労働は、職場環境・配慮分野で頻出の用語です。時間外労働は、法定労働時間を超えて行う労働で、36協定と上限規制の対象となります。本記事では意味、試験での出題の仕方、混同しやすい点を整理します。,時間外労働は、法定労働時間を超えて行う労働で、36協定と上限規制の対象です。過重労働はメンタルヘルス不調の主要なストレッサーであり、管理監督者は残業把握と業務配分が実務の中心です。,時間外労働は、法定労働時間を超えて行う労働で、36協定と上限規制の対象となります。;2019年改正労基法により、特別条項を含めても年720時間・月100時間未満・2〜6か月平均80時間以内の上限が設けられました。;過重労働はメンタルヘルス不調の主要なストレッサーであり、管理監督者は業務配分と残業把握が重要です。;面接指導の対象とも関連します。,時間外労働と休日労働の上限規制を別物と誤解;特別条項＝上限免除と考える;残業は本人の努力不足と決めつける,「時間外労働」は職場環境・配慮の重要語。定義→誰が何をするか→連携先の順で覚えると整理しやすい。,時間外・休日労働が月45時間を超えると、健康障害リスクが高まるとされている。,○（リスクの目安として知られている。上限規制・面接指導は別の数値で確認）,時間外労働とは何ですか？,時間外労働は、法定労働時間を超えて行う労働で、36協定と上限規制の対象となります。,時間外労働は試験でどのように問われますか？,時間外・休日・上限・面接指導が同じ章の過去問で連続して出題されます。,時間外労働を学習するときの注意点は？,単語だけでなく、ラインケア・安全配慮・専門職連携の流れの中で意味を確認してください。数値や義務の有無は法令改正で変わる場合があるため、受験前に公式情報も確認してください。,y2026/q08,演習2026・第8問（時間外労働）
休日労働,休日労働,職場環境・配慮,職場環境・配慮,休日労働は、法定休日における労働で、36協定が必要であり、労働者の休養確保と関連します。,休日労働は、法定休日における労働で、36協定が必要であり、労働者の休養確保と関連します。時間外労働と同様に上限規制の対象となり、疲労の蓄積やメンタルヘルス不調のリスク要因として扱われます。管理監督者は休日勤務の必要性を見直し、代替要員や業務調整を検討することが求められます。,時間外労働;36協定;過重労働防止,労働基準法,A,選択肢では根拠法令・対象範囲・責任の所在がずれる肢に注意し、用語の定義と照合してください。,g-bcd880467616206f,休日労働とは？意味・根拠・試験で押さえるポイント,休日労働は、職場環境・配慮分野で頻出の用語です。休日労働は、法定休日における労働で、36協定が必要であり、労働者の休養確保と関連します。本記事では意味、試験での出題の仕方、混同しやすい点を整理します。,休日労働は、法定休日における労働で、36協定が必要であり、労働者の休養確保と関連します。時間外労働と同様に上限規制の対象となり、疲労の蓄積やメンタルヘルス不調のリスク要因として扱われます。管理監督者は休日勤務の必要性を見直し、代替要員や業務調整を検討することが求められます。,休日労働は、法定休日における労働で、36協定が必要であり、労働者の休養確保と関連します。;時間外労働と同様に上限規制の対象となり、疲労の蓄積やメンタルヘルス不調のリスク要因として扱われます。;管理監督者は休日勤務の必要性を見直し、代替要員や業務調整を検討することが求められます。,時間外労働の上限規制の対象外とする;36協定不要と誤解,「休日労働」は職場環境・配慮の重要語。定義→誰が何をするか→連携先の順で覚えると整理しやすい。,,,休日労働とは何ですか？,休日労働は、法定休日における労働で、36協定が必要であり、労働者の休養確保と関連します。,休日労働は試験でどのように問われますか？,「休日労働」は定義確認に加え、数値・手順・誰が担うかがセットで問われます。関連する演習問題で正答肢のキーワードをメモし、用語記事と往復してください。,休日労働を学習するときの注意点は？,単語だけでなく、ラインケア・安全配慮・専門職連携の流れの中で意味を確認してください。数値や義務の有無は法令改正で変わる場合があるため、受験前に公式情報も確認してください。,y2026/q08,演習2026・第8問（休日・時間外労働）
時間外労働の上限,時間外労働の上限,職場環境・配慮,職場環境・配慮,時間外労働の上限は、改正労基法により年720時間・月100時間未満・2〜6か月平均80時間以内などが定められた規制です。,時間外労働の上限は、改正労基法により年720時間・月100時間未満・2〜6か月平均80時間以内などが定められた規制です。36協定の特別条項を締結しても、この上限を超えて残業を命じることはできません。試験では数値の丸暗記に加え、「上限を超える協定は無効」という理解が問われます。過労死防止・メンタルヘルス対策の制度基盤として位置づけます。,36協定;時間外労働;過労死,労働基準法,A,誤り：①特別条項なら上限なし、②月45時間超で面接指導が全員義務（一般労働者は月80時間超かつ申出等）、③過労死の労災目安（月100時間・平均80時間）と面接指導要件の混同。,g-800e4a982517e1d3,時間外労働の上限とは？意味・根拠・試験で押さえるポイント,時間外労働の上限は、職場環境・配慮分野で頻出の用語です。時間外労働の上限は、改正労基法により年720時間・月100時間未満・2〜6か月平均80時間以内などが定められた規制です。本記事では意味、試験での出題の仕方、混同しやすい点を整理します。,2019年改正労働基準法により、36協定の特別条項を含めても年720時間・月100時間未満・2〜6か月平均80時間以内が時間外・休日労働の上限です。上限を超える協定は無効であり、過労死防止・メンタルヘルス対策の制度基盤です。,時間外労働の上限は、改正労基法により年720時間・月100時間未満・2〜6か月平均80時間以内などが定められた規制です。;36協定の特別条項を締結しても、この上限を超えて残業を命じることはできません。;試験では数値の丸暗記に加え、「上限を超える協定は無効」という理解が問われます。;過労死防止・メンタルヘルス対策の制度基盤として位置づけます。,月100時間超で本人申出なしに面接指導が必ず義務と一般化;36協定があれば上限を超えられると誤解;過労死の労災認定目安と法定上限を混同,「時間外労働の上限」は職場環境・配慮の重要語。定義→誰が何をするか→連携先の順で覚えると整理しやすい。,月100時間を超える時間外労働が認められた場合、労働者本人の申し出がなくても医師の面接指導を実施しなければならない。,×（一般労働者は月80時間超かつ申出等。月100時間超・申出不要は特定業務者等）,時間外労働の上限とは何ですか？,時間外労働の上限は、改正労基法により年720時間・月100時間未満・2〜6か月平均80時間以内などが定められた規制です。,時間外労働の上限は試験でどのように問われますか？,数値（720・100・80）と「最も不適切なもの」で面接指導の要件がセットで問われます。,時間外労働の上限を学習するときの注意点は？,単語だけでなく、ラインケア・安全配慮・専門職連携の流れの中で意味を確認してください。数値や義務の有無は法令改正で変わる場合があるため、受験前に公式情報も確認してください。,y2026/q08,演習2026・第8問（時間外労働上限）
過重労働防止,過重労働防止,職場環境・配慮,職場環境・配慮,過重労働防止は、業務量の適正化、労働時間管理、休養確保などにより、心身の負担を過度に高めない取り組みです。,過重労働防止は、業務量の適正化、労働時間管理、休養確保などにより、心身の負担を過度に高めない取り組みです。労働安全衛生法・過労死等防止対策推進法・ストレスチェックと連動します。管理監督者は残業の把握、業務の優先順位付け、部下への声かけが実務の中心です。試験では「長時間労働＝本人の努力不足」という誤り選択肢に注意します。,時間外労働;ストレスチェック;ラインケア,労働安全衛生法,A,試験では「長時間労働＝本人の努力不足」という誤り選択肢に注意します。,g-ce79b7c3f010d7d7,過重労働防止とは？意味・根拠・試験で押さえるポイント,過重労働防止は、職場環境・配慮分野で頻出の用語です。過重労働防止は、業務量の適正化、労働時間管理、休養確保などにより、心身の負担を過度に高めない取り組みです。本記事では意味、試験での出題の仕方、混同しやすい点を整理します。,過重労働防止は、業務量の適正化、労働時間管理、休養確保などにより、心身の負担を過度に高めない取り組みです。労働安全衛生法・過労死等防止対策推進法・ストレスチェックと連動します。管理監督者は残業の把握、業務の優先順位付け、部下への声かけが実務の中心です。,過重労働防止は、業務量の適正化、労働時間管理、休養確保などにより、心身の負担を過度に高めない取り組みです。;労働安全衛生法・過労死等防止対策推進法・ストレスチェックと連動します。;管理監督者は残業の把握、業務の優先順位付け、部下への声かけが実務の中心です。;試験では「長時間労働＝本人の努力不足」という誤り選択肢に注意します。,長時間労働＝本人の努力不足とする;ストレスチェックだけで十分とする,「過重労働防止」は職場環境・配慮の重要語。定義→誰が何をするか→連携先の順で覚えると整理しやすい。,,,過重労働防止とは何ですか？,過重労働防止は、業務量の適正化、労働時間管理、休養確保などにより、心身の負担を過度に高めない取り組みです。,過重労働防止は試験でどのように問われますか？,「過重労働防止」は定義確認に加え、数値・手順・誰が担うかがセットで問われます。関連する演習問題で正答肢のキーワードをメモし、用語記事と往復してください。,過重労働防止を学習するときの注意点は？,単語だけでなく、ラインケア・安全配慮・専門職連携の流れの中で意味を確認してください。数値や義務の有無は法令改正で変わる場合があるため、受験前に公式情報も確認してください。,y2026/q22,演習2026・第22問（過重労働防止）
集団分析,集団分析,職場環境・配慮,職場環境・配慮,集団分析は、ストレスチェックの結果を個人名でなく職場・部署単位で整理し、職場環境改善に活用する手法です。,集団分析は、ストレスチェックの結果を個人名でなく職場・部署単位で整理し、職場環境改善に活用する手法です。仕事のストレス判定図は集団分析用のツールであり、使用する調査票の種類は法律で指定されていません。個人結果の開示・不利益取扱いとは区別して理解します。PDCAサイクルと結びつけ、改善策の評価につなげます。,ストレスチェック;仕事のストレス判定図;PDCAサイクル,労働安全衛生規則,A,誤り：①判定図は個人診断のみ、②調査票の種類が法律で指定、③集団分析結果も本人同意が必要（集団結果は同意なく事業者へ提供可能な場合あり）。,g-5c1145cfdceb066d,集団分析とは？意味・根拠・試験で押さえるポイント,集団分析は、職場環境・配慮分野で頻出の用語です。集団分析は、ストレスチェックの結果を個人名でなく職場・部署単位で整理し、職場環境改善に活用する手法です。本記事では意味、試験での出題の仕方、混同しやすい点を整理します。,集団分析は、ストレスチェック結果を個人名でなく職場・部署単位で整理し、仕事のストレス判定図などを用いて職場環境改善に活用する手法です。個人結果の開示・同意・不利益取扱い禁止とは目的が異なります。,集団分析は、ストレスチェックの結果を個人名でなく職場・部署単位で整理し、職場環境改善に活用する手法です。;仕事のストレス判定図は集団分析用のツールであり、使用する調査票の種類は法律で指定されていません。;個人結果の開示・不利益取扱いとは区別して理解します。;PDCAサイクルと結びつけ、改善策の評価につなげます。,集団分析と個人結果の取扱いを同一と考える;ストレスチェックで使用する調査票が法令で固定と思い込む;判定図を個人の面接指導判断のみに使う,「集団分析」は職場環境・配慮の重要語。定義→誰が何をするか→連携先の順で覚えると整理しやすい。,職業性ストレス簡易調査票を用いた判定図は、個人のストレス状態を診断するためのツールであり、集団分析には使用できない。,×（判定図は集団分析に活用する。調査票の種類は法律で指定されていない）,集団分析とは何ですか？,集団分析は、ストレスチェックの結果を個人名でなく職場・部署単位で整理し、職場環境改善に活用する手法です。,集団分析は試験でどのように問われますか？,ストレスチェック制度全体の問題とセットで、集団分析の目的・ツールが問われます。,集団分析を学習するときの注意点は？,単語だけでなく、ラインケア・安全配慮・専門職連携の流れの中で意味を確認してください。数値や義務の有無は法令改正で変わる場合があるため、受験前に公式情報も確認してください。,y2026/q04,演習2026・第4問（ストレス判定図・集団分析）
個人結果,個人結果,職場環境・配慮,職場環境・配慮,個人結果は、ストレスチェックで労働者本人に通知される結果で、面接指導の申し出やセルフケアのきっかけとなります。,個人結果は、ストレスチェックで労働者本人に通知される結果で、面接指導の申し出やセルフケアのきっかけとなります。事業者は個人結果を理由に不利益取扱いをしてはならず、人事権者が結果を直接扱う体制は避けます。高ストレス者であっても、面接指導は原則として本人の申し出により実施されます。守秘義務とプライバシー保護が前提です。,ストレスチェック;高ストレス者;面接指導,労働安全衛生法,A,誤り：①同意なく事業者に提供可能、②高ストレスなら強制面接、③結果を人事評価に活用すべき。正答は同意・申出・守秘のバランスです。,g-8ea3bc6af2eb7161,個人結果とは？意味・根拠・試験で押さえるポイント,個人結果は、職場環境・配慮分野で頻出の用語です。個人結果は、ストレスチェックで労働者本人に通知される結果で、面接指導の申し出やセルフケアのきっかけとなります。本記事では意味、試験での出題の仕方、混同しやすい点を整理します。,個人結果は、ストレスチェックで労働者本人に通知される結果です。面接指導の申し出やセルフケアのきっかけとなり、事業者への提供は原則として本人同意が必要です。人事権者が直接扱う体制は避け、不利益取扱いは禁止されます。,個人結果は、ストレスチェックで労働者本人に通知される結果で、面接指導の申し出やセルフケアのきっかけとなります。;事業者は個人結果を理由に不利益取扱いをしてはならず、人事権者が結果を直接扱う体制は避けます。;高ストレス者であっても、面接指導は原則として本人の申し出により実施されます。;守秘義務とプライバシー保護が前提です。,高ストレス者への面接指導を事業者が強制できるとする;個人結果を集団分析と同様に無条件で事業者が取得できる;ストレスチェック実施者を管理監督者とする,「個人結果」は職場環境・配慮の重要語。定義→誰が何をするか→連携先の順で覚えると整理しやすい。,ストレスチェックの結果は、本人の同意なく事業者に提供することができる。,×（個人結果の事業者への提供は本人同意が必要）,個人結果とは何ですか？,個人結果は、ストレスチェックで労働者本人に通知される結果で、面接指導の申し出やセルフケアのきっかけとなります。,個人結果は試験でどのように問われますか？,ストレスチェック制度の「適切／不適切」問題で、個人結果・同意・面接指導が頻出です。,個人結果を学習するときの注意点は？,単語だけでなく、ラインケア・安全配慮・専門職連携の流れの中で意味を確認してください。数値や義務の有無は法令改正で変わる場合があるため、受験前に公式情報も確認してください。,y2026/q10,演習2026・第10問（ストレスチェック）
医師面接,医師面接,職場環境・配慮,職場環境・配慮,医師面接は、ストレスチェックの高ストレス者や長時間労働者などが、医師と面談し就業上の措置を検討する制度です。,医師面接は、ストレスチェックの高ストレス者や長時間労働者などが、医師と面談し就業上の措置を検討する制度です。面接指導は本人の申し出が原則であり、管理監督者が診断や治療方針を決めるものではありません。産業医・保健師との役割分担を確認し、面接結果に基づく業務調整は就業上の配慮の範囲で行います。,面接指導;高ストレス者;産業医,労働安全衛生法,A,選択肢では根拠法令・対象範囲・責任の所在がずれる肢に注意し、用語の定義と照合してください。,g-dd5c9ef43ea652c6,医師面接とは？意味・根拠・試験で押さえるポイント,医師面接は、職場環境・配慮分野で頻出の用語です。医師面接は、ストレスチェックの高ストレス者や長時間労働者などが、医師と面談し就業上の措置を検討する制度です。本記事では意味、試験での出題の仕方、混同しやすい点を整理します。,医師面接は、ストレスチェックの高ストレス者や長時間労働者などが、医師と面談し就業上の措置を検討する制度です。面接指導は本人の申し出が原則であり、管理監督者が診断や治療方針を決めるものではありません。産業医・保健師との役割分担を確認し、面接結果に基づく業務調整は就業上の配慮の範囲で行います。,医師面接は、ストレスチェックの高ストレス者や長時間労働者などが、医師と面談し就業上の措置を検討する制度です。;面接指導は本人の申し出が原則であり、管理監督者が診断や治療方針を決めるものではありません。;産業医・保健師との役割分担を確認し、面接結果に基づく業務調整は就業上の配慮の範囲で行います。,管理監督者が面接結果で治療方針を決める;面接指導を強制できる,「医師面接」は職場環境・配慮の重要語。定義→誰が何をするか→連携先の順で覚えると整理しやすい。,,,医師面接とは何ですか？,医師面接は、ストレスチェックの高ストレス者や長時間労働者などが、医師と面談し就業上の措置を検討する制度です。,医師面接は試験でどのように問われますか？,「医師面接」は定義確認に加え、数値・手順・誰が担うかがセットで問われます。関連する演習問題で正答肢のキーワードをメモし、用語記事と往復してください。,医師面接を学習するときの注意点は？,単語だけでなく、ラインケア・安全配慮・専門職連携の流れの中で意味を確認してください。数値や義務の有無は法令改正で変わる場合があるため、受験前に公式情報も確認してください。,y2026/q10,演習2026・第10問（面接指導）
4つのケア,4つのケア,基礎・役割,基礎・役割,4つのケアは、セルフケア、ラインケア、事業場内産業保健スタッフ等によるケア、事業場外資源によるケアの4層体制です。,4つのケアは、セルフケア、ラインケア、事業場内産業保健スタッフ等によるケア、事業場外資源によるケアの4層体制です。①セルフケア（労働者自身）②ラインによるケア（管理監督者）③事業場内産業保健スタッフ等（産業医・保健師等）④事業場外資源（外部機関）の順で整理します。試験では各ケアの担い手と「管理監督者が医学的判断をしない」点が頻出です。,セルフケア;ラインケア;事業場内産業保健スタッフ等によるケア;事業場外資源によるケア,,A,誤り選択肢の典型：①事業場外資源はラインケアが機能していれば不要、②管理監督者がカウンセリングで治療する、③4つのケアの順序・担い手の入れ替え。正答は各ケアの定義と「補完関係」を確認する設問が多いです。,four-types-of-care,4つのケアとは？意味・根拠・試験で押さえるポイント,4つのケアは、基礎・役割分野で頻出の用語です。4つのケアは、セルフケア、ラインケア、事業場内産業保健スタッフ等によるケア、事業場外資源によるケアの4層体制です。本記事では意味、試験での出題の仕方、混同しやすい点を整理します。,4つのケアは、労働者自身のセルフケア、管理監督者によるラインケア、産業医・保健師等の事業場内産業保健スタッフ等によるケア、EAPや医療機関などの事業場外資源によるケアの4層体制です。いずれも補完関係にあり、ラインケアが十分でも事業場外資源は不要にはなりません。管理監督者は医学的判断をせず、気づき・傾聴・専門職への連携が中心です。,4つのケアは、セルフケア、ラインケア、事業場内産業保健スタッフ等によるケア、事業場外資源によるケアの4層体制です。;①セルフケア（労働者自身）②ラインによるケア（管理監督者）③事業場内産業保健スタッフ等（産業医・保健師等）④事業場外資源（外部機関）の順で整理します。;試験では各ケアの担い手と「管理監督者が医学的判断をしない」点が頻出です。,事業場外資源をラインケアの代替とみなす;管理監督者が診断・治療方針を決めると考える;セルフケアとラインケアの担い手を逆に覚える,「4つのケア」は基礎・役割の重要語。定義→誰が何をするか→連携先の順で覚えると整理しやすい。,事業場外資源によるケアは、ラインによるケアが十分に機能している場合には不要とされている。,×（事業場外資源はラインケアを補完するものであり、不要にはならない）,4つのケアとは何ですか？,4つのケアは、セルフケア、ラインケア、事業場内産業保健スタッフ等によるケア、事業場外資源によるケアの4層体制です。,4つのケアは試験でどのように問われますか？,「最も不適切なもの」形式で、事業場外資源の位置づけや各ケアの担い手が問われます。4つのケアの名称と役割を表に整理してから過去問で確認してください。,4つのケアを学習するときの注意点は？,単語だけでなく、ラインケア・安全配慮・専門職連携の流れの中で意味を確認してください。数値や義務の有無は法令改正で変わる場合があるため、受験前に公式情報も確認してください。,y2026/q02,演習2026・第2問（4つのケア）
メンタルヘルス対策,メンタルヘルス対策,基礎・役割,基礎・役割,メンタルヘルス対策は、職場における心の健康の保持増進、不調の早期発見、休職・復職支援、環境改善を含む総合的な取り組みです。,メンタルヘルス対策は、職場における心の健康の保持増進、不調の早期発見、休職・復職支援、環境改善を含む総合的な取り組みです。単なる福利厚生ではなく、生産性・人材定着・リスク管理の経営課題として位置づけられます。4つのケア、ストレスチェック、ラインケア研修、職場環境改善を組み合わせた体制づくりが基本です。,4つのケア;ストレスチェック;リスクマネジメント,労働安全衛生法,A,誤り：①業績と無関係な福祉のみ、②計画は人事単独でよい、③労働者意見不要。正答は衛生委員会での審議・周知・多職種連携です。,g-115699df84600503,メンタルヘルス対策とは？意味・根拠・試験で押さえるポイント,メンタルヘルス対策は、基礎・役割分野で頻出の用語です。メンタルヘルス対策は、職場における心の健康の保持増進、不調の早期発見、休職・復職支援、環境改善を含む総合的な取り組みです。本記事では意味、試験での出題の仕方、混同しやすい点を整理します。,メンタルヘルス対策は、職場における心の健康の保持増進、早期発見、休職・復職支援、環境改善を含む総合的な取り組みです。福利厚生ではなく経営・人材・リスク管理の課題として位置づけられ、心の健康づくり計画・4つのケア・ストレスチェックと連動します。,メンタルヘルス対策は、職場における心の健康の保持増進、不調の早期発見、休職・復職支援、環境改善を含む総合的な取り組みです。;単なる福利厚生ではなく、生産性・人材定着・リスク管理の経営課題として位置づけられます。;4つのケア、ストレスチェック、ラインケア研修、職場環境改善を組み合わせた体制づくりが基本です。,メンタルヘルス対策を業績と無関係とする;心の健康づくり計画を衛生委員会なしで策定;小規模事業場は何もしなくてよいと誤解,「メンタルヘルス対策」は基礎・役割の重要語。定義→誰が何をするか→連携先の順で覚えると整理しやすい。,メンタルヘルス対策は福祉的配慮であり、企業の業績には直接関係しない。,×（生産性・定着・リスク管理など経営課題でもある）,メンタルヘルス対策とは何ですか？,メンタルヘルス対策は、職場における心の健康の保持増進、不調の早期発見、休職・復職支援、環境改善を含む総合的な取り組みです。,メンタルヘルス対策は試験でどのように問われますか？,企業が取り組む意義（不適切な肢）と、計画策定手続が別々に出ます。,メンタルヘルス対策を学習するときの注意点は？,単語だけでなく、ラインケア・安全配慮・専門職連携の流れの中で意味を確認してください。数値や義務の有無は法令改正で変わる場合があるため、受験前に公式情報も確認してください。,y2026/q11,演習2026・第11問（心の健康づくり計画）
相談窓口,相談窓口,相談・連携・復職,相談・連携・復職,相談窓口は、メンタルヘルス・ハラスメント・労働条件などについて労働者が相談できる社内外の連絡先です。,相談窓口は、メンタルヘルス・ハラスメント・労働条件などについて労働者が相談できる社内外の連絡先です。社内（産業保健スタッフ、人事、ハラスメント相談）と社外（こころの耳、EAP、医療機関）を明示し、匿名・守秘が確保されることが重要です。管理監督者は相談を受けた際、抱え込まず専門職へつなぐ流れを理解します。,ハラスメント相談;産業医;こころの耳電話相談,,A,選択肢では根拠法令・対象範囲・責任の所在がずれる肢に注意し、用語の定義と照合してください。,g-091fc246c48da543,相談窓口とは？意味・根拠・試験で押さえるポイント,相談窓口は、相談・連携・復職分野で頻出の用語です。相談窓口は、メンタルヘルス・ハラスメント・労働条件などについて労働者が相談できる社内外の連絡先です。本記事では意味、試験での出題の仕方、混同しやすい点を整理します。,相談窓口は、メンタルヘルス・ハラスメント・労働条件などについて労働者が相談できる社内外の連絡先です。社内（産業保健スタッフ、人事、ハラスメント相談）と社外（こころの耳、EAP、医療機関）を明示し、匿名・守秘が確保されることが重要です。管理監督者は相談を受けた際、抱え込まず専門職へつなぐ流れを理解します。,相談窓口は、メンタルヘルス・ハラスメント・労働条件などについて労働者が相談できる社内外の連絡先です。;社内（産業保健スタッフ、人事、ハラスメント相談）と社外（こころの耳、EAP、医療機関）を明示し、匿名・守秘が確保されることが重要です。;管理監督者は相談を受けた際、抱え込まず専門職へつなぐ流れを理解します。,相談を門前払いしても問題ない;社外窓口だけで社内連携不要,「相談窓口」は相談・連携・復職の重要語。定義→誰が何をするか→連携先の順で覚えると整理しやすい。,,,相談窓口とは何ですか？,相談窓口は、メンタルヘルス・ハラスメント・労働条件などについて労働者が相談できる社内外の連絡先です。,相談窓口は試験でどのように問われますか？,「相談窓口」は定義確認に加え、数値・手順・誰が担うかがセットで問われます。関連する演習問題で正答肢のキーワードをメモし、用語記事と往復してください。,相談窓口を学習するときの注意点は？,単語だけでなく、ラインケア・安全配慮・専門職連携の流れの中で意味を確認してください。数値や義務の有無は法令改正で変わる場合があるため、受験前に公式情報も確認してください。,y2026/q32,演習2026・第32問（相談窓口・支援機関）
早期発見,早期発見,基礎・役割,基礎・役割,早期発見は、いつもと違う様子やストレスチェックなどにより、メンタルヘルス不調の兆候を早い段階で把握することです。,早期発見は、いつもと違う様子やストレスチェックなどにより、メンタルヘルス不調の兆候を早い段階で把握することです。管理監督者は病名を推測せず、勤怠・仕事ぶり・対人関係の変化といった事例性に注目します。早期発見→早期介入→専門職連携の流れで、重症化や長期休業の予防につなげます。,いつもと違う様子;ストレスチェック;早期介入,,A,誤り：①不調は必ず気分の落ち込みとして分かる、②訴えを割り引いて聞く、③定期精神科受診だけが有効で日常観察は不要。正答は仮面うつ（身体症状）と管理監督者の日常観察の重要性です。,g-8947ba494de698b7,早期発見とは？意味・根拠・試験で押さえるポイント,早期発見は、基礎・役割分野で頻出の用語です。早期発見は、いつもと違う様子やストレスチェックなどにより、メンタルヘルス不調の兆候を早い段階で把握することです。本記事では意味、試験での出題の仕方、混同しやすい点を整理します。,早期発見は、いつもと違う様子やストレスチェック等により、メンタルヘルス不調の兆候を早い段階で把握することです。管理監督者は病名を推測せず、勤怠・仕事ぶり・対人関係の変化といった具体的事実に注目し、早期介入・専門職連携へつなげます。,早期発見は、いつもと違う様子やストレスチェックなどにより、メンタルヘルス不調の兆候を早い段階で把握することです。;管理監督者は病名を推測せず、勤怠・仕事ぶり・対人関係の変化といった事例性に注目します。;早期発見→早期介入→専門職連携の流れで、重症化や長期休業の予防につなげます。,身体症状のみの不調を見逃す;本人の訴えを過小評価する;早期発見後に一人で抱え込む,「早期発見」は基礎・役割の重要語。定義→誰が何をするか→連携先の順で覚えると整理しやすい。,うつ病の初期症状は常に気分の落ち込みとして現れるため、発見は容易である。,×（身体症状として現れることもあり、管理監督者の観察が重要）,早期発見とは何ですか？,早期発見は、いつもと違う様子やストレスチェックなどにより、メンタルヘルス不調の兆候を早い段階で把握することです。,早期発見は試験でどのように問われますか？,話を聴く意義・うつ病の早期発見・ラインケアの手順が関連して出題されます。,早期発見を学習するときの注意点は？,単語だけでなく、ラインケア・安全配慮・専門職連携の流れの中で意味を確認してください。数値や義務の有無は法令改正で変わる場合があるため、受験前に公式情報も確認してください。,y2026/q28,演習2026・第28問（話を聴く・早期発見）
早期介入,早期介入,基礎・役割,基礎・役割,早期介入は、不調の兆候が見えた段階で、声かけ、業務調整、産業保健スタッフ・医療機関への連携などを行うことです。,早期介入は、不調の兆候が見えた段階で、声かけ、業務調整、産業保健スタッフ・医療機関への連携などを行うことです。「頑張れ」といった励ましだけでは不十分な場合があり、うつ病では追い詰める可能性があります。本人の同意とプライバシーに配慮し、必要最小限の情報共有で多職種連携を進めます。,早期発見;ラインケア;産業医,,A,選択肢では根拠法令・対象範囲・責任の所在がずれる肢に注意し、用語の定義と照合してください。,g-4cabd9d5fb404b48,早期介入とは？意味・根拠・試験で押さえるポイント,早期介入は、基礎・役割分野で頻出の用語です。早期介入は、不調の兆候が見えた段階で、声かけ、業務調整、産業保健スタッフ・医療機関への連携などを行うことです。本記事では意味、試験での出題の仕方、混同しやすい点を整理します。,早期介入は、不調の兆候が見えた段階で、声かけ、業務調整、産業保健スタッフ・医療機関への連携などを行うことです。「頑張れ」といった励ましだけでは不十分な場合があり、うつ病では追い詰める可能性があります。本人の同意とプライバシーに配慮し、必要最小限の情報共有で多職種連携を進めます。,早期介入は、不調の兆候が見えた段階で、声かけ、業務調整、産業保健スタッフ・医療機関への連携などを行うことです。;「頑張れ」といった励ましだけでは不十分な場合があり、うつ病では追い詰める可能性があります。;本人の同意とプライバシーに配慮し、必要最小限の情報共有で多職種連携を進めます。,「頑張れ」だけで十分;病名を職場全員に共有すべき,「早期介入」は基礎・役割の重要語。定義→誰が何をするか→連携先の順で覚えると整理しやすい。,,,早期介入とは何ですか？,早期介入は、不調の兆候が見えた段階で、声かけ、業務調整、産業保健スタッフ・医療機関への連携などを行うことです。,早期介入は試験でどのように問われますか？,「早期介入」は定義確認に加え、数値・手順・誰が担うかがセットで問われます。関連する演習問題で正答肢のキーワードをメモし、用語記事と往復してください。,早期介入を学習するときの注意点は？,単語だけでなく、ラインケア・安全配慮・専門職連携の流れの中で意味を確認してください。数値や義務の有無は法令改正で変わる場合があるため、受験前に公式情報も確認してください。,y2026/q55,演習2026・第55問（早期介入）
双極性障害,双極性障害,基礎・役割,基礎・役割,双極性障害は、躁状態と抑うつ状態が交互に出現する精神疾患で、治療は気分安定薬が中心です。,双極性障害は、躁状態と抑うつ状態が交互に出現する精神疾患で、治療は気分安定薬が中心です。躁状態では気分高揚・睡眠減少・活動亢進がみられ、Ⅰ型は典型的な躁、Ⅱ型は軽躁です。試験では「抗うつ薬のみで治療」「抑うつだけが繰り返す」といった誤りに注意します。職場では就業上の配慮と主治医・産業医連携が重要です。,うつ病;精神科;気分安定薬,,A,誤り：①抑うつのみ反復、②抗うつ薬のみで治療、③Ⅰ型の方が躁が軽い。躁状態は気分高揚・睡眠減少・活動亢進が特徴です。,g-eb8b402ceaac50d0,双極性障害とは？意味・根拠・試験で押さえるポイント,双極性障害は、基礎・役割分野で頻出の用語です。双極性障害は、躁状態と抑うつ状態が交互に出現する精神疾患で、治療は気分安定薬が中心です。本記事では意味、試験での出題の仕方、混同しやすい点を整理します。,双極性障害は躁状態と抑うつ状態が交互に出現する精神疾患で、治療の中心は気分安定薬です。Ⅰ型は典型的躁、Ⅱ型は軽躁です。職場では就業上の配慮と主治医・産業医連携が重要です。,双極性障害は、躁状態と抑うつ状態が交互に出現する精神疾患で、治療は気分安定薬が中心です。;躁状態では気分高揚・睡眠減少・活動亢進がみられ、Ⅰ型は典型的な躁、Ⅱ型は軽躁です。;試験では「抗うつ薬のみで治療」「抑うつだけが繰り返す」といった誤りに注意します。;職場では就業上の配慮と主治医・産業医連携が重要です。,うつ病と同一の治療・症状のみとする;抗うつ薬のみが治療の中心とする;Ⅰ型とⅡ型の躁の程度を逆にする,「双極性障害」は基礎・役割の重要語。定義→誰が何をするか→連携先の順で覚えると整理しやすい。,双極性障害は抑うつ気分や興味の喪失のみが繰り返される疾患である。,×（躁と抑うつが交互に出現。治療は気分安定薬が中心）,双極性障害とは何ですか？,双極性障害は、躁状態と抑うつ状態が交互に出現する精神疾患で、治療は気分安定薬が中心です。,双極性障害は試験でどのように問われますか？,躁状態の特徴と治療薬（気分安定薬）の組み合わせが典型です。,双極性障害を学習するときの注意点は？,単語だけでなく、ラインケア・安全配慮・専門職連携の流れの中で意味を確認してください。数値や義務の有無は法令改正で変わる場合があるため、受験前に公式情報も確認してください。,y2026/q54,演習2026・第54問（双極性障害）
不安障害,不安障害,基礎・役割,基礎・役割,不安障害は、過度な不安や恐怖が持続し、日常生活や業務に支障をきたす精神疾患のグループです。,不安障害は、過度な不安や恐怖が持続し、日常生活や業務に支障をきたす精神疾患のグループです。パニック障害、社交不安障害などが含まれ、薬物療法（SSRI等）と認知行動療法が有効な場合があります。管理監督者は発作中の対応や予期不安への配慮を理解し、医学的判断は医療専門職に委ねます。,パニック障害;SSRI;認知行動療法,,A,選択肢では根拠法令・対象範囲・責任の所在がずれる肢に注意し、用語の定義と照合してください。,g-57bf61fc2dbad1e0,不安障害とは？意味・根拠・試験で押さえるポイント,不安障害は、基礎・役割分野で頻出の用語です。不安障害は、過度な不安や恐怖が持続し、日常生活や業務に支障をきたす精神疾患のグループです。本記事では意味、試験での出題の仕方、混同しやすい点を整理します。,不安障害は、過度な不安や恐怖が持続し、日常生活や業務に支障をきたす精神疾患のグループです。パニック障害、社交不安障害などが含まれ、薬物療法（SSRI等）と認知行動療法が有効な場合があります。管理監督者は発作中の対応や予期不安への配慮を理解し、医学的判断は医療専門職に委ねます。,不安障害は、過度な不安や恐怖が持続し、日常生活や業務に支障をきたす精神疾患のグループです。;パニック障害、社交不安障害などが含まれ、薬物療法（SSRI等）と認知行動療法が有効な場合があります。;管理監督者は発作中の対応や予期不安への配慮を理解し、医学的判断は医療専門職に委ねます。,パニック発作時に説教する;性格の弱さと決めつける,「不安障害」は基礎・役割の重要語。定義→誰が何をするか→連携先の順で覚えると整理しやすい。,,,不安障害とは何ですか？,不安障害は、過度な不安や恐怖が持続し、日常生活や業務に支障をきたす精神疾患のグループです。,不安障害は試験でどのように問われますか？,「不安障害」は定義確認に加え、数値・手順・誰が担うかがセットで問われます。関連する演習問題で正答肢のキーワードをメモし、用語記事と往復してください。,不安障害を学習するときの注意点は？,単語だけでなく、ラインケア・安全配慮・専門職連携の流れの中で意味を確認してください。数値や義務の有無は法令改正で変わる場合があるため、受験前に公式情報も確認してください。,y2026/q116,演習2026・第116問（不安障害）
PTSD,PTSD,基礎・役割,基礎・役割,PTSD（外傷後ストレス障害）は、強い心理的トラウマの後に、再体験・回避・過覚醒などが持続する障害です。,PTSD（外傷後ストレス障害）は、強い心理的トラウマの後に、再体験・回避・過覚醒などが持続する障害です。職場では災害、事故、ハラスメント、いじめなどがトリガーとなり得ます。管理監督者は二次被害を避け、専門的治療・産業医連携・就業上の配慮を検討します。試験では「時間が経てば必ず治る」などの断定表現に注意します。,外傷後ストレス障害;心理療法;産業医,,A,試験では「時間が経てば必ず治る」などの断定表現に注意します。,ptsd,PTSDとは？意味・根拠・試験で押さえるポイント,PTSDは、基礎・役割分野で頻出の用語です。PTSD（外傷後ストレス障害）は、強い心理的トラウマの後に、再体験・回避・過覚醒などが持続する障害です。本記事では意味、試験での出題の仕方、混同しやすい点を整理します。,PTSD（外傷後ストレス障害）は、強い心理的トラウマの後に、再体験・回避・過覚醒などが持続する障害です。職場では災害、事故、ハラスメント、いじめなどがトリガーとなり得ます。管理監督者は二次被害を避け、専門的治療・産業医連携・就業上の配慮を検討します。,PTSD（外傷後ストレス障害）は、強い心理的トラウマの後に、再体験・回避・過覚醒などが持続する障害です。;職場では災害、事故、ハラスメント、いじめなどがトリガーとなり得ます。;管理監督者は二次被害を避け、専門的治療・産業医連携・就業上の配慮を検討します。;試験では「時間が経てば必ず治る」などの断定表現に注意します。,時間が経てば必ず治る;二次被害を避けず詳細を追及,「PTSD」は基礎・役割の重要語。定義→誰が何をするか→連携先の順で覚えると整理しやすい。,,,PTSDとは何ですか？,PTSD（外傷後ストレス障害）は、強い心理的トラウマの後に、再体験・回避・過覚醒などが持続する障害です。,PTSDは試験でどのように問われますか？,「PTSD」は定義確認に加え、数値・手順・誰が担うかがセットで問われます。関連する演習問題で正答肢のキーワードをメモし、用語記事と往復してください。,PTSDを学習するときの注意点は？,単語だけでなく、ラインケア・安全配慮・専門職連携の流れの中で意味を確認してください。数値や義務の有無は法令改正で変わる場合があるため、受験前に公式情報も確認してください。,y2026/q116,演習2026・第116問（PTSD・不安障害）
注意欠如・多動性障害,注意欠如・多動性障害,基礎・役割,基礎・役割,注意欠如・多動性障害（ADHD）は、不注意・多動性・衝動性を主徴とする発達障害の一つです。,注意欠如・多動性障害（ADHD）は、不注意・多動性・衝動性を主徴とする発達障害の一つです。成人期にも業務のミス、期限管理、対人トラブルとして現れることがあります。合理的配慮（業務手順の明確化、静かな環境など）と専門職連携が重要で、性格の問題と決めつけないことが試験のポイントです。,発達障害;合理的配慮の提供;障害者差別解消法,,A,選択肢では根拠法令・対象範囲・責任の所在がずれる肢に注意し、用語の定義と照合してください。,g-5e5f83b29cf92dfc,注意欠如・多動性障害とは？意味・根拠・試験で押さえるポイント,注意欠如・多動性障害は、基礎・役割分野で頻出の用語です。注意欠如・多動性障害（ADHD）は、不注意・多動性・衝動性を主徴とする発達障害の一つです。本記事では意味、試験での出題の仕方、混同しやすい点を整理します。,注意欠如・多動性障害（ADHD）は、不注意・多動性・衝動性を主徴とする発達障害の一つです。成人期にも業務のミス、期限管理、対人トラブルとして現れることがあります。合理的配慮（業務手順の明確化、静かな環境など）と専門職連携が重要で、性格の問題と決めつけないことが試験のポイントです。,注意欠如・多動性障害（ADHD）は、不注意・多動性・衝動性を主徴とする発達障害の一つです。;成人期にも業務のミス、期限管理、対人トラブルとして現れることがあります。;合理的配慮（業務手順の明確化、静かな環境など）と専門職連携が重要で、性格の問題と決めつけないことが試験のポイントです。,性格の問題と決めつける;配慮不要とする,「注意欠如・多動性障害」は基礎・役割の重要語。定義→誰が何をするか→連携先の順で覚えると整理しやすい。,,,注意欠如・多動性障害とは何ですか？,注意欠如・多動性障害（ADHD）は、不注意・多動性・衝動性を主徴とする発達障害の一つです。,注意欠如・多動性障害は試験でどのように問われますか？,「注意欠如・多動性障害」は定義確認に加え、数値・手順・誰が担うかがセットで問われます。関連する演習問題で正答肢のキーワードをメモし、用語記事と往復してください。,注意欠如・多動性障害を学習するときの注意点は？,単語だけでなく、ラインケア・安全配慮・専門職連携の流れの中で意味を確認してください。数値や義務の有無は法令改正で変わる場合があるため、受験前に公式情報も確認してください。,y2026/q15,演習2026・第15問（発達障害・配慮）
バーンアウト,バーンアウト,基礎・役割,基礎・役割,バーンアウト（燃え尽き症候群）は、長期の過重ストレスにより、感情的消耗・去人格化・達成感の低下がみられる状態です。,バーンアウト（燃え尽き症候群）は、長期の過重ストレスにより、感情的消耗・去人格化・達成感の低下がみられる状態です。管理監督者自身もバーンアウトリスクがあり、自己犠牲的な姿勢は持続しません。セルフケア、産業医相談、業務量の見直しが重要です。うつ病との違い（職業性の倦怠感の強調）が問われることがあります。,ストレス;セルフケア;過重労働,,A,選択肢では根拠法令・対象範囲・責任の所在がずれる肢に注意し、用語の定義と照合してください。,g-84b5f2fb0e400865,バーンアウトとは？意味・根拠・試験で押さえるポイント,バーンアウトは、基礎・役割分野で頻出の用語です。バーンアウト（燃え尽き症候群）は、長期の過重ストレスにより、感情的消耗・去人格化・達成感の低下がみられる状態です。本記事では意味、試験での出題の仕方、混同しやすい点を整理します。,バーンアウト（燃え尽き症候群）は、長期の過重ストレスにより、感情的消耗・去人格化・達成感の低下がみられる状態です。管理監督者自身もバーンアウトリスクがあり、自己犠牲的な姿勢は持続しません。セルフケア、産業医相談、業務量の見直しが重要です。うつ病との違い（職業性の倦怠感の強調）が問われることがあります。,バーンアウト（燃え尽き症候群）は、長期の過重ストレスにより、感情的消耗・去人格化・達成感の低下がみられる状態です。;管理監督者自身もバーンアウトリスクがあり、自己犠牲的な姿勢は持続しません。;セルフケア、産業医相談、業務量の見直しが重要です。;うつ病との違い（職業性の倦怠感の強調）が問われることがあります。,うつ病と完全同一視;セルフケア不要,「バーンアウト」は基礎・役割の重要語。定義→誰が何をするか→連携先の順で覚えると整理しやすい。,,,バーンアウトとは何ですか？,バーンアウト（燃え尽き症候群）は、長期の過重ストレスにより、感情的消耗・去人格化・達成感の低下がみられる状態です。,バーンアウトは試験でどのように問われますか？,「バーンアウト」は定義確認に加え、数値・手順・誰が担うかがセットで問われます。関連する演習問題で正答肢のキーワードをメモし、用語記事と往復してください。,バーンアウトを学習するときの注意点は？,単語だけでなく、ラインケア・安全配慮・専門職連携の流れの中で意味を確認してください。数値や義務の有無は法令改正で変わる場合があるため、受験前に公式情報も確認してください。,y2026/q25,演習2026・第25問（バーンアウト）
高ストレス者,高ストレス者,職場環境・配慮,職場環境・配慮,高ストレス者は、ストレスチェックの結果、心身の健康障害リスクが高いと評価された労働者です。,高ストレス者は、ストレスチェックの結果、心身の健康障害リスクが高いと評価された労働者です。事業者は面接指導の実施を労働者に通知しますが、面接は原則として本人の申し出により行われます。個人結果に基づく不利益取扱いは禁止です。集団分析とは目的が異なり、個別支援と職場改善の両面で理解します。,ストレスチェック;面接指導;個人結果,労働安全衛生法,A,誤り：①上位5%のみ、②欠勤3日以上、③主治医診断が必要。面接指導は原則本人の申し出。事業者は実施の通知義務があります。,g-8032385934df68e0,高ストレス者とは？意味・根拠・試験で押さえるポイント,高ストレス者は、職場環境・配慮分野で頻出の用語です。高ストレス者は、ストレスチェックの結果、心身の健康障害リスクが高いと評価された労働者です。本記事では意味、試験での出題の仕方、混同しやすい点を整理します。,高ストレス者は、ストレスチェックの結果、心身の健康障害リスクが高いと実施者（医師等）が評価した労働者です。一般的にはストレス反応が高い、またはストレス要因が高くサポートが低い状態で、全体のおおよそ10%が目安とされます。,高ストレス者は、ストレスチェックの結果、心身の健康障害リスクが高いと評価された労働者です。;事業者は面接指導の実施を労働者に通知しますが、面接は原則として本人の申し出により行われます。;個人結果に基づく不利益取扱いは禁止です。;集団分析とは目的が異なり、個別支援と職場改善の両面で理解します。,高ストレス者全員に事業者が強制面接できる;判定基準を法律で一律の数値だけと固定;高ストレス者の結果を同意なく人事に渡せる,「高ストレス者」は職場環境・配慮の重要語。定義→誰が何をするか→連携先の順で覚えると整理しやすい。,高ストレス者への医師の面接指導は、全員に対して事業者が強制的に実施できる。,×（面接指導は原則として本人の申し出により実施）,高ストレス者とは何ですか？,高ストレス者は、ストレスチェックの結果、心身の健康障害リスクが高いと評価された労働者です。,高ストレス者は試験でどのように問われますか？,高ストレス者の定義と、面接指導の申出要件が別問で問われることが多いです。,高ストレス者を学習するときの注意点は？,単語だけでなく、ラインケア・安全配慮・専門職連携の流れの中で意味を確認してください。数値や義務の有無は法令改正で変わる場合があるため、受験前に公式情報も確認してください。,y2026/q193,演習2026・第193問（高ストレス者の定義）
セリエ,セリエ,基礎・役割,基礎・役割,セリエ（Hans Selye）は、ストレス反応を警告反応期・抵抗期・疲憊期の3段階で説明した汎適応症候群を提唱した学者です。,セリエ（Hans Selye）は、ストレス反応を警告反応期・抵抗期・疲憊期の3段階で説明した汎適応症候群を提唱した学者です。ストレス反応には身体的・心理的・行動的反応が含まれ、慢性ストレスは免疫機能低下につながると説明されます。ストレッサー除去後も反応が即座に消失するとは限りません。,汎適応症候群;ストレス反応;慢性ストレス,,A,誤り：①身体的症状のみ、②ストレッサー除去ですぐ消失、③慢性ストレスで免疫機能が向上。正答は3段階の名称と順序です。,g-5e9cb801fe20e92e,セリエとは？意味・根拠・試験で押さえるポイント,セリエは、基礎・役割分野で頻出の用語です。セリエ（Hans Selye）は、ストレス反応を警告反応期・抵抗期・疲憊期の3段階で説明した汎適応症候群を提唱した学者です。本記事では意味、試験での出題の仕方、混同しやすい点を整理します。,ハンス・セリエは、汎適応症候群（GAS）としてストレス反応を警告反応期→抵抗期→疲憊期の3段階で説明しました。ストレス反応には身体的・心理的・行動的反応が含まれます。,セリエ（Hans Selye）は、ストレス反応を警告反応期・抵抗期・疲憊期の3段階で説明した汎適応症候群を提唱した学者です。;ストレス反応には身体的・心理的・行動的反応が含まれ、慢性ストレスは免疫機能低下につながると説明されます。;ストレッサー除去後も反応が即座に消失するとは限りません。,ストレス反応を身体症状のみとする;慢性ストレスで免疫が高まると誤解;セリエとNIOSHモデルを同一視,「セリエ」は基礎・役割の重要語。定義→誰が何をするか→連携先の順で覚えると整理しやすい。,警告反応期・抵抗期・疲憊期の3段階は、ハンス・セリエの汎適応症候群として知られる。,○,セリエとは何ですか？,セリエ（Hans Selye）は、ストレス反応を警告反応期・抵抗期・疲憊期の3段階で説明した汎適応症候群を提唱した学者です。,セリエは試験でどのように問われますか？,3段階の名称と、慢性ストレス・免疫機能の方向（低下）が問われます。,セリエを学習するときの注意点は？,単語だけでなく、ラインケア・安全配慮・専門職連携の流れの中で意味を確認してください。数値や義務の有無は法令改正で変わる場合があるため、受験前に公式情報も確認してください。,y2026/q13,演習2026・第13問（汎適応症候群）
NIOSHモデル,NIOSHモデル,基礎・役割,基礎・役割,NIOSHモデルは、仕事のストレス要因に加え個人要因・緩衝要因がストレス反応を修飾し、健康障害に至る過程を示すモデルです。,NIOSHモデルは、仕事のストレス要因に加え個人要因・緩衝要因がストレス反応を修飾し、健康障害に至る過程を示すモデルです。緩衝要因には上司・同僚・家族の支援が含まれ、仕事以外の要因も対象です。試験では「仕事要因だけが直接健康障害を起こす単純モデル」という誤り選択肢と対比されます。,ストレス反応;緩衝要因;個人的要因,,A,誤り：①仕事要因が直接のみ健康障害、②家庭要因は対象外、③ストレス反応は身体的のみ。正答は緩衝要因・個人要因の修飾作用を問う設問が多いです。,niosh-model,NIOSHモデルとは？意味・根拠・試験で押さえるポイント,NIOSHモデルは、基礎・役割分野で頻出の用語です。NIOSHモデルは、仕事のストレス要因に加え個人要因・緩衝要因がストレス反応を修飾し、健康障害に至る過程を示すモデルです。本記事では意味、試験での出題の仕方、混同しやすい点を整理します。,NIOSHモデルは、仕事のストレス要因が個人要因・緩衝要因（上司・同僚・家族の支援等）によってストレス反応を修飾し、最終的に健康障害に至る過程を示すモデルです。仕事以外の生活要因もモデルに含まれ、単純な直線モデル（仕事要因→即健康障害）ではありません。,NIOSHモデルは、仕事のストレス要因に加え個人要因・緩衝要因がストレス反応を修飾し、健康障害に至る過程を示すモデルです。;緩衝要因には上司・同僚・家族の支援が含まれ、仕事以外の要因も対象です。;試験では「仕事要因だけが直接健康障害を起こす単純モデル」という誤り選択肢と対比されます。,仕事のストレス要因だけが健康障害を直接起こすモデルと混同;緩衝要因を職場内の支援だけと限定;心理的反応をモデル外とする,「NIOSHモデル」は基礎・役割の重要語。定義→誰が何をするか→連携先の順で覚えると整理しやすい。,NIOSHモデルでは仕事以外の要因（家庭など）は対象外とされている。,×（個人要因・緩衝要因に家族支援等も含まれる）,NIOSHモデルとは何ですか？,NIOSHモデルは、仕事のストレス要因に加え個人要因・緩衝要因がストレス反応を修飾し、健康障害に至る過程を示すモデルです。,NIOSHモデルは試験でどのように問われますか？,NIOSHとJD-R、セリエのモデル比較（何が修飾するか・何段階か）が出題されやすいです。,NIOSHモデルを学習するときの注意点は？,単語だけでなく、ラインケア・安全配慮・専門職連携の流れの中で意味を確認してください。数値や義務の有無は法令改正で変わる場合があるため、受験前に公式情報も確認してください。,y2026/q03,演習2026・第3問（NIOSHモデル）
JD-Rモデル,JD-Rモデル,基礎・役割,基礎・役割,JD-Rモデル（要求資源モデル）は、職場の要求と資源のバランスでストレスとエンゲイジメントを説明するモデルです。,JD-Rモデル（要求資源モデル）は、職場の要求と資源のバランスでストレスとエンゲイジメントを説明するモデルです。職場要求が高く資源が少ないと倦怠感、資源が充実するとワーク・エンゲイジメントが高まるとされます。社会的サポート・自律性・成長機会・フィードバック・目標の明確さなどが職場資源の例です。,ワーク・エンゲイジメント;職場資源;職場要求,,A,誤り：①職場資源＝残業増・監視強化、②要求のみがエンゲイジメントを高める、③NIOSHと同じ直線モデル。職場資源の具体例（支援・自律性・成長機会等）を確認します。,jd-r-model,JD-Rモデルとは？意味・根拠・試験で押さえるポイント,JD-Rモデルは、基礎・役割分野で頻出の用語です。JD-Rモデル（要求資源モデル）は、職場の要求と資源のバランスでストレスとエンゲイジメントを説明するモデルです。本記事では意味、試験での出題の仕方、混同しやすい点を整理します。,JD-Rモデル（要求―資源モデル）は、職場の要求と資源のバランスで倦怠（バーンアウト）とワーク・エンゲイジメントを説明します。要求が高く資源が少ないと倦怠、資源が充実するとエンゲイジメントが高まるとされます。,JD-Rモデル（要求資源モデル）は、職場の要求と資源のバランスでストレスとエンゲイジメントを説明するモデルです。;職場要求が高く資源が少ないと倦怠感、資源が充実するとワーク・エンゲイジメントが高まるとされます。;社会的サポート・自律性・成長機会・フィードバック・目標の明確さなどが職場資源の例です。,職場資源と職場要求を逆にする;監視強化や残業を資源とする;JD-RとNIOSHの修飾要因の違いを混同,「JD-Rモデル」は基礎・役割の重要語。定義→誰が何をするか→連携先の順で覚えると整理しやすい。,ワーク・エンゲイジメントを高める職場資源として、上司・同僚からのサポート・成長の機会・業務の自律性が挙げられる。,○,JD-Rモデルとは何ですか？,JD-Rモデル（要求資源モデル）は、職場の要求と資源のバランスでストレスとエンゲイジメントを説明するモデルです。,JD-Rモデルは試験でどのように問われますか？,ワーク・エンゲイジメントを高める職場資源を選ぶ問題が典型です。,JD-Rモデルを学習するときの注意点は？,単語だけでなく、ラインケア・安全配慮・専門職連携の流れの中で意味を確認してください。数値や義務の有無は法令改正で変わる場合があるため、受験前に公式情報も確認してください。,y2026/q251,演習2026・第251問（JD-R・職場資源）
心理的安全性,心理的安全性,基礎・役割,基礎・役割,心理的安全性は、職場で意見を言ったり失敗を共有したりしても、不当な不利益を受けないと感じられる状態です。,心理的安全性は、職場で意見を言ったり失敗を共有したりしても、不当な不利益を受けないと感じられる状態です。メンタルヘルス対策・ハラスメント防止・チームの学習文化と関連し、相談しやすい職場づくりの基盤となります。管理監督者の言動が心理的安全性を大きく左右します。,ハラスメント防止;相談窓口;ラインケア,,B,選択肢では根拠法令・対象範囲・責任の所在がずれる肢に注意し、用語の定義と照合してください。,g-51bd1646aaf069bc,心理的安全性とは？意味・根拠・試験で押さえるポイント,心理的安全性は、基礎・役割分野で頻出の用語です。心理的安全性は、職場で意見を言ったり失敗を共有したりしても、不当な不利益を受けないと感じられる状態です。本記事では意味、試験での出題の仕方、混同しやすい点を整理します。,心理的安全性は、職場で意見を言ったり失敗を共有したりしても、不当な不利益を受けないと感じられる状態です。メンタルヘルス対策・ハラスメント防止・チームの学習文化と関連し、相談しやすい職場づくりの基盤となります。管理監督者の言動が心理的安全性を大きく左右します。,心理的安全性は、職場で意見を言ったり失敗を共有したりしても、不当な不利益を受けないと感じられる状態です。;メンタルヘルス対策・ハラスメント防止・チームの学習文化と関連し、相談しやすい職場づくりの基盤となります。;管理監督者の言動が心理的安全性を大きく左右します。,心理的安全性＝仲が良いだけ;ハラスメント防止と無関係,,,,心理的安全性とは何ですか？,心理的安全性は、職場で意見を言ったり失敗を共有したりしても、不当な不利益を受けないと感じられる状態です。,心理的安全性は試験でどのように問われますか？,「心理的安全性」は定義確認に加え、数値・手順・誰が担うかがセットで問われます。関連する演習問題で正答肢のキーワードをメモし、用語記事と往復してください。,心理的安全性を学習するときの注意点は？,単語だけでなく、ラインケア・安全配慮・専門職連携の流れの中で意味を確認してください。数値や義務の有無は法令改正で変わる場合があるため、受験前に公式情報も確認してください。,y2026/q213,演習2026・第213問（心理的安全性）
カウンセリング,カウンセリング,相談・連携・復職,相談・連携・復職,カウンセリングは、専門家が相談者の話を聴き、問題整理や対処の支援を行う面接的支援です。,カウンセリングは、専門家が相談者の話を聴き、問題整理や対処の支援を行う面接的支援です。管理監督者のラインケアは治療ではなく、傾聴・共感・必要な連携が中心です。産業カウンセラー、産業心理士、EAPが専門的カウンセリングを担う場面と役割分担を理解します。,傾聴;共感;産業カウンセラー,,A,選択肢では根拠法令・対象範囲・責任の所在がずれる肢に注意し、用語の定義と照合してください。,g-7ec92c23fbcf4f3a,カウンセリングとは？意味・根拠・試験で押さえるポイント,カウンセリングは、相談・連携・復職分野で頻出の用語です。カウンセリングは、専門家が相談者の話を聴き、問題整理や対処の支援を行う面接的支援です。本記事では意味、試験での出題の仕方、混同しやすい点を整理します。,カウンセリングは、専門家が相談者の話を聴き、問題整理や対処の支援を行う面接的支援です。管理監督者のラインケアは治療ではなく、傾聴・共感・必要な連携が中心です。産業カウンセラー、産業心理士、EAPが専門的カウンセリングを担う場面と役割分担を理解します。,カウンセリングは、専門家が相談者の話を聴き、問題整理や対処の支援を行う面接的支援です。;管理監督者のラインケアは治療ではなく、傾聴・共感・必要な連携が中心です。;産業カウンセラー、産業心理士、EAPが専門的カウンセリングを担う場面と役割分担を理解します。,管理監督者が治療的カウンセリングを行う;産業医の役割と混同,「カウンセリング」は相談・連携・復職の重要語。定義→誰が何をするか→連携先の順で覚えると整理しやすい。,,,カウンセリングとは何ですか？,カウンセリングは、専門家が相談者の話を聴き、問題整理や対処の支援を行う面接的支援です。,カウンセリングは試験でどのように問われますか？,「カウンセリング」は定義確認に加え、数値・手順・誰が担うかがセットで問われます。関連する演習問題で正答肢のキーワードをメモし、用語記事と往復してください。,カウンセリングを学習するときの注意点は？,単語だけでなく、ラインケア・安全配慮・専門職連携の流れの中で意味を確認してください。数値や義務の有無は法令改正で変わる場合があるため、受験前に公式情報も確認してください。,y2026/q28,演習2026・第28問（カウンセリング）
共感,共感,相談・連携・復職,相談・連携・復職,共感は、相手の感情や立場を理解し、その気持ちを伝えるコミュニケーションの姿勢です。,共感は、相手の感情や立場を理解し、その気持ちを伝えるコミュニケーションの姿勢です。ラインケアでは、正論や励ましより先に共感を示すことが信頼関係づくりに有効です。同情（憐れみ）や同意（賛同）とは異なり、試験では「共感＝問題を同意する」という誤りに注意します。,傾聴;アクティブリスニング;カウンセリング,,A,試験では「共感＝問題を同意する」という誤りに注意します。,g-6bac6a79b8152358,共感とは？意味・根拠・試験で押さえるポイント,共感は、相談・連携・復職分野で頻出の用語です。共感は、相手の感情や立場を理解し、その気持ちを伝えるコミュニケーションの姿勢です。本記事では意味、試験での出題の仕方、混同しやすい点を整理します。,共感は、相手の感情や立場を理解し、その気持ちを伝えるコミュニケーションの姿勢です。ラインケアでは、正論や励ましより先に共感を示すことが信頼関係づくりに有効です。同情（憐れみ）や同意（賛同）とは異なり、。,共感は、相手の感情や立場を理解し、その気持ちを伝えるコミュニケーションの姿勢です。;ラインケアでは、正論や励ましより先に共感を示すことが信頼関係づくりに有効です。;同情（憐れみ）や同意（賛同）とは異なり、試験では「共感＝問題を同意する」という誤りに注意します。,共感＝同意・同情と同一;問題解決が先,「共感」は相談・連携・復職の重要語。定義→誰が何をするか→連携先の順で覚えると整理しやすい。,,,共感とは何ですか？,共感は、相手の感情や立場を理解し、その気持ちを伝えるコミュニケーションの姿勢です。,共感は試験でどのように問われますか？,「共感」は定義確認に加え、数値・手順・誰が担うかがセットで問われます。関連する演習問題で正答肢のキーワードをメモし、用語記事と往復してください。,共感を学習するときの注意点は？,単語だけでなく、ラインケア・安全配慮・専門職連携の流れの中で意味を確認してください。数値や義務の有無は法令改正で変わる場合があるため、受験前に公式情報も確認してください。,y2026/q23,演習2026・第23問（共感・傾聴）
パワーハラスメント,パワーハラスメント,職場環境・配慮,職場環境・配慮,パワーハラスメントは、優越的な関係を背景に業務上適正な範囲を超え、就業環境を害する言動です。,パワーハラスメントは、優越的な関係を背景に業務上適正な範囲を超え、就業環境を害する言動です。3要素は①優越的な関係②業務上必要・相当な範囲を超える③就業環境が害される。上司から部下に限らず同僚・部下からの言動も含まれます。故意・悪意や身体的攻撃のみ、上司→部下のみといった誤りに注意します。,ハラスメントの種類（パワハラ・セクハラ・マタハラ）;ハラスメント防止;職場いじめ,労働施策総合推進法,A,誤り：①故意・悪意が必須、②身体的攻撃に限定、③上司→部下のみ、④継続・精神的苦痛のみで定義。正答の3要素は「優越的関係」「業務上適正範囲超え」「就業環境の害」です。,power-harassment,パワーハラスメントとは？意味・根拠・試験で押さえるポイント,パワーハラスメントは、職場環境・配慮分野で頻出の用語です。パワーハラスメントは、優越的な関係を背景に業務上適正な範囲を超え、就業環境を害する言動です。本記事では意味、試験での出題の仕方、混同しやすい点を整理します。,パワーハラスメント（パワハラ）は、優越的な関係を背景にした言動で、業務上必要・相当な範囲を超え、労働者の就業環境を害する行為です。6類型（身体的・精神的攻撃、切り離し、過大・過小要求、個の侵害）と区別し、業務上適正な指導はパワハラに該当しません。同僚・部下から上司への言動も対象です。,パワーハラスメントは、優越的な関係を背景に業務上適正な範囲を超え、就業環境を害する言動です。;3要素は①優越的な関係②業務上必要・相当な範囲を超える③就業環境が害される。;上司から部下に限らず同僚・部下からの言動も含まれます。;故意・悪意や身体的攻撃のみ、上司→部下のみといった誤りに注意します。,故意や悪意を要件と思い込む;上司から部下への言動だけがパワハラと考える;業務上適正な厳しい指導とパワハラ6類型を混同する,「パワーハラスメント」は職場環境・配慮の重要語。定義→誰が何をするか→連携先の順で覚えると整理しやすい。,パワーハラスメントの定義に「故意または悪意があるもの」が含まれる。,×（3要素は優越的関係・業務上適正範囲超え・就業環境の害。故意は不要）,パワーハラスメントとは何ですか？,パワーハラスメントは、優越的な関係を背景に業務上適正な範囲を超え、就業環境を害する言動です。,パワーハラスメントは試験でどのように問われますか？,3要素の組み合わせ問題と、6類型に含まれない行為（適正な指導）を選ぶ問題が頻出です。,パワーハラスメントを学習するときの注意点は？,単語だけでなく、ラインケア・安全配慮・専門職連携の流れの中で意味を確認してください。数値や義務の有無は法令改正で変わる場合があるため、受験前に公式情報も確認してください。,y2026/q09,演習2026・第9問（パワハラ3要素）
セクシュアルハラスメント,セクシュアルハラスメント,職場環境・配慮,職場環境・配慮,セクシュアルハラスメントは、性的な言動により就業環境を害するハラスメントです。,セクシュアルハラスメントは、性的な言動により就業環境を害するハラスメントです。パワーハラスメント・マタニティハラスメントと並ぶ職場ハラスメントの類型です。被害者・周囲のメンタルヘルス不調につながり、相談窓口・再発防止・第三者委員会などの措置が求められます。,ハラスメントの種類（パワハラ・セクハラ・マタハラ）;ハラスメント防止;マタニティハラスメント,労働施策総合推進法,A,選択肢では根拠法令・対象範囲・責任の所在がずれる肢に注意し、用語の定義と照合してください。,g-f58cb8a78dbd8aae,セクシュアルハラスメントとは？意味・根拠・試験で押さえるポイント,セクシュアルハラスメントは、職場環境・配慮分野で頻出の用語です。セクシュアルハラスメントは、性的な言動により就業環境を害するハラスメントです。本記事では意味、試験での出題の仕方、混同しやすい点を整理します。,セクシュアルハラスメントは、性的な言動により就業環境を害するハラスメントです。パワーハラスメント・マタニティハラスメントと並ぶ職場ハラスメントの類型です。被害者・周囲のメンタルヘルス不調につながり、相談窓口・再発防止・第三者委員会などの措置が求められます。,セクシュアルハラスメントは、性的な言動により就業環境を害するハラスメントです。;パワーハラスメント・マタニティハラスメントと並ぶ職場ハラスメントの類型です。;被害者・周囲のメンタルヘルス不調につながり、相談窓口・再発防止・第三者委員会などの措置が求められます。,パワハラの3要素だけで判断;被害者のみが相談できる,「セクシュアルハラスメント」は職場環境・配慮の重要語。定義→誰が何をするか→連携先の順で覚えると整理しやすい。,,,セクシュアルハラスメントとは何ですか？,セクシュアルハラスメントは、性的な言動により就業環境を害するハラスメントです。,セクシュアルハラスメントは試験でどのように問われますか？,「セクシュアルハラスメント」は定義確認に加え、数値・手順・誰が担うかがセットで問われます。関連する演習問題で正答肢のキーワードをメモし、用語記事と往復してください。,セクシュアルハラスメントを学習するときの注意点は？,単語だけでなく、ラインケア・安全配慮・専門職連携の流れの中で意味を確認してください。数値や義務の有無は法令改正で変わる場合があるため、受験前に公式情報も確認してください。,y2026/q48,演習2026・第48問（セクハラ）
ハラスメント防止,ハラスメント防止,職場環境・配慮,職場環境・配慮,ハラスメント防止は、相談体制、研修、就業規則、迅速な調査・再発防止などによる職場環境の整備です。,ハラスメント防止は、相談体制、研修、就業規則、迅速な調査・再発防止などによる職場環境の整備です。事業者の措置義務として、パワハラ・セクハラ・マタハラ・職場いじめに対応します。管理監督者は加害・見て見ぬふりの両面で責任を問われ得るため、早期の相談受付が重要です。,パワーハラスメント;ハラスメント相談;職場いじめ,労働施策総合推進法,A,選択肢では根拠法令・対象範囲・責任の所在がずれる肢に注意し、用語の定義と照合してください。,g-5e600fc339b96600,ハラスメント防止とは？意味・根拠・試験で押さえるポイント,ハラスメント防止は、職場環境・配慮分野で頻出の用語です。ハラスメント防止は、相談体制、研修、就業規則、迅速な調査・再発防止などによる職場環境の整備です。本記事では意味、試験での出題の仕方、混同しやすい点を整理します。,ハラスメント防止は、相談体制、研修、就業規則、迅速な調査・再発防止などによる職場環境の整備です。事業者の措置義務として、パワハラ・セクハラ・マタハラ・職場いじめに対応します。管理監督者は加害・見て見ぬふりの両面で責任を問われ得るため、早期の相談受付が重要です。,ハラスメント防止は、相談体制、研修、就業規則、迅速な調査・再発防止などによる職場環境の整備です。;事業者の措置義務として、パワハラ・セクハラ・マタハラ・職場いじめに対応します。;管理監督者は加害・見て見ぬふりの両面で責任を問われ得るため、早期の相談受付が重要です。,研修だけで義務履行完了;見て見ぬふりは問題ない,「ハラスメント防止」は職場環境・配慮の重要語。定義→誰が何をするか→連携先の順で覚えると整理しやすい。,,,ハラスメント防止とは何ですか？,ハラスメント防止は、相談体制、研修、就業規則、迅速な調査・再発防止などによる職場環境の整備です。,ハラスメント防止は試験でどのように問われますか？,「ハラスメント防止」は定義確認に加え、数値・手順・誰が担うかがセットで問われます。関連する演習問題で正答肢のキーワードをメモし、用語記事と往復してください。,ハラスメント防止を学習するときの注意点は？,単語だけでなく、ラインケア・安全配慮・専門職連携の流れの中で意味を確認してください。数値や義務の有無は法令改正で変わる場合があるため、受験前に公式情報も確認してください。,y2026/q105,演習2026・第105問（ハラスメント防止）
ハラスメント相談,ハラスメント相談,職場環境・配慮,職場環境・配慮,ハラスメント相談は、被害者・目撃者が安心して相談できる社内外の窓口と手続きです。,ハラスメント相談は、被害者・目撃者が安心して相談できる社内外の窓口と手続きです。秘密保持、報復禁止、迅速な事実確認が基本です。管理監督者は相談を門前払いせず、人事・産業保健・外部専門家と連携します。,相談窓口;ハラスメント防止;プライバシー保護,,A,選択肢では根拠法令・対象範囲・責任の所在がずれる肢に注意し、用語の定義と照合してください。,g-1a0762414edf80e5,ハラスメント相談とは？意味・根拠・試験で押さえるポイント,ハラスメント相談は、職場環境・配慮分野で頻出の用語です。ハラスメント相談は、被害者・目撃者が安心して相談できる社内外の窓口と手続きです。本記事では意味、試験での出題の仕方、混同しやすい点を整理します。,ハラスメント相談は、被害者・目撃者が安心して相談できる社内外の窓口と手続きです。秘密保持、報復禁止、迅速な事実確認が基本です。管理監督者は相談を門前払いせず、人事・産業保健・外部専門家と連携します。,ハラスメント相談は、被害者・目撃者が安心して相談できる社内外の窓口と手続きです。;秘密保持、報復禁止、迅速な事実確認が基本です。;管理監督者は相談を門前払いせず、人事・産業保健・外部専門家と連携します。,相談者に不利益を与えてよい;秘密保持不要,「ハラスメント相談」は職場環境・配慮の重要語。定義→誰が何をするか→連携先の順で覚えると整理しやすい。,,,ハラスメント相談とは何ですか？,ハラスメント相談は、被害者・目撃者が安心して相談できる社内外の窓口と手続きです。,ハラスメント相談は試験でどのように問われますか？,「ハラスメント相談」は定義確認に加え、数値・手順・誰が担うかがセットで問われます。関連する演習問題で正答肢のキーワードをメモし、用語記事と往復してください。,ハラスメント相談を学習するときの注意点は？,単語だけでなく、ラインケア・安全配慮・専門職連携の流れの中で意味を確認してください。数値や義務の有無は法令改正で変わる場合があるため、受験前に公式情報も確認してください。,y2026/q105,演習2026・第105問（ハラスメント相談）
休職,休職,相談・連携・復職,相談・連携・復職,休職は、メンタルヘルス不調などにより、一定期間業務から離れ治療・療養に専念する状態です。,休職は、メンタルヘルス不調などにより、一定期間業務から離れ治療・療養に専念する状態です。傷病手当金、診断書、主治医・産業医の意見書と関連します。管理監督者は復職を急かさず、段階的復職・試し出勤のプロセスを理解します。休職・離職防止は企業にとる人材定着上の意義があります。,復職;診断書;傷病手当金,,A,誤り：①休職中は連絡一切不要、②早期復帰のため業務状況を頻繁に伝える、③給与は休職中も常に全額。適度な連絡と制度説明が適切対応です。,g-90e0097f1d5d452e,休職とは？意味・根拠・試験で押さえるポイント,休職は、相談・連携・復職分野で頻出の用語です。休職は、メンタルヘルス不調などにより、一定期間業務から離れ治療・療養に専念する状態です。本記事では意味、試験での出題の仕方、混同しやすい点を整理します。,休職は、メンタルヘルス不調などにより一定期間業務から離れ治療・療養に専念する状態です。傷病手当、診断書、主治医・産業医の意見書と関連し、職場復帰5ステップの第1段階（療養）に位置づけます。,休職は、メンタルヘルス不調などにより、一定期間業務から離れ治療・療養に専念する状態です。;傷病手当金、診断書、主治医・産業医の意見書と関連します。;管理監督者は復職を急かさず、段階的復職・試し出勤のプロセスを理解します。;休職・離職防止は企業にとる人材定着上の意義があります。,休職中の連絡を完全禁止とする;プレッシャーになる業務連絡で早期復帰を促す;診断名を職場全員に共有すべきとする,「休職」は相談・連携・復職の重要語。定義→誰が何をするか→連携先の順で覚えると整理しやすい。,休業中は本人への連絡を一切絶ち、完全に療養に専念させる。,×（適度な連絡と傷病手当・復職の流れ等の情報提供が適切）,休職とは何ですか？,休職は、メンタルヘルス不調などにより、一定期間業務から離れ治療・療養に専念する状態です。,休職は試験でどのように問われますか？,職場復帰5ステップの第1段階と、休職中の管理監督者の対応が問われます。,休職を学習するときの注意点は？,単語だけでなく、ラインケア・安全配慮・専門職連携の流れの中で意味を確認してください。数値や義務の有無は法令改正で変わる場合があるため、受験前に公式情報も確認してください。,y2026/q127,演習2026・第127問（休職・第1ステップ）
復職,復職,相談・連携・復職,相談・連携・復職,復職は、休職・療養後に職場へ戻り、段階的に業務を再開するプロセスです。,復職は、休職・療養後に職場へ戻り、段階的に業務を再開するプロセスです。5ステップ（療養→主治医判断→復帰可否・プラン→最終決定→フォローアップ）と、試し出勤・リワーク・プログラムと連携します。管理監督者は歓迎の雰囲気づくりと過度な期待の回避が求められます。,試し出勤;段階的復職;職場復帰支援,,A,誤り：①第3ステップと第4・5の取り違え、②いきなりフル復帰が原則、③産業医が最終的な復帰を単独決定。正答はステップ番号と役割分担です。,g-826752d2437be20e,復職とは？意味・根拠・試験で押さえるポイント,復職は、相談・連携・復職分野で頻出の用語です。復職は、休職・療養後に職場へ戻り、段階的に業務を再開するプロセスです。本記事では意味、試験での出題の仕方、混同しやすい点を整理します。,復職は、休職・療養後に職場へ戻り段階的に業務を再開するプロセスです。5ステップ：療養→主治医の復帰可能判断→復帰可否・プラン→最終決定→フォローアップ。試し出勤・リワークと連携し、管理監督者は歓迎と過度な期待の両方に注意します。,復職は、休職・療養後に職場へ戻り、段階的に業務を再開するプロセスです。;5ステップ（療養→主治医判断→復帰可否・プラン→最終決定→フォローアップ）と、試し出勤・リワーク・プログラムと連携します。;管理監督者は歓迎の雰囲気づくりと過度な期待の回避が求められます。,職場復帰5ステップの順序・内容の混同;主治医と産業医の役割の逆転;復職後フォローアップ不要とする,「復職」は相談・連携・復職の重要語。定義→誰が何をするか→連携先の順で覚えると整理しやすい。,職場復帰支援の第3ステップに該当するものは、最終的な職場復帰の決定である。,×（第3は復帰可否の判断とプラン作成。最終決定は第4）,復職とは何ですか？,復職は、休職・療養後に職場へ戻り、段階的に業務を再開するプロセスです。,復職は試験でどのように問われますか？,「第○ステップに該当するもの」形式が最頻出です。番号とキーワードを対で暗記してください。,復職を学習するときの注意点は？,単語だけでなく、ラインケア・安全配慮・専門職連携の流れの中で意味を確認してください。数値や義務の有無は法令改正で変わる場合があるため、受験前に公式情報も確認してください。,y2026/q06,演習2026・第6問（職場復帰ステップ）
試し出勤,試し出勤,相談・連携・復職,相談・連携・復職,試し出勤は、本復帰前に短時間・軽い業務で職場への適応を確認する段階的復職の手法です。,試し出勤は、本復帰前に短時間・軽い業務で職場への適応を確認する段階的復職の手法です。主治医・産業医・人事・管理監督者が連携し、無理な業務負荷を避けます。再発予防の観点から、フォローアップ期間の支援もセットで理解します。,段階的復職;復職;フォローアップ,,A,選択肢では根拠法令・対象範囲・責任の所在がずれる肢に注意し、用語の定義と照合してください。,g-36f135f7f986985c,試し出勤とは？意味・根拠・試験で押さえるポイント,試し出勤は、相談・連携・復職分野で頻出の用語です。試し出勤は、本復帰前に短時間・軽い業務で職場への適応を確認する段階的復職の手法です。本記事では意味、試験での出題の仕方、混同しやすい点を整理します。,試し出勤は、本復帰前に短時間・軽い業務で職場への適応を確認する段階的復職の手法です。主治医・産業医・人事・管理監督者が連携し、無理な業務負荷を避けます。再発予防の観点から、フォローアップ期間の支援もセットで理解します。,試し出勤は、本復帰前に短時間・軽い業務で職場への適応を確認する段階的復職の手法です。;主治医・産業医・人事・管理監督者が連携し、無理な業務負荷を避けます。;再発予防の観点から、フォローアップ期間の支援もセットで理解します。,いきなりフル勤務が原則;試し出勤＝復職完了,「試し出勤」は相談・連携・復職の重要語。定義→誰が何をするか→連携先の順で覚えると整理しやすい。,,,試し出勤とは何ですか？,試し出勤は、本復帰前に短時間・軽い業務で職場への適応を確認する段階的復職の手法です。,試し出勤は試験でどのように問われますか？,「試し出勤」は定義確認に加え、数値・手順・誰が担うかがセットで問われます。関連する演習問題で正答肢のキーワードをメモし、用語記事と往復してください。,試し出勤を学習するときの注意点は？,単語だけでなく、ラインケア・安全配慮・専門職連携の流れの中で意味を確認してください。数値や義務の有無は法令改正で変わる場合があるため、受験前に公式情報も確認してください。,y2026/q74,演習2026・第74問（試し出勤）
段階的復職,段階的復職,相談・連携・復職,相談・連携・復職,段階的復職は、勤務時間・業務量を段階的に増やしながら本復帰を目指す手法です。,段階的復職は、勤務時間・業務量を段階的に増やしながら本復帰を目指す手法です。試し出勤、業務内容の調整、就業上の配慮と一体です。急なフル復帰は再発リスクを高めるため、医師意見と産業医の助言を尊重します。,試し出勤;就業上の配慮;再発予防,,A,選択肢では根拠法令・対象範囲・責任の所在がずれる肢に注意し、用語の定義と照合してください。,g-bba1648a30668d38,段階的復職とは？意味・根拠・試験で押さえるポイント,段階的復職は、相談・連携・復職分野で頻出の用語です。段階的復職は、勤務時間・業務量を段階的に増やしながら本復帰を目指す手法です。本記事では意味、試験での出題の仕方、混同しやすい点を整理します。,段階的復職は、勤務時間・業務量を段階的に増やしながら本復帰を目指す手法です。試し出勤、業務内容の調整、就業上の配慮と一体です。急なフル復帰は再発リスクを高めるため、医師意見と産業医の助言を尊重します。,段階的復職は、勤務時間・業務量を段階的に増やしながら本復帰を目指す手法です。;試し出勤、業務内容の調整、就業上の配慮と一体です。;急なフル復帰は再発リスクを高めるため、医師意見と産業医の助言を尊重します。,「段階的復職」の定義と類似語・制度の境界を確認;断定表現（のみ・必ず）に注意,「段階的復職」は相談・連携・復職の重要語。定義→誰が何をするか→連携先の順で覚えると整理しやすい。,,,段階的復職とは何ですか？,段階的復職は、勤務時間・業務量を段階的に増やしながら本復帰を目指す手法です。,段階的復職は試験でどのように問われますか？,「段階的復職」は定義確認に加え、数値・手順・誰が担うかがセットで問われます。関連する演習問題で正答肢のキーワードをメモし、用語記事と往復してください。,段階的復職を学習するときの注意点は？,単語だけでなく、ラインケア・安全配慮・専門職連携の流れの中で意味を確認してください。数値や義務の有無は法令改正で変わる場合があるため、受験前に公式情報も確認してください。,y2026/q75,演習2026・第75問（段階的復職・フォロー）
就業上の配慮,就業上の配慮,相談・連携・復職,相談・連携・復職,就業上の配慮は、メンタルヘルス不調の労働者に対し、勤務時間・業務・休養など就業条件を調整することです。,就業上の配慮は、メンタルヘルス不調の労働者に対し、勤務時間・業務・休養など就業条件を調整することです。合理的配慮（障害者差別解消）と類似の考え方ですが、全ての不調者に適用される概念ではありません。治療方針は医師、配慮の具体化は産業医・人事・管理監督者が連携します。,合理的配慮の提供;両立支援の留意事項;産業医,,A,誤り：①一律に軽減業務のみ、②管理監督者は関与不要、③通院・遅刻を就規違反として厳罰。正答は個別検討と連携です。,g-68a752df594d7b81,就業上の配慮とは？意味・根拠・試験で押さえるポイント,就業上の配慮は、相談・連携・復職分野で頻出の用語です。就業上の配慮は、メンタルヘルス不調の労働者に対し、勤務時間・業務・休養など就業条件を調整することです。本記事では意味、試験での出題の仕方、混同しやすい点を整理します。,就業上の配慮は、メンタルヘルス不調の労働者に対し勤務時間・業務・休養など就業条件を調整することです。合理的配慮と類似しますが、すべての不調者に障害者手帳等が必要なわけではありません。治療は主治医、配慮の具体化は産業医・人事・管理監督者が連携します。,就業上の配慮は、メンタルヘルス不調の労働者に対し、勤務時間・業務・休養など就業条件を調整することです。;合理的配慮（障害者差別解消）と類似の考え方ですが、全ての不調者に適用される概念ではありません。;治療方針は医師、配慮の具体化は産業医・人事・管理監督者が連携します。,合理的配慮と同一義とする;産業医が治療方針を決める;両立支援で現場管理監督者が不要とする,「就業上の配慮」は相談・連携・復職の重要語。定義→誰が何をするか→連携先の順で覚えると整理しやすい。,両立支援において、本人の意向や主治医・産業医の意見を踏まえ就業上の配慮を個別に検討することが重要である。,○,就業上の配慮とは何ですか？,就業上の配慮は、メンタルヘルス不調の労働者に対し、勤務時間・業務・休養など就業条件を調整することです。,就業上の配慮は試験でどのように問われますか？,両立支援・復職・面接指導の文脈で、個別の就業条件調整が問われます。,就業上の配慮を学習するときの注意点は？,単語だけでなく、ラインケア・安全配慮・専門職連携の流れの中で意味を確認してください。数値や義務の有無は法令改正で変わる場合があるため、受験前に公式情報も確認してください。,y2026/q77,演習2026・第77問（両立支援・就業上の配慮）
診断書,診断書,相談・連携・復職,相談・連携・復職,診断書は、医療機関が発行する病状・治療・休養の必要などを記載した文書です。,診断書は、医療機関が発行する病状・治療・休養の必要などを記載した文書です。休職・復職判断の参考となり、プライバシー性が高いため必要最小限の取扱いが求められます。管理監督者は診断名の詳細を共有範囲で決めつけず、産業医・人事と連携します。,意見書;休職;同意,,A,選択肢では根拠法令・対象範囲・責任の所在がずれる肢に注意し、用語の定義と照合してください。,g-d614fdfca668ab65,診断書とは？意味・根拠・試験で押さえるポイント,診断書は、相談・連携・復職分野で頻出の用語です。診断書は、医療機関が発行する病状・治療・休養の必要などを記載した文書です。本記事では意味、試験での出題の仕方、混同しやすい点を整理します。,診断書は、医療機関が発行する病状・治療・休養の必要などを記載した文書です。休職・復職判断の参考となり、プライバシー性が高いため必要最小限の取扱いが求められます。管理監督者は診断名の詳細を共有範囲で決めつけず、産業医・人事と連携します。,診断書は、医療機関が発行する病状・治療・休養の必要などを記載した文書です。;休職・復職判断の参考となり、プライバシー性が高いため必要最小限の取扱いが求められます。;管理監督者は診断名の詳細を共有範囲で決めつけず、産業医・人事と連携します。,診断名を全員に開示;管理監督者が診断を下す,「診断書」は相談・連携・復職の重要語。定義→誰が何をするか→連携先の順で覚えると整理しやすい。,,,診断書とは何ですか？,診断書は、医療機関が発行する病状・治療・休養の必要などを記載した文書です。,診断書は試験でどのように問われますか？,「診断書」は定義確認に加え、数値・手順・誰が担うかがセットで問われます。関連する演習問題で正答肢のキーワードをメモし、用語記事と往復してください。,診断書を学習するときの注意点は？,単語だけでなく、ラインケア・安全配慮・専門職連携の流れの中で意味を確認してください。数値や義務の有無は法令改正で変わる場合があるため、受験前に公式情報も確認してください。,y2026/q35,演習2026・第35問（診断書）
意見書,意見書,相談・連携・復職,相談・連携・復職,意見書は、主治医や産業医が就業可否・配慮内容について記載する専門的な文書です。,意見書は、主治医や産業医が就業可否・配慮内容について記載する専門的な文書です。診断書と役割が異なり、職場復帰のステップでは主治医による復帰可能の判断が重要です。意見が異なる場合も産業医の見解が就業上の措置の参考となります。,診断書;主治医による職場復帰可能の判断;産業医,,A,選択肢では根拠法令・対象範囲・責任の所在がずれる肢に注意し、用語の定義と照合してください。,g-e4d3dca7e4220d2c,意見書とは？意味・根拠・試験で押さえるポイント,意見書は、相談・連携・復職分野で頻出の用語です。意見書は、主治医や産業医が就業可否・配慮内容について記載する専門的な文書です。本記事では意味、試験での出題の仕方、混同しやすい点を整理します。,意見書は、主治医や産業医が就業可否・配慮内容について記載する専門的な文書です。診断書と役割が異なり、職場復帰のステップでは主治医による復帰可能の判断が重要です。意見が異なる場合も産業医の見解が就業上の措置の参考となります。,意見書は、主治医や産業医が就業可否・配慮内容について記載する専門的な文書です。;診断書と役割が異なり、職場復帰のステップでは主治医による復帰可能の判断が重要です。;意見が異なる場合も産業医の見解が就業上の措置の参考となります。,意見書と診断書を同一;産業医が治療する,「意見書」は相談・連携・復職の重要語。定義→誰が何をするか→連携先の順で覚えると整理しやすい。,,,意見書とは何ですか？,意見書は、主治医や産業医が就業可否・配慮内容について記載する専門的な文書です。,意見書は試験でどのように問われますか？,「意見書」は定義確認に加え、数値・手順・誰が担うかがセットで問われます。関連する演習問題で正答肢のキーワードをメモし、用語記事と往復してください。,意見書を学習するときの注意点は？,単語だけでなく、ラインケア・安全配慮・専門職連携の流れの中で意味を確認してください。数値や義務の有無は法令改正で変わる場合があるため、受験前に公式情報も確認してください。,y2026/q279,演習2026・第279問（意見書）
再発予防,再発予防,相談・連携・復職,相談・連携・復職,再発予防は、復職後の生活リズム・ストレス管理・職場環境の見直しにより、不調の再発を防ぐ取り組みです。,再発予防は、復職後の生活リズム・ストレス管理・職場環境の見直しにより、不調の再発を防ぐ取り組みです。フォローアップ期間の面談、業務量の調整、ハラスメント要因の除去が含まれます。管理監督者は「以前と同じ負荷で即復帰」を避け、長期的な支援を継続します。,フォローアップ;段階的復職;職場環境の改善,,A,選択肢では根拠法令・対象範囲・責任の所在がずれる肢に注意し、用語の定義と照合してください。,g-ca23e02ef53e5718,再発予防とは？意味・根拠・試験で押さえるポイント,再発予防は、相談・連携・復職分野で頻出の用語です。再発予防は、復職後の生活リズム・ストレス管理・職場環境の見直しにより、不調の再発を防ぐ取り組みです。本記事では意味、試験での出題の仕方、混同しやすい点を整理します。,再発予防は、復職後の生活リズム・ストレス管理・職場環境の見直しにより、不調の再発を防ぐ取り組みです。フォローアップ期間の面談、業務量の調整、ハラスメント要因の除去が含まれます。管理監督者は「以前と同じ負荷で即復帰」を避け、長期的な支援を継続します。,再発予防は、復職後の生活リズム・ストレス管理・職場環境の見直しにより、不調の再発を防ぐ取り組みです。;フォローアップ期間の面談、業務量の調整、ハラスメント要因の除去が含まれます。;管理監督者は「以前と同じ負荷で即復帰」を避け、長期的な支援を継続します。,復職後はフォロー不要;以前と同じ負荷で即復帰,「再発予防」は相談・連携・復職の重要語。定義→誰が何をするか→連携先の順で覚えると整理しやすい。,,,再発予防とは何ですか？,再発予防は、復職後の生活リズム・ストレス管理・職場環境の見直しにより、不調の再発を防ぐ取り組みです。,再発予防は試験でどのように問われますか？,「再発予防」は定義確認に加え、数値・手順・誰が担うかがセットで問われます。関連する演習問題で正答肢のキーワードをメモし、用語記事と往復してください。,再発予防を学習するときの注意点は？,単語だけでなく、ラインケア・安全配慮・専門職連携の流れの中で意味を確認してください。数値や義務の有無は法令改正で変わる場合があるため、受験前に公式情報も確認してください。,y2026/q219,演習2026・第219問（再発予防）
フォローアップ,フォローアップ,相談・連携・復職,相談・連携・復職,フォローアップは、復職後一定期間、面談・業務負荷・体調確認を継続する支援です。,フォローアップは、復職後一定期間、面談・業務負荷・体調確認を継続する支援です。職場復帰5ステップの最終段階です。管理監督者は定期的な声かけと、産業医・人事への報告連携を行い、孤立させないことが重要です。,職場復帰後のフォローアップ;再発予防;復職,,A,選択肢では根拠法令・対象範囲・責任の所在がずれる肢に注意し、用語の定義と照合してください。,g-dad1209e3482b4cf,フォローアップとは？意味・根拠・試験で押さえるポイント,フォローアップは、相談・連携・復職分野で頻出の用語です。フォローアップは、復職後一定期間、面談・業務負荷・体調確認を継続する支援です。本記事では意味、試験での出題の仕方、混同しやすい点を整理します。,フォローアップは、復職後一定期間、面談・業務負荷・体調確認を継続する支援です。職場復帰5ステップの最終段階です。管理監督者は定期的な声かけと、産業医・人事への報告連携を行い、孤立させないことが重要です。,フォローアップは、復職後一定期間、面談・業務負荷・体調確認を継続する支援です。;職場復帰5ステップの最終段階です。;管理監督者は定期的な声かけと、産業医・人事への報告連携を行い、孤立させないことが重要です。,1か月で終了;プラン変更不要,「フォローアップ」は相談・連携・復職の重要語。定義→誰が何をするか→連携先の順で覚えると整理しやすい。,,,フォローアップとは何ですか？,フォローアップは、復職後一定期間、面談・業務負荷・体調確認を継続する支援です。,フォローアップは試験でどのように問われますか？,「フォローアップ」は定義確認に加え、数値・手順・誰が担うかがセットで問われます。関連する演習問題で正答肢のキーワードをメモし、用語記事と往復してください。,フォローアップを学習するときの注意点は？,単語だけでなく、ラインケア・安全配慮・専門職連携の流れの中で意味を確認してください。数値や義務の有無は法令改正で変わる場合があるため、受験前に公式情報も確認してください。,y2026/q75,演習2026・第75問（フォローアップ）
同意,同意,職場環境・配慮,職場環境・配慮,同意は、個人情報や健康情報を職場内で共有する際に、本人の理解と承諾を得ることです。,同意は、個人情報や健康情報を職場内で共有する際に、本人の理解と承諾を得ることです。インフォームドコンセントの考え方に基づき、診断名・治療内容は必要最小限の範囲で共有します。同意なく第三者へ開示することは原則として認められません。,プライバシー保護;個人情報;守秘義務,個人情報保護法,A,選択肢では根拠法令・対象範囲・責任の所在がずれる肢に注意し、用語の定義と照合してください。,g-9e9d4e6388553669,同意とは？意味・根拠・試験で押さえるポイント,同意は、職場環境・配慮分野で頻出の用語です。同意は、個人情報や健康情報を職場内で共有する際に、本人の理解と承諾を得ることです。本記事では意味、試験での出題の仕方、混同しやすい点を整理します。,同意は、個人情報や健康情報を職場内で共有する際に、本人の理解と承諾を得ることです。インフォームドコンセントの考え方に基づき、診断名・治療内容は必要最小限の範囲で共有します。同意なく第三者へ開示することは原則として認められません。,同意は、個人情報や健康情報を職場内で共有する際に、本人の理解と承諾を得ることです。;インフォームドコンセントの考え方に基づき、診断名・治療内容は必要最小限の範囲で共有します。;同意なく第三者へ開示することは原則として認められません。,「同意」の定義と類似語・制度の境界を確認;断定表現（のみ・必ず）に注意,「同意」は職場環境・配慮の重要語。定義→誰が何をするか→連携先の順で覚えると整理しやすい。,,,同意とは何ですか？,同意は、個人情報や健康情報を職場内で共有する際に、本人の理解と承諾を得ることです。,同意は試験でどのように問われますか？,「同意」は定義確認に加え、数値・手順・誰が担うかがセットで問われます。関連する演習問題で正答肢のキーワードをメモし、用語記事と往復してください。,同意を学習するときの注意点は？,単語だけでなく、ラインケア・安全配慮・専門職連携の流れの中で意味を確認してください。数値や義務の有無は法令改正で変わる場合があるため、受験前に公式情報も確認してください。,y2026/q76,演習2026・第76問（復職情報・プライバシー）
プライバシー保護,プライバシー保護,職場環境・配慮,職場環境・配慮,プライバシー保護は、健康情報・相談内容などを不当に開示せず、本人の尊厳を守ることです。,プライバシー保護は、健康情報・相談内容などを不当に開示せず、本人の尊厳を守ることです。ストレスチェック個人結果、診断書、ハラスメント相談記録は特に慎重に扱います。プライバシーマーク制度は任意の認定制度であり、個人情報保護法の遵守とは別に理解します。,同意;守秘義務;個人情報保護法,個人情報保護法,A,選択肢では根拠法令・対象範囲・責任の所在がずれる肢に注意し、用語の定義と照合してください。,g-0bdff9ef86d87107,プライバシー保護とは？意味・根拠・試験で押さえるポイント,プライバシー保護は、職場環境・配慮分野で頻出の用語です。プライバシー保護は、健康情報・相談内容などを不当に開示せず、本人の尊厳を守ることです。本記事では意味、試験での出題の仕方、混同しやすい点を整理します。,プライバシー保護は、健康情報・相談内容などを不当に開示せず、本人の尊厳を守ることです。ストレスチェック個人結果、診断書、ハラスメント相談記録は特に慎重に扱います。プライバシーマーク制度は任意の認定制度であり、個人情報保護法の遵守とは別に理解します。,プライバシー保護は、健康情報・相談内容などを不当に開示せず、本人の尊厳を守ることです。;ストレスチェック個人結果、診断書、ハラスメント相談記録は特に慎重に扱います。;プライバシーマーク制度は任意の認定制度であり、個人情報保護法の遵守とは別に理解します。,「プライバシー保護」の定義と類似語・制度の境界を確認;断定表現（のみ・必ず）に注意,「プライバシー保護」は職場環境・配慮の重要語。定義→誰が何をするか→連携先の順で覚えると整理しやすい。,,,プライバシー保護とは何ですか？,プライバシー保護は、健康情報・相談内容などを不当に開示せず、本人の尊厳を守ることです。,プライバシー保護は試験でどのように問われますか？,「プライバシー保護」は定義確認に加え、数値・手順・誰が担うかがセットで問われます。関連する演習問題で正答肢のキーワードをメモし、用語記事と往復してください。,プライバシー保護を学習するときの注意点は？,単語だけでなく、ラインケア・安全配慮・専門職連携の流れの中で意味を確認してください。数値や義務の有無は法令改正で変わる場合があるため、受験前に公式情報も確認してください。,y2026/q64,演習2026・第64問（健康情報）
精神障害者保健福祉手帳,精神障害者保健福祉手帳,基礎・役割,基礎・役割,精神障害者保健福祉手帳は、精神障害により日常生活に制限がある者に交付される公的証明です。,精神障害者保健福祉手帳は、精神障害により日常生活に制限がある者に交付される公的証明です。障害者雇用促進法の法定雇用率算定の対象となります。合理的配慮の不提供は差別にあたり得ます。身体障害者のみが対象という誤りに注意します。,障害者雇用促進法;合理的配慮の提供;障害者の範囲,障害者雇用促進法,A,誤り：①身体障害者のみ、②通院中は全員自動取得、③永続有効・更新不要、④雇用率に影響しない。精神障害者も障害者の範囲に含まれます。,g-5068268c1467d06b,精神障害者保健福祉手帳とは？意味・根拠・試験で押さえるポイント,精神障害者保健福祉手帳は、基礎・役割分野で頻出の用語です。精神障害者保健福祉手帳は、精神障害により日常生活に制限がある者に交付される公的証明です。本記事では意味、試験での出題の仕方、混同しやすい点を整理します。,精神障害者保健福祉手帳は、精神障害により日常生活に制限がある者に交付される公的証明（1〜3級）です。障害者雇用促進法の法定雇用率算定の対象となり、取得は任意で更新は2年ごとです。合理的配慮の不提供は差別にあたり得ます。,精神障害者保健福祉手帳は、精神障害により日常生活に制限がある者に交付される公的証明です。;障害者雇用促進法の法定雇用率算定の対象となります。;合理的配慮の不提供は差別にあたり得ます。;身体障害者のみが対象という誤りに注意します。,障害者＝身体障害のみとする;手帳があれば合理的配慮は任意と誤解;更新不要・全員対象とする,「精神障害者保健福祉手帳」は基礎・役割の重要語。定義→誰が何をするか→連携先の順で覚えると整理しやすい。,精神障害者保健福祉手帳を持つ労働者を雇用している場合、障害者雇用率にカウントできる。,○,精神障害者保健福祉手帳とは何ですか？,精神障害者保健福祉手帳は、精神障害により日常生活に制限がある者に交付される公的証明です。,精神障害者保健福祉手帳は試験でどのように問われますか？,障害者雇用率・合理的配慮・手帳の更新がセットで出題されます。,精神障害者保健福祉手帳を学習するときの注意点は？,単語だけでなく、ラインケア・安全配慮・専門職連携の流れの中で意味を確認してください。数値や義務の有無は法令改正で変わる場合があるため、受験前に公式情報も確認してください。,y2026/q16,演習2026・第16問（障害者雇用）
EAP,EAP,相談・連携・復職,相談・連携・復職,EAP（従業員支援プログラム）は、メンタルヘルス・依存・家族問題などを相談できる職場の支援制度です。,EAP（従業員支援プログラム）は、メンタルヘルス・依存・家族問題などを相談できる職場の支援制度です。事業場内で提供する場合と外部機関が提供する外部EAPがあります。社内の産業保健スタッフを代替するものではなく、補完的に機能します。,従業員支援プログラム;事業場外資源によるケア;産業医,,A,誤り：①経営者・管理職のみ対象、②内部＝外部機関、③予防に使えない、④EAP利用で産業保健への相談不要。正答は補完関係と匿名性の利点です。,eap,EAPとは？意味・根拠・試験で押さえるポイント,EAPは、相談・連携・復職分野で頻出の用語です。EAP（従業員支援プログラム）は、メンタルヘルス・依存・家族問題などを相談できる職場の支援制度です。本記事では意味、試験での出題の仕方、混同しやすい点を整理します。,EAP（従業員支援プログラム）は、メンタルヘルス・依存・家族問題などを相談できる職場の支援制度です。内部EAP（社内提供）と外部EAP（外部機関・匿名性が高い）があり、4つのケアの事業場外資源の具体例です。産業保健スタッフを代替するものではありません。,EAP（従業員支援プログラム）は、メンタルヘルス・依存・家族問題などを相談できる職場の支援制度です。;事業場内で提供する場合と外部機関が提供する外部EAPがあります。;社内の産業保健スタッフを代替するものではなく、補完的に機能します。,内部EAPと外部EAPの定義を逆にする;EAPが産業保健を代替するとする;事業場内のみで提供されると限定,「EAP」は相談・連携・復職の重要語。定義→誰が何をするか→連携先の順で覚えると整理しやすい。,外部EAPの利用は、事業場内の産業保健スタッフへの相談が不要になることを意味する。,×（補完的に機能し、産業保健との連携は引き続き重要）,EAPとは何ですか？,EAP（従業員支援プログラム）は、メンタルヘルス・依存・家族問題などを相談できる職場の支援制度です。,EAPは試験でどのように問われますか？,社内外資源・EAP・産業保健の役割分担が一問にまとまることが多いです。,EAPを学習するときの注意点は？,単語だけでなく、ラインケア・安全配慮・専門職連携の流れの中で意味を確認してください。数値や義務の有無は法令改正で変わる場合があるため、受験前に公式情報も確認してください。,y2026/q72,演習2026・第72問（EAP）
従業員支援プログラム,従業員支援プログラム,相談・連携・復職,相談・連携・復職,従業員支援プログラム（EAP）は、労働者とその家族の心身の健康・福祉を支援する組織的プログラムです。,従業員支援プログラム（EAP）は、労働者とその家族の心身の健康・福祉を支援する組織的プログラムです。カウンセリング、情報提供、クリティカルインシデント対応などを含みます。4つのケアの事業場外資源の具体例として押さえます。,EAP;事業場外資源によるケア;カウンセリング,,A,選択肢では根拠法令・対象範囲・責任の所在がずれる肢に注意し、用語の定義と照合してください。,g-98dee1cc317ada2c,従業員支援プログラムとは？意味・根拠・試験で押さえるポイント,従業員支援プログラムは、相談・連携・復職分野で頻出の用語です。従業員支援プログラム（EAP）は、労働者とその家族の心身の健康・福祉を支援する組織的プログラムです。本記事では意味、試験での出題の仕方、混同しやすい点を整理します。,従業員支援プログラム（EAP）は、労働者とその家族の心身の健康・福祉を支援する組織的プログラムです。カウンセリング、情報提供、クリティカルインシデント対応などを含みます。4つのケアの事業場外資源の具体例として押さえます。,従業員支援プログラム（EAP）は、労働者とその家族の心身の健康・福祉を支援する組織的プログラムです。;カウンセリング、情報提供、クリティカルインシデント対応などを含みます。;4つのケアの事業場外資源の具体例として押さえます。,EAPと別物;事業場外資源に含まれない,「従業員支援プログラム」は相談・連携・復職の重要語。定義→誰が何をするか→連携先の順で覚えると整理しやすい。,,,従業員支援プログラムとは何ですか？,従業員支援プログラム（EAP）は、労働者とその家族の心身の健康・福祉を支援する組織的プログラムです。,従業員支援プログラムは試験でどのように問われますか？,「従業員支援プログラム」は定義確認に加え、数値・手順・誰が担うかがセットで問われます。関連する演習問題で正答肢のキーワードをメモし、用語記事と往復してください。,従業員支援プログラムを学習するときの注意点は？,単語だけでなく、ラインケア・安全配慮・専門職連携の流れの中で意味を確認してください。数値や義務の有無は法令改正で変わる場合があるため、受験前に公式情報も確認してください。,y2026/q72,演習2026・第72問（従業員支援プログラム）
自殺念慮,自殺念慮,相談・連携・復職,相談・連携・復職,自殺念慮は、自殺について考える状態で、職場で「死にたい」などの発言があった場合に危機対応が必要です。,自殺念慮は、自殺について考える状態で、職場で「死にたい」などの発言があった場合に危機対応が必要です。管理監督者は一人で抱え込まず、産業医・保健師・いのちの電話・医療機関・緊急時は119などへつなぎます。危機介入の基本を理解し、評価・傾聴・安全確保・専門機関への連携を行います。,危機介入;いのちの電話;産業医,,A,誤り：①冗談だからたしなめる、②本気か確認は避ける、③本人の希望まで専門家紹介を待つ。正答は「一人にしない・専門家につなぐ」です。,g-036214f766dcafa2,自殺念慮とは？意味・根拠・試験で押さえるポイント,自殺念慮は、相談・連携・復職分野で頻出の用語です。自殺念慮は、自殺について考える状態で、職場で「死にたい」などの発言があった場合に危機対応が必要です。本記事では意味、試験での出題の仕方、混同しやすい点を整理します。,自殺念慮は自殺について考える状態で、職場で「死にたい」等の発言は必ず深刻に受け止めます。管理監督者は一人にせず、産業医・保健師・いのちの電話・医療機関・緊急時は119等へつなぎます。,自殺念慮は、自殺について考える状態で、職場で「死にたい」などの発言があった場合に危機対応が必要です。;管理監督者は一人で抱え込まず、産業医・保健師・いのちの電話・医療機関・緊急時は119などへつなぎます。;危機介入の基本を理解し、評価・傾聴・安全確保・専門機関への連携を行います。,発言を軽く扱い気分転換を促す;本人の希望を待ってから専門家へ;管理監督者だけで抱え込む,「自殺念慮」は相談・連携・復職の重要語。定義→誰が何をするか→連携先の順で覚えると整理しやすい。,部下から「死にたい」と言われたとき、まず本人の気が済むまで話を聞き、専門家への紹介は本人が希望してから行う。,×（深刻に受け止め、一人にせず速やかに専門家につなぐ）,自殺念慮とは何ですか？,自殺念慮は、自殺について考える状態で、職場で「死にたい」などの発言があった場合に危機対応が必要です。,自殺念慮は試験でどのように問われますか？,危機対応の「最も適切な対応」を選ぶ問題が頻出です。禁止事項を先に覚えてください。,自殺念慮を学習するときの注意点は？,単語だけでなく、ラインケア・安全配慮・専門職連携の流れの中で意味を確認してください。数値や義務の有無は法令改正で変わる場合があるため、受験前に公式情報も確認してください。,y2026/q05,演習2026・第5問（危機対応）
危機介入,危機介入,相談・連携・復職,相談・連携・復職,危機介入は、自殺念慮や急性の心理危機に対し、安全確保と専門支援への迅速な連携を行う対応です。,危機介入は、自殺念慮や急性の心理危機に対し、安全確保と専門支援への迅速な連携を行う対応です。管理監督者は治療ではなく、傾聴・孤立させない・緊急連絡先の確保が中心です。事後のフォローアップと職場環境の見直しも重要です。,自殺念慮;いのちの電話;産業医,,A,選択肢では根拠法令・対象範囲・責任の所在がずれる肢に注意し、用語の定義と照合してください。,g-5bc8d50e345faf71,危機介入とは？意味・根拠・試験で押さえるポイント,危機介入は、相談・連携・復職分野で頻出の用語です。危機介入は、自殺念慮や急性の心理危機に対し、安全確保と専門支援への迅速な連携を行う対応です。本記事では意味、試験での出題の仕方、混同しやすい点を整理します。,危機介入は、自殺念慮や急性の心理危機に対し、安全確保と専門支援への迅速な連携を行う対応です。管理監督者は治療ではなく、傾聴・孤立させない・緊急連絡先の確保が中心です。事後のフォローアップと職場環境の見直しも重要です。,危機介入は、自殺念慮や急性の心理危機に対し、安全確保と専門支援への迅速な連携を行う対応です。;管理監督者は治療ではなく、傾聴・孤立させない・緊急連絡先の確保が中心です。;事後のフォローアップと職場環境の見直しも重要です。,管理監督者が治療する;一人で抱え込む,「危機介入」は相談・連携・復職の重要語。定義→誰が何をするか→連携先の順で覚えると整理しやすい。,,,危機介入とは何ですか？,危機介入は、自殺念慮や急性の心理危機に対し、安全確保と専門支援への迅速な連携を行う対応です。,危機介入は試験でどのように問われますか？,「危機介入」は定義確認に加え、数値・手順・誰が担うかがセットで問われます。関連する演習問題で正答肢のキーワードをメモし、用語記事と往復してください。,危機介入を学習するときの注意点は？,単語だけでなく、ラインケア・安全配慮・専門職連携の流れの中で意味を確認してください。数値や義務の有無は法令改正で変わる場合があるため、受験前に公式情報も確認してください。,y2026/q271,演習2026・第271問（危機介入）
職場いじめ,職場いじめ,職場環境・配慮,職場環境・配慮,職場いじめは、優越的な関係性を背景に、業務上必要な範囲を超えた言動で就業環境を害する行為です。,職場いじめは、優越的な関係性を背景に、業務上必要な範囲を超えた言動で就業環境を害する行為です。パワーハラスメントと重なる部分があり、労働施策総合推進法上のハラスメント防止措置の対象です。孤立・排斥・無視なども含まれ、メンタルヘルス不調の重大な要因となります。,パワーハラスメント;ハラスメント防止;職場環境の改善,労働施策総合推進法,A,選択肢では根拠法令・対象範囲・責任の所在がずれる肢に注意し、用語の定義と照合してください。,g-def1542a82327781,職場いじめとは？意味・根拠・試験で押さえるポイント,職場いじめは、職場環境・配慮分野で頻出の用語です。職場いじめは、優越的な関係性を背景に、業務上必要な範囲を超えた言動で就業環境を害する行為です。本記事では意味、試験での出題の仕方、混同しやすい点を整理します。,職場いじめは、優越的な関係性を背景に、業務上必要な範囲を超えた言動で就業環境を害する行為です。パワーハラスメントと重なる部分があり、労働施策総合推進法上のハラスメント防止措置の対象です。孤立・排斥・無視なども含まれ、メンタルヘルス不調の重大な要因となります。,職場いじめは、優越的な関係性を背景に、業務上必要な範囲を超えた言動で就業環境を害する行為です。;パワーハラスメントと重なる部分があり、労働施策総合推進法上のハラスメント防止措置の対象です。;孤立・排斥・無視なども含まれ、メンタルヘルス不調の重大な要因となります。,パワハラと無関係;個人の問題のみ,「職場いじめ」は職場環境・配慮の重要語。定義→誰が何をするか→連携先の順で覚えると整理しやすい。,,,職場いじめとは何ですか？,職場いじめは、優越的な関係性を背景に、業務上必要な範囲を超えた言動で就業環境を害する行為です。,職場いじめは試験でどのように問われますか？,「職場いじめ」は定義確認に加え、数値・手順・誰が担うかがセットで問われます。関連する演習問題で正答肢のキーワードをメモし、用語記事と往復してください。,職場いじめを学習するときの注意点は？,単語だけでなく、ラインケア・安全配慮・専門職連携の流れの中で意味を確認してください。数値や義務の有無は法令改正で変わる場合があるため、受験前に公式情報も確認してください。,y2026/q09,演習2026・第9問（職場いじめ・パワハラ）
多職種連携,多職種連携,相談・連携・復職,相談・連携・復職,多職種連携は、管理監督者・産業医・保健師・人事・主治医・支援機関が情報共有し支援する協働です。,多職種連携は、管理監督者・産業医・保健師・人事・主治医・支援機関が情報共有し支援する協働です。職場復帰では主治医・産業医・人事労務・管理監督者の連携が試験頻出です。同意とプライバシーに基づく必要最小限の共有が前提です。,産業医;主治医による職場復帰可能の判断;人事労務,,A,選択肢では根拠法令・対象範囲・責任の所在がずれる肢に注意し、用語の定義と照合してください。,g-69ce7934524aeaf8,多職種連携とは？意味・根拠・試験で押さえるポイント,多職種連携は、相談・連携・復職分野で頻出の用語です。多職種連携は、管理監督者・産業医・保健師・人事・主治医・支援機関が情報共有し支援する協働です。本記事では意味、試験での出題の仕方、混同しやすい点を整理します。,多職種連携は、管理監督者・産業医・保健師・人事・主治医・支援機関が情報共有し支援する協働です。職場復帰では主治医・産業医・人事労務・管理監督者の連携が試験頻出です。同意とプライバシーに基づく必要最小限の共有が前提です。,多職種連携は、管理監督者・産業医・保健師・人事・主治医・支援機関が情報共有し支援する協働です。;職場復帰では主治医・産業医・人事労務・管理監督者の連携が試験頻出です。;同意とプライバシーに基づく必要最小限の共有が前提です。,同意なく情報共有;主治医の意見が常に優先,「多職種連携」は相談・連携・復職の重要語。定義→誰が何をするか→連携先の順で覚えると整理しやすい。,,,多職種連携とは何ですか？,多職種連携は、管理監督者・産業医・保健師・人事・主治医・支援機関が情報共有し支援する協働です。,多職種連携は試験でどのように問われますか？,「多職種連携」は定義確認に加え、数値・手順・誰が担うかがセットで問われます。関連する演習問題で正答肢のキーワードをメモし、用語記事と往復してください。,多職種連携を学習するときの注意点は？,単語だけでなく、ラインケア・安全配慮・専門職連携の流れの中で意味を確認してください。数値や義務の有無は法令改正で変わる場合があるため、受験前に公式情報も確認してください。,y2026/q37,演習2026・第37問（多職種連携）
職場資源,職場資源,職場環境・配慮,職場環境・配慮,職場資源は、JD-Rモデルで、ストレスを緩和しエンゲイジメントを高める職場側の要因です。,職場資源は、JD-Rモデルで、ストレスを緩和しエンゲイジメントを高める職場側の要因です。社会的サポート、自律性、成長機会、フィードバック、目標の明確さなどが例です。職場要求の低減とあわせ、職場環境改善の設計に使います。,JD-Rモデル;ワーク・エンゲイジメント;上司や同僚の支援,,A,選択肢では根拠法令・対象範囲・責任の所在がずれる肢に注意し、用語の定義と照合してください。,g-15c92b183aa5b314,職場資源とは？意味・根拠・試験で押さえるポイント,職場資源は、職場環境・配慮分野で頻出の用語です。職場資源は、JD-Rモデルで、ストレスを緩和しエンゲイジメントを高める職場側の要因です。本記事では意味、試験での出題の仕方、混同しやすい点を整理します。,職場資源は、JD-Rモデルで、ストレスを緩和しエンゲイジメントを高める職場側の要因です。社会的サポート、自律性、成長機会、フィードバック、目標の明確さなどが例です。職場要求の低減とあわせ、職場環境改善の設計に使います。,職場資源は、JD-Rモデルで、ストレスを緩和しエンゲイジメントを高める職場側の要因です。;社会的サポート、自律性、成長機会、フィードバック、目標の明確さなどが例です。;職場要求の低減とあわせ、職場環境改善の設計に使います。,残業増・監視強化が資源;要求と資源を逆にする,「職場資源」は職場環境・配慮の重要語。定義→誰が何をするか→連携先の順で覚えると整理しやすい。,,,職場資源とは何ですか？,職場資源は、JD-Rモデルで、ストレスを緩和しエンゲイジメントを高める職場側の要因です。,職場資源は試験でどのように問われますか？,「職場資源」は定義確認に加え、数値・手順・誰が担うかがセットで問われます。関連する演習問題で正答肢のキーワードをメモし、用語記事と往復してください。,職場資源を学習するときの注意点は？,単語だけでなく、ラインケア・安全配慮・専門職連携の流れの中で意味を確認してください。数値や義務の有無は法令改正で変わる場合があるため、受験前に公式情報も確認してください。,y2026/q251,演習2026・第251問（職場資源）
職場要求,職場要求,職場環境・配慮,職場環境・配慮,職場要求は、JD-Rモデルで、業務量・時間的プレッシャー・感情的要求など労働者に課される負担です。,職場要求は、JD-Rモデルで、業務量・時間的プレッシャー・感情的要求など労働者に課される負担です。要求が高く資源が不足すると倦怠・ストレス反応が高まります。仕事の要求度・コントロール・支援の3尺度とも関連して整理します。,JD-Rモデル;仕事の要求度;過重労働,,A,選択肢では根拠法令・対象範囲・責任の所在がずれる肢に注意し、用語の定義と照合してください。,g-836c75b1c1ac6618,職場要求とは？意味・根拠・試験で押さえるポイント,職場要求は、職場環境・配慮分野で頻出の用語です。職場要求は、JD-Rモデルで、業務量・時間的プレッシャー・感情的要求など労働者に課される負担です。本記事では意味、試験での出題の仕方、混同しやすい点を整理します。,職場要求は、JD-Rモデルで、業務量・時間的プレッシャー・感情的要求など労働者に課される負担です。要求が高く資源が不足すると倦怠・ストレス反応が高まります。仕事の要求度・コントロール・支援の3尺度とも関連して整理します。,職場要求は、JD-Rモデルで、業務量・時間的プレッシャー・感情的要求など労働者に課される負担です。;要求が高く資源が不足すると倦怠・ストレス反応が高まります。;仕事の要求度・コントロール・支援の3尺度とも関連して整理します。,要求を下げるだけが対策;JD-Rと無関係,「職場要求」は職場環境・配慮の重要語。定義→誰が何をするか→連携先の順で覚えると整理しやすい。,,,職場要求とは何ですか？,職場要求は、JD-Rモデルで、業務量・時間的プレッシャー・感情的要求など労働者に課される負担です。,職場要求は試験でどのように問われますか？,「職場要求」は定義確認に加え、数値・手順・誰が担うかがセットで問われます。関連する演習問題で正答肢のキーワードをメモし、用語記事と往復してください。,職場要求を学習するときの注意点は？,単語だけでなく、ラインケア・安全配慮・専門職連携の流れの中で意味を確認してください。数値や義務の有無は法令改正で変わる場合があるため、受験前に公式情報も確認してください。,y2026/q251,演習2026・第251問（職場要求・JD-R）
