slug,genre,title,meta_description,lead,priority,tags,author_name,author_profile,reviewer_name,reviewer_profile,fact_checked_at,primary_sources,original_note,user_intent,action_items,update_policy,last_reviewed_at,next_review_at,source_checked_at,content_status,revision_note,section_1_heading,section_1_body,section_2_heading,section_2_body,section_3_heading,section_3_body,section_4_heading,section_4_body,section_5_heading,section_5_body,section_6_heading,section_6_body,section_7_heading,section_7_body,faq_1_question,faq_1_answer,faq_2_question,faq_2_answer,faq_3_question,faq_3_answer,faq_4_answer,faq_4_question,related_links,key_points
return-to-work,分野別対策,メンタルヘルスマネジメント検定II種の職場復帰支援5ステップ｜順序と各主体,メンタルヘルス・マネジメント検定II種（ラインケア）の職場復帰支援5ステップを順序と主体で整理。①病気休業②主治医の復帰判断③支援プラン④復帰決定⑤復職後フォローを四択対策とともに解説します。,メンタルヘルス・マネジメント検定II種（ラインケア）の職場復帰支援は、休業から復職までを①病気休業・療養②主治医による復帰可能判断③支援プラン作成④職場復帰決定⑤復職後フォローアップの5ステップで整理する論点です。試験ではこの順序と各段階の担当主体、そして段階的復帰や本人同意に基づく個別配慮が問われやすいところ。本記事ではステップごとの流れと「誰が何を決めるのか」の線引きを表で確認します。最新の出題範囲は大阪商工会議所の公式要項で確かめてください。,70,復職支援;職場復帰;5ステップ,メンタルヘルス二種マスター編集部,メンタルヘルス・マネジメント検定II種向けの学習コンテンツを整理する編集チーム,公式情報確認担当,公開前に大阪商工会議所の公式ページ・受験要項と照合,2026-06-13,試験のご紹介（公式）|https://www.mental-health.ne.jp/about/,手書きリライト 2026-06-06。自動prose差し替え 2026-06-04（要手書き）。5ステップの番号と内容は公式手引き・テキスト表記を優先。,本記事を読むと、職場復帰5ステップが分かり、たとえば「9/6 5ステップ表→演習10問5問中2問→9/13 段階的復帰10問→70％」まで今日から再現でき、相談·連携基礎記事との使い分けも表で把握できます。,5ステップの番号·内容·主体表を1枚に整理する;演習10問·復職分野を解きステップ順序の誤答を記録する;段階的復帰·一気復帰の誤答10問を7日後に解き直す;field-limit-basics記事で領域⑤⑥⑦基礎を確認する;depression-workplace記事でうつ病個別論点を確認する,試験要項や公式ページが更新されたタイミングで本文と参照元を見直します。,2026-06-13,2026-06-29,2026-06-13,published,2026-06-12: 編集合格（手書きリライト·具体例·v2）,職場復帰5ステップ：正本一覧表,"職場復帰支援の5ステップは、番号と内容の入れ替えが頻出のため、順序と主体をセットで覚えます。本記事が5ステップの正本です。

厚生労働省「心の健康問題により休業した労働者の職場復帰支援の手引き」では、①病気休業の開始及び休業中のケア、②主治医による職場復帰可能の判断、③職場復帰の可否の判断及び職場復帰支援プランの作成、④最終的な職場復帰の決定、⑤職場復帰後のフォローアップ、という流れが示されています。試験ではこの順序を入れ替えた選択肢や、各段階の主体を取り違えた選択肢が誤答として問われます。

| ステップ | 内容 | 主体 |
| --- | --- | --- |
| 1 | 病気休業·療養 | 本人·医師 |
| 2 | 復帰可能判断 | 主治医 |
| 3 | 支援プラン作成 | 産業医等 |
| 4 | 職場復帰決定 | 本人·会社 |
| 5 | 復職後フォローアップ | 管理監督者 |",各ステップの主体と管理監督者の役割,"復帰可否は主治医·産業医の医学的判断が基礎で、管理監督者は職場環境の段階的調整を担います。管理監督者が復帰可否を決める肢は誤答です。

職場復帰の可否や復帰後の就業上の措置の医学的な判断は主治医・産業医が担い、管理監督者はその判断を前提に、業務量の調整や勤務時間の段階的な引き上げといった職場環境の調整を行います。管理監督者が独自に「復帰可能」「復帰不可」を決定したり、医学的な治療方針に踏み込んだりする選択肢は誤答です。主体と役割の対応を表で確認してください。

| ステップ | 管理監督者の役割 | 誤答 |
| --- | --- | --- |
| 1 | 休業期間の配慮 | 治療方針決定 |
| 2 | —（医師判断） | 復帰可能判断 |
| 3 | 職場環境情報提供 | 医学的診断 |
| 4 | 段階的復帰調整 | 一気復帰指示 |
| 5 | フォローアップ | 支援終了 |",段階的復帰：勤務時間調整の正解パターン,"復職は短時間勤務から段階的にフルタイムへ移行するのが正解です。一気にフルタイム復帰を指示する肢は誤答です。

段階的な職場復帰では短時間勤務や軽作業から始めます。その後は本人の状態や主治医・産業医の意見を確認しながら、勤務時間や業務量を少しずつ通常の水準へ戻します。復帰初日からフルタイム・通常業務を一律に指示する選択肢は誤答です。本人の状態を確認せず期間だけで機械的に負荷を上げる対応も誤りで、目安期間はあくまで一例として個別に調整します。

| 段階 | 勤務 | 期間目安 |
| --- | --- | --- |
| 1 | 短時間·軽作業 | 1〜2週 |
| 2 | 勤務時間延長 | 2〜4週 |
| 3 | 業務量段階増 | 4週〜 |
| 4 | フルタイム | 本人·医師判断 |",ステップ5：復職後フォローアップ,"ステップ5のフォローアップは管理監督者の中核役割です。復帰直後の業務負荷·人間関係の調整を継続します。

復帰後のフォローアップでは、管理監督者が定期的な面談で業務負荷や体調、人間関係を確認し、必要に応じて産業医・保健師など専門職と連携して再発の兆候を早期に把握します。復帰したら支援は終了と考える選択肢や、フォローを本人任せにする選択肢は誤答です。再発予防の観点から、一定期間は継続的に状況を確認します。

| フォロー項目 | 内容 | 頻度 |
| --- | --- | --- |
| 面談 | 業務負荷確認 | 週1回 |
| 環境調整 | 作業·時間配分 | 随時 |
| 専門職連携 | 産業医·医師 | 必要時 |
| 再発予防 | ストレス要因 | 継続 |",field-limit-basics記事との2列比較表,"復帰5ステップ正本と領域⑤⑥⑦基礎は2記事で分担します。本記事は5ステップ·段階的復帰·主体の正本、field-limit-basics記事は領域⑤⑥⑦·相談·連携·復職支援の基礎論点に特化します。

職場復帰は領域⑤⑥⑦（相談・連携・復職支援）の一部です。まず本記事で5ステップの順序と主体という「復職の骨格」を固め、次にfield-limit-basics記事で相談対応・専門職連携・復職支援を含む領域全体の基礎を確認すると、個別論点と全体像がつながって定着しやすくなります。2記事は重複せず役割を分担しています。

| 論点 | 職場復帰（本記事） | 相談·連携基礎記事 |
| --- | --- | --- |
| 焦点 | 5ステップ·段階的復帰 | 領域⑤⑥⑦基礎 |
| 時期 | 復職フロー深掘り | 第5〜7章1周目 |
| 成果物 | 5ステップ正本表 | ⑤⑥⑦論点表 |
| 出口 | consultation-referralへ | 本記事へ | 2記事を混同すると基礎論点は分かっても5ステップの順序が曖昧になります。",,,,,職場復帰5ステップの順序を覚えるコツは？,①病気休業開始及び休業中のケア→②主治医による職場復帰可能の判断→③職場復帰の可否判断と復帰支援プランの作成→④最終的な職場復帰の決定→⑤職場復帰後のフォローアップ、という順序です。番号と主体をセットにして、誰が何を担うかを表で確認しながら覚えると定着します。,復帰可否は誰が判断しますか？,職場復帰の可否は、主治医・産業医による医学的判断が基礎になります。管理監督者はその判断を前提に、業務量の調整や勤務時間の段階的な引き上げなど、職場環境の調整を担います。管理監督者が独自に復帰の可否を決定する選択肢は誤答です。,本記事と相談·連携基礎記事の違いは？,本記事は職場復帰支援の5ステップ・段階的復帰・各段階の主体という復職の骨格を扱います。field-limit-basics記事は、相談対応・専門職連携・復職支援を含む領域⑤⑥⑦全体の基礎を扱うため、まず領域の基礎を押さえてから本記事で復職の手順を深掘りすると理解がつながります。,,,field-limit-basics:相談·連携基礎;consultation-referral:相談·紹介;pass-score:合格点,5ステップ;職場復帰;段階的復帰;主体;フォローアップ
sexual-harassment,用語ハブ活用法,メンタルヘルス・マネジメント検定II種のセクシュアルハラスメント（セクハラ）,メンタルヘルスII種のセクハラ公式情報。性的言動·防止措置·管理監督者対応を表に整理。メンタルヘルス・マネジメント検定II種のパワーハラスメント（パワハラ）・メンタルヘルス・マネジメント検定II種連携·領域③も解説。,メンタルヘルス・マネジメント検定II種（ラインケア）のセクシュアルハラスメント（セクハラ）は、50問·7領域の領域③職場環境で性的な言動·優越的関係·防止措置·管理監督者の初動対応が問われる論点の公式情報です。パワハラ防止措置はメンタルヘルス・マネジメント検定II種のパワーハラスメント（パワハラ）の記事、相談窓口·迅速調査体制はメンタルヘルス・マネジメント検定II種と役割分担します。公式情報は大阪商工会議所（https://www.mental-health.ne.jp/about/）の試験のご紹介です。,62,セクハラ;ハラスメント;職場環境,メンタルヘルス二種マスター編集部,メンタルヘルス・マネジメント検定II種向けの学習コンテンツを整理する編集チーム,公式情報確認担当,公開前に大阪商工会議所の公式ページ・受験要項と照合,2026-06-06,試験のご紹介（公式）|https://www.mental-health.ne.jp/about/,手書きリライト 2026-06-06。自動prose差し替え 2026-06-04（要手書き）。セクシュアルハラスメント（セクハラ）とは？防止と職場での対応。;retire_redirect:glossary-how-to,本記事を読むと、たとえば演習10問·セクハラ5問中2問正解の場合に、性的言動の定義·防止措置·管理監督者対応表とメンタルヘルス・マネジメント検定II種のパワーハラスメント（パワハラ）・メンタルヘルス・マネジメント検定II種との使い分けが分かり、領域③で得点できます。,セクハラ定義·性的言動·防止措置4項目表を1枚にまとめる;演習10問·セクハラ·ハラスメント関連を解き誤答理由を記録する;メンタルヘルス・マネジメント検定II種の記事で相談窓口·迅速調査要件表を確認する;メンタルヘルス・マネジメント検定II種のパワーハラスメント（パワハラ）の記事でパワハラとの線引き表を整理する;「管理監督者が一人で調査完結」誤答5問を7日後に解き直す,試験要項や公式ページが更新されたタイミングで本文と参照元を見直します。,2026-06-06,2026-06-29,2026-06-06,archived,2026-06-12: archived（guide retire p2·glossary-how-toへ統合）,セクハラの全体像（性的言動·領域③·50問·7領域）,ハラスメント相談窓口は、相談者が安心して利用でき、秘密保持と迅速な対応が担保された体制として整備します。管理監督者は相談を受けた場合の初動（傾聴、記録、担当者への連携）を理解しておく必要があります。 試験では「相談を無視する」「加害者と相談者を同席で詳細を聞く」など、不適切な初動が誤答肢になりやすいです。関連法令・指針の章も合わせて確認してください。「セクハラの全体像（性的言動·領域③·50問·7領域）」では。セクシュアルハラスメント（セクハラ）について公式テキストの該当章を開き、条文の主体・期限・数値を演習問題とセットで押さえて定着を確認します。数値・日程は試験のご紹介（公式）の最新要項で必ず照合してください。用語一覧は /terms/ から分野別に開き、比較表で関連論点を整理してください。,セクハラ防止措置4項目表（方針·相談窓口·迅速調査·再発防止）,ハラスメント相談窓口は、相談者が安心して利用でき、秘密保持と迅速な対応が担保された体制として整備します。管理監督者は相談を受けた場合の初動（傾聴、記録、担当者への連携）を理解しておく必要があります。 試験では「相談を無視する」「加害者と相談者を同席で詳細を聞く」など、不適切な初動が誤答肢になりやすいです。関連法令・指針の章も合わせて確認してください。「セクハラ防止措置4項目表（方針·相談窓口·迅速調査·再発防止）」では。セクシュアルハラスメント（セクハラ）について公式テキストの該当章を開き、条文の主体・期限・数値を演習問題とセットで押さえて定着を確認します。数値・日程は試験のご紹介（公式）の最新要項で必ず照合してください。用語一覧は /terms/ から分野別に開き、比較表で関連論点を整理してください。,管理監督者の初動対応表（相談受付·傾聴·記録·紹介）,管理監督者は、セクシュアルハラスメント（セクハラ）の場面で「早期発見・傾聴・安全配慮・記録・専門職連携・職場環境改善」のバランスを取る主体として問われます。医学的診断や治療判断は医師の領域であり、管理監督者単独では行いません。 演習では「何をすべきか／すべきでないか」の二択に見える問題でも、プライバシー保護と業務上必要な情報共有の線引きがポイントになることが多いです。用語一覧は /terms/ から分野別に開き、比較表で関連論点を整理してください。,セクハラの頻出誤答表（パワハラ混同·主体·情報開示）,ハラスメント相談窓口は、相談者が安心して利用でき、秘密保持と迅速な対応が担保された体制として整備します。管理監督者は相談を受けた場合の初動（傾聴、記録、担当者への連携）を理解しておく必要があります。 試験では「相談を無視する」「加害者と相談者を同席で詳細を聞く」など、不適切な初動が誤答肢になりやすいです。関連法令・指針の章も合わせて確認してください。「セクハラの頻出誤答表（パワハラ混同·主体·情報開示）」では。セクシュアルハラスメント（セクハラ）について公式テキストの該当章を開き、条文の主体・期限・数値を演習問題とセットで押さえて定着を確認します。数値・日程は試験のご紹介（公式）の最新要項で必ず照合してください。用語一覧は /terms/ から分野別に開き、比較表で関連論点を整理してください。,関連ガイドとの使い分け,数値・日程・合格基準は年度で更新されるため、学習前と申込前には試験のご紹介（公式）の最新案内を確認してください。演習でセクシュアルハラスメント（セクハラ）に関する設問を解いたら。正解理由と誤答肢の違いを短くメモし、用語解説・比較表・よくある誤答タブで似た論点を比較表で整理すると定着しやすくなります。 関連記事は役割が重ならないよう、概要→形式→学習計画の順で読むと迷いにくくなります。数値・日程・合格基準は年度で更新されるため、学習前と申込前には大阪商工会議所の最新案内を確認してください。,,,,,セクハラの試験で押さえる定義は？,「セクハラの試験で押さえる定義は」はメンタルヘルス・マネジメント検定II種の公式テキスト該当章と試験のご紹介（公式）で確認するのが確実です。セクシュアルハラスメント（セクハラ）では、条文の要件（誰が・いつ・何を）を演習問題とセットで押さえてください。,本記事とメンタルヘルス・マネジメント検定II種のパワーハラスメント（パワハラ）はどう使い分けますか？,「本記事とメンタルヘルス・マネジメント検定II種のパワーハラスメント（パワハラ）はどう使い分けますか」はメンタルヘルス・マネジメント検定II種の公式テキスト該当章と試験のご紹介（公式）で確認するのが確実です。セクシュアルハラスメント（セクハラ）では、条文の要件（誰が・いつ・何を）を演習問題とセットで押さえてください。,セクハラ防止措置で相談窓口に必要な要件は？,読了後は、セクシュアルハラスメント（セクハラ）の関連する演習を5問以上解き、間違えた選択肢を用語解説で確認してから関連ガイドへ進んでください。1週間後の解き直し日をカレンダーに入れると定着しやすくなります。,,,power-harassment:パワハラ;harassment-consultation:ハラスメント相談;workplace-bullying:職場いじめ;pass-score:合格点,セクハラ;性的言動;防止措置;管理監督者;領域③
reasonable-accommodation,用語ハブ活用法,メンタルヘルス・マネジメント検定II種の合理的配慮,メンタルヘルスII種の合理的配慮公式情報。個別配慮·障害者雇用法を表に整理。メンタルヘルス・マネジメント検定II種のうつ病と職場・メンタルヘルス・マネジメント検定II種の職場プライバシーと情報共有連携·領域④も解説。,メンタルヘルス・マネジメント検定II種（ラインケア）の合理的配慮は、50問·7領域の領域④個別配慮で障害者雇用の考え方に基づく個別の職場配慮·本人の状況に応じた調整·必要最小限の情報取扱いが問われる論点の公式情報です。うつ病の休業·復職はメンタルヘルス・マネジメント検定II種のうつ病と職場の記事、病名·プライバシーはメンタルヘルス・マネジメント検定II種の職場プライバシーと情報共有と役割分担します。公式情報は大阪商工会議所（https://www.mental-health.ne.jp/about/）の試験のご紹介です。,61,合理的配慮;障害者雇用;職場配慮,メンタルヘルス二種マスター編集部,メンタルヘルス・マネジメント検定II種向けの学習コンテンツを整理する編集チーム,公式情報確認担当,公開前に大阪商工会議所の公式ページ・受験要項と照合,2026-06-06,試験のご紹介（公式）|https://www.mental-health.ne.jp/about/,手書きリライト 2026-06-06。自動prose差し替え 2026-06-04（要手書き）。合理的配慮とは？障害者雇用とメンタルヘルス職場配慮の考え方。;retire_redirect:glossary-how-to,本記事を読むと、たとえば演習10問·個別配慮5問中2問正解の場合に、合理的配慮の定義·個別配慮表とメンタルヘルス・マネジメント検定II種のうつ病と職場・メンタルヘルス・マネジメント検定II種の職場プライバシーと情報共有との使い分けが分かり、領域④で得点できます。,合理的配慮·個別配慮の定義·試験論点表を1枚にまとめる;演習10問·個別配慮設問を解き一律対応の誤答理由を記録する;メンタルヘルス・マネジメント検定II種のうつ病と職場の記事でうつ病·休業配慮表を確認する;メンタルヘルス・マネジメント検定II種の職場プライバシーと情報共有の記事で必要最小限·本人同意表を確認する;7日後に同分野10問を解き直し正答率70％以上を目指す,試験要項や公式ページが更新されたタイミングで本文と参照元を見直します。,2026-06-06,2026-06-29,2026-06-06,archived,2026-06-12: archived（guide retire p2·glossary-how-toへ統合）,合理的配慮の全体像（個別配慮·領域④·7領域）,数値・日程・合格基準は年度で更新されるため、学習前と申込前には試験のご紹介（公式）の最新案内を確認してください。演習で合理的配慮に関する設問を解いたら。正解理由と誤答肢の違いを短くメモし、用語解説・比較表・よくある誤答タブで似た論点を比較表で整理すると定着しやすくなります。 演習10問を解き、解説で参照条文を公式テキストで開いて読み返してください。数値・日程・合格基準は年度で更新されるため、学習前と申込前には大阪商工会議所の最新案内を確認してください。,合理的配慮の定義·試験論点表（障害者雇用·個別配慮）,数値・日程・合格基準は年度で更新されるため、学習前と申込前には試験のご紹介（公式）の最新案内を確認してください。演習で合理的配慮に関する設問を解いたら。正解理由と誤答肢の違いを短くメモし、用語解説・比較表・よくある誤答タブで似た論点を比較表で整理すると定着しやすくなります。 表をノートに転記したら、演習10問で理解を確認し、誤答は公式テキスト該当章で読み直してください。数値・日程・合格基準は年度で更新されるため、学習前と申込前には大阪商工会議所の最新案内を確認してください。,メンタルヘルス職場配慮の具体策表（業務量·勤務時間·座席）,数値・日程・合格基準は年度で更新されるため、学習前と申込前には試験のご紹介（公式）の最新案内を確認してください。演習で合理的配慮に関する設問を解いたら。正解理由と誤答肢の違いを短くメモし、用語解説・比較表・よくある誤答タブで似た論点を比較表で整理すると定着しやすくなります。 表をノートに転記したら、演習10問で理解を確認し、誤答は公式テキスト該当章で読み直してください。数値・日程・合格基準は年度で更新されるため、学習前と申込前には大阪商工会議所の最新案内を確認してください。,合理的配慮の頻出誤答表（一律対応·詳細開示·診断）,数値・日程・合格基準は年度で更新されるため、学習前と申込前には試験のご紹介（公式）の最新案内を確認してください。演習で合理的配慮に関する設問を解いたら。正解理由と誤答肢の違いを短くメモし、用語解説・比較表・よくある誤答タブで似た論点を比較表で整理すると定着しやすくなります。 表をノートに転記したら、演習10問で理解を確認し、誤答は公式テキスト該当章で読み直してください。数値・日程・合格基準は年度で更新されるため、学習前と申込前には大阪商工会議所の最新案内を確認してください。,関連ガイドとの使い分け,数値・日程・合格基準は年度で更新されるため、学習前と申込前には試験のご紹介（公式）の最新案内を確認してください。演習で合理的配慮に関する設問を解いたら。正解理由と誤答肢の違いを短くメモし、用語解説・比較表・よくある誤答タブで似た論点を比較表で整理すると定着しやすくなります。 関連記事は役割が重ならないよう、概要→形式→学習計画の順で読むと迷いにくくなります。数値・日程・合格基準は年度で更新されるため、学習前と申込前には大阪商工会議所の最新案内を確認してください。,,,,,合理的配慮の試験で押さえる定義は？,「合理的配慮の試験で押さえる定義は」はメンタルヘルス・マネジメント検定II種の公式テキスト該当章と試験のご紹介（公式）で確認するのが確実です。合理的配慮では、条文の要件（誰が・いつ・何を）を演習問題とセットで押さえてください。,本記事とメンタルヘルス・マネジメント検定II種のうつ病と職場はどう使い分けますか？,「本記事とメンタルヘルス・マネジメント検定II種のうつ病と職場はどう使い分けますか」はメンタルヘルス・マネジメント検定II種の公式テキスト該当章と試験のご紹介（公式）で確認するのが確実です。合理的配慮では、条文の要件（誰が・いつ・何を）を演習問題とセットで押さえてください。,個別配慮とプライバシーの線引きは？,読了後は、合理的配慮の関連する演習を5問以上解き、間違えた選択肢を用語解説で確認してから関連ガイドへ進んでください。1週間後の解き直し日をカレンダーに入れると定着しやすくなります。数値・主体・手順は大阪商工会議所の最新案内と照合してください。,,,depression-workplace:うつ病と職場;privacy-workplace:プライバシー;return-to-work:職場復帰;pass-score:合格点,合理的配慮;個別配慮;障害者雇用;領域④;50問70点
stress-check,用語ハブ活用法,メンタルヘルス・マネジメント検定II種のストレスチェック制度,メンタルヘルスII種のストレスチェック制度公式情報。50人基準·実施率·結果活用を表に整理。メンタルヘルス・マネジメント検定II種の職場環境改善とPDCA・メンタルヘルス・マネジメント検定II種の健康保持増進計画·健康経営連携·領域③も解説。,メンタルヘルス・マネジメント検定II種（ラインケア）のストレスチェック制度は、50問·7領域の領域③職場環境で50人以上の事業場·実施率·集団分析·結果の職場改善への活用が問われる論点の公式情報です。PDCA·職場改善接続はメンタルヘルス・マネジメント検定II種の職場環境改善とPDCAの記事、健康保持増進計画はメンタルヘルス・マネジメント検定II種の健康保持増進計画·健康経営と役割分担します。公式情報は大阪商工会議所（https://www.mental-health.ne.jp/about/）の試験のご紹介です。,60,ストレスチェック;制度;集団分析,メンタルヘルス二種マスター編集部,メンタルヘルス・マネジメント検定II種向けの学習コンテンツを整理する編集チーム,公式情報確認担当,公開前に大阪商工会議所の公式ページ・受験要項と照合,2026-06-06,試験のご紹介（公式）|https://www.mental-health.ne.jp/about/,手書きリライト 2026-06-06。自動prose差し替え 2026-06-04（要手書き）。労働者数による義務化の改正は年度確認が必要。本文は原理を中心に記載。;retire_redirect:glossary-how-to,本記事を読むと、たとえば演習10問·ストレスチェック5問中2問正解の場合に、50人基準·実施率·集団分析·結果活用表とメンタルヘルス・マネジメント検定II種の職場環境改善とPDCA・メンタルヘルス・マネジメント検定II種の健康保持増進計画·健康経営との使い分けが分かり、領域③で得点できます。,50人基準·実施率·集団分析の3表を1枚にまとめる;演習10問·ストレスチェック分野を解き誤答理由を記録する;メンタルヘルス・マネジメント検定II種の職場環境改善とPDCAの記事でPDCA·結果活用表を確認する;メンタルヘルス・マネジメント検定II種の健康保持増進計画·健康経営の記事で健康保持増進計画との接続を確認する;「個票を上司が無断開示」誤答5問を7日後に解き直す,試験要項や公式ページが更新されたタイミングで本文と参照元を見直します。,2026-06-06,2026-06-29,2026-06-06,archived,2026-06-12: archived（guide retire p2·glossary-how-toへ統合）,ストレスチェック制度の全体像（50人·領域③·50問·7領域）,ストレスチェック制度では、職場のストレス要因の把握と、高ストレス者への面接指導が要点です。管理監督者は結果の取り扱い（個人情報・フィードバック方法）を理解しておく必要があります。 ストレスチェック制度に関連する数値（50人以上の事業場など）は数値早見表で確認し、数値・日程・合格基準は年度で更新されるため。学習前と申込前には試験のご紹介（公式）の最新案内を確認してください。用語一覧は /terms/ から分野別に開き、比較表で関連論点を整理してください。,50人基準·実施義務·実施率の数値表,数値・日程・合格基準は年度で更新されるため、学習前と申込前には試験のご紹介（公式）の最新案内を確認してください。演習でストレスチェック制度に関する設問を解いたら。正解理由と誤答肢の違いを短くメモし、用語解説・比較表・よくある誤答タブで似た論点を比較表で整理すると定着しやすくなります。 表をノートに転記したら、演習10問で理解を確認し、誤答は公式テキスト該当章で読み直してください。数値・日程・合格基準は年度で更新されるため、学習前と申込前には大阪商工会議所の最新案内を確認してください。,集団分析·個人情報の線引き表（開示·面接指導·高ストレス者）,ストレスチェック制度では、職場のストレス要因の把握と、高ストレス者への面接指導が要点です。管理監督者は結果の取り扱い（個人情報・フィードバック方法）を理解しておく必要があります。 ストレスチェック制度に関連する数値（50人以上の事業場など）は数値早見表で確認し、数値・日程・合格基準は年度で更新されるため。学習前と申込前には試験のご紹介（公式）の最新案内を確認してください。用語一覧は /terms/ から分野別に開き、比較表で関連論点を整理してください。,結果活用·職場改善接続表（PDCA·健康保持増進計画）,試験直前は睡眠を削りすぎないことが得点維持に効きます。暗記の詰め込みより、誤答ノートの確認と持ち物・会場の準備を優先してください。 ストレスチェック制度で不安な領域は、用語10語だけピックアップして見直す程度に留めるとメンタル面も安定しやすいです。「結果活用·職場改善接続表（PDCA·健康保持増進計画）」では。ストレスチェック制度について公式テキストの該当章を開き、条文の主体・期限・数値を演習問題とセットで押さえて定着を確認します。数値・日程は試験のご紹介（公式）の最新要項で必ず照合してください。用語一覧は /terms/ から分野別に開き、比較表で関連論点を整理してください。,関連ガイドとの使い分け,数値・日程・合格基準は年度で更新されるため、学習前と申込前には試験のご紹介（公式）の最新案内を確認してください。演習でストレスチェック制度に関する設問を解いたら。正解理由と誤答肢の違いを短くメモし、用語解説・比較表・よくある誤答タブで似た論点を比較表で整理すると定着しやすくなります。 関連記事は役割が重ならないよう、概要→形式→学習計画の順で読むと迷いにくくなります。数値・日程・合格基準は年度で更新されるため、学習前と申込前には大阪商工会議所の最新案内を確認してください。,,,,,ストレスチェックの50人基準はどこで確認しますか？,試験のご紹介（公式）（大阪商工会議所）で最新情報を確認してください。受験要項・テキスト改訂・合格発表は公式ページを確認してください。ストレスチェック制度に関する数値や期限も、非公式まとめではなく公式資料と照合してください。,本記事とメンタルヘルス・マネジメント検定II種の職場環境改善とPDCAはどう使い分けますか？,「本記事とメンタルヘルス・マネジメント検定II種の職場環境改善とPDCAはどう使い分けますか」はメンタルヘルス・マネジメント検定II種の公式テキスト該当章と試験のご紹介（公式）で確認するのが確実です。ストレスチェック制度では、条文の要件（誰が・いつ・何を）を演習問題とセットで押さえてください。,メンタルヘルス・マネジメント検定II種の健康保持増進計画·健康経営はストレスチェック学習にどう使いますか？,読了後は、ストレスチェック制度の関連する演習を5問以上解き、間違えた選択肢を用語解説で確認してから関連ガイドへ進んでください。1週間後の解き直し日をカレンダーに入れると定着しやすくなります。数値・主体・手順は大阪商工会議所の最新案内と照合してください。,,,workplace-improvement:職場環境改善;health-promotion-plan:健康保持増進;health-checkup-mental:健康診断;pass-score:合格点,ストレスチェック;50人基準;実施率;集団分析;領域③
health-checkup-mental,試験概要,メンタルヘルス・マネジメント検定II種の健康診断とメンタルヘルス,メンタルヘルスII種の健康診断·面接指導·再検査公式情報。領域②③·産業医連携を表に整理。メンタルヘルス・マネジメント検定II種の保健師·産業保健スタッフの役割・メンタルヘルス・マネジメント検定II種連携も解説。,メンタルヘルス・マネジメント検定II種（ラインケア）の健康診断とメンタルヘルス（面接指導·再検査）は、50問·7領域の領域②事業場内ケア·領域③職場環境で心身の状態把握と職場へのフィードバックの流れが問われる論点の公式情報です。健康診断はメンタル専用制度ではありませんが、面接指導·再検査·産業医連携が四択の引っ掛けになります。保健師の役割はメンタルヘルス・マネジメント検定II種の保健師·産業保健スタッフの役割の記事、産業医連携はメンタルヘルス・マネジメント検定II種と役割分担します。公式情報は大阪商工会議所（https://www.mental-health.ne.jp/about/）の試験のご紹介です。,60,健康診断;面接指導;産業保健,メンタルヘルス二種マスター編集部,メンタルヘルス・マネジメント検定II種向けの学習コンテンツを整理する編集チーム,公式情報確認担当,公開前に大阪商工会議所の公式ページ・受験要項と照合,2026-06-06,試験のご紹介（公式）|https://www.mental-health.ne.jp/about/,手書きリライト 2026-06-06。自動prose差し替え 2026-06-04（要手書き）。健康診断とメンタルヘルス｜面接指導・再検査で押さえる点。;retire_redirect:study-plan,本記事を読むと、たとえば演習10問·健康診断5問中2問正解の場合に、面接指導·再検査の流れ表とメンタルヘルス・マネジメント検定II種の保健師·産業保健スタッフの役割・メンタルヘルス・マネジメント検定II種との主体分担が分かり、領域②③で得点できます。,健康診断·面接指導·再検査の流れ表を1枚にまとめる;演習10問·健康診断·面接指導分野を解き誤答理由を記録する;「管理監督者が医学的診断」誤答5問を7日後に解き直す;メンタルヘルス・マネジメント検定II種の保健師·産業保健スタッフの役割の記事で保健師·面接指導の役割を確認する;メンタルヘルス・マネジメント検定II種の記事で産業医·再検査の連携を確認する,試験要項や公式ページが更新されたタイミングで本文と参照元を見直します。,2026-06-06,2026-06-29,2026-06-06,archived,2026-06-12: archived（guide retire p1·study-planへ統合）,健康診断とメンタルヘルスの接点（領域②③·50問·7領域）,試験直前は睡眠を削りすぎないことが得点維持に効きます。暗記の詰め込みより、誤答ノートの確認と持ち物・会場の準備を優先してください。 健康診断とメンタルヘルスで不安な領域は、用語10語だけピックアップして見直す程度に留めるとメンタル面も安定しやすいです。「健康診断とメンタルヘルスの接点（領域②③·50問·7領域）」では。健康診断とメンタルヘルスについて公式テキストの該当章を開き、条文の主体・期限・数値を演習問題とセットで押さえて定着を確認します。数値・日程は試験のご紹介（公式）の最新要項で必ず照合してください。,面接指導·再検査の流れ表（高ストレス·保健師·産業医連携）,ストレスチェック制度では、職場のストレス要因の把握と、高ストレス者への面接指導が要点です。管理監督者は結果の取り扱い（個人情報・フィードバック方法）を理解しておく必要があります。 健康診断とメンタルヘルスに関連する数値（50人以上の事業場など）は数値早見表で確認し、数値・日程・合格基準は年度で更新されるため。学習前と申込前には試験のご紹介（公式）の最新案内を確認してください。,健康診断結果の職場フィードバック表（個票保護·集団活用）,試験直前は睡眠を削りすぎないことが得点維持に効きます。暗記の詰め込みより、誤答ノートの確認と持ち物・会場の準備を優先してください。 健康診断とメンタルヘルスで不安な領域は、用語10語だけピックアップして見直す程度に留めるとメンタル面も安定しやすいです。「健康診断結果の職場フィードバック表（個票保護·集団活用）」では。健康診断とメンタルヘルスについて公式テキストの該当章を開き、条文の主体・期限・数値を演習問題とセットで押さえて定着を確認します。数値・日程は試験のご紹介（公式）の最新要項で必ず照合してください。,健康診断·面接指導の頻出誤答表（診断越境·開示·放置）,試験直前は睡眠を削りすぎないことが得点維持に効きます。暗記の詰め込みより、誤答ノートの確認と持ち物・会場の準備を優先してください。 健康診断とメンタルヘルスで不安な領域は、用語10語だけピックアップして見直す程度に留めるとメンタル面も安定しやすいです。「健康診断·面接指導の頻出誤答表（診断越境·開示·放置）」では。健康診断とメンタルヘルスについて公式テキストの該当章を開き、条文の主体・期限・数値を演習問題とセットで押さえて定着を確認します。数値・日程は試験のご紹介（公式）の最新要項で必ず照合してください。,関連ガイドとの使い分け,数値・日程・合格基準は年度で更新されるため、学習前と申込前には試験のご紹介（公式）の最新案内を確認してください。演習で健康診断とメンタルヘルスに関する設問を解いたら。正解理由と誤答肢の違いを短くメモし、用語解説・比較表・よくある誤答タブで似た論点を比較表で整理すると定着しやすくなります。 関連記事は役割が重ならないよう、概要→形式→学習計画の順で読むと迷いにくくなります。数値・日程・合格基準は年度で更新されるため、学習前と申込前には大阪商工会議所の最新案内を確認してください。,,,,,健康診断で管理監督者が医学的診断をしますか？,管理監督者は医学的診断を行いません。不調の気づき、傾聴、安全配慮、記録、専門職連携、職場環境改善が役割の中心です。復帰可否の最終判断は主治医の意見等を踏まえ、人事・産業医と連携して行います。数値・主体・手順は大阪商工会議所の最新案内と照合してください。,面接指導と再検査の違いは何ですか？,「面接指導と再検査の違いは何ですか」はメンタルヘルス・マネジメント検定II種の公式テキスト該当章と試験のご紹介（公式）で確認するのが確実です。健康診断とメンタルヘルスでは、条文の要件（誰が・いつ・何を）を演習問題とセットで押さえてください。,本記事とメンタルヘルス・マネジメント検定II種の保健師·産業保健スタッフの役割はどう使い分けますか？,読了後は、健康診断とメンタルヘルスの関連する演習を5問以上解き、間違えた選択肢を用語解説で確認してから関連ガイドへ進んでください。1週間後の解き直し日をカレンダーに入れると定着しやすくなります。数値・主体・手順は大阪商工会議所の最新案内と照合してください。,,,health-nurse-role:保健師の役割;pass-score:合格点,健康診断;面接指導;再検査;領域②③;50問70点
stress-model,分野別対策,メン管II種·ストレスモデル【要因·反応·領域②】,メンタルヘルス・マネジメント検定II種（ラインケア）のストレス反応·ストレスモデル。要因·反応·緩衝要因を表に整理し、4つのケア記事との2列比較で具体例解説します。,メンタルヘルス・マネジメント検定II種（ラインケア）のストレスモデルは、ストレス要因・ストレス反応・緩衝要因という3つの要素の関係を理解する基礎論点です。試験では仕事に起因する職場要因と個人側の要因を取り違える誤答が出やすく、ここを整理しておくと得点が安定します。本記事では3要素を表でまとめ、要因の分類から職場改善への結びつけ方までを解説します。出題の詳細は大阪商工会議所の公式要項で確認しておくと安心です。,59,ストレス;ストレスモデル;職場環境,メンタルヘルス二種マスター編集部,メンタルヘルス・マネジメント検定II種向けの学習コンテンツを整理する編集チーム,公式情報確認担当,公開前に大阪商工会議所の公式ページ・受験要項と照合,2026-06-13,試験のご紹介（公式）|https://www.mental-health.ne.jp/about/,手書きリライト 2026-06-06。自動prose差し替え 2026-06-04（要手書き）。ストレス反応・ストレスモデル｜原因と対策の整理（二種向け）。,本記事を読むと、ストレスモデルの論点が分かり、たとえば「6/21 3要素表→演習10問5問中2問→6/28 要因混同10問→70％」まで今日から再現でき、4つのケア記事との使い分けも表で把握できます。,ストレス要因·反応·緩衝要因の3要素表を1枚に整理する;演習10問·ストレスモデル分野を解き誤答理由を記録する;職場要因·個人要因の混同10問を7日後に解き直す;four-types-care記事で4ケア連携を確認する;workplace-improvement記事で職場改善接続を確認する,試験要項や公式ページが更新されたタイミングで本文と参照元を見直します。,2026-06-13,2026-06-29,2026-06-13,published,2026-06-12: 編集合格（手書きリライト·具体例·v2）,ストレスモデル：3要素の全体像（領域②）,"II種ラインケアのストレスモデルは要因·反応·緩衝要因の3要素で整理します。50問·四択一では要素の対応関係が判断軸です。

職業性ストレスモデル（NIOSHモデル）では、仕事のストレス要因（ストレッサー）がストレス反応を引き起こし、それが長期化・強化されると健康障害へ進むと整理します。この過程には、上司・同僚・家族などの社会的支援といった緩衝要因や、個人要因・仕事外の要因が影響します。試験では要因・反応・緩衝要因の対応関係を入れ替えた選択肢が誤答として狙われます。

| 要素 | 内容 | 試験の焦点 |
| --- | --- | --- |
| 要因 | ストレス源 | 職場·個人 |
| 反応 | 心身の変化 | 症状·行動 |
| 緩衝要因 | 緩和要因 | 支援·環境 |
| 対策 | 改善·予防 | 職場改善 |",ストレス要因：職場要因·個人要因の分類表,"職場要因（仕事起因のジョブストレス）と個人要因（個人側の要因）の混同は頻出誤答です。要因の所在を表で整理します。

職場要因（仕事の量・質、対人関係、役割の曖昧さなど仕事に起因するもの）と、個人要因（性格傾向や仕事外の出来事など個人側のもの）は区別して理解します。業務量の過多や長時間労働のような仕事起因の要因を「個人の問題」に分類する選択肢は典型的な誤答です。要因の所在を職場側・個人側に切り分けて表で整理してください。

| 分類 | 例 | 混同注意 |
| --- | --- | --- |
| 職場要因 | 業務量·人間関係 | 組織側 |
| 個人要因 | 適性·家庭 | 個人側 |
| 両方 | 役割負担 | 切り分け |
| 対策 | 職場改善 | 個人責任のみは誤答 |",ストレス反応と原因対策：対応表,"反応の種類（心身·行動）と対策の方向（個人·組織）を対応づけて覚えます。管理監督者が医学的診断を下す選択肢は誤答です。

ストレス反応は心理面・身体面・行動面に分けて現れ、対策も個人向け（セルフケア）と組織向け（職場環境改善）の両面から考えます。反応の種類と対策の方向を対応づけて覚えると、事例問題で選択肢を絞りやすくなります。管理監督者が医学的な診断や治療の判断を下す選択肢は、ラインケアの役割を超えるため誤答です。

| 反応 | 対策の方向 | 管理監督者 |
| --- | --- | --- |
| 心身症状 | 受診促し·配慮 | 傾聴·紹介 |
| 行動変化 | 業務調整 | 安全配慮 |
| 高ストレス | 面接指導体制 | 連携 |
| 組織要因 | 職場改善 | PDCA |",頻出誤答：要因混同·個人責任·診断代行,"ストレスモデル設問の頻出誤答は、職場要因を個人要因に分類·個人の努力のみで改善·管理監督者による診断が典型です。

この分野の頻出誤答は、①仕事起因の職場要因を個人要因に分類する、②個人の努力（セルフケア）だけで改善できるとする、③管理監督者が診断・治療を行う、の3つに集約されます。いずれも「要因の所在」と「主体の役割」を取り違えたパターンです。正解は職場要因への組織的対応と、医学的判断を専門職に委ねる連携です。

| 誤答 | 正解 | 確認先 |
| --- | --- | --- |
| 業務量＝個人要因 | 職場要因 | 本記事分類表 |
| 個人の時間管理のみ | 組織的改善 | workplace-improvement |
| 上司が診断 | 医師·産業医 | field-law-basics |
| 放置 | 4ケア連携 | four-types-care |",four-types-care記事との2列比較表,"ストレスモデル論点と4ケア一覧は2記事で分担します。本記事は3要素·要因分類·職場改善接続、four-types-care記事は4ケア一覧·セルフ·ライン·内外の位置づけに特化します。

ストレスモデルは領域②（基礎知識）の中核論点です。本記事で3要素・要因分類・職場改善への接続を押さえたうえで、four-types-care記事で4つのケア（セルフ・ライン・事業場内・事業場外）の全体像を確認すると、「誰が何を担うか」という主体の視点が補完され、事例問題に対応しやすくなります。

| 論点 | ストレスモデル（本記事） | 4つのケア |
| --- | --- | --- |
| 焦点 | 要因·反応·対策 | 4ケア一覧·連携 |
| 時期 | 領域②深掘り | 第1章1周目 |
| 成果物 | 3要素1枚表 | 4ケア1枚表 |
| 出口 | workplace-improvementへ | 本記事へ | 2記事を混同すると4ケアは分かっても要因·反応の対応が曖昧になります。",,,,,職場要因と個人要因の違いは？,職場要因は、業務量・業務の質・対人関係・役割の曖昧さなど、仕事に起因するストレス源です。個人要因は、性格傾向や仕事外の出来事など個人側の要因を指します。業務量の過多のような仕事起因の要因を個人の問題に分類する選択肢は誤答になります。,ストレスモデルで管理監督者が診断する選択肢はなぜ誤答？,病状の診断や治療方針、職場復帰の可否といった医学的判断は、医師・産業医の領域です。管理監督者は、不調への気づき・傾聴・安全への配慮・専門職への連携を担います。管理監督者が診断を下す選択肢は、ラインケアの役割を超えるため誤答です。,本記事と4つのケア記事の違いは？,本記事はストレスの要因・反応・緩衝要因という3要素と、職場環境改善への接続を扱います。four-types-care記事は、セルフ・ライン・事業場内・事業場外という4つのケアの全体像と、それぞれの位置づけを扱うため、要因の理解と主体の理解を補い合えます。,,,four-types-care:4つのケア;workplace-improvement:職場環境改善;pass-score:合格点,ストレスモデル;領域②;原因対策;4つのケア;混同防止
four-types-care,分野別対策,メン管II種·4つのケア【セルフ·ライン·内外·領域①】,メンタルヘルス・マネジメント検定II種（ラインケア）の4つのケア一覧。セルフ·ライン·事業場内·外の位置づけを表に整理し、基礎·役割記事との2列比較で具体例解説します。,メンタルヘルス・マネジメント検定II種（ラインケア）の土台となるのが、セルフケア・ラインケア・事業場内産業保健スタッフ等によるケア・事業場外資源によるケアという「4つのケア」です。II種で中心となる管理監督者はラインケアを担い、ほかの3つとどう連携するかが繰り返し問われます。本記事では4ケアを一覧表で整理し、II種における位置づけと役割分担をわかりやすく解説します。詳しい出題内容は大阪商工会議所の公式要項もあわせてご確認ください。,58,4つのケア;ラインケア;セルフケア,メンタルヘルス二種マスター編集部,メンタルヘルス・マネジメント検定II種向けの学習コンテンツを整理する編集チーム,公式情報確認担当,公開前に大阪商工会議所の公式ページ・受験要項と照合,2026-06-13,試験のご紹介（公式）|https://www.mental-health.ne.jp/about/,手書きリライト 2026-06-06。自動prose差し替え 2026-06-04（要手書き）。4つのケア（セルフ・ライン・事業場内・外）を一覧で整理。,本記事を読むと、4つのケア一覧が分かり、たとえば「6/14 4ケア表→演習10問5問中3問→6/21 誤答2問解き直し→70％」まで今日から再現でき、基礎·役割記事との使い分けも表で把握できます。,4つのケア（セルフ·ライン·内外）の表を1枚に整理する;演習10問·4ケア設問を解き誤答理由を記録する;field-law-basics記事で領域①·主体線引きを確認する;4ケア混同5問を7日後に解き直す;subjects記事で第1章·領域①の位置づけを確認する,試験要項や公式ページが更新されたタイミングで本文と参照元を見直します。,2026-06-13,2026-06-29,2026-06-13,published,2026-06-12: 編集合格（手書きリライト·具体例·v2）,4つのケア：一覧とII種の位置づけ,"4つのケアはセルフ·ライン·事業場内·事業場外です。50問·7領域の第1領域が基盤になります。

4つのケアとは、労働者本人が行うセルフケア、管理監督者が行うラインによるケア、産業医・保健師などによる事業場内産業保健スタッフ等のケア、EAPや医療機関などによる事業場外資源によるケアの4つです。II種では、これらのうち管理監督者が担うラインケアを中心に、各ケアの役割分担と連携が問われます。

| ケア | 内容 | 試験の焦点 |
| --- | --- | --- |
| セルフ | 本人のセルフケア | 啓発·支援 |
| ライン | 上司·同僚 | 管理監督者中核 |
| 事業場内 | 産業医等 | 連携 |
| 事業場外 | EAP·医療 | 紹介 |",セルフ·ライン·事業場内·外の対応表,"各ケアの役割分担と管理監督者の関与度が頻出論点です。重複·補完の関係を整理します。

各ケアには担い手と役割があり、それぞれが重なり合い補い合う関係にあります。セルフケアは本人、ラインケアは管理監督者、事業場内は産業医・保健師など、事業場外はEAP・医療機関が担います。管理監督者が他のケアの役割まで一人で背負おうとする選択肢は誤答で、適切に連携することが正解です。

| ケア | 主体 | 管理監督者 |
| --- | --- | --- |
| セルフ | 本人 | 啓発·支援 |
| ライン | 上司·同僚 | 中核役割 |
| 事業場内 | 産業医·保健師 | 連携·紹介 |
| 事業場外 | EAP·医療機関 | 紹介·フォロー |",ラインケア中核：管理監督者と連携表,"管理監督者はラインケアの中核で、内外ケアとの連携が正解パターンです。一人完結は誤答の典型です。

ラインによるケアの中核は管理監督者で、部下の不調の早期発見、傾聴、就業上の配慮、職場環境の改善を担い、必要に応じて事業場内（産業医・保健師）や事業場外（EAP・医療機関）の資源へつなぎます。管理監督者が一人で問題を抱え込み、専門職と連携せずに対応を完結させる選択肢は誤答です。連携先と役割の対応を表で確認してください。

| 行動 | 正解 | 誤答 |
| --- | --- | --- |
| 面談 | 傾聴·安全配慮 | 医学的診断 |
| 連携 | 産業医·EAP紹介 | 一人対応 |
| セルフ | 啓発·支援 | 本人任せ |
| 事業場外 | 紹介·フォロー | 放り出し |",頻出誤答：4ケア混同と主体取り違え,"4ケアの誤答は役割重複と管理監督者の越境が典型です。主体の線引きが正解です。

4つのケアの誤答は、各ケアの役割を重複させたり、管理監督者が事業場内産業保健スタッフや医師の役割に越境したりするパターンが典型です。セルフケアは労働者本人、ラインケアは管理監督者、事業場内は産業医・保健師等、事業場外はEAP・医療機関、と主体を明確に線引きし、それぞれが連携する形が正解です。

| 誤答パターン | 正解の方向 |
| --- | --- |
| ラインケア＝管理監督者だけ | 内外ケアと連携 |
| セルフケア＝本人任せ | 啓発·支援 |
| 事業場外＝放り出し | 紹介·フォロー |
| 診断＝管理監督者 | 医師·専門機関 |",field-law-basics記事との2列比較表,"4ケア全体像と領域①の基礎論点は2記事で分担します。本記事は4つのケア一覧·II種における位置づけ·連携、field-law-basics記事は領域①·管理監督者の役割·主体の線引きに特化します。

本記事は4つのケアの一覧・II種における位置づけ・連携を扱います。field-law-basics記事は、領域①におけるメンタルヘルスケアの意義や管理監督者の役割・主体の線引きを扱うため、4つのケアの全体像と領域①の基礎を分けて押さえると、主体を問う設問に対応しやすくなります。

| 論点 | 4ケア一覧（本記事） | 基礎·役割記事 |
| --- | --- | --- |
| 焦点 | 4ケア一覧·連携 | 領域①·主体線引き |
| 時期 | 4ケア暗記·確認 | 第1章1周目 |
| 成果物 | 4ケア1枚表 | 役割分担表 |
| 出口 | 基礎·役割へ | subjectsへ | 2記事を混同すると一覧は分かっても管理監督者の線引きが曖昧になります。",,,,,4つのケアで管理監督者の中核はどれですか？,ラインによるケアが、管理監督者の中核的な役割です。管理監督者は、部下の不調への気づき・傾聴・就業上の配慮を担い、セルフケア・事業場内・事業場外のケアと連携します。他のケアの役割まで一人で背負おうとするのではなく、適切につなぐことが正解パターンです。,事業場外ケアで「紹介＝支援終了」はなぜ誤答ですか？,専門機関へ紹介した後も、就業上の配慮や職場環境のフォローを継続するのが管理監督者の役割です。紹介した時点で支援が終わると考える選択肢は誤答で、専門職と連携しながら本人が働き続けやすい状態を保つことが正解パターンです。,本記事と基礎·役割記事の違いは？,本記事は、4つのケアの一覧・II種における位置づけ・連携を扱います。field-law-basics記事は、領域①のメンタルヘルスケアの意義や管理監督者の役割・主体の線引きを扱うため、4つのケアの全体像と領域①の基礎を分けて押さえられます。,,,field-law-basics:基礎·役割;subjects:科目一覧·出題範囲;pass-score:合格点,4つのケア;ラインケア;セルフケア;事業場内·外;領域①
burnout-workplace,分野別対策,メン管II種·バーンアウトと職場【過重労働·回復·混同防止】,メンタルヘルス・マネジメント検定II種（ラインケア）のバーンアウト（燃え尽き）と職場。過重労働·役割負担·回復時間を表に整理し、うつ病と職場記事との2列比較で具体例解説します。,メンタルヘルス・マネジメント検定II種（ラインケア）で扱うバーンアウト（燃え尽き症候群）は、過重労働や役割負担、回復時間の確保といった職場要因と深く関わるテーマです。試験では管理監督者が診断を下したり、一律に休職させたり、個人の責任だけに帰したりする選択肢が誤答として狙われます。本記事ではバーンアウトの職場対応を3つの論点に整理し、うつ病との違いを取り違えないためのポイントまで解説します。範囲の確認には大阪商工会議所の公式要項をご利用ください。,57,バーンアウト;燃え尽き;職場ストレス,メンタルヘルス二種マスター編集部,メンタルヘルス・マネジメント検定II種向けの学習コンテンツを整理する編集チーム,公式情報確認担当,公開前に大阪商工会議所の公式ページ・受験要項と照合,2026-06-13,試験のご紹介（公式）|https://www.mental-health.ne.jp/about/,手書きリライト 2026-06-06。自動prose差し替え 2026-06-04（要手書き）。燃え尽き症候群（バーンアウト）と職場｜二種で押さえるポイント。,本記事を読むと、バーンアウトと職場の論点が分かり、たとえば「9/20 3論点表→演習10問5問中2問→9/27 混同防止10問→70％」まで今日から再現でき、うつ病と職場記事との使い分けも表で把握できます。,過重労働·役割負担·回復時間の3論点表を1枚に整理する;演習10問·バーンアウト関連を解き誤答理由を記録する;うつ病混同·診断代行の誤答10問を7日後に解き直す;depression-workplace記事でうつ病個別論点を確認する;overwork-prevention記事で過重労働防止論点を確認する,試験要項や公式ページが更新されたタイミングで本文と参照元を見直します。,2026-06-13,2026-06-29,2026-06-13,published,2026-06-12: 編集合格（手書きリライト·具体例·v2）,バーンアウトと職場：3論点の全体像,"II種ラインケアのバーンアウト設問は過重労働·役割負担·回復時間の確保が職場対応の焦点です。50問·四択一では主体と手順が判断軸です。

バーンアウト（燃え尽き症候群）は、過重な業務や役割の重さが長期間続き、回復のための休養が確保されないことで、情緒的な消耗・意欲の低下などが生じる状態です。試験では、管理監督者が業務量の把握・削減、役割負担の調整、休養・休暇の確保促進を担い、医学的な判断は医師に委ねる、という役割分担が問われます。

| 論点 | 内容 | 管理監督者 |
| --- | --- | --- |
| 過重労働 | 業務量·残業 | 把握·削減 |
| 役割負担 | 責任·裁量 | 調整·配慮 |
| 回復時間 | 休養·休暇 | 確保促進 |
| 連携 | 産業医·人事 | 紹介·記録 |",管理監督者の職場対応：正解·誤答表,"管理監督者は不調の気づき·傾聴·安全配慮·記録·専門職連携·職場環境改善を担います。医学的診断·治療判断は医師の領域です。

管理監督者の職場対応は、不調への気づき、傾聴、就業上の配慮、記録、専門職への連携、職場環境の改善が中心です。医学的な診断や治療方針の決定は医師の領域であり、管理監督者がバーンアウトと「診断」したり、一律に休職を命じたりする選択肢は誤答です。行為ごとに正解・誤答を表で対比して確認してください。

| 行為 | 正解 | 誤答 |
| --- | --- | --- |
| 不調への対応 | 傾聴·配慮 | 診断·治療 |
| 業務調整 | 個別配慮 | 一律休職 |
| 改善方向 | 組織的対策 | 個人責任のみ |
| 専門支援 | 紹介·連携 | 放置 |",うつ病との混同防止：早見比較表,"バーンアウトとうつ病は設問で混同されやすいです。職場対応の共通点（配慮·連携）と医学的判断の線引きを整理します。

バーンアウトとうつ病は症状が似て見えるため設問で混同されやすいですが、職場対応での配慮や専門職連携という共通点と、診断・治療は医師が担うという線引きは共通です。違いは焦点にあり、バーンアウトは過重労働・役割・回復時間、うつ病は休業中の配慮・段階的復帰に重点が置かれます。比較表で早見できるようにしておきます。

| 論点 | バーンアウト | うつ病 |
| --- | --- | --- |
| 焦点 | 過重·役割·回復 | 休業·配慮·復帰 |
| 職場対策 | 業務量調整 | 段階的復帰 |
| 診断 | 医師 | 医師 |
| 混同注意 | 症状類似 | 病名開示 |",頻出誤答：個人責任·診断代行·放置,"バーンアウト設問の頻出誤答は、個人の時間管理のみで改善·管理監督者による診断·紹介後の放置·回復時間確保の無視が典型です。

頻出誤答は、①個人の時間管理だけで改善できるとする、②管理監督者が診断を代行する、③専門機関へ紹介した後に放置する、④回復のための休養時間の確保を無視する、が典型です。正解は、業務量・役割の組織的な調整と、専門職への連携・継続的なフォローです。誤答の型を正解とセットで押さえます。

| 誤答 | 正解 | 確認先 |
| --- | --- | --- |
| 個人責任のみ | 組織的改善 | overwork-prevention |
| 上司が診断 | 医師判断 | 主体表 |
| 紹介後放置 | フォロー継続 | consultation-referral |
| 休養無視 | 回復時間確保 | 本記事3論点表 |",depression-workplace記事との2列比較表,"バーンアウト論点とうつ病個別論点は2記事で分担します。本記事は過重労働·役割負担·回復時間·混同防止、depression-workplace記事は休業配慮·医学的判断·段階的復帰に特化します。

本記事はバーンアウト固有の論点（過重労働・役割負担・回復時間・うつ病との混同防止）を扱い、depression-workplace記事は、うつ病における休業中の配慮・医学的判断の線引き・段階的復帰を扱います。2記事を読み分けることで、似て見える2つのテーマを取り違えずに整理できます。

| 論点 | バーンアウト（本記事） | うつ病と職場 |
| --- | --- | --- |
| 焦点 | 過重·役割·回復 | 休業·配慮·復帰 |
| 時期 | 燃え尽き深掘り | 個別論点1周目 |
| 成果物 | 3論点1枚表 | 主体·配慮1枚表 |
| 出口 | consultation-referralへ | 本記事へ | 2記事を混同すると配慮論点は分かってもバーンアウト固有の3論点が曖昧になります。",,,,,管理監督者はバーンアウトを診断できますか？,管理監督者は医学的な診断を行いません。役割の中心は、不調への気づき、傾聴、就業上の配慮、記録、専門職への連携、職場環境の改善です。バーンアウトかどうかを管理監督者が判断・診断する選択肢は誤答となります。,バーンアウトとうつ病の設問はどう見分けますか？,焦点が異なります。バーンアウトは過重労働・役割負担・回復時間の確保といった職場対策に、うつ病は休業中の配慮・段階的復帰・病名など情報の取り扱いに重点があります。ただし、配慮や専門職連携という職場対応の基本と、診断は医師が担うという線引きは共通です。,本記事とうつ病と職場記事の違いは？,本記事はバーンアウト固有の論点（過重労働・役割負担・回復時間・うつ病との混同防止）を扱います。depression-workplace記事は、うつ病における休業中の配慮・医学的判断の線引き・段階的復帰を扱うため、似て見える2つのテーマを取り違えずに整理できます。,,,depression-workplace:うつ病と職場;consultation-referral:相談·紹介;pass-score:合格点,バーンアウト;7領域;管理監督者;うつ病混同防止;職場対応
harassment-consultation,試験概要,メン管II種·ハラスメント相談窓口【秘密保持·迅速調査·領域③⑥】,メンタルヘルス・マネジメント検定II種（ラインケア）のハラスメント相談窓口と迅速調査。窓口要件·調査体制を表に整理し、職場いじめ記事との2列比較で具体例解説します。,メンタルヘルス・マネジメント検定II種（ラインケア）のハラスメント相談窓口は、相談者が安心して利用できる体制づくりと、秘密保持を守った迅速で客観的な調査が要点です。試験では、管理監督者が一人で調査を完結させる、相談を放置する、秘密を守らないといった対応が誤答として登場します。本記事では窓口に求められる要件と調査体制を整理し、間違えやすいポイントを確認します。出題範囲は大阪商工会議所の公式要項でも確かめておきましょう。,56,相談窓口;ハラスメント;防止措置,メンタルヘルス二種マスター編集部,メンタルヘルス・マネジメント検定II種向けの学習コンテンツを整理する編集チーム,公式情報確認担当,公開前に大阪商工会議所の公式ページ・受験要項と照合,2026-06-13,試験のご紹介（公式）|https://www.mental-health.ne.jp/about/,手書きリライト 2026-06-06。自動prose差し替え 2026-06-04（要手書き）。ハラスメント相談窓口と迅速調査｜体制づくりの要点。,本記事を読むと、相談窓口·迅速調査の論点が分かり、たとえば「7/19 要件表→演習10問5問中2問→7/26 一人完結10問→70％」まで今日から再現でき、職場いじめ記事との使い分けも表で把握できます。,相談窓口·迅速調査の要件表を1枚に整理する;演習10問·ハラスメント相談窓口分野を解き誤答理由を記録する;「一人で調査完結」誤答10問を7日後に解き直す;workplace-bullying記事でいじめ·初動論点を確認する;consultation-referral記事で相談5ステップを確認する,試験要項や公式ページが更新されたタイミングで本文と参照元を見直します。,2026-06-13,2026-06-29,2026-06-13,published,2026-06-12: 編集合格（手書きリライト·具体例·v2）,ハラスメント相談窓口：整備要件の全体像,"II種ラインケアの相談窓口は相談者が安心して利用でき、秘密保持と迅速対応が担保された体制として整備するのが正解です。50問·四択一では要件の有無が判断軸です。 | 要件 | 内容 | 誤答 |
| --- | --- | --- |
| 秘密保持 | 相談者保護 | 無制限開示 |
| 迅速対応 | 初動体制 | 放置 |
| 利用しやすさ | 窓口明示 | 不明 |
| 記録 | 適切管理 | 無記録 | 例えば7/19（土）要件表——演習10問·相談窓口5問中2問（40％）——7/26（土）秘密保持3問——解き直し——が定番です。",迅速·客観的調査：体制表,"調査は迅速·客観的に行い、管理監督者一人で完結させないのが正解パターンです。記録·調査主体·再発防止が頻出です。 | 要素 | 正解 | 誤答 |
| --- | --- | --- |
| 速度 | 迅速着手 | 長期放置 |
| 客観性 | 専門体制 | 上司単独 |
| 記録 | 適切保管 | 無記録 |
| 再発防止 | 措置実施 | 対応なし | たとえば7/19（土）演習10問——「管理監督者が一人で調査完結」2問誤答——7/26（土）調査体制表暗記——同分野10問70％以上——を目指してください。",管理監督者：初動·連携·記録の役割表,"管理監督者は相談受付時に傾聴·記録·担当者連携を担います。調査完結·加害者同席·医学的診断は誤答です。 | 行為 | 管理監督者 | 担当者·専門職 |
| --- | --- | --- |
| 相談受付 | 傾聴·連携 | 窓口対応 |
| 調査 | 連携·記録 | 客観的調査 |
| 記録 | 初動記録 | 調査記録 |
| 再発防止 | 環境配慮 | 措置実施 | 例えば7/26（土）演習20問——初動8問中5問（63％）——8/2（土）workplace-bullying記事——初動表確認——同6問解き直し——が定番です。",頻出誤答：一人完結·秘密無視·相談放置,"ハラスメント相談設問の頻出誤答は、一人で調査完結·秘密保持の無視·相談の放置·加害者と相談者の同席が典型です。 | 誤答 | 正解 | 確認先 |
| --- | --- | --- |
| 一人完結 | 専門体制 | 本記事 |
| 秘密無視 | 秘密保持 | 要件表 |
| 相談放置 | 迅速受付 | workplace-bullying |
| 同席聴取 | 個別·別室 | 初動表 | たとえば8/2（土）演習50問——相談窓口55％·一人完結4問——8/9（土）誤答表暗記——同4問70％以上——8/16（土）50問通し35問以上——が定番です。",workplace-bullying記事との2列比較表,"相談窓口体制と職場いじめ論点は2記事で分担します。本記事は窓口整備·迅速調査·秘密保持の体制要件、workplace-bullying記事はパワハラ以外のいじめ·管理監督者の初動·再発防止に特化します。 | 論点 | 相談窓口（本記事） | 職場いじめ |
| --- | --- | --- |
| 焦点 | 窓口·調査体制 | いじめ·初動 |
| 時期 | 体制要件1周目 | いじめ論点深掘り |
| 成果物 | 窓口要件表 | 初動1枚表 |
| 出口 | consultation-referralへ | 本記事へ | 例えば7/19（土）workplace-bullying——7/26（土）本記事要件表——8/2（土）一人完結10問——consultation-referral記事——の順が定番です。2記事を混同すると初動は分かっても窓口整備要件が曖昧になります。",,,,,ハラスメント相談窓口に必要な要件は？,相談者が安心して利用でき、秘密保持と迅速対応が担保された体制として整備するのが正解です。例えば7/19（土）演習10問——「秘密保持なしで全社共有」——選択肢は誤答——7/26（土）本記事要件表——確認——同分野10問解き直し——50問120分·70点·7領域がII種の形式です。,本記事と相談·紹介記事の違いは？,本記事はハラスメント相談窓口·迅速調査·秘密保持の体制要件、consultation-referral記事は相談·紹介5ステップ·フォロー継続の手順正本に特化します。たとえば7/26（土）本記事要件表——8/2（土）consultation-referral記事——5ステップ表確認——紹介後フォロー10問——解き直し——してください。I種は合計105点以上（うち論述25点以上）が基準でII種70点とは異なります。,本記事と職場いじめ記事の違いは？,本記事は相談窓口整備·迅速調査·秘密保持の体制要件、workplace-bullying記事はパワハラ以外のいじめ·管理監督者の初動·再発防止に特化します。例えば7/19（土）workplace-bullying——7/26（土）本記事要件表——8/2（土）一人完結10問——の順が定番です。領域⑥基礎はfield-limit-basics記事——70点の詳細はpass-score記事——で確認してください。,,,workplace-bullying:職場いじめ;consultation-referral:相談·紹介;pass-score:合格点,相談窓口;迅速調査;秘密保持;領域③⑥;50問70点
health-promotion-plan,試験概要,メンタルヘルス・マネジメント検定II種の健康保持増進計画·健康経営,メンタルヘルスII種の健康保持増進計画·健康経営公式情報。PDCA·役割分担を表に整理。メンタルヘルス・マネジメント検定II種の職場環境改善とPDCA・メンタルヘルス・マネジメント検定II種のストレスチェック制度連携·領域③⑥も解説。,メンタルヘルス・マネジメント検定II種（ラインケア）の健康保持増進計画と健康経営は、50問·7領域の領域③職場環境·領域⑥相談·支援体制で数値目標や施策の羅列より誰が何を担うかの理解が四択で問われる論点の公式情報です。PDCA·ストレスチェック結果の活かし方はメンタルヘルス・マネジメント検定II種の職場環境改善とPDCAの記事、ストレスチェック制度はメンタルヘルス・マネジメント検定II種のストレスチェック制度と役割分担します。公式情報は大阪商工会議所（https://www.mental-health.ne.jp/about/）の試験のご紹介です。,55,健康経営;健康保持増進;職場改善,メンタルヘルス二種マスター編集部,メンタルヘルス・マネジメント検定II種向けの学習コンテンツを整理する編集チーム,公式情報確認担当,公開前に大阪商工会議所の公式ページ・受験要項と照合,2026-06-06,試験のご紹介（公式）|https://www.mental-health.ne.jp/about/,手書きリライト 2026-06-06。自動prose差し替え 2026-06-04（要手書き）。健康保持増進計画・健康経営とメンタルヘルス。;retire_redirect:study-plan,本記事を読むと、たとえば演習10問·健康経営5問中2問正解の場合に、健康保持増進計画·PDCA表とメンタルヘルス・マネジメント検定II種の職場環境改善とPDCA・メンタルヘルス・マネジメント検定II種のストレスチェック制度との使い分けが分かり、領域③⑥で得点できます。,健康保持増進計画·PDCA4段階表を1枚にまとめる;演習10問·健康経営·健康保持増進分野を解き誤答理由を記録する;「数値目標のみ·役割不明」誤答5問を7日後に解き直す;メンタルヘルス・マネジメント検定II種の職場環境改善とPDCAの記事でPDCA·集団分析を確認する;メンタルヘルス・マネジメント検定II種のストレスチェック制度の記事で50人以上·面接指導体制を確認する,試験要項や公式ページが更新されたタイミングで本文と参照元を見直します。,2026-06-06,2026-06-29,2026-06-06,archived,2026-06-12: archived（guide retire p1·study-planへ統合）,健康保持増進計画の全体像（領域③⑥·健康経営·50問）,試験直前は睡眠を削りすぎないことが得点維持に効きます。暗記の詰め込みより、誤答ノートの確認と持ち物・会場の準備を優先してください。 健康保持増進計画·健康経営で不安な領域は、用語10語だけピックアップして見直す程度に留めるとメンタル面も安定しやすいです。「健康保持増進計画の全体像（領域③⑥·健康経営·50問）」では。健康保持増進計画·健康経営について公式テキストの該当章を開き、条文の主体・期限・数値を演習問題とセットで押さえて定着を確認します。数値・日程は試験のご紹介（公式）の最新要項で必ず照合してください。,健康経営とPDCAサイクル表（施策·数値目標·役割分担）,試験直前は睡眠を削りすぎないことが得点維持に効きます。暗記の詰め込みより、誤答ノートの確認と持ち物・会場の準備を優先してください。 健康保持増進計画·健康経営で不安な領域は、用語10語だけピックアップして見直す程度に留めるとメンタル面も安定しやすいです。「健康経営とPDCAサイクル表（施策·数値目標·役割分担）」では。健康保持増進計画·健康経営について公式テキストの該当章を開き、条文の主体・期限・数値を演習問題とセットで押さえて定着を確認します。数値・日程は試験のご紹介（公式）の最新要項で必ず照合してください。,健康保持増進計画の策定·実施表（誰が何を担うか）,試験直前は睡眠を削りすぎないことが得点維持に効きます。暗記の詰め込みより、誤答ノートの確認と持ち物・会場の準備を優先してください。 健康保持増進計画·健康経営で不安な領域は、用語10語だけピックアップして見直す程度に留めるとメンタル面も安定しやすいです。「健康保持増進計画の策定·実施表（誰が何を担うか）」では。健康保持増進計画·健康経営について公式テキストの該当章を開き、条文の主体・期限・数値を演習問題とセットで押さえて定着を確認します。数値・日程は試験のご紹介（公式）の最新要項で必ず照合してください。,健康経営の頻出誤答表（数値のみ·役割不明·PDCA欠如）,試験直前は睡眠を削りすぎないことが得点維持に効きます。暗記の詰め込みより、誤答ノートの確認と持ち物・会場の準備を優先してください。 健康保持増進計画·健康経営で不安な領域は、用語10語だけピックアップして見直す程度に留めるとメンタル面も安定しやすいです。「健康経営の頻出誤答表（数値のみ·役割不明·PDCA欠如）」では。健康保持増進計画·健康経営について公式テキストの該当章を開き、条文の主体・期限・数値を演習問題とセットで押さえて定着を確認します。数値・日程は試験のご紹介（公式）の最新要項で必ず照合してください。,関連ガイドとの使い分け,数値・日程・合格基準は年度で更新されるため、学習前と申込前には試験のご紹介（公式）の最新案内を確認してください。演習で健康保持増進計画·健康経営に関する設問を解いたら。正解理由と誤答肢の違いを短くメモし、用語解説・比較表・よくある誤答タブで似た論点を比較表で整理すると定着しやすくなります。 関連記事は役割が重ならないよう、概要→形式→学習計画の順で読むと迷いにくくなります。数値・日程・合格基準は年度で更新されるため、学習前と申込前には大阪商工会議所の最新案内を確認してください。,,,,,健康保持増進計画で試験に出るポイントは何ですか？,「健康保持増進計画で試験に出るポイントは何ですか？」については、メンタルヘルス・マネジメント検定II種（ラインケア）の健康保持増進計画と健康経営は。50問·7領域の領域③職場環境·領域⑥相談·支援体制で数値目標や施策の羅列より誰が何を担うかの理解が四択で問われる…。最新の公式要項と照合する。本記事の公式数値表で確認する。,本記事とメンタルヘルス・マネジメント検定II種の職場環境改善とPDCAはどう使い分けますか？,「本記事とメンタルヘルス・マネジメント検定II種の職場環境改善とPDCAは」は過去問演習で出題形式を把握し、正答後に用語解説で論点を復習する。過去問1問の正答理由をノートに記録して復習する。正答後は関連条文を開く。本記事関連の過去問1問で正答率を記録する。,メンタルヘルス・マネジメント検定II種のストレスチェック制度は健康経営学習にどう使いますか？,「メンタルヘルス・マネジメント検定II種のストレスチェック制度は健康経営学」の整理後は演習10問·健康経営·健康保持増進分野を解き誤答理由を記録する。同テーマを1週間後に解き直して定着を確認する。混同しやすい近義語を比較表の左右に整理する。本記事の誤答肢を比較表に整理する。,,,workplace-improvement:職場改善;work-life-balance:WLB;pass-score:合格点,健康保持増進計画;健康経営;PDCA;領域③⑥;50問70点
retake-exam-guide,独学対策,メンタルヘルス・マネジメント検定II種の不合格からの再受験,メンタルヘルスII種の不合格から再受験。領域別弱点·70点ギャップを表に整理。メンタルヘルス・マネジメント検定II種の再受験の日程調整・メンタルヘルス・マネジメント検定II種の再受験の戦略連携も解説。,メンタルヘルス・マネジメント検定II種（ラインケア）の不合格からの再受験は、不合格発表後に7領域別正答率を洗い出し、70点合格ラインとの得点差（ギャップ）を1枚の表にまとめ学習を立て直す作業です。日程逆算はメンタルヘルス・マネジメント検定II種の再受験の日程調整の記事、再挑戦の全体戦略はメンタルヘルス・マネジメント検定II種の再受験の戦略と役割分担します。公式情報は大阪商工会議所（https://www.mental-health.ne.jp/about/）の受験要項です。,54,再受験;不合格;学習法,メンタルヘルス二種マスター編集部,メンタルヘルス・マネジメント検定II種向けの学習コンテンツを整理する編集チーム,公式情報確認担当,公開前に大阪商工会議所の公式ページ・受験要項と照合,2026-06-06,試験のご紹介（公式）|https://www.mental-health.ne.jp/about/,手書きリライト 2026-06-06。自動prose差し替え 2026-06-04（要手書き）。不合格からの再受験｜弱点の洗い出しと学習の立て直し。;retire_redirect:study-plan,本記事を読むと、たとえば不合格·68点·領域③50％·得点差2点の場合に、7領域弱点表と70点ギャップの回収設計が分かり、再受験の学習立て直しができます。,不合格発表後に7領域正答率·得点差を1枚に記録する;55％未満の領域1つに週20問を2週集中する;得点差5点以内を目標に弱点演習を開始する;メンタルヘルス・マネジメント検定II種の再受験の日程調整の記事で再受験日程を逆算する;メンタルヘルス・マネジメント検定II種の再受験の戦略の記事で再挑戦の全体戦略を確認する,試験要項や公式ページが更新されたタイミングで本文と参照元を見直します。,2026-06-06,2026-06-29,2026-06-06,archived,2026-06-12: archived（guide retire p2·study-planへ統合）,不合格後の弱点洗い出し（7領域·70点ギャップ）,合格率・合格点は試験のご紹介（公式）の統計・要項で確認します。数字だけで難易度を判断せず、自分の演習得点と弱点分野を合わせて見積もってください。 不合格からの再受験の学習時間は、7領域のバランスと仕事の繁忙期を考慮して設定します。「不合格後の弱点洗い出し（7領域·70点ギャップ）」では。不合格からの再受験について公式テキストの該当章を開き、条文の主体・期限・数値を演習問題とセットで押さえて定着を確認します。数値・日程は試験のご紹介（公式）の最新要項で必ず照合してください。,7領域別弱点の優先順位と演習配分表,不合格からの再受験の理解度は、関連する演習問題で確認するのが効率的です。1問解くごとに「根拠はテキストのどの章か」をメモすると、復習時に該当ページへすぐ戻れます。 同じ問題を時間を空けて解き直し、言い換え選択肢でも正解できるかまで確認してください。二回連続正解でも、条件を1語変えた肢で誤答する場合は、用語の定義がまだ曖昧なサインです。「7領域別弱点の優先順位と演習配分表」では。不合格からの再受験について公式テキストの該当章を開き、条文の主体・期限・数値を演習問題とセットで押さえて定着を確認します。数値・日程は試験のご紹介（公式）の最新要項で必ず照合してください。,70点ギャップ回収の設計表,数値・日程・合格基準は年度で更新されるため、学習前と申込前には試験のご紹介（公式）の最新案内を確認してください。演習で不合格からの再受験に関する設問を解いたら。正解理由と誤答肢の違いを短くメモし、用語解説・比較表・よくある誤答タブで似た論点を比較表で整理すると定着しやすくなります。 表をノートに転記したら、演習10問で理解を確認し、誤答は公式テキスト該当章で読み直してください。数値・日程・合格基準は年度で更新されるため、学習前と申込前には大阪商工会議所の最新案内を確認してください。,学習立て直しの4週間プラン表,数値・日程・合格基準は年度で更新されるため、学習前と申込前には試験のご紹介（公式）の最新案内を確認してください。演習で不合格からの再受験に関する設問を解いたら。正解理由と誤答肢の違いを短くメモし、用語解説・比較表・よくある誤答タブで似た論点を比較表で整理すると定着しやすくなります。 表をノートに転記したら、演習10問で理解を確認し、誤答は公式テキスト該当章で読み直してください。数値・日程・合格基準は年度で更新されるため、学習前と申込前には大阪商工会議所の最新案内を確認してください。,関連ガイドとの使い分け,数値・日程・合格基準は年度で更新されるため、学習前と申込前には試験のご紹介（公式）の最新案内を確認してください。演習で不合格からの再受験に関する設問を解いたら。正解理由と誤答肢の違いを短くメモし、用語解説・比較表・よくある誤答タブで似た論点を比較表で整理すると定着しやすくなります。 関連記事は役割が重ならないよう、概要→形式→学習計画の順で読むと迷いにくくなります。数値・日程・合格基準は年度で更新されるため、学習前と申込前には大阪商工会議所の最新案内を確認してください。,,,,,不合格68点の場合、何を優先して立て直しますか？,「不合格68点の場合、何を優先して立て直しますか」はメンタルヘルス・マネジメント検定II種の公式テキスト該当章と試験のご紹介（公式）で確認するのが確実です。不合格からの再受験では、条文の要件（誰が・いつ・何を）を演習問題とセットで押さえてください。,70点ギャップ2点の回収方法は？,「70点ギャップ2点の回収方法は」はメンタルヘルス・マネジメント検定II種の公式テキスト該当章と試験のご紹介（公式）で確認するのが確実です。不合格からの再受験では、条文の要件（誰が・いつ・何を）を演習問題とセットで押さえてください。,本記事とメンタルヘルス・マネジメント検定II種の再受験の戦略はどう使い分けますか？,読了後は、不合格からの再受験の関連する演習を5問以上解き、間違えた選択肢を用語解説で確認してから関連ガイドへ進んでください。1週間後の解き直し日をカレンダーに入れると定着しやすくなります。数値・主体・手順は大阪商工会議所の最新案内と照合してください。,,,retake-strategy:再受験戦略;pass-score:合格点,再受験;領域別弱点;70点ギャップ;学習立て直し;7領域
chapter1-basics-review,出題・形式,メンタルヘルス・マネジメント検定II種｜第1章・基礎・役割の総復習｜領域①と4つのケア,メンタルヘルスII種の第1章総復習。領域①·4つのケアを表に整理。メンタルヘルス・マネジメント検定II種の基礎・役割の基礎・メンタルヘルス・マネジメント検定II種の4つのケア（セルフ・ライン・事業場内・外）一覧連携も解説。,メンタルヘルス・マネジメント検定II種（ラインケア）の第1章·基礎·役割の総復習は、50問·7領域の領域①で法令·管理監督者の役割·4つのケアが四択で問われる論点の公式情報です。領域①の詳細論点はメンタルヘルス・マネジメント検定II種の基礎・役割の基礎の記事、4ケア一覧はメンタルヘルス・マネジメント検定II種の4つのケア（セルフ・ライン・事業場内・外）一覧と役割分担します。公式情報は大阪商工会議所（https://www.mental-health.ne.jp/about/）の公式テキスト第1章です。,53,第1章;基礎・役割;総復習,メンタルヘルス二種マスター編集部,メンタルヘルス・マネジメント検定II種向けの学習コンテンツを整理する編集チーム,公式情報確認担当,公開前に大阪商工会議所の公式ページ・受験要項と照合,2026-06-06,試験のご紹介（公式）|https://www.mental-health.ne.jp/about/,手書きリライト 2026-06-06。自動prose差し替え 2026-06-04（要手書き）。第1章・基礎・役割の総復習｜法令と管理監督者の役割。;retire_redirect:study-plan,本記事を読むと、たとえば演習20問·第1章8問中4問正解の場合に、領域①の法令·4つのケア·管理監督者役割の総復習表とメンタルヘルス・マネジメント検定II種の基礎・役割の基礎・メンタルヘルス・マネジメント検定II種の4つのケア（セルフ・ライン・事業場内・外）一覧との使い分けが分かり、70点合格の基礎得点源として整理できます。,4つのケア表を1枚にまとめて暗記する;演習20問·第1章分野を解き誤答理由を記録する;「管理監督者が診断」誤答パターンを10問解き直す;メンタルヘルス・マネジメント検定II種の基礎・役割の基礎の記事で領域①論点表を確認する;メンタルヘルス・マネジメント検定II種の4つのケア（セルフ・ライン・事業場内・外）一覧の記事で4ケア連携表を確認する,試験要項や公式ページが更新されたタイミングで本文と参照元を見直します。,2026-06-06,2026-06-29,2026-06-06,archived,2026-06-12: archived（guide retire p1·study-planへ統合）,第1章·基礎·役割の総復習（領域①·50問·7領域）,解き直しは、当日・3日後・1週間後の間隔を空けると記憶の定着を確認しやすくなります。ブラウザの復習機能やブックマーク一覧を「領域①と4つのケア関連」でフィルタし、優先順位を付けてください。 2回連続で正解できても、解説を読まずに選んだ問題は三回目も解き直し対象にします。「なぜ正解か」を言語化できるまでが、本番レベルの理解です。「第1章·基礎·役割の総復習（領域①·50問·7領域）」では。領域①と4つのケアについて公式テキストの該当章を開き、条文の主体・期限・数値を演習問題とセットで押さえて定着を確認します。数値・日程は試験のご紹介（公式）の最新要項で必ず照合してください。,4つのケア総復習表（気づき·配慮·相談·改善）,解き直しは、当日・3日後・1週間後の間隔を空けると記憶の定着を確認しやすくなります。ブラウザの復習機能やブックマーク一覧を「領域①と4つのケア関連」でフィルタし、優先順位を付けてください。 2回連続で正解できても、解説を読まずに選んだ問題は三回目も解き直し対象にします。「なぜ正解か」を言語化できるまでが、本番レベルの理解です。「4つのケア総復習表（気づき·配慮·相談·改善）」では。領域①と4つのケアについて公式テキストの該当章を開き、条文の主体・期限・数値を演習問題とセットで押さえて定着を確認します。数値・日程は試験のご紹介（公式）の最新要項で必ず照合してください。,法令·管理監督者役割の要点表（安全配慮·主体分担）,管理監督者は、領域①と4つのケアの場面で「早期発見・傾聴・安全配慮・記録・専門職連携・職場環境改善」のバランスを取る主体として問われます。医学的診断や治療判断は医師の領域であり、管理監督者単独では行いません。 演習では「何をすべきか／すべきでないか」の二択に見える問題でも、プライバシー保護と業務上必要な情報共有の線引きがポイントになることが多いです。「法令·管理監督者役割の要点表（安全配慮·主体分担）」では。領域①と4つのケアについて公式テキストの該当章を開き、条文の主体・期限・数値を演習問題とセットで押さえて定着を確認します。数値・日程は試験のご紹介（公式）の最新要項で必ず照合してください。,第1章頻出誤答表（診断代行·個票開示·主体混同）,数値・日程・合格基準は年度で更新されるため、学習前と申込前には試験のご紹介（公式）の最新案内を確認してください。演習で領域①と4つのケアに関する設問を解いたら。正解理由と誤答肢の違いを短くメモし、用語解説・比較表・よくある誤答タブで似た論点を比較表で整理すると定着しやすくなります。 表をノートに転記したら、演習10問で理解を確認し、誤答は公式テキスト該当章で読み直してください。数値・日程・合格基準は年度で更新されるため、学習前と申込前には大阪商工会議所の最新案内を確認してください。,関連ガイドとの使い分け,数値・日程・合格基準は年度で更新されるため、学習前と申込前には試験のご紹介（公式）の最新案内を確認してください。演習で領域①と4つのケアに関する設問を解いたら。正解理由と誤答肢の違いを短くメモし、用語解説・比較表・よくある誤答タブで似た論点を比較表で整理すると定着しやすくなります。 関連記事は役割が重ならないよう、概要→形式→学習計画の順で読むと迷いにくくなります。数値・日程・合格基準は年度で更新されるため、学習前と申込前には大阪商工会議所の最新案内を確認してください。,,,,,第1章は50問中どの程度出題されますか？,「第1章は50問中どの程度出題されますか」はメンタルヘルス・マネジメント検定II種の公式テキスト該当章と試験のご紹介（公式）で確認するのが確実です。領域①と4つのケアでは、条文の要件（誰が・いつ・何を）を演習問題とセットで押さえてください。,4つのケアと管理監督者の役割はどう対応しますか？,「4つのケアと管理監督者の役割はどう対応しますか」はメンタルヘルス・マネジメント検定II種の公式テキスト該当章と試験のご紹介（公式）で確認するのが確実です。領域①と4つのケアでは、条文の要件（誰が・いつ・何を）を演習問題とセットで押さえてください。,本記事とメンタルヘルス・マネジメント検定II種の基礎・役割の基礎はどう使い分けますか？,読了後は、領域①と4つのケアの関連する演習を5問以上解き、間違えた選択肢を用語解説で確認してから関連ガイドへ進んでください。1週間後の解き直し日をカレンダーに入れると定着しやすくなります。数値・主体・手順は大阪商工会議所の最新案内と照合してください。,,,field-law-basics:基礎·役割;four-types-care:4つのケア;pass-score:合格点,第1章;領域①;4つのケア;管理監督者;50問70点
consultation-referral,分野別対策,メン管II種·相談·紹介【5ステップ·フォロー継続】,メンタルヘルス・マネジメント検定II種（ラインケア）の相談·紹介の流れ。管理監督者の5ステップ·フォロー継続を表に整理し、相談·連携基礎記事との2列比較で具体例解説します。,メンタルヘルス・マネジメント検定II種（ラインケア）の相談・紹介は、管理監督者が相談受付から傾聴・記録、専門機関への紹介、受診の促し、そしてフォローアップへとつなぐ一連の流れを扱う論点です。「紹介して終わり」ではなく支援を継続する姿勢が正解の鍵になります。本記事では5つのステップの手順と、紹介先ごとの役割分担、フォローの続け方を整理します。相談対応の出題傾向は大阪商工会議所の公式要項でもご確認ください。,52,相談;紹介;連携,メンタルヘルス二種マスター編集部,メンタルヘルス・マネジメント検定II種向けの学習コンテンツを整理する編集チーム,公式情報確認担当,公開前に大阪商工会議所の公式ページ・受験要項と照合,2026-06-13,試験のご紹介（公式）|https://www.mental-health.ne.jp/about/,手書きリライト 2026-06-06。自動prose差し替え 2026-06-04（要手書き）。相談・紹介の流れ｜専門機関へつなぐときのポイント。,本記事を読むと、相談·紹介5ステップが分かり、たとえば「8/9 5ステップ表→演習10問5問中3問→8/16 フォロー10問→70％」まで今日から再現でき、相談·連携基礎記事との使い分けも表で把握できます。,相談·紹介の5ステップを1枚の表に整理する;演習10問·相談対応分野を解き誤答理由を記録する;「紹介後放置」誤答10問を7日後に解き直す;field-limit-basics記事で領域⑤⑥⑦基礎を確認する;health-nurse-role記事で産業医·保健師連携を確認する,試験要項や公式ページが更新されたタイミングで本文と参照元を見直します。,2026-06-13,2026-06-29,2026-06-13,published,2026-06-12: 編集合格（手書きリライト·具体例·v2）,相談·紹介5ステップ：全体像,"II種ラインケアの相談·紹介は、50問·7領域の相談対応から頻出です。5ステップの順序が試験の焦点です。

相談・紹介は領域⑤（労働者からの相談への対応）の中心テーマです。管理監督者は、相談の受付から傾聴・記録、専門機関への紹介、紹介後のフォローまでを一連の流れとして担います。試験では各ステップの順序や、どこまでが管理監督者の役割かが問われるため、5ステップを主体とセットで覚えます。

| ステップ | 内容 | 主体 |
| --- | --- | --- |
| 1 | 相談の受け止め | 管理監督者 |
| 2 | 傾聴·記録 | 管理監督者 |
| 3 | 専門機関紹介 | 管理監督者 |
| 4 | 受診·相談の促し | 本人·専門職 |
| 5 | フォローアップ | 管理監督者 |",ステップ1〜2：相談入口と傾聴·記録,"相談の入口では傾聴·安全配慮が最優先です。医学的診断·詳細病歴の記録は行いません。

相談の入口では、本人の話を否定せずに聴く傾聴と安全への配慮が最優先です。管理監督者が医学的な診断を下したり詳細な病歴を細かく記録したりすることは役割ではありません。事実の把握と本人の意向の確認にとどめ、必要に応じて専門職につなぐのが正解です。

| 行動 | 正解 | 誤答 |
| --- | --- | --- |
| 初回面談 | 傾聴·様子見 | 即座に診断 |
| 記録 | 要点のみ | 詳細な病歴 |
| 約束 | 守秘·支援継続 | 放り出し |
| 連携 | 産業医·EAP | 一人対応 |",ステップ3〜4：専門機関紹介と受診促し,"紹介は「放り出す」ではなく支援の継続が正解です。EAP·産業医·医療機関が紹介先です。

専門機関への紹介は「本人を放り出す」ことではなく、支援を継続する行為として位置づけられます。紹介先には産業医・保健師などの事業場内資源や、EAP・医療機関などの事業場外資源があり、状況に応じて適切な窓口へつなぎます。受診を強制するのではなく、本人が相談・受診しやすいよう促すのが管理監督者の役割です。

| 紹介先 | 役割 | 管理監督者 |
| --- | --- | --- |
| EAP | 外部相談 | 案内·フォロー |
| 産業医 | 意見·助言 | 情報共有·連携 |
| 医療機関 | 診断·治療 | 受診促し |
| 人事·総務 | 制度利用 | 必要最小限 |",ステップ5：紹介後のフォローアップ,"紹介後も管理監督者は安全配慮·職場環境のフォローを継続するのが正解です。

紹介した後も、管理監督者は就業上の配慮や職場環境のフォローを継続します。紹介した時点で関与を終えてしまう対応は誤答の典型です。専門職と情報を共有しながら、本人が働き続けやすい状態を保つよう、一定期間は継続的に状況を確認します。

| フォロー | 内容 | 頻度目安 |
| --- | --- | --- |
| 面談 | 様子確認·傾聴 | 2週に1回 |
| 業務 | 量·役割の調整 | 必要に応じ |
| 連携 | 産業医報告 | 月1回 |
| 記録 | 要点のみ | 面談後 |",field-limit-basics記事との2列比較表,"相談5ステップ詳細と領域⑤⑥⑦基礎は2記事で分担します。本記事は5ステップ手順·紹介先別の役割·フォロー継続、field-limit-basics記事は領域⑤⑥⑦·相談·連携·復職支援の基礎論点に特化します。

本記事は相談・紹介の5ステップと紹介先ごとの役割、フォロー継続という「手順の詳細」を扱い、field-limit-basics記事は領域⑤⑥⑦全体の基礎（相談・連携・復職支援）を扱います。まず領域の基礎を押さえ、本記事で相談対応の手順を深掘りすると理解がつながります。

| 論点 | 相談·紹介（本記事） | 相談·連携基礎記事 |
| --- | --- | --- |
| 焦点 | 5ステップ手順 | 領域⑤⑥⑦基礎 |
| 時期 | 相談フロー深掘り | 第5〜7章1周目 |
| 成果物 | 5ステップ1枚表 | ⑤⑥⑦論点表 |
| 出口 | return-to-workへ | 本記事へ | 2記事を混同すると基礎論点は分かっても相談手順が曖昧になります。",,,,,相談·紹介で管理監督者の関与はいつ終わりますか？,専門機関へ紹介した後も、管理監督者は安全への配慮やフォロー面談を継続するのが正解です。紹介は本人を放り出すことではなく、支援を続ける行為として位置づけられます。紹介した時点で関与を終える選択肢は誤答になります。,EAPと産業医はどちらを先に紹介しますか？,どちらを先に紹介するかは、相談の内容や社内の制度によって異なります。共通するのは、産業医・EAPのいずれにつなぐ場合でも「紹介＝放り出す」ではなく、就業上の配慮やフォローを継続することが正解パターンだという点です。,本記事と相談·連携基礎記事の違いは？,本記事は相談・紹介の5ステップという手順の詳細と、紹介後のフォロー継続を扱います。field-limit-basics記事は、相談・連携・復職支援を含む領域⑤⑥⑦全体の基礎を扱うため、領域の基礎を押さえてから本記事で相談対応の手順を深掘りすると効果的です。,,,field-limit-basics:相談·連携基礎;return-to-work:職場復帰;pass-score:合格点,相談入口;専門機関紹介;フォローアップ;傾聴連携;7領域
safety-consideration,用語ハブ活用法,メンタルヘルス・マネジメント検定II種の安全配慮義務,メンタルヘルスII種の安全配慮義務公式情報。管理監督者の範囲·限界を表に整理。メンタルヘルス・マネジメント検定II種の職場での自殺念慮・自殺対策・メンタルヘルス・マネジメント検定II種の相談·紹介の流れ連携·領域④⑤も解説。,メンタルヘルス・マネジメント検定II種（ラインケア）の安全配慮義務は、50問·7領域の領域④個別配慮·領域⑤相談対応で管理監督者が担う範囲と医学的診断·治療代行など不可な限界が問われる論点の公式情報です。自殺念慮の危機対応はメンタルヘルス・マネジメント検定II種の職場での自殺念慮・自殺対策の記事、相談·紹介5ステップはメンタルヘルス・マネジメント検定II種の相談·紹介の流れと役割分担します。公式情報は大阪商工会議所（https://www.mental-health.ne.jp/about/）の試験のご紹介です。,51,安全配慮義務;労働契約法;管理監督者,メンタルヘルス二種マスター編集部,メンタルヘルス・マネジメント検定II種向けの学習コンテンツを整理する編集チーム,公式情報確認担当,公開前に大阪商工会議所の公式ページ・受験要項と照合,2026-06-06,試験のご紹介（公式）|https://www.mental-health.ne.jp/about/,手書きリライト 2026-06-06。自動prose差し替え 2026-06-04（要手書き）。安全配慮義務とは？管理監督者が押さえる範囲と限界。;retire_redirect:glossary-how-to,本記事を読むと、たとえば演習10問·安全配慮5問中2問正解の場合に、管理監督者の安全配慮範囲·限界表とメンタルヘルス・マネジメント検定II種の職場での自殺念慮・自殺対策・メンタルヘルス・マネジメント検定II種の相談·紹介の流れとの使い分けが分かり、領域④⑤で得点できます。,安全配慮義務の定義·管理監督者の範囲·限界表を1枚にまとめる;演習10問·安全配慮設問を解き診断代行の誤答理由を記録する;メンタルヘルス・マネジメント検定II種の職場での自殺念慮・自殺対策の記事で自殺念慮·不可行動表を確認する;メンタルヘルス・マネジメント検定II種の相談·紹介の流れの記事で相談·紹介5ステップを確認する;「管理監督者が診断代行」誤答5問を7日後に解き直す,試験要項や公式ページが更新されたタイミングで本文と参照元を見直します。,2026-06-06,2026-06-29,2026-06-06,archived,2026-06-12: archived（guide retire p2·glossary-how-toへ統合）,安全配慮義務の全体像（領域④⑤·50問·7領域）,数値・日程・合格基準は年度で更新されるため、学習前と申込前には試験のご紹介（公式）の最新案内を確認してください。演習で安全配慮義務に関する設問を解いたら。正解理由と誤答肢の違いを短くメモし、用語解説・比較表・よくある誤答タブで似た論点を比較表で整理すると定着しやすくなります。 演習10問を解き、解説で参照条文を公式テキストで開いて読み返してください。数値・日程・合格基準は年度で更新されるため、学習前と申込前には大阪商工会議所の最新案内を確認してください。,管理監督者が担う安全配慮の範囲表,管理監督者は、安全配慮義務の場面で「早期発見・傾聴・安全配慮・記録・専門職連携・職場環境改善」のバランスを取る主体として問われます。医学的診断や治療判断は医師の領域であり、管理監督者単独では行いません。 演習では「何をすべきか／すべきでないか」の二択に見える問題でも、プライバシー保護と業務上必要な情報共有の線引きがポイントになることが多いです。「管理監督者が担う安全配慮の範囲表」では。安全配慮義務について公式テキストの該当章を開き、条文の主体・期限・数値を演習問題とセットで押さえて定着を確認します。数値・日程は試験のご紹介（公式）の最新要項で必ず照合してください。用語一覧は /terms/ から分野別に開き、比較表で関連論点を整理してください。,管理監督者の限界·不可な行動表（診断·治療·過度対応）,管理監督者は、安全配慮義務の場面で「早期発見・傾聴・安全配慮・記録・専門職連携・職場環境改善」のバランスを取る主体として問われます。医学的診断や治療判断は医師の領域であり、管理監督者単独では行いません。 演習では「何をすべきか／すべきでないか」の二択に見える問題でも、プライバシー保護と業務上必要な情報共有の線引きがポイントになることが多いです。「管理監督者の限界·不可な行動表（診断·治療·過度対応）」では。安全配慮義務について公式テキストの該当章を開き、条文の主体・期限・数値を演習問題とセットで押さえて定着を確認します。数値・日程は試験のご紹介（公式）の最新要項で必ず照合してください。用語一覧は /terms/ から分野別に開き、比較表で関連論点を整理してください。,安全配慮の頻出誤答表（主体·手順·情報開示）,数値・日程・合格基準は年度で更新されるため、学習前と申込前には試験のご紹介（公式）の最新案内を確認してください。演習で安全配慮義務に関する設問を解いたら。正解理由と誤答肢の違いを短くメモし、用語解説・比較表・よくある誤答タブで似た論点を比較表で整理すると定着しやすくなります。 表をノートに転記したら、演習10問で理解を確認し、誤答は公式テキスト該当章で読み直してください。数値・日程・合格基準は年度で更新されるため、学習前と申込前には大阪商工会議所の最新案内を確認してください。,関連ガイドとの使い分け,数値・日程・合格基準は年度で更新されるため、学習前と申込前には試験のご紹介（公式）の最新案内を確認してください。演習で安全配慮義務に関する設問を解いたら。正解理由と誤答肢の違いを短くメモし、用語解説・比較表・よくある誤答タブで似た論点を比較表で整理すると定着しやすくなります。 関連記事は役割が重ならないよう、概要→形式→学習計画の順で読むと迷いにくくなります。数値・日程・合格基準は年度で更新されるため、学習前と申込前には大阪商工会議所の最新案内を確認してください。,,,,,安全配慮義務で管理監督者が診断する選択肢はなぜ誤答ですか？,管理監督者は医学的診断を行いません。不調の気づき、傾聴、安全配慮、記録、専門職連携、職場環境改善が役割の中心です。復帰可否の最終判断は主治医の意見等を踏まえ、人事・産業医と連携して行います。数値・主体・手順は大阪商工会議所の最新案内と照合してください。,本記事とメンタルヘルス・マネジメント検定II種の職場での自殺念慮・自殺対策はどう使い分けますか？,「本記事とメンタルヘルス・マネジメント検定II種の職場での自殺念慮・自殺対策はどう使い分けますか」はメンタルヘルス・マネジメント検定II種の公式テキスト該当章と試験のご紹介（公式）で確認するのが確実です。安全配慮義務では、条文の要件（誰が・いつ・何を）を演習問題とセットで押さえてください。,安全配慮とメンタルヘルス・マネジメント検定II種の相談·紹介の流れの関係は？,読了後は、安全配慮義務の関連する演習を5問以上解き、間違えた選択肢を用語解説で確認してから関連ガイドへ進んでください。1週間後の解き直し日をカレンダーに入れると定着しやすくなります。数値・主体・手順は大阪商工会議所の最新案内と照合してください。,,,suicide-response:自殺念慮;consultation-referral:相談·紹介;field-rights-basics:職場環境基礎;pass-score:合格点,安全配慮義務;管理監督者;範囲·限界;領域④⑤;50問70点
line-care,用語ハブ活用法,メンタルヘルス・マネジメント検定II種,メンタルヘルスII種のラインケア公式情報。4つのケア·管理監督者役割を表に整理。メンタルヘルス・マネジメント検定II種の4つのケア（セルフ・ライン・事業場内・外）一覧・メンタルヘルス・マネジメント検定II種・メンタルヘルス・マネジメント検定II種の傾聴・アクティブリスニング連携·領域①も解説。,メンタルヘルス・マネジメント検定II種（ラインケア）のラインケアとは、50問·7領域の第1領域で管理監督者が担う4つのケアの中核であり、傾聴·安全配慮·内外ケア連携が四択で問われる論点の公式情報です。4つのケア一覧はメンタルヘルス・マネジメント検定II種の4つのケア（セルフ・ライン・事業場内・外）一覧の記事、傾聴手順はメンタルヘルス・マネジメント検定II種の傾聴・アクティブリスニング、事業場外（EAP）連携はメンタルヘルス・マネジメント検定II種と役割分担します。公式情報は大阪商工会議所（https://www.mental-health.ne.jp/about/）の試験のご紹介です。,50,ラインケア;重要論点;管理監督者,メンタルヘルス二種マスター編集部,メンタルヘルス・マネジメント検定II種向けの学習コンテンツを整理する編集チーム,公式情報確認担当,公開前に大阪商工会議所の公式ページ・受験要項と照合,2026-06-06,試験のご紹介（公式）|https://www.mental-health.ne.jp/about/,手書きリライト 2026-06-06。自動prose差し替え 2026-06-04（要手書き）。4つのケアの表は試験頻出。用語集の関連語へリンク想定。;retire_redirect:glossary-how-to,本記事を読むと、たとえば演習10問·ラインケア5問中3問正解の場合に、管理監督者の中核役割·内外ケア連携表とメンタルヘルス・マネジメント検定II種の4つのケア（セルフ・ライン・事業場内・外）一覧・メンタルヘルス・マネジメント検定II種の傾聴・アクティブリスニング・メンタルヘルス・マネジメント検定II種との使い分けが分かり、領域①で得点できます。,ラインケア中核役割·内外連携表を1枚にまとめる;演習10問·ラインケア·4ケア分野を解き誤答理由を記録する;「紹介＝支援終了」「上司が診断」誤答5問を7日後に解き直す;メンタルヘルス・マネジメント検定II種の4つのケア（セルフ・ライン・事業場内・外）一覧の記事で4つのケア一覧表を確認する;メンタルヘルス・マネジメント検定II種の傾聴・アクティブリスニングの記事で傾聴手順表を確認する,試験要項や公式ページが更新されたタイミングで本文と参照元を見直します。,2026-06-06,2026-06-29,2026-06-06,archived,2026-06-12: archived（guide retire p2·glossary-how-toへ統合）,ラインケアの定義とII種での位置づけ（領域①·50問·7領域）,数値・日程・合格基準は年度で更新されるため、学習前と申込前には試験のご紹介（公式）の最新案内を確認してください。演習でメンタルヘルス・マネジメント検定II種に関する設問を解いたら。正解理由と誤答肢の違いを短くメモし、用語解説・比較表・よくある誤答タブで似た論点を比較表で整理すると定着しやすくなります。 演習10問を解き、解説で参照条文を公式テキストで開いて読み返してください。数値・日程・合格基準は年度で更新されるため、学習前と申込前には大阪商工会議所の最新案内を確認してください。,管理監督者の中核行動表（傾聴·安全配慮·連携）,管理監督者は。メンタルヘルス・マネジメント検定II種の場面で「早期発見・傾聴・安全配慮・記録・専門職連携・職場環境改善」のバランスを取る主体として問われます。医学的診断や治療判断は医師の領域であり、管理監督者単独では行いません。 演習では「何をすべきか／すべきでないか」の二択に見える問題でも、プライバシー保護と業務上必要な情報共有の線引きがポイントになることが多いです。「管理監督者の中核行動表（傾聴·安全配慮·連携）」では。メンタルヘルス・マネジメント検定II種について公式テキストの該当章を開き、条文の主体・期限・数値を演習問題とセットで押さえて定着を確認します。数値・日程は試験のご紹介（公式）の最新要項で必ず照合してください。用語一覧は /terms/ から分野別に開き、比較表で関連論点を整理してください。,ラインケアと内外ケアの連携表（事業場内·EAP·産業医）,数値・日程・合格基準は年度で更新されるため、学習前と申込前には試験のご紹介（公式）の最新案内を確認してください。演習でメンタルヘルス・マネジメント検定II種に関する設問を解いたら。正解理由と誤答肢の違いを短くメモし、用語解説・比較表・よくある誤答タブで似た論点を比較表で整理すると定着しやすくなります。 関連記事は役割が重ならないよう、概要→形式→学習計画の順で読むと迷いにくくなります。数値・日程・合格基準は年度で更新されるため、学習前と申込前には大阪商工会議所の最新案内を確認してください。,ラインケアの頻出誤答表（診断越境·紹介終了·放置）,数値・日程・合格基準は年度で更新されるため、学習前と申込前には試験のご紹介（公式）の最新案内を確認してください。演習でメンタルヘルス・マネジメント検定II種に関する設問を解いたら。正解理由と誤答肢の違いを短くメモし、用語解説・比較表・よくある誤答タブで似た論点を比較表で整理すると定着しやすくなります。 表をノートに転記したら、演習10問で理解を確認し、誤答は公式テキスト該当章で読み直してください。数値・日程・合格基準は年度で更新されるため、学習前と申込前には大阪商工会議所の最新案内を確認してください。,関連ガイドとの使い分け,数値・日程・合格基準は年度で更新されるため、学習前と申込前には試験のご紹介（公式）の最新案内を確認してください。演習でメンタルヘルス・マネジメント検定II種に関する設問を解いたら。正解理由と誤答肢の違いを短くメモし、用語解説・比較表・よくある誤答タブで似た論点を比較表で整理すると定着しやすくなります。 関連記事は役割が重ならないよう、概要→形式→学習計画の順で読むと迷いにくくなります。数値・日程・合格基準は年度で更新されるため、学習前と申込前には大阪商工会議所の最新案内を確認してください。,,,,,ラインケアで管理監督者の中核行動は何ですか？,「ラインケアで管理監督者の中核行動は何ですか」はメンタルヘルス・マネジメント検定II種の公式テキスト該当章と試験のご紹介（公式）で確認するのが確実です。メンタルヘルス・マネジメント検定II種では、条文の要件（誰が・いつ・何を）を演習問題とセットで押さえてください。,本記事とメンタルヘルス・マネジメント検定II種の4つのケア（セルフ・ライン・事業場内・外）一覧はどう使い分けますか？,「本記事とメンタルヘルス・マネジメント検定II種の4つのケア（セルフ・ライン・事業場内・外）一覧はどう使い分けますか」はメンタルヘルス・マネジメント検定II種の公式テキスト該当章と試験のご紹介（公式）で確認するのが確実です。line careでは、条文の要件（誰が・いつ・何を）を演習問題とセットで押さえてください。,メンタルヘルス・マネジメント検定II種の傾聴・アクティブリスニングとメンタルヘルス・マネジメント検定II種はラインケア学習にどう使いますか？,読了後は、メンタルヘルス・マネジメント検定II種の関連する演習を5問以上解き、間違えた選択肢を用語解説で確認してから関連ガイドへ進んでください。1週間後の解き直し日をカレンダーに入れると定着しやすくなります。数値・主体・手順は大阪商工会議所の最新案内と照合してください。,,,four-types-care:4つのケア;active-listening:傾聴;eap-guide:EAP;pass-score:合格点,ラインケア;管理監督者;4つのケア;領域①;50問70点
power-harassment,用語ハブ活用法,メンタルヘルス・マネジメント検定II種のパワーハラスメント（パワハラ）,メンタルヘルスII種のパワハラ公式情報。防止措置·管理監督者対応を表に整理。メンタルヘルス・マネジメント検定II種・メンタルヘルス・マネジメント検定II種の職場いじめ（職場パワハラ以外）とメンタルヘルス連携·領域③も解説。,メンタルヘルス・マネジメント検定II種（ラインケア）のパワーハラスメント（パワハラ）は、50問·7領域の領域③職場環境で優越的な関係·業務範囲を超えた言動·防止措置·管理監督者の初動対応が問われる論点の公式情報です。相談窓口体制はメンタルヘルス・マネジメント検定II種の記事、パワハラ以外のいじめはメンタルヘルス・マネジメント検定II種の職場いじめ（職場パワハラ以外）とメンタルヘルスと役割分担します。公式情報は大阪商工会議所（https://www.mental-health.ne.jp/about/）の試験のご紹介です。,50,パワハラ;ハラスメント;職場環境,メンタルヘルス二種マスター編集部,メンタルヘルス・マネジメント検定II種向けの学習コンテンツを整理する編集チーム,公式情報確認担当,公開前に大阪商工会議所の公式ページ・受験要項と照合,2026-06-06,試験のご紹介（公式）|https://www.mental-health.ne.jp/about/,手書きリライト 2026-06-06。自動prose差し替え 2026-06-04（要手書き）。パワーハラスメント（パワハラ）とは？防止措置と管理監督者の対応。;retire_redirect:glossary-how-to,本記事を読むと、たとえば演習10問·パワハラ5問中2問正解の場合に、パワハラ定義·防止措置·管理監督者対応の正解パターンが分かり、領域③で得点できます。,パワハラ定義·防止措置の論点表を1枚にまとめる;演習10問·パワハラ·ハラスメント関連を解き誤答理由を記録する;メンタルヘルス・マネジメント検定II種の記事で相談窓口要件表を確認する;メンタルヘルス・マネジメント検定II種の職場いじめ（職場パワハラ以外）とメンタルヘルスの記事でパワハラ以外の線引きを整理する;「管理監督者が一人で調査完結」誤答5問を7日後に解き直す,試験要項や公式ページが更新されたタイミングで本文と参照元を見直します。,2026-06-06,2026-06-29,2026-06-06,archived,2026-06-12: archived（guide retire p2·glossary-how-toへ統合）,パワハラの試験論点（優越性·業務範囲·領域③·7領域）,ハラスメント相談窓口は、相談者が安心して利用でき、秘密保持と迅速な対応が担保された体制として整備します。管理監督者は相談を受けた場合の初動（傾聴、記録、担当者への連携）を理解しておく必要があります。 試験では「相談を無視する」「加害者と相談者を同席で詳細を聞く」など、不適切な初動が誤答肢になりやすいです。関連法令・指針の章も合わせて確認してください。「パワハラの試験論点（優越性·業務範囲·領域③·7領域）」では。パワーハラスメント（パワハラ）について公式テキストの該当章を開き、条文の主体・期限・数値を演習問題とセットで押さえて定着を確認します。数値・日程は試験のご紹介（公式）の最新要項で必ず照合してください。用語一覧は /terms/ から分野別に開き、比較表で関連論点を整理してください。,防止措置4項目表（方針·相談窓口·迅速調査·再発防止）,数値・日程・合格基準は年度で更新されるため、学習前と申込前には試験のご紹介（公式）の最新案内を確認してください。演習でパワーハラスメント（パワハラ）に関する設問を解いたら。正解理由と誤答肢の違いを短くメモし、用語解説・比較表・よくある誤答タブで似た論点を比較表で整理すると定着しやすくなります。 表をノートに転記したら、演習10問で理解を確認し、誤答は公式テキスト該当章で読み直してください。数値・日程・合格基準は年度で更新されるため、学習前と申込前には大阪商工会議所の最新案内を確認してください。,管理監督者の初動対応表（相談受付·記録·紹介）,管理監督者は、パワーハラスメント（パワハラ）の場面で「早期発見・傾聴・安全配慮・記録・専門職連携・職場環境改善」のバランスを取る主体として問われます。医学的診断や治療判断は医師の領域であり、管理監督者単独では行いません。 演習では「何をすべきか／すべきでないか」の二択に見える問題でも、プライバシー保護と業務上必要な情報共有の線引きがポイントになることが多いです。用語一覧は /terms/ から分野別に開き、比較表で関連論点を整理してください。,パワハラ対応の頻出誤答表（一人完結·詳細開示·放置）,ハラスメント相談窓口は、相談者が安心して利用でき、秘密保持と迅速な対応が担保された体制として整備します。管理監督者は相談を受けた場合の初動（傾聴、記録、担当者への連携）を理解しておく必要があります。 試験では「相談を無視する」「加害者と相談者を同席で詳細を聞く」など、不適切な初動が誤答肢になりやすいです。関連法令・指針の章も合わせて確認してください。「パワハラ対応の頻出誤答表（一人完結·詳細開示·放置）」では。パワーハラスメント（パワハラ）について公式テキストの該当章を開き、条文の主体・期限・数値を演習問題とセットで押さえて定着を確認します。数値・日程は試験のご紹介（公式）の最新要項で必ず照合してください。用語一覧は /terms/ から分野別に開き、比較表で関連論点を整理してください。,関連ガイドとの使い分け,数値・日程・合格基準は年度で更新されるため、学習前と申込前には試験のご紹介（公式）の最新案内を確認してください。演習でパワーハラスメント（パワハラ）に関する設問を解いたら。正解理由と誤答肢の違いを短くメモし、用語解説・比較表・よくある誤答タブで似た論点を比較表で整理すると定着しやすくなります。 関連記事は役割が重ならないよう、概要→形式→学習計画の順で読むと迷いにくくなります。数値・日程・合格基準は年度で更新されるため、学習前と申込前には大阪商工会議所の最新案内を確認してください。,,,,,パワハラの試験で押さえる定義は？,「パワハラの試験で押さえる定義は」はメンタルヘルス・マネジメント検定II種の公式テキスト該当章と試験のご紹介（公式）で確認するのが確実です。パワーハラスメント（パワハラ）では、条文の要件（誰が・いつ・何を）を演習問題とセットで押さえてください。,パワハラ防止措置で相談窓口に必要な要件は？,「パワハラ防止措置で相談窓口に必要な要件は」はメンタルヘルス・マネジメント検定II種の公式テキスト該当章と試験のご紹介（公式）で確認するのが確実です。パワーハラスメント（パワハラ）では、条文の要件（誰が・いつ・何を）を演習問題とセットで押さえてください。,本記事とメンタルヘルス・マネジメント検定II種の職場いじめ（職場パワハラ以外）とメンタルヘルスはどう使い分けますか？,読了後は、パワーハラスメント（パワハラ）の関連する演習を5問以上解き、間違えた選択肢を用語解説で確認してから関連ガイドへ進んでください。1週間後の解き直し日をカレンダーに入れると定着しやすくなります。,,,harassment-consultation:ハラスメント相談;workplace-bullying:職場いじめ;consultation-referral:相談·紹介;pass-score:合格点,パワハラ;防止措置;管理監督者;領域③;50問70点
workplace-bullying,分野別対策,メン管II種·職場いじめ【パワハラ以外·相談·再発防止】,メンタルヘルス・マネジメント検定II種（ラインケア）の職場いじめ（パワハラ以外）。相談受付·記録·再発防止を表に整理し、ハラスメント相談窓口記事との2列比較で具体例解説します。,メンタルヘルス・マネジメント検定II種（ラインケア）で問われる職場いじめへの対応は、相談の受付・記録から担当者との連携、再発防止までを管理監督者がどう進めるかがポイントです。相談を無視する、加害者を同席させて聴き取る、一人で調査を完結させるといった対応は誤答として狙われます。本記事ではいじめへの初動対応と、パワハラとの線引きを整理して解説します。出題範囲の詳細は大阪商工会議所の公式要項でも確かめておくと安心です。,49,職場いじめ;ハラスメント;職場環境,メンタルヘルス二種マスター編集部,メンタルヘルス・マネジメント検定II種向けの学習コンテンツを整理する編集チーム,公式情報確認担当,公開前に大阪商工会議所の公式ページ・受験要項と照合,2026-06-13,試験のご紹介（公式）|https://www.mental-health.ne.jp/about/,手書きリライト 2026-06-06。自動prose差し替え 2026-06-04（要手書き）。職場いじめ（職場パワハラ以外）とメンタルヘルス｜二種での整理。,本記事を読むと、職場いじめの論点が分かり、たとえば「7/19 初動表→演習10問5問中2問→7/26 同席誤答10問→70％」まで今日から再現でき、ハラスメント相談窓口記事との使い分けも表で把握できます。,職場いじめ·パワハラ以外の論点表を1枚に整理する;演習10問·いじめ·ハラスメント関連を解き誤答理由を記録する;「一人で調査完結」誤答10問を7日後に解き直す;harassment-consultation記事で相談窓口要件を確認する;consultation-referral記事で相談5ステップを確認する,試験要項や公式ページが更新されたタイミングで本文と参照元を見直します。,2026-06-13,2026-06-29,2026-06-13,published,2026-06-12: 編集合格（手書きリライト·具体例·v2）,職場いじめ：試験論点の全体像（領域③④）,"II種ラインケアの職場いじめ設問はパワハラ以外のいじめ·メンタルヘルスへの影響が中心です。50問·四択一では初動対応が判断軸です。

職場のいじめ・嫌がらせは労働者のメンタルヘルスに大きく影響する職場環境の問題です。試験ではパワーハラスメントとは区別したうえで、相談を受けた管理監督者の初動対応が問われます。傾聴・記録・担当部署への連携という初期対応の適否が判断の軸になります。

| 論点 | 内容 | 領域 |
| --- | --- | --- |
| 相談受付 | 傾聴·記録 | ③④ |
| 連携 | 担当者へ | ③⑥ |
| 再発防止 | 職場環境 | ③ |
| 配慮 | 個別対応 | ④ |",管理監督者：相談受付·記録·連携表,"相談を受けた管理監督者は傾聴·記録·担当者への連携が正解です。相談無視·加害者と相談者の同席は誤答です。

相談を受けた管理監督者は、まず本人の話を丁寧に聴き、事実を記録し、人事・相談窓口など適切な担当へ連携するのが正解です。相談を軽視して放置したり、加害者とされる人物と相談者を同席させて事実確認を行ったりする対応は、被害の拡大を招くため誤答です。初動の正解・誤答を表で対比します。

| 初動 | 正解 | 誤答 |
| --- | --- | --- |
| 相談 | 傾聴·受付 | 無視 |
| 聴取 | 別室·個別 | 加害者同席 |
| 記録 | 適切記録 | 無記録 |
| 連携 | 担当者へ | 一人完結 |",パワハラ以外：用語·論点の線引き表,"パワハラ（優越的関係·業務範囲外）は別論点として扱います。本記事はパワハラ以外のいじめ·職場環境·個別配慮に焦点を当てます。

パワーハラスメントは、優越的な関係を背景に、業務上必要かつ相当な範囲を超えた言動で就業環境を害するものとして、別の論点で扱われます。本記事はそれ以外のいじめ・嫌がらせや、職場環境・個別配慮の観点に焦点を当てます。種類ごとに焦点と確認先を線引きしておくと混同を防げます。

| 種類 | 焦点 | 確認先 |
| --- | --- | --- |
| パワハラ | 優越性·業務範囲 | 公式テキスト第3章 |
| 職場いじめ | いじめ·排除 | 本記事 |
| 相談窓口 | 体制要件 | harassment-consultation |
| 相談手順 | 5ステップ | consultation-referral |",頻出誤答：一人完結·同席·相談放置,"職場いじめ設問の頻出誤答は、管理監督者一人で調査完結·加害者と相談者の同席聴取·相談の放置·再発防止なしが典型です。

頻出誤答は、①管理監督者が一人で調査を完結させる、②加害者と相談者を同席させて聴取する、③相談を放置する、④再発防止策を講じない、が典型です。正解は、関係部署との連携による客観的な対応と、環境改善・再発防止までを含めた組織的な取り組みです。

| 誤答 | 正解 | 確認先 |
| --- | --- | --- |
| 一人完結 | 担当者連携 | 本記事 |
| 同席聴取 | 個別·別室 | 初動表 |
| 相談無視 | 速やか受付 | consultation-referral |
| 放置 | 再発防止 | field-rights-basics |",harassment-consultation記事との2列比較表,"職場いじめ論点と相談窓口体制は2記事で分担します。本記事はパワハラ以外のいじめ·管理監督者の初動·再発防止、harassment-consultation記事は相談窓口整備·迅速·客観的調査の体制要件に特化します。

本記事はパワハラ以外のいじめ・管理監督者の初動・再発防止を扱い、harassment-consultation記事は相談窓口の整備や、迅速・客観的な調査という体制面の要件を扱います。個人の初動対応と組織の窓口体制の両面を分けて理解すると、設問の場面設定に応じて選択肢を絞りやすくなります。

| 論点 | 職場いじめ（本記事） | ハラスメント相談窓口 |
| --- | --- | --- |
| 焦点 | いじめ·初動対応 | 窓口·調査体制 |
| 時期 | いじめ論点深掘り | 体制要件1周目 |
| 成果物 | 初動1枚表 | 窓口要件表 |
| 出口 | consultation-referralへ | 本記事へ | 2記事を混同すると窓口要件は分かっても管理監督者の初動が曖昧になります。",,,,,職場いじめとパワハラは試験で同じ扱いですか？,設問では別の論点として分けて扱われます。パワーハラスメントは、優越的な関係を背景に業務上必要かつ相当な範囲を超えた言動を指します。本記事が扱うのは、それ以外のいじめ・嫌がらせや、職場環境・個別配慮に関わる論点です。,職場いじめへの対応で記録は何を残しますか？,相談内容、対応した日時、連携した窓口、今後の配慮の内容などを、事実に基づいて記録するのが正解パターンです。記録は再発防止や関係部署との連携の基礎になります。相談を記録せずに放置する対応は誤答になります。,本記事とハラスメント相談窓口記事の違いは？,本記事はパワハラ以外のいじめ・管理監督者の初動対応・再発防止を扱います。harassment-consultation記事は、相談窓口の整備・迅速で客観的な調査・秘密保持といった体制面の要件を扱うため、個人の初動と組織の窓口体制を分けて理解できます。,,,harassment-consultation:ハラスメント相談;consultation-referral:相談·紹介;pass-score:合格点,職場いじめ;パワハラ以外;相談·記録;領域③④;50問70点
occupational-physician,用語ハブ活用法,メンタルヘルス・マネジメント検定II種,メンタルヘルスII種の産業医役割公式情報。管理監督者連携·医学的判断を表に整理。メンタルヘルス・マネジメント検定II種の保健師·産業保健スタッフの役割・メンタルヘルス・マネジメント検定II種の相談·紹介の流れ連携·領域①⑤も解説。,メンタルヘルス・マネジメント検定II種（ラインケア）の産業医の役割とは、50問·7領域の事業場内ケアで医学的判断·面接指導·ストレスチェック連携·管理監督者への助言が四択で問われる論点の公式情報です。保健師·相談窓口はメンタルヘルス・マネジメント検定II種の保健師·産業保健スタッフの役割の記事、相談·紹介5ステップはメンタルヘルス・マネジメント検定II種の相談·紹介の流れと役割分担します。公式情報は大阪商工会議所（https://www.mental-health.ne.jp/about/）の試験のご紹介です。,48,産業医;事業場内ケア;連携,メンタルヘルス二種マスター編集部,メンタルヘルス・マネジメント検定II種向けの学習コンテンツを整理する編集チーム,公式情報確認担当,公開前に大阪商工会議所の公式ページ・受験要項と照合,2026-06-06,試験のご紹介（公式）|https://www.mental-health.ne.jp/about/,手書きリライト 2026-06-06。自動prose差し替え 2026-06-04（要手書き）。産業医の役割とは？管理監督者との連携ポイント。;retire_redirect:glossary-how-to,本記事を読むと、たとえば演習10問·産業医5問中2問正解の場合に、産業医と管理監督者の分担·医学的判断の正解パターンとメンタルヘルス・マネジメント検定II種の保健師·産業保健スタッフの役割・メンタルヘルス・マネジメント検定II種の相談·紹介の流れとの使い分けが分かり、領域①⑤で得点できます。,産業医·管理監督者·保健師の主体分担表を1枚にまとめる;演習10問·産業医·面接指導分野を解き誤答理由を記録する;「上司が医学的判断」誤答5問を7日後に解き直す;メンタルヘルス・マネジメント検定II種の保健師·産業保健スタッフの役割の記事で保健師表を確認する;メンタルヘルス・マネジメント検定II種の相談·紹介の流れの記事で相談5ステップ表を確認する,試験要項や公式ページが更新されたタイミングで本文と参照元を見直します。,2026-06-06,2026-06-29,2026-06-06,archived,2026-06-12: archived（guide retire p2·glossary-how-toへ統合）,産業医の位置づけ（事業場内ケア·領域①⑤·50問·7領域）,数値・日程・合格基準は年度で更新されるため、学習前と申込前には試験のご紹介（公式）の最新案内を確認してください。演習でメンタルヘルス・マネジメント検定II種に関する設問を解いたら。正解理由と誤答肢の違いを短くメモし、用語解説・比較表・よくある誤答タブで似た論点を比較表で整理すると定着しやすくなります。 演習10問を解き、解説で参照条文を公式テキストで開いて読み返してください。数値・日程・合格基準は年度で更新されるため、学習前と申込前には大阪商工会議所の最新案内を確認してください。,管理監督者との連携表（医学的判断·助言·安全配慮）,管理監督者は。メンタルヘルス・マネジメント検定II種の場面で「早期発見・傾聴・安全配慮・記録・専門職連携・職場環境改善」のバランスを取る主体として問われます。医学的診断や治療判断は医師の領域であり、管理監督者単独では行いません。 演習では「何をすべきか／すべきでないか」の二択に見える問題でも、プライバシー保護と業務上必要な情報共有の線引きがポイントになることが多いです。用語一覧は /terms/ から分野別に開き、比較表で関連論点を整理してください。,産業医の典型業務表（面接·ストレスチェック·健康診断連携）,ストレスチェック制度では、職場のストレス要因の把握と、高ストレス者への面接指導が要点です。管理監督者は結果の取り扱い（個人情報・フィードバック方法）を理解しておく必要があります。 メンタルヘルス・マネジメント検定II種に関連する数値（50人以上の事業場など）は数値早見表で確認し、数値・日程・合格基準は年度で更新されるため。学習前と申込前には試験のご紹介（公式）の最新案内を確認してください。用語一覧は /terms/ から分野別に開き、比較表で関連論点を整理してください。,産業医の頻出誤答表（診断越境·個票開示·上司完結）,数値・日程・合格基準は年度で更新されるため、学習前と申込前には試験のご紹介（公式）の最新案内を確認してください。演習でメンタルヘルス・マネジメント検定II種に関する設問を解いたら。正解理由と誤答肢の違いを短くメモし、用語解説・比較表・よくある誤答タブで似た論点を比較表で整理すると定着しやすくなります。 表をノートに転記したら、演習10問で理解を確認し、誤答は公式テキスト該当章で読み直してください。数値・日程・合格基準は年度で更新されるため、学習前と申込前には大阪商工会議所の最新案内を確認してください。,関連ガイドとの使い分け,数値・日程・合格基準は年度で更新されるため、学習前と申込前には試験のご紹介（公式）の最新案内を確認してください。演習でメンタルヘルス・マネジメント検定II種に関する設問を解いたら。正解理由と誤答肢の違いを短くメモし、用語解説・比較表・よくある誤答タブで似た論点を比較表で整理すると定着しやすくなります。 関連記事は役割が重ならないよう、概要→形式→学習計画の順で読むと迷いにくくなります。数値・日程・合格基準は年度で更新されるため、学習前と申込前には大阪商工会議所の最新案内を確認してください。,,,,,産業医と管理監督者の役割分担は何ですか？,「産業医と管理監督者の役割分担は何ですか？」については、メンタルヘルス・マネジメント検定II種（ラインケア）の産業医の役割とは。50問·7領域の事業場内ケアで医学的判断·面接指導·ストレスチェック連携·管理監督者への助言が四択で問われる論点の公式情報です…。最新の公式要項と照合する。本記事の公式数値表で確認する。,本記事とメンタルヘルス・マネジメント検定II種の保健師·産業保健スタッフの役割はどう使い分けますか？,「本記事とメンタルヘルス・マネジメント検定II種の保健師·産業保健スタッフ」は過去問演習で出題形式を把握し、正答後に用語解説で論点を復習する。過去問1問の正答理由をノートに記録して復習する。正答後は関連条文を開く。本記事関連の過去問1問で正答率を記録する。,メンタルヘルス・マネジメント検定II種の相談·紹介の流れは産業医学習にどう使いますか？,「メンタルヘルス・マネジメント検定II種の相談·紹介の流れは産業医学習にど」の整理後は演習10問·産業医·面接指導分野を解き誤答理由を記録する。同テーマを1週間後に解き直して定着を確認する。混同しやすい近義語を比較表の左右に整理する。本記事の誤答肢を比較表に整理する。,,,health-nurse-role:保健師の役割;consultation-referral:相談·紹介;health-checkup-mental:健康診断;pass-score:合格点,産業医;管理監督者連携;医学的判断;領域①⑤;50問70点
health-nurse-role,分野別対策,メン管II種·保健師·産業保健【事業場内·連携·相談窓口】,メンタルヘルス・マネジメント検定II種（ラインケア）の保健師·産業保健スタッフの役割。管理監督者との分担·相談窓口を表に整理し、相談·紹介記事との2列比較で具体例解説します。,メンタルヘルス・マネジメント検定II種（ラインケア）における保健師など産業保健スタッフの役割は、相談受付や健康教育、健康データの管理、産業医との連携など多岐にわたります。試験では、管理監督者がカウンセリングを代行したり医学的診断を行ったりする選択肢が誤答として登場します。本記事では事業場内ケアにおける主体ごとの役割分担と相談窓口の位置づけを整理し、間違えやすい点を確認します。出題内容は大阪商工会議所の公式要項でもご確認ください。,47,保健師;事業場内ケア;相談,メンタルヘルス二種マスター編集部,メンタルヘルス・マネジメント検定II種向けの学習コンテンツを整理する編集チーム,公式情報確認担当,公開前に大阪商工会議所の公式ページ・受験要項と照合,2026-06-13,試験のご紹介（公式）|https://www.mental-health.ne.jp/about/,手書きリライト 2026-06-06。自動prose差し替え 2026-06-04（要手書き）。保健師・産業保健スタッフの役割｜相談窓口として押さえる点。,本記事を読むと、保健師·産業保健の役割が分かり、たとえば「8/9 分担表→演習10問5問中2問→8/16 代行誤答10問→70％」まで今日から再現でき、相談·紹介記事との使い分けも表で把握できます。,事業場内ケアの主体分担表を1枚に整理する;演習10問·保健師·相談関連を解き誤答理由を記録する;「管理監督者がカウンセリング」誤答10問を7日後に解き直す;consultation-referral記事で相談5ステップを確認する;four-types-care記事で4ケア·事業場内の位置づけを確認する,試験要項や公式ページが更新されたタイミングで本文と参照元を見直します。,2026-06-13,2026-06-29,2026-06-13,published,2026-06-12: 編集合格（手書きリライト·具体例·v2）,保健師·産業保健：事業場内ケアの位置づけ,"II種ラインケアの事業場内ケアは保健師·産業保健スタッフ·産業医が担い、管理監督者はラインケアから連携します。50問·四択一では主体分担が判断軸です。

事業場内産業保健スタッフによるケアは、産業医・保健師・衛生管理者・心の健康づくり専門スタッフ・人事労務担当などが担い、管理監督者はラインケアの立場からこれらの専門職と連携します。試験では、それぞれの主体が担う役割の分担が問われ、役割を取り違えた選択肢が誤答になります。

| ケア | 主体 | 管理監督者 |
| --- | --- | --- |
| 事業場内 | 保健師等 | 連携·紹介 |
| ライン | 管理監督者 | 中核 |
| 事業場外 | EAP·医療 | 紹介 |
| セルフ | 本人 | 啓発支援 |",管理監督者との分担：正解·誤答表,"管理監督者は傾聴·安全配慮·記録·専門職連携を担います。カウンセリング代行·医学的診断は誤答です。保健師は相談受付·健康教育等を担います。

管理監督者は、部下の不調への気づき・傾聴・就業上の配慮・記録・専門職への連携を担います。カウンセリングを代行したり、医学的な診断を下したりすることは役割の範囲外です。保健師など産業保健スタッフは、相談対応・健康教育・保健指導などを担い、両者が連携して支援します。行為ごとに担い手を対比します。

| 行為 | 管理監督者 | 保健師等 |
| --- | --- | --- |
| 日常の傾聴 | ○ | 連携 |
| カウンセリング | ×代行不可 | ○相談窓口 |
| 健康教育 | 啓発支援 | ○実施 |
| 診断·治療 | × | ×医師 |",相談窓口：保健師の役割と頻出誤答,"保健師·産業保健スタッフは相談窓口·健康教育·ストレスチェックデータ管理等を担います。個票の不適切開示·管理監督者への代行は誤答です。

保健師・産業保健スタッフは、相談窓口の運営、健康教育、ストレスチェックに関するデータの管理などを担います。ストレスチェックの個人結果（個票）を本人の同意なく管理監督者へ開示したり、保健師の役割を管理監督者が代行したりする選択肢は誤答です。役割ごとに正解・誤答を確認してください。

| 役割 | 正解 | 誤答 |
| --- | --- | --- |
| 相談受付 | 保健師窓口 | 上司のみ |
| データ | 集団分析管理 | 個票開示 |
| 連携 | 産業医·管理監督者 | 孤立対応 |
| 紹介 | 専門機関 | 放置 |",産業医·EAP連携：4ケアとの接続表,"事業場内（保健師·産業医）と事業場外（EAP·医療）の連携が頻出論点です。紹介後のフォロー継続が正解パターンです。

事業場内（産業医・保健師）と事業場外（EAP・医療機関）の資源は、状況に応じて連携させます。専門機関へ紹介した後も、就業上の配慮や職場環境のフォローを継続するのが正解パターンです。4つのケアの枠組みの中で、各資源の役割と接続点を整理しておきます。

| 専門職 | 役割 | 管理監督者 |
| --- | --- | --- |
| 産業医 | 医学的判断·助言 | 連携·記録 |
| 保健師 | 相談·健康教育 | 紹介 |
| EAP | 外部相談 | 紹介·フォロー |
| 主治医 | 診断·治療 | 意見聴取 |",consultation-referral記事との2列比較表,"事業場内ケアの主体分担と相談5ステップ手順は2記事で分担します。本記事は保健師·産業保健の役割·管理監督者との分担·相談窓口、consultation-referral記事は相談·紹介5ステップ·フォロー継続の手順詳細に特化します。

本記事は保健師・産業保健スタッフの役割と管理監督者との分担、相談窓口の位置づけを扱い、consultation-referral記事は相談・紹介の5ステップとフォロー継続という手順の詳細を扱います。主体の分担と手順の両面を分けて押さえると、連携の設問に対応しやすくなります。

| 論点 | 保健師·産業保健（本記事） | 相談·紹介5ステップ |
| --- | --- | --- |
| 焦点 | 主体分担·相談窓口 | 5ステップ手順 |
| 時期 | 事業場内ケア深掘り | 相談フロー1周目 |
| 成果物 | 分担1枚表 | 5ステップ表 |
| 出口 | field-limit-basicsへ | 本記事へ | 2記事を混同すると5ステップは分かっても保健師の役割分担が曖昧になります。",,,,,管理監督者がカウンセリング代行する選択肢はなぜ誤答？,管理監督者の役割は、傾聴・安全への配慮・専門職への連携です。継続的なカウンセリングを行うことは、保健師など事業場内産業保健スタッフや専門機関の領域であり、管理監督者がこれを代行する選択肢は誤答になります。,保健師·産業保健スタッフの相談窓口の役割は？,保健師・産業保健スタッフは、相談窓口の運営、健康教育、ストレスチェックに関するデータの管理、産業医や管理監督者との連携などを担います。個人結果（個票）を本人の同意なく開示することはなく、役割の範囲を守って支援します。,本記事と相談·紹介記事の違いは？,本記事は保健師・産業保健スタッフの役割と、管理監督者との分担、相談窓口の位置づけを扱います。consultation-referral記事は、相談・紹介の5ステップとフォロー継続という手順の詳細を扱うため、主体の分担と手順の両面を押さえられます。,,,consultation-referral:相談·紹介;four-types-care:4つのケア;pass-score:合格点,保健師;事業場内ケア;相談窓口;管理監督者分担;50問70点
active-listening,用語ハブ活用法,メンタルヘルス・マネジメント検定II種の傾聴・アクティブリスニング,メンタルヘルスII種の傾聴·アクティブリスニング。面談の考え方·非言語を表に整理。メンタルヘルス・マネジメント検定II種の相談·紹介の流れ・メンタルヘルス・マネジメント検定II種連携も解説。,メンタルヘルス・マネジメント検定II種（ラインケア）の傾聴·アクティブリスニングは、50問·7領域の領域⑤相談対応で管理監督者の面談·初回相談における傾聴·共感·非言語配慮が四択で問われる論点の公式情報です。相談·紹介5ステップ全体はメンタルヘルス・マネジメント検定II種の相談·紹介の流れの記事、4つのケア全体像はメンタルヘルス・マネジメント検定II種と役割分担します。公式情報は大阪商工会議所（https://www.mental-health.ne.jp/about/）の試験のご紹介です。,46,傾聴;コミュニケーション;ラインケア,メンタルヘルス二種マスター編集部,メンタルヘルス・マネジメント検定II種向けの学習コンテンツを整理する編集チーム,公式情報確認担当,公開前に大阪商工会議所の公式ページ・受験要項と照合,2026-06-06,試験のご紹介（公式）|https://www.mental-health.ne.jp/about/,手書きリライト 2026-06-06。自動prose差し替え 2026-06-04（要手書き）。傾聴・アクティブリスニングとは？管理監督者の面談で使う考え方。;retire_redirect:glossary-how-to,本記事を読むと、たとえば演習10問·傾聴5問中3問正解の場合に、面談での傾聴手順·非言語配慮·診断·助言との線引きが分かり、メンタルヘルス・マネジメント検定II種の相談·紹介の流れ・メンタルヘルス・マネジメント検定II種との使い分けも70点合格に向けて整理できます。,傾聴3原則（うなずき·要約·沈黙）表を暗記する;演習10問·傾聴·面談分野を解き誤答理由を記録する;「即座に診断·助言」誤答パターンを10問解き直す;メンタルヘルス・マネジメント検定II種の相談·紹介の流れの記事で5ステップ全体を確認する;メンタルヘルス・マネジメント検定II種の記事で4つのケア表を確認する,試験要項や公式ページが更新されたタイミングで本文と参照元を見直します。,2026-06-06,2026-06-29,2026-06-06,archived,2026-06-12: archived（guide retire p2·glossary-how-toへ統合）,傾聴·アクティブリスニングの全体像（領域⑤·50問·70点）,数値・日程・合格基準は年度で更新されるため、学習前と申込前には試験のご紹介（公式）の最新案内を確認してください。演習で傾聴・アクティブリスニングに関する設問を解いたら。正解理由と誤答肢の違いを短くメモし、用語解説・比較表・よくある誤答タブで似た論点を比較表で整理すると定着しやすくなります。 演習10問を解き、解説で参照条文を公式テキストで開いて読み返してください。数値・日程・合格基準は年度で更新されるため、学習前と申込前には大阪商工会議所の最新案内を確認してください。,面談の傾聴手順表（初回相談·安全配慮）,数値・日程・合格基準は年度で更新されるため、学習前と申込前には試験のご紹介（公式）の最新案内を確認してください。演習で傾聴・アクティブリスニングに関する設問を解いたら。正解理由と誤答肢の違いを短くメモし、用語解説・比較表・よくある誤答タブで似た論点を比較表で整理すると定着しやすくなります。 表をノートに転記したら、演習10問で理解を確認し、誤答は公式テキスト該当章で読み直してください。数値・日程・合格基準は年度で更新されるため、学習前と申込前には大阪商工会議所の最新案内を確認してください。,アクティブリスニングの非言語·言語技法表,数値・日程・合格基準は年度で更新されるため、学習前と申込前には試験のご紹介（公式）の最新案内を確認してください。演習で傾聴・アクティブリスニングに関する設問を解いたら。正解理由と誤答肢の違いを短くメモし、用語解説・比較表・よくある誤答タブで似た論点を比較表で整理すると定着しやすくなります。 表をノートに転記したら、演習10問で理解を確認し、誤答は公式テキスト該当章で読み直してください。数値・日程・合格基準は年度で更新されるため、学習前と申込前には大阪商工会議所の最新案内を確認してください。,傾聴設問の頻出誤答表（診断·助言·放り出し）,数値・日程・合格基準は年度で更新されるため、学習前と申込前には試験のご紹介（公式）の最新案内を確認してください。演習で傾聴・アクティブリスニングに関する設問を解いたら。正解理由と誤答肢の違いを短くメモし、用語解説・比較表・よくある誤答タブで似た論点を比較表で整理すると定着しやすくなります。 表をノートに転記したら、演習10問で理解を確認し、誤答は公式テキスト該当章で読み直してください。数値・日程・合格基準は年度で更新されるため、学習前と申込前には大阪商工会議所の最新案内を確認してください。,関連ガイドとの使い分け,数値・日程・合格基準は年度で更新されるため、学習前と申込前には試験のご紹介（公式）の最新案内を確認してください。演習で傾聴・アクティブリスニングに関する設問を解いたら。正解理由と誤答肢の違いを短くメモし、用語解説・比較表・よくある誤答タブで似た論点を比較表で整理すると定着しやすくなります。 関連記事は役割が重ならないよう、概要→形式→学習計画の順で読むと迷いにくくなります。数値・日程・合格基準は年度で更新されるため、学習前と申込前には大阪商工会議所の最新案内を確認してください。,,,,,面談で管理監督者は医学的診断を行いますか？,「面談で管理監督者は医学的診断を行いますか？」については、メンタルヘルス・マネジメント検定II種（ラインケア）の傾聴·アクティブリスニングは。50問·7領域の領域⑤相談対応で管理監督者の面談·初回相談における傾聴·共感·非言語配慮が四択で問われる論点の公式…。最新の公式要項と照合する。本記事の公式数値表で確認する。,アクティブリスニングで沈黙は使いますか？,「アクティブリスニングで沈黙は使いますか？」は過去問演習で出題形式を把握し、正答後に用語解説で論点を復習する。過去問1問の正答理由をノートに記録して復習する。正答後は関連条文を開く。試験要項の最新版も確認。本記事関連の過去問1問で正答率を記録する。,本記事とメンタルヘルス・マネジメント検定II種の相談·紹介の流れはどう使い分けますか？,「本記事とメンタルヘルス・マネジメント検定II種の相談·紹介の流れはどう使」の整理後は演習10問·傾聴·面談分野を解き誤答理由を記録する。同テーマを1週間後に解き直して定着を確認する。混同しやすい近義語を比較表の左右に整理する。本記事の誤答肢を比較表に整理する。,,,consultation-referral:相談·紹介;line-care:ラインケア;suicide-response:自殺念慮;pass-score:合格点,傾聴;アクティブリスニング;領域⑤;面談;50問70点
depression-workplace,分野別対策,メン管II種·うつ病と職場【休業·配慮·段階的復帰】,メンタルヘルス・マネジメント検定II種（ラインケア）のうつ病と職場。休業·配慮·医学的判断の線引きを表に整理し、職場復帰5ステップ記事との2列比較で具体例解説します。,メンタルヘルス・マネジメント検定II種（ラインケア）で扱ううつ病と職場の論点では、休業期間中の配慮や個別配慮、段階的な復帰、そして医学的判断を誰が担うのかが問われます。管理監督者が自ら診断する、一律に休職を命じる、詳しい病名の開示を求めるといった選択肢は誤答の定番です。本記事ではうつ病への対応を主体の線引きとともに整理し、一律対応に陥らないための考え方を解説します。範囲の確認には大阪商工会議所の公式要項をご利用ください。,45,うつ病;復職;職場配慮,メンタルヘルス二種マスター編集部,メンタルヘルス・マネジメント検定II種向けの学習コンテンツを整理する編集チーム,公式情報確認担当,公開前に大阪商工会議所の公式ページ・受験要項と照合,2026-06-13,試験のご紹介（公式）|https://www.mental-health.ne.jp/about/,手書きリライト 2026-06-06。自動prose差し替え 2026-06-04（要手書き）。うつ病と職場｜休業・復職・配慮で押さえるポイント。,本記事を読むと、うつ病と職場の論点が分かり、たとえば「9/6 主体表→演習10問5問中2問→9/13 診断代行10問→70％」まで今日から再現でき、職場復帰5ステップ記事との使い分けも表で把握できます。,医学的判断と職場配慮の主体線引き表を1枚に整理する;演習10問·うつ病関連を解き誤答理由を記録する;一律休職·診断代行の誤答10問を7日後に解き直す;return-to-work記事で5ステップ順序を確認する;burnout-workplace記事でバーンアウト混同を整理する,試験要項や公式ページが更新されたタイミングで本文と参照元を見直します。,2026-06-13,2026-06-29,2026-06-13,published,2026-06-12: 編集合格（手書きリライト·具体例·v2）,うつ病と職場：休業·復職·配慮の論点表,"II種ラインケアのうつ病設問は休業期間中の配慮·段階的復帰·個別配慮が中心です。50問·四択一では主体と手順が判断軸です。

うつ病に関する設問では、休業期間中の配慮、段階的な職場復帰、個々の状況に応じた個別配慮が中心に問われます。医学的な判断は医師・産業医が担い、管理監督者は就業上の配慮・業務調整・専門職連携を担う、という主体の線引きが判断の軸です。場面ごとに管理監督者と医師の役割を対比します。

| 場面 | 管理監督者 | 医師·産業医 |
| --- | --- | --- |
| 休業中 | 配慮·連絡調整 | 治療·休業判断 |
| 復帰前 | 就業上の措置 | 復帰可否判断 |
| 復帰後 | フォロー·環境調整 | 経過確認 |
| 相談時 | 傾聴·紹介 | 診断·治療 |",医学的判断と職場対応：主体の線引き表,"医学的事実·診断·治療·復帰可否の判断は医師·産業医の領域です。管理監督者は診断を下さず、安全配慮·業務調整·専門職連携を担います。

病状・診断・治療方針・職場復帰の可否といった医学的な事実の判断は、医師・産業医の領域です。管理監督者は診断を下さず、安全への配慮、業務量の調整、専門職への連携を担います。管理監督者が独自に病状を判断したり治療に踏み込んだりする選択肢は誤答です。行為ごとに主体を確認してください。

| 行為 | 主体 | 誤答 |
| --- | --- | --- |
| 診断·治療 | 医師 | 管理監督者 |
| 復帰可否 | 主治医意見等 | 上司単独 |
| 業務量調整 | 管理監督者 | 一律休職 |
| 病名開示 | 本人同意 | 詳細開示強要 |",休業期間中の配慮：個別対応の正解パターン,"休業期間中は過度な業務連絡·復帰時期の一方的決定·詳細な病名の開示要求が誤答です。必要最小限の連絡調整·本人の状態尊重·専門機関紹介が正解パターンです。

休業期間中は、過度な業務連絡や復帰時期の一方的な決定、詳細な病名の開示要求などを避け、必要最小限の連絡調整にとどめます。本人の状態を尊重し、必要に応じて専門機関を紹介するのが正解パターンです。良かれと思っての頻繁な連絡がかえって負担になる点が、事例問題で狙われます。

| 配慮 | 正解 | 誤答 |
| --- | --- | --- |
| 連絡 | 必要最小限 | 毎日業務催促 |
| 復帰時期 | 医師意見·本人合意 | 上司が決定 |
| 情報 | 業務上必要範囲 | 病名詳細開示 |
| 支援 | 紹介·フォロー | 紹介後放置 |",頻出誤答：一律対応·診断代行·病名開示,"うつ病設問の頻出誤答は、一律休職命令·管理監督者による診断·詳細な病名の開示強要·いきなりフルタイム復帰が典型です。

頻出誤答は、①一律に休職を命じる、②管理監督者が診断を代行する、③詳細な病名の開示を強要する、④いきなりフルタイム復帰を指示する、が典型です。正解は、個々の状況に応じた配慮と、医学的判断を専門職に委ねる連携、段階的な復帰です。誤答の型を正解とセットで押さえます。

| 誤答 | 正解 | 確認先 |
| --- | --- | --- |
| 一律休職命令 | 個別配慮 | 本記事配慮表 |
| 上司が診断 | 医師判断 | 主体表 |
| 病名詳細開示 | 本人同意 | 公式テキスト第4章 |
| 一気復帰 | 段階的復帰 | return-to-work |",return-to-work記事との2列比較表,"うつ病個別論点と5ステップ正本は2記事で分担します。本記事は休業配慮·主体線引き·一律対応の誤答防止、return-to-work記事は5ステップ·段階的復帰·順序の正本に特化します。

本記事はうつ病の休業配慮・主体の線引き・一律対応の誤答防止を扱い、return-to-work記事は職場復帰支援の5ステップ・段階的復帰・順序の正本を扱います。個別論点と復職の骨格を分けて読むことで、似た場面設定でも取り違えずに整理できます。

| 論点 | うつ病と職場（本記事） | 職場復帰5ステップ |
| --- | --- | --- |
| 焦点 | 休業配慮·主体線引き | 5ステップ順序 |
| 時期 | 個別論点深掘り | 復職フロー1周目 |
| 成果物 | 主体·配慮1枚表 | 5ステップ正本表 |
| 出口 | burnout-workplaceへ | 本記事へ | 2記事を混同すると5ステップは分かってもうつ病個別の配慮論点が曖昧になります。",,,,,管理監督者はうつ病を診断できますか？,管理監督者は医学的な診断を行いません。役割の中心は、不調への気づき、傾聴、安全への配慮、記録、専門職への連携、就業上の配慮としての職場環境の調整です。うつ病かどうかを管理監督者が判断する選択肢は誤答になります。,うつ病の復職はいつ誰が判断しますか？,職場復帰の可否は、主治医・産業医による医学的判断が基礎です。管理監督者は、就業上の措置として業務量や勤務時間を段階的に調整し、本人の状態と専門職の意見を確認しながら支援します。復帰時期を管理監督者が一方的に決める選択肢は誤答です。,本記事とバーンアウト記事の違いは？,本記事はうつ病における休業中の配慮・医学的判断の線引き・一律対応の誤答防止を扱います。burnout-workplace記事は、バーンアウトと過重労働・役割負担の職場対応を扱うため、症状が似て見える2つのテーマを分けて整理できます。,,,return-to-work:職場復帰;burnout-workplace:バーンアウト;pass-score:合格点,うつ病;休業·復職;職場配慮;医学的判断;管理監督者
overwork-prevention,分野別対策,メン管II種·過重労働防止【把握·削減·休養·36協定】,メンタルヘルス・マネジメント検定II種（ラインケア）の過重労働·長時間労働防止。管理監督者の確認ポイント·36協定を表に整理し、職場環境改善記事との2列比較で具体例解説します。,メンタルヘルス・マネジメント検定II種（ラインケア）の過重労働・長時間労働の防止は、労働時間の把握、削減、休養の確保という3つの軸と、36協定をめぐる管理監督者の確認ポイントが中心です。試験では、医学的診断や一律の業務軽減、個人票の開示などが誤答として狙われます。本記事では把握・削減・休養の3軸と36協定の要点を整理し、間違えやすい論点を確認します。出題範囲は大阪商工会議所の公式要項でもあわせて確かめてください。,44,過重労働;長時間労働;36協定,メンタルヘルス二種マスター編集部,メンタルヘルス・マネジメント検定II種向けの学習コンテンツを整理する編集チーム,公式情報確認担当,公開前に大阪商工会議所の公式ページ・受験要項と照合,2026-06-13,試験のご紹介（公式）|https://www.mental-health.ne.jp/about/,手書きリライト 2026-06-06。自動prose差し替え 2026-06-04（要手書き）。過重労働・長時間労働の防止｜管理監督者が確認するポイント。,本記事を読むと、過重労働防止の論点が分かり、たとえば「7/12 3軸表→演習10問5問中2問→7/19 診断越境10問→70％」まで今日から再現でき、職場環境改善記事との使い分けも表で把握できます。,把握·削減·休養の3軸表を1枚に整理する;36協定·上限時間の数値を公式テキストで確認する;演習10問·過重労働関連を解き誤答理由を記録する;field-rights-basics記事で領域③④基礎を確認する;一律軽減·診断代行の誤答5問を7日後に解き直す,試験要項や公式ページが更新されたタイミングで本文と参照元を見直します。,2026-06-13,2026-06-29,2026-06-13,published,2026-06-12: 編集合格（手書きリライト·具体例·v2）,管理監督者の確認ポイント：把握·削減·休養,"管理監督者は過重労働リスクの把握·業務量調整·休養確保に関与します。50問·四択一では主体と手順が判断軸です。

過重労働の防止では、管理監督者が業務量や残業時間を把握し、業務の削減・配分の調整を行い、休養・休暇の確保を促すことが求められます。長時間労働は脳・心臓疾患やメンタルヘルス不調のリスクを高めるため、早期の把握と組織的な対応が重要です。確認ポイントと主体を表で整理します。

| 確認ポイント | 内容 | 主体 |
| --- | --- | --- |
| 把握 | 勤務時間·残業 | 管理監督者 |
| 削減 | 業務量調整 | 管理監督者 |
| 休養 | 休暇取得促進 | 管理監督者 |
| 連携 | 産業医·人事 | 連携 |",36協定·上限規制：押さえ方表,"36協定·時間外労働の上限は数値·期限が法改正で更新されます。必ず公式テキストと要項で再確認します。

時間外・休日労働には労使協定（36協定）が必要で、2019年施行の改正労働基準法により時間外労働の上限規制が設けられました。上限の具体的な数値や適用は法改正で変わり得るため、必ず公式テキストと最新の受験要項・法令で確認します。数値を暗記に頼りすぎず、根拠とセットで押さえます。

| 項目 | 確認内容 | 注意 |
| --- | --- | --- |
| 36協定 | 締結·届出 | 事業場単位 |
| 上限規制 | 時間外上限 | 数値要確認 |
| 特別条項 | 限度超過 | 条件付き |
| 記録 | 勤務時間管理 | 管理監督者 |",職場環境改善との接続：PDCA·集団分析,"過重労働防止はPDCA·ストレスチェック集団分析と接続します。個票開示·個人特定は誤答です。

過重労働の防止は、職場環境改善（PDCA）やストレスチェックの集団分析と接続して進めます。集団分析の結果は個人を特定しない形で職場改善に活かすのが正解で、個票を開示したり個人を特定したりすることは制度上認められず誤答です。施策どうしのつながりを整理しておきます。

| 施策 | 過重労働 | 環境改善 |
| --- | --- | --- |
| 把握 | 勤務時間 | 集団分析 |
| 削減 | 業務調整 | PDCAのDo |
| 休養 | 休暇促進 | 面接指導 |
| 不可 | 個票開示 | 匿名違反 |",頻出誤答：診断越境·一律配慮·個票開示,"過重労働ケースの誤答は、管理監督者の医学的判断·一律業務半減·個票を職場開示が典型です。

過重労働ケースの頻出誤答は、①管理監督者が医学的な判断を下す、②全員の業務を一律に半減させるといった画一的対応、③ストレスチェックの個票を職場で開示する、が典型です。正解は、個々の状況に応じた業務調整と、医学的判断を専門職に委ねる連携、集団分析の適切な活用です。

| 誤答 | 正解 | 引っ掛け |
| --- | --- | --- |
| 上司が診断 | 医師·産業医 | 医学的越境 |
| 全員業務半減 | 個別調整 | 一律配慮 |
| 個票開示 | 非開示 | プライバシー |
| 放置 | 把握·削減 | 見逃し |",workplace-improvement記事との2列比較表,"過重労働論点とPDCA詳細は2記事で分担します。本記事は把握·削減·休養3軸·36協定·頻出誤答、workplace-improvement記事はPDCA·集団分析の活かし方·領域③改善に特化します。

本記事は把握・削減・休養の3軸と36協定、頻出誤答を扱い、workplace-improvement記事はPDCA・集団分析の活かし方と領域③の職場環境改善を扱います。過重労働への対応と職場環境改善は接続しているため、2記事を合わせて読むと組織的対応の全体像がつかめます。

| 論点 | 過重労働（本記事） | 環境改善記事 |
| --- | --- | --- |
| 焦点 | 36協定·業務量 | PDCA·集団分析 |
| 時期 | 領域③④深掘り | 環境改善手順 |
| 成果物 | 3軸表·36協定 | PDCA1枚表 |
| 出口 | field-rights-basicsへ | 本記事へ | 2記事を混同するとPDCAは分かっても36協定·業務量論点が曖昧になります。",,,,,過重労働で管理監督者が診断する選択肢はなぜ誤答ですか？,管理監督者の役割は、過重労働のリスクの把握、業務量の調整、休養の確保、安全への配慮です。医学的な診断は医師・産業医の領域であり、管理監督者が健康状態を医学的に判断する選択肢は役割を超えるため誤答になります。,36協定の数値はどこで確認すればよいですか？,時間外労働の上限などの具体的な数値は、法改正で変わることがあります。公式テキストの該当章と、大阪商工会議所の試験のご紹介・最新の受験要項が正本です。数値だけを暗記するのではなく、根拠となる制度とセットで確認します。,本記事と職場環境改善記事の違いは？,本記事は36協定・過重労働の把握・削減・休養という3つの軸を扱います。workplace-improvement記事は、PDCAサイクルやストレスチェックの集団分析の活かし方など、領域③の職場環境改善を扱うため、両者を合わせて組織的対応を理解できます。,,,workplace-improvement:職場環境改善;field-rights-basics:職場環境·配慮;pass-score:合格点,過重労働;36協定;管理監督者;把握削減休養;職場環境・配慮
work-life-balance,分野別対策,メンタルヘルス・マネジメント検定II種のワークライフバランス（WLB）と職場でできること,メンタルヘルスII種のWLB·職場でできること。領域③·過重労働防止を表に整理。メンタルヘルス・マネジメント検定II種のバーンアウトと職場の論点・メンタルヘルス・マネジメント検定II種の職場環境改善とPDCA連携も解説。,メンタルヘルス・マネジメント検定II種（ラインケア）のワークライフバランス（WLB）と職場でできることは、50問·7領域の領域③職場環境評価·改善で管理監督者が担う業務設計·過重労働防止·両立支援が問われる論点の公式情報です。バーンアウト個別論点はメンタルヘルス・マネジメント検定II種のバーンアウトと職場の論点の記事、PDCA·ストレスチェック活用はメンタルヘルス・マネジメント検定II種の職場環境改善とPDCAと役割分担します。公式情報は大阪商工会議所（https://www.mental-health.ne.jp/about/）の試験のご紹介です。,43,WLB;両立支援;職場環境,メンタルヘルス二種マスター編集部,メンタルヘルス・マネジメント検定II種向けの学習コンテンツを整理する編集チーム,公式情報確認担当,公開前に大阪商工会議所の公式ページ・受験要項と照合,2026-06-06,試験のご紹介（公式）|https://www.mental-health.ne.jp/about/,手書きリライト 2026-06-06。自動prose差し替え 2026-06-04（要手書き）。ワークライフバランス（WLB）とメンタルヘルス｜職場でできること。;retire_redirect:study-plan,本記事を読むと、たとえば演習10問·WLB関連5問中3問正解の場合に、領域③の管理監督者役割·過重労働防止·両立支援の正解パターンが分かり、メンタルヘルス・マネジメント検定II種のバーンアウトと職場の論点との線引きも整理できます。,領域③WLB·過重労働防止の要点表を1枚にまとめる;演習10問·WLB·職場環境関連を解き誤答理由を記録する;メンタルヘルス・マネジメント検定II種のバーンアウトと職場の論点の記事でバーンアウト混同を整理する;メンタルヘルス・マネジメント検定II種の職場環境改善とPDCAの記事でPDCA接続を確認する;「個人の工夫のみ」誤答5問を7日後に解き直す,試験要項や公式ページが更新されたタイミングで本文と参照元を見直します。,2026-06-06,2026-06-29,2026-06-06,archived,2026-06-12: archived（guide retire p1·study-planへ統合）,WLBと職場でできることの試験論点（領域③·50問·7領域）,数値・日程・合格基準は年度で更新されるため、学習前と申込前には試験のご紹介（公式）の最新案内を確認してください。演習でワークライフバランス（WLB）と職場でできることに関する設問を解いたら。正解理由と誤答肢の違いを短くメモし、用語解説・比較表・よくある誤答タブで似た論点を比較表で整理すると定着しやすくなります。 演習10問を解き、解説で参照条文を公式テキストで開いて読み返してください。数値・日程・合格基準は年度で更新されるため、学習前と申込前には大阪商工会議所の最新案内を確認してください。,過重労働防止と業務設計の管理監督者対応表,管理監督者は。ワークライフバランス（WLB）と職場でできることの場面で「早期発見・傾聴・安全配慮・記録・専門職連携・職場環境改善」のバランスを取る主体として問われます。医学的診断や治療判断は医師の領域であり、管理監督者単独では行いません。 演習では「何をすべきか／すべきでないか」の二択に見える問題でも、プライバシー保護と業務上必要な情報共有の線引きがポイントになることが多いです。試験ではメンタルヘルス・マネジメント検定II種のワークライフバランス（WLB）と職場でできることについて条文・数値・条件の読み取りが問われます。,両立支援·制度設計の頻出論点表,数値・日程・合格基準は年度で更新されるため、学習前と申込前には試験のご紹介（公式）の最新案内を確認してください。演習でワークライフバランス（WLB）と職場でできることに関する設問を解いたら。正解理由と誤答肢の違いを短くメモし、用語解説・比較表・よくある誤答タブで似た論点を比較表で整理すると定着しやすくなります。 表をノートに転記したら、演習10問で理解を確認し、誤答は公式テキスト該当章で読み直してください。数値・日程・合格基準は年度で更新されるため、学習前と申込前には大阪商工会議所の最新案内を確認してください。,WLB関連の頻出誤答表（個人責任·一律対応·放置）,数値・日程・合格基準は年度で更新されるため、学習前と申込前には試験のご紹介（公式）の最新案内を確認してください。演習でワークライフバランス（WLB）と職場でできることに関する設問を解いたら。正解理由と誤答肢の違いを短くメモし、用語解説・比較表・よくある誤答タブで似た論点を比較表で整理すると定着しやすくなります。 関連記事は役割が重ならないよう、概要→形式→学習計画の順で読むと迷いにくくなります。数値・日程・合格基準は年度で更新されるため、学習前と申込前には大阪商工会議所の最新案内を確認してください。,関連ガイドとの使い分け,数値・日程・合格基準は年度で更新されるため、学習前と申込前には試験のご紹介（公式）の最新案内を確認してください。演習でワークライフバランス（WLB）と職場でできることに関する設問を解いたら。正解理由と誤答肢の違いを短くメモし、用語解説・比較表・よくある誤答タブで似た論点を比較表で整理すると定着しやすくなります。 関連記事は役割が重ならないよう、概要→形式→学習計画の順で読むと迷いにくくなります。数値・日程・合格基準は年度で更新されるため、学習前と申込前には大阪商工会議所の最新案内を確認してください。,,,,,WLBは個人の工夫だけで十分ですか？,「WLBは個人の工夫だけで十分ですか」はメンタルヘルス・マネジメント検定II種の公式テキスト該当章と試験のご紹介（公式）で確認するのが確実です。ワークライフバランス（WLB）と職場でできることでは、条文の要件（誰が・いつ・何を）を演習問題とセットで押さえてください。,WLBとバーンアウトの設問はどう見分けますか？,「WLBとバーンアウトの設問はどう見分けますか」はメンタルヘルス・マネジメント検定II種の公式テキスト該当章と試験のご紹介（公式）で確認するのが確実です。ワークライフバランス（WLB）と職場でできることでは、条文の要件（誰が・いつ・何を）を演習問題とセットで押さえてください。,本記事とメンタルヘルス・マネジメント検定II種の職場環境改善とPDCAはどう使い分けますか？,読了後は、ワークライフバランス（WLB）と職場でできることの関連する演習を5問以上解き、間違えた選択肢を用語解説で確認してから関連ガイドへ進んでください。1週間後の解き直し日をカレンダーに入れると定着しやすくなります。,,,burnout-workplace:バーンアウト;workplace-improvement:職場環境改善;pass-score:合格点,WLB;領域③;過重労働防止;両立支援;50問70点
eap-guide,用語ハブ活用法,メンタルヘルス・マネジメント検定II種,メンタルヘルスII種のEAP·事業場外ケア公式情報。4つのケア·相談窓口を表に整理。メンタルヘルス・マネジメント検定II種の4つのケア（セルフ・ライン・事業場内・外）一覧・メンタルヘルス・マネジメント検定II種の基礎・役割の基礎連携·領域①も解説。,メンタルヘルス・マネジメント検定II種（ラインケア）のEAP（従業員支援プログラム）は、50問·7領域の事業場外ケアとして外部相談窓口·紹介先の論点が頻出する用語の公式情報です。管理監督者はEAPを案内·フォローし、診断·治療は行いません。4つのケアとの位置づけはメンタルヘルス・マネジメント検定II種の4つのケア（セルフ・ライン・事業場内・外）一覧·領域①基礎論点はメンタルヘルス・マネジメント検定II種の基礎・役割の基礎と役割分担します。公式情報は大阪商工会議所（https://www.mental-health.ne.jp/about/）の試験のご紹介です。,42,EAP;事業場外ケア;相談,メンタルヘルス二種マスター編集部,メンタルヘルス・マネジメント検定II種向けの学習コンテンツを整理する編集チーム,公式情報確認担当,公開前に大阪商工会議所の公式ページ・受験要項と照合,2026-06-06,試験のご紹介（公式）|https://www.mental-health.ne.jp/about/,手書きリライト 2026-06-06。自動prose差し替え 2026-06-04（要手書き）。EAP（従業員支援プログラム）とは？事業場外ケアの入口。;retire_redirect:study-plan,本記事を読むと、たとえば演習10問·EAP3問すべて誤答の場合に、EAP·事業場外ケアの定義表と4つのケア·領域①との連携が分かり、相談対応領域の得点源として整理できます。,EAP·事業場外ケアの定義·主体表を暗記する;演習10問·EAP·事業場外分野を解き誤答理由を記録する;メンタルヘルス・マネジメント検定II種の4つのケア（セルフ・ライン・事業場内・外）一覧の記事で4つのケア連携表を確認する;メンタルヘルス・マネジメント検定II種の基礎・役割の基礎の記事で領域①論点表を確認する;メンタルヘルス・マネジメント検定II種の相談·紹介の流れの記事で5ステップ紹介フローを確認する,試験要項や公式ページが更新されたタイミングで本文と参照元を見直します。,2026-06-06,2026-06-29,2026-06-06,archived,2026-06-12: archived（guide retire p2·study-planへ統合）,EAP·事業場外ケアの定義（50問·7領域·相談対応）,数値・日程・合格基準は年度で更新されるため、学習前と申込前には試験のご紹介（公式）の最新案内を確認してください。演習でメンタルヘルス・マネジメント検定II種に関する設問を解いたら。正解理由と誤答肢の違いを短くメモし、用語解説・比較表・よくある誤答タブで似た論点を比較表で整理すると定着しやすくなります。 表をノートに転記したら、演習10問で理解を確認し、誤答は公式テキスト該当章で読み直してください。数値・日程・合格基準は年度で更新されるため、学習前と申込前には大阪商工会議所の最新案内を確認してください。,4つのケアとEAPの位置づけ表（メンタルヘルス・マネジメント検定II種の4つのケア（セルフ・ライン・事業場内・外）一覧連携）,「4つのケアとEAPの位置づけ表（メンタルヘルス・マネジメント検定II種の4つのケア（セルフ・ライン・事業場内・外）一覧連携）」はメンタルヘルス・マネジメン。ト検定II種の論点の。一つです。 数値・日程・合格基準は年度で更新されるため、学習前と申込前には試験のご紹介（公式）の最新案内を確認してください。演習でメンタルヘルス・マネジメント検定II種に関する設問を解いたら。正解理由と誤答肢の違いを短くメモし、用語解説・比較表・よくある誤答タブで似た論点を比較表で整理すると定着しやすくなります。,領域①意義·役割とEAPの出題論点表（メンタルヘルス・マネジメント検定II種の基礎・役割の基礎連携）,「領域①意義·役割とEAPの出題論点表（メンタルヘルス・マネジメント検定II種の基礎・役割の基礎連携）」はメンタルヘルス・マネジメント検定II種の論点の一つ。です。 数値・日程・合格基準は年度で更新されるため、学習前と申込前には試験のご紹介（公式）の最新案内を確認してください。演習でメンタルヘルス・マネジメント検定II種に関する設問を解いたら。正解理由と誤答肢の違いを短くメモし、用語解説・比較表・よくある誤答タブで似た論点を比較表で整理すると定着しやすくなります。,EAP紹介フローと管理監督者の役割表,管理監督者は。メンタルヘルス・マネジメント検定II種の場面で「早期発見・傾聴・安全配慮・記録・専門職連携・職場環境改善」のバランスを取る主体として問われます。医学的診断や治療判断は医師の領域であり、管理監督者単独では行いません。 演習では「何をすべきか／すべきでないか」の二択に見える問題でも、プライバシー保護と業務上必要な情報共有の線引きがポイントになることが多いです。「EAP紹介フローと管理監督者の役割表」では。メンタルヘルス・マネジメント検定II種について公式テキストの該当章を開き、条文の主体・期限・数値を演習問題とセットで押さえて定着を確認します。数値・日程は試験のご紹介（公式）の最新要項で必ず照合してください。用語一覧は /terms/ から分野別に開き、比較表で関連論点を整理してください。,関連ガイドとの使い分け,数値・日程・合格基準は年度で更新されるため、学習前と申込前には試験のご紹介（公式）の最新案内を確認してください。演習でメンタルヘルス・マネジメント検定II種に関する設問を解いたら。正解理由と誤答肢の違いを短くメモし、用語解説・比較表・よくある誤答タブで似た論点を比較表で整理すると定着しやすくなります。 関連記事は役割が重ならないよう、概要→形式→学習計画の順で読むと迷いにくくなります。数値・日程・合格基準は年度で更新されるため、学習前と申込前には大阪商工会議所の最新案内を確認してください。,,,,,EAPと産業医はどう使い分けますか？,「EAPと産業医はどう使い分けますか」はメンタルヘルス・マネジメント検定II種の公式テキスト該当章と試験のご紹介（公式）で確認するのが確実です。メンタルヘルス・マネジメント検定II種では、条文の要件（誰が・いつ・何を）を演習問題とセットで押さえてください。,管理監督者はEAPで何をしますか？,「管理監督者はEAPで何をしますか」はメンタルヘルス・マネジメント検定II種の公式テキスト該当章と試験のご紹介（公式）で確認するのが確実です。eap guideでは、条文の要件（誰が・いつ・何を）を演習問題とセットで押さえてください。,本記事とメンタルヘルス・マネジメント検定II種の4つのケア（セルフ・ライン・事業場内・外）一覧はどう使い分けますか？,読了後は、メンタルヘルス・マネジメント検定II種の関連する演習を5問以上解き、間違えた選択肢を用語解説で確認してから関連ガイドへ進んでください。1週間後の解き直し日をカレンダーに入れると定着しやすくなります。数値・主体・手順は大阪商工会議所の最新案内と照合してください。,,,four-types-care:4つのケア;field-law-basics:基礎·役割;consultation-referral:相談·紹介;line-care:ラインケア,EAP;事業場外ケア;4つのケア;領域①;相談窓口
mhfa-basics,分野別対策,メンタルヘルス・マネジメント検定II種のMHFAの考え方と試験との関係,メンタルヘルスII種のMHFA考え方と試験との関係。II種ラインケアとの違い·比較表を整理。メンタルヘルス・マネジメント検定II種・メンタルヘルス・マネジメント検定II種の相談·紹介の流れ連携も解説。,メンタルヘルス・マネジメント検定II種（ラインケア）のMHFA（メンタルヘルス・ファーストエイド）の考え方は、50問·7領域の事業場内ケアで早期支援·つなぐ·専門機関紹介が出題される論点です。本記事ではMHFAとII種の関係表をまとめ、ラインケア基礎はメンタルヘルス・マネジメント検定II種·相談窓口はメンタルヘルス・マネジメント検定II種の相談·紹介の流れと役割分担します。公式情報は大阪商工会議所（https://www.mental-health.ne.jp/about/）の試験のご紹介です。,41,MHFA;一次援助;研修,メンタルヘルス二種マスター編集部,メンタルヘルス・マネジメント検定II種向けの学習コンテンツを整理する編集チーム,公式情報確認担当,公開前に大阪商工会議所の公式ページ・受験要項と照合,2026-06-06,試験のご紹介（公式）|https://www.mental-health.ne.jp/about/,手書きリライト 2026-06-06。自動prose差し替え 2026-06-04（要手書き）。メンタルヘルス・ファーストエイド（MHFA）の考え方｜試験との関係。;retire_redirect:study-plan,本記事を読むと、たとえば演習10問·MHFA関連5問中2問正解の場合に、一次援助と管理監督者ラインケアの比較表·頻出誤答（診断代行·カウンセリング代行）が分かり、事業場内ケア領域で得点できます。,MHFAとII種ラインケアの比較表を1枚にまとめる;演習10問·MHFA·一次援助関連を解き誤答理由を記録する;メンタルヘルス・マネジメント検定II種の記事で4つのケア表を確認する;メンタルヘルス・マネジメント検定II種の相談·紹介の流れの記事で相談窓口5ステップを確認する;「管理監督者が一次援助代行」誤答5問を7日後に解き直す,試験要項や公式ページが更新されたタイミングで本文と参照元を見直します。,2026-06-06,2026-06-29,2026-06-06,archived,2026-06-12: archived（guide retire p1·study-planへ統合）,MHFAの位置づけとII種ラインケアの関係（50問·7領域）,数値・日程・合格基準は年度で更新されるため、学習前と申込前には試験のご紹介（公式）の最新案内を確認してください。演習でMHFAの考え方と試験との関係に関する設問を解いたら。正解理由と誤答肢の違いを短くメモし、用語解説・比較表・よくある誤答タブで似た論点を比較表で整理すると定着しやすくなります。 演習10問を解き、解説で参照条文を公式テキストで開いて読み返してください。数値・日程・合格基準は年度で更新されるため、学習前と申込前には大阪商工会議所の最新案内を確認してください。,一次援助と管理監督者ラインケアの比較表,管理監督者は、MHFAの考え方と試験との関係の場面で「早期発見・傾聴・安全配慮・記録・専門職連携・職場環境改善」のバランスを取る主体として問われます。医学的診断や治療判断は医師の領域であり、管理監督者単独では行いません。 演習では「何をすべきか／すべきでないか」の二択に見える問題でも、プライバシー保護と業務上必要な情報共有の線引きがポイントになることが多いです。試験ではメンタルヘルス・マネジメント検定II種のMHFAの考え方と試験との関係について条文・数値・条件の読み取りが問われます。,試験で問われるMHFA関連の頻出誤答表,数値・日程・合格基準は年度で更新されるため、学習前と申込前には試験のご紹介（公式）の最新案内を確認してください。演習でMHFAの考え方と試験との関係に関する設問を解いたら。正解理由と誤答肢の違いを短くメモし、用語解説・比較表・よくある誤答タブで似た論点を比較表で整理すると定着しやすくなります。 関連記事は役割が重ならないよう、概要→形式→学習計画の順で読むと迷いにくくなります。数値・日程・合格基準は年度で更新されるため、学習前と申込前には大阪商工会議所の最新案内を確認してください。,MHFA研修と検定の違い（資格·出題範囲）,数値・日程・合格基準は年度で更新されるため、学習前と申込前には試験のご紹介（公式）の最新案内を確認してください。演習でMHFAの考え方と試験との関係に関する設問を解いたら。正解理由と誤答肢の違いを短くメモし、用語解説・比較表・よくある誤答タブで似た論点を比較表で整理すると定着しやすくなります。 演習10問を解き、解説で参照条文を公式テキストで開いて読み返してください。数値・日程・合格基準は年度で更新されるため、学習前と申込前には大阪商工会議所の最新案内を確認してください。,関連ガイドとの使い分け,数値・日程・合格基準は年度で更新されるため、学習前と申込前には試験のご紹介（公式）の最新案内を確認してください。演習でMHFAの考え方と試験との関係に関する設問を解いたら。正解理由と誤答肢の違いを短くメモし、用語解説・比較表・よくある誤答タブで似た論点を比較表で整理すると定着しやすくなります。 関連記事は役割が重ならないよう、概要→形式→学習計画の順で読むと迷いにくくなります。数値・日程・合格基準は年度で更新されるため、学習前と申込前には大阪商工会議所の最新案内を確認してください。,,,,,MHFA資格がなくてもII種ラインケアは受験できますか？,「MHFA資格がなくてもII種ラインケアは受験できますか」はメンタルヘルス・マネジメント検定II種の公式テキスト該当章と試験のご紹介（公式）で確認するのが確実です。MHFAの考え方と試験との関係では、条文の要件（誰が・いつ・何を）を演習問題とセットで押さえてください。,一次援助と管理監督者のラインケアの違いは何ですか？,「一次援助と管理監督者のラインケアの違いは何ですか」はメンタルヘルス・マネジメント検定II種の公式テキスト該当章と試験のご紹介（公式）で確認するのが確実です。MHFAの考え方と試験との関係では、条文の要件（誰が・いつ・何を）を演習問題とセットで押さえてください。,本記事とメンタルヘルス・マネジメント検定II種はどう使い分けますか？,読了後は、MHFAの考え方と試験との関係の関連する演習を5問以上解き、間違えた選択肢を用語解説で確認してから関連ガイドへ進んでください。1週間後の解き直し日をカレンダーに入れると定着しやすくなります。,,,consultation-referral:相談·紹介;health-nurse-role:保健師の役割;pass-score:合格点,MHFA;一次援助;ラインケア比較;早期支援;50問70点
subjects,出題・形式,メン管II種·科目一覧【7領域·第1〜7章対応表】,メンタルヘルス・マネジメント検定II種（ラインケア）の科目一覧。公式テキスト第1〜7章と7領域の対応表·領域別演習記録を整理し、出題範囲概要記事との2列比較で具体例解説します。,メンタルヘルス・マネジメント検定II種（ラインケア）の出題範囲は、大阪商工会議所発行の公式テキスト全7章と、試験の7つの領域がそれぞれ対応する形になっています。50問・120分・70点以上で合格となる本試験では、複数の領域にまたがる設問も出るため、章ごとに弱点を管理しておくことが合格への近道です。本記事では7章と各領域の対応表をもとに、領域別の演習と正答率の記録方法を紹介します。詳しい範囲は公式要項でもご確認ください。,40,出題範囲;科目;7章,メンタルヘルス二種マスター編集部,メンタルヘルス・マネジメント検定II種向けの学習コンテンツを整理する編集チーム,公式情報確認担当,公開前に大阪商工会議所の公式ページ・受験要項と照合,2026-06-13,試験のご紹介（公式）|https://www.mental-health.ne.jp/about/,手書きリライト 2026-06-06。自動prose差し替え 2026-06-04（要手書き）。トピック数はテキスト改訂で変わるため、領域名は公式表記を優先。,本記事を読むと、7章·7領域の対応表が分かり、たとえば「6/21各領域10問·③4/10·④7/10→③④セット復習15問」まで今日から再現でき、出題範囲概要記事との使い分けも表で把握できます。,公式テキスト目次と7領域対応表を1枚に転記する;7領域から各10問·計70問の正答数を記録する;正答率60％未満の領域を1つ特定し週3時間追加する;弱点領域は隣接章とセットで15問復習する;study-plan記事で7章の週次配分へ進む,試験要項や公式ページが更新されたタイミングで本文と参照元を見直します。,2026-06-13,2026-06-29,2026-06-13,published,2026-06-12: 編集合格（手書きリライト·具体例·v2）,7領域と公式テキスト第1〜7章の対応表,"出題範囲の正本は大阪商工会議所発行の公式テキストと試験のご紹介·受験要項です。下表は学習設計用の整理で、改訂版は要項·テキスト目次で上書き確認してください。 | 領域 | 章 | 主な論点の例 |
| --- | --- | --- |
| ① | 第1章 | 基礎·役割·4つのケア |
| ② | 第2章 | 事業場内ケア·ラインケア |
| ③ | 第3章 | 職場環境·ストレスチェック |
| ④ | 第4章 | 個別配慮·合理的配慮 |
| ⑤ | 第5章 | 病気休業·療養 |
| ⑥ | 第6章 | 復帰可否·支援プラン |
| ⑦ | 第7章 | 復職後フォローアップ | 例えば領域③ストレスチェックと領域④個別配慮が同時に絡む設問では、50問中の③2問·④2問をセットで復習する運用が効率的です。",第1〜4章：前半50問相当の学習配分,"第1〜4章は基礎·ラインケア·職場環境·個別配慮で、演習の前半50問相当の論点が集中します。 | 章 | 領域 | 1周目の目安 |
| --- | --- | --- |
| 第1章 | ① | 読了後10問·正答7問以上 |
| 第2章 | ② | 読了後10問·主体分担メモ |
| 第3章 | ③ | 読了後10問·数値条文確認 |
| 第4章 | ④ | 読了後10問·配慮手順整理 | たとえば6/14（日）第1章読了——演習10問正答7問（70％）——6/17（水）第2章へ——1章2日ペースなら12週で7章1周——が定番の配分です。",第5〜7章：後半50問相当の学習配分,"第5〜7章は病気休業·復帰支援·復職後フォローで、事例問題と主体分担の論点が多く出ます。 | 章 | 領域 | 重点ポイント |
| --- | --- | --- |
| 第5章 | ⑤ | 休業·療養の手順·連携 |
| 第6章 | ⑥ | 復帰可否·支援プラン |
| 第7章 | ⑦ | 復職後フォロー·再発防止 | 例えば第6章で「誰が判断するか」の誤答が多い場合——管理監督者·産業医·主治医の役割——を用語解説で3語ずつメモ——演習15問で正答率70％を確認——してください。",領域別演習記録：弱点の可視化フォーマット,"7領域は独立科目ではなく、同じ職場場面を別角度から問う構成です。領域別正答率を記録すると弱点が数値化します。 | 記録項目 | 書き方の例 |
| --- | --- |
| 実施日 | 6/21（日） |
| ① | 8/10（80％） |
| ③ | 4/10（40％）←弱点 |
| ④ | 7/10（70％） |
| 次回 | ③④セット15問 | たとえば③40％·④70％なら——ストレスチェックと個別配慮の連携設問——を15問セットで1週間往復——50問通し前に③を60％以上へ——引き上げるのが次のステップです。",exam-scope-overview記事との2列比較表,"出題範囲の全体像と章対応の詳細は2記事で分担します。出題範囲概要記事は7領域一覧·学習入口·要項の読み方、本記事は公式テキスト第1〜7章との1対1対応·領域別演習記録に特化します。 | 論点 | 出題範囲概要記事 | 本記事（科目一覧） |
| --- | --- | --- |
| 焦点 | 7領域一覧·全体像 | 第1〜7章対応表 |
| 時期 | Day0〜第1周前 | 7章1周の記録管理 |
| 成果物 | 範囲メモ1枚 | 領域別正答率表 |
| 出口 | 本記事へ | study-planへ | 例えば6/14（日）出題範囲概要で7領域一覧確認——本記事で対応表転記——6/21（日）各領域10問——弱点領域をstudy-plan記事で週次配分——の順が定番です。2記事を混同すると範囲は分かっても章ごとの弱点が見えません。",,,,,7章と7領域の対応はどこで確認できますか？,公式テキスト目次と本記事の7章·7領域対応表が入口です。大阪商工会議所発行のテキスト改訂版では章立て·領域名が変わる場合があるため、目次と表を1対1対応づけてください。例えば6/14（日）対応表転記後——7領域各10問——正答率70％未満の章を1つ特定——が定番の第1周です。全体像はexam-scope-overview記事で先に確認してください。,本記事と出題範囲の概要記事はどう使い分けますか？,出題範囲概要記事は7領域の全体像·要項·シラバスの読み方に特化し、本記事は公式テキスト章との1対1対応·領域別演習記録に特化します。たとえば6/14（日）概要記事で7領域一覧——本記事で第1〜7章対応表——6/21（日）各領域10問——の順が定番です。50問120分の形式数値はexam-format-overview記事、70点戦略はpass-score記事で確認してください。,独学で7章を進める順番は？,第1章から順に1章ずつ読み、各章のあと演習10問を解く流れが基本です。弱点領域が先に見えた場合は、その章を厚くする方が得点効率は高いです。例えば③正答率40％なら——第3章再読＋③④セット15問——1週間往復——7章1周後に50問120分通し——週次配分の型はstudy-plan記事で設計してください。,,,exam-scope-overview:出題範囲の概要;overview:試験概要;study-plan:勉強法,7章7領域;対応表;公式テキスト;演習目安;学習入口
suicide-response,分野別対策,メン管II種·自殺念慮·対策【安全配慮·連携·領域⑤】,メンタルヘルス・マネジメント検定II種（ラインケア）の職場での自殺念慮·自殺対策。管理監督者の安全配慮·専門職連携を表に整理し、相談·紹介記事との2列比較で具体例解説します。,メンタルヘルス・マネジメント検定II種（ラインケア）で問われる職場での自殺対策は、相談対応の領域で、管理監督者の安全配慮や傾聴、専門職との連携、記録の取り方が中心になります。試験では、医学的診断を下す、治療を代行する、一人で抱え込むといった対応が誤答として狙われます。本記事では安全配慮の考え方と、管理監督者がしてはいけない行動、専門機関へのつなぎ方を整理します。出題の詳細は大阪商工会議所の公式要項でもご確認ください。,40,自殺予防;危機対応;ラインケア,メンタルヘルス二種マスター編集部,メンタルヘルス・マネジメント検定II種向けの学習コンテンツを整理する編集チーム,公式情報確認担当,公開前に大阪商工会議所の公式ページ・受験要項と照合,2026-06-13,試験のご紹介（公式）|https://www.mental-health.ne.jp/about/,手書きリライト 2026-06-06。自動prose差し替え 2026-06-04（要手書き）。職場での自殺念慮・自殺対策｜管理監督者が取るべき行動。,本記事を読むと、自殺念慮·対策の論点が分かり、たとえば「8/9 安全配慮表→演習10問5問中2問→8/16 不可行動10問→70％」まで今日から再現でき、相談·紹介記事との使い分けも表で把握できます。,管理監督者の安全配慮·不可行動表を1枚に整理する;演習10問·自殺念慮·危機対応関連を解き誤答理由を記録する;「診断代行·一人対応」誤答10問を7日後に解き直す;consultation-referral記事で相談5ステップを確認する;field-limit-basics記事で領域⑤⑥⑦基礎を確認する,試験要項や公式ページが更新されたタイミングで本文と参照元を見直します。,2026-06-13,2026-06-29,2026-06-13,published,2026-06-12: 編集合格（手書きリライト·具体例·v2）,自殺念慮·対策：領域⑤の試験論点,"II種ラインケアの自殺念慮設問は領域⑤相談対応の一部として安全配慮·専門職連携が中心です。50問·四択一では正解行動と不可行動が判断軸です。

自殺念慮への対応は、領域⑤（相談対応）の中でも特に安全配慮と専門職連携が問われるテーマです。管理監督者は、本人の話を傾聴し、安全に配慮したうえで、速やかに産業医・医療機関などの専門職につなぎます。管理監督者が取るべき正解行動と、取ってはいけない行動を明確に区別することが判断の軸です。

| 論点 | 管理監督者 | 医師等 |
| --- | --- | --- |
| 気づき | 早期発見 | — |
| 対応 | 傾聴·安全配慮 | 診断·治療 |
| 連携 | 専門機関紹介 | 受診促し |
| 記録 | 適切記録 | 医学的情報 |",管理監督者：安全配慮と不可な行動表,"管理監督者は傾聴·安全配慮·記録·専門職連携を担います。医学的診断·治療代行·一人で抱え込む対応は誤答です。

管理監督者は、傾聴・安全配慮・記録・専門職への連携を担います。医学的な診断や治療を代行したり、深刻な状況を一人で抱え込んで対応を完結させたりすることは誤答です。危機的な場面ほど、速やかに専門職や関係者と連携して組織的に対応することが求められます。

| 行為 | 正解 | 誤答 |
| --- | --- | --- |
| 傾聴 | 話を聴く | 診断·治療 |
| 安全 | 環境配慮 | 放置 |
| 連携 | 専門機関紹介 | 一人対応 |
| 記録 | 適切記録 | 無記録 |",専門職連携：相談窓口へのつなぎ表,"自殺念慮への対応では速やかに専門機関·産業医·EAP等へつなぐのが正解パターンです。紹介後のフォロー継続も問われます。

自殺念慮が疑われる場合はためらわず、産業医・保健師・医療機関・EAPなどの専門機関へ速やかにつなぐのが正解パターンです。つないだ後も就業上の配慮や状況の確認を継続します。緊急性の高いケースでは本人の安全を最優先に、関係者と連携した迅速な対応が求められます。

| 紹介先 | 役割 | 管理監督者 |
| --- | --- | --- |
| 産業医 | 医学的助言 | 連携·記録 |
| EAP | 外部相談 | 紹介 |
| 保健師 | 相談窓口 | 連携 |
| 医療機関 | 診断·治療 | 受診促し |",頻出誤答：診断代行·一人対応·紹介後放置,"自殺念慮設問の頻出誤答は、管理監督者による診断·治療·専門職連携なしの一人対応·紹介後の放置が典型です。

頻出誤答は、①管理監督者が診断・治療を行う、②専門職と連携せず一人で対応する、③専門機関へつないだ後に放置する、が典型です。正解は、安全配慮を最優先とした傾聴と、速やかな専門職連携、継続的なフォローです。危機対応では「抱え込まない・つなぐ・見守る」が基本です。

| 誤答 | 正解 | 確認先 |
| --- | --- | --- |
| 上司が診断 | 専門機関紹介 | 本記事 |
| 一人で対応 | 連携·記録 | consultation-referral |
| 紹介後放置 | フォロー継続 | 5ステップ |
| 詳細追及 | 傾聴·配慮 | field-law-basics |",consultation-referral記事との2列比較表,"自殺念慮個別論点と相談5ステップ正本は2記事で分担します。本記事は安全配慮·不可行動·危機対応の専門連携、consultation-referral記事は相談·紹介5ステップ·フォロー継続の手順正本に特化します。

本記事は自殺念慮への対応に固有の論点（安全配慮・取ってはいけない行動・危機時の専門連携）を扱い、consultation-referral記事は相談・紹介の5ステップとフォロー継続という手順の正本を扱います。危機対応の要点と一般的な相談手順を分けて押さえると、場面に応じて選択肢を絞れます。

| 論点 | 自殺念慮（本記事） | 相談·紹介5ステップ |
| --- | --- | --- |
| 焦点 | 安全配慮·危機対応 | 5ステップ手順 |
| 時期 | 危機論点深掘り | 相談フロー1周目 |
| 成果物 | 不可行動1枚表 | 5ステップ表 |
| 出口 | field-limit-basicsへ | 本記事へ | 2記事を混同すると5ステップは分かっても危機対応の不可行動が曖昧になります。",,,,,管理監督者は自殺念慮を医学的に判断できますか？,管理監督者は医学的な診断や治療の判断を行いません。傾聴、安全への配慮、記録、そして産業医・医療機関などの専門機関へ速やかにつなぐことが正解パターンです。危機的な状況ほど、一人で抱え込まず連携することが求められます。,自殺念慮への対応で一人で抱え込まないとは？,深刻な状況を管理監督者が一人で対応しようとせず、産業医・医療機関・EAPなどの専門機関へ速やかにつなぎ、記録と就業上のフォローを継続することを意味します。本人の安全を最優先に、関係者と連携して組織的に対応するのが正解です。,本記事と相談·紹介記事の違いは？,本記事は自殺念慮への対応に固有の論点（安全配慮・取ってはいけない行動・危機時の専門連携）を扱います。consultation-referral記事は、相談・紹介の5ステップとフォロー継続という一般的な手順を扱うため、危機対応と通常の相談手順を分けて押さえられます。,,,consultation-referral:相談·紹介;field-limit-basics:相談·連携基礎;pass-score:合格点,自殺念慮;安全配慮;専門職連携;領域⑤;50問70点
privacy-workplace,分野別対策,メン管II種·職場プライバシー【病名·共有·領域③④】,メンタルヘルス・マネジメント検定II種（ラインケア）の職場プライバシーと情報共有。必要最小限·本人同意·病名開示を表に整理し、職場環境·配慮基礎記事との2列比較で具体例解説します。,メンタルヘルス・マネジメント検定II種（ラインケア）の職場プライバシーと情報共有は、本人同意のもとで必要最小限の範囲にとどめるという考え方が要点です。試験では、全社への告知、詳しい病名の開示強要、ストレスチェックの個人票の開示などが誤答として登場します。本記事では情報の取り扱いをめぐる2つの原則を表にまとめ、共有してよい相手の線引きや、個人結果と集団分析の違いを整理します。範囲の詳細は大阪商工会議所の公式要項でも確認しておきましょう。,39,プライバシー;個人情報;同意,メンタルヘルス二種マスター編集部,メンタルヘルス・マネジメント検定II種向けの学習コンテンツを整理する編集チーム,公式情報確認担当,公開前に大阪商工会議所の公式ページ・受験要項と照合,2026-06-13,試験のご紹介（公式）|https://www.mental-health.ne.jp/about/,手書きリライト 2026-06-06。自動prose差し替え 2026-06-04（要手書き）。職場での病名・メンタルヘルス情報の取扱い｜プライバシーと共有。,本記事を読むと、職場プライバシーの論点が分かり、たとえば「7/5 2原則表→演習10問5問中2問→7/12 個票開示10問→70％」まで今日から再現でき、職場環境·配慮基礎記事との使い分けも表で把握できます。,必要最小限·本人同意の2原則表を1枚に整理する;演習10問·プライバシー分野を解き誤答理由を記録する;全社告知·過度開示の誤答10問を7日後に解き直す;field-rights-basics記事で領域③④基礎を確認する;depression-workplace記事で病名開示論点を確認する,試験要項や公式ページが更新されたタイミングで本文と参照元を見直します。,2026-06-13,2026-06-29,2026-06-13,published,2026-06-12: 編集合格（手書きリライト·具体例·v2）,職場プライバシー：2原則の全体像（領域③④）,"II種ラインケアの情報共有は必要最小限·本人同意の2原則が判断軸です。50問·四択一では開示範囲と主体が問われます。

職場での健康情報の取り扱いは、必要最小限であること、本人の同意を得ることの2原則が判断の軸です。試験では、どこまでの情報を、誰と、どの範囲で共有してよいかが問われます。業務上必要な配慮のための情報と、医学的な情報とを区別して扱う考え方を押さえます。

| 原則 | 内容 | 誤答 |
| --- | --- | --- |
| 必要最小限 | 業務上必要な範囲 | 全社告知 |
| 本人同意 | 開示は本人判断 | 強要 |
| 病名 | 詳細開示不要 | 詳細開示強要 |
| 記録 | 適切管理 | 無断共有 |",病名·メンタルヘルス情報の取扱い表,"病名·診断名の詳細開示は本人同意なく求めないのが正解です。業務上必要な配慮情報と医学的情報の線引きが頻出です。

病名・診断名などの詳細な医学的情報は、本人の同意なく開示を求めないのが正解です。就業上の配慮に必要な情報（どのような業務調整が必要か等）と、詳細な医学的情報とを線引きし、前者を必要な範囲で共有します。配慮に不要な詳細情報まで求める選択肢は誤答です。

| 情報 | 共有 | 禁止 |
| --- | --- | --- |
| 配慮事項 | 必要最小限 | 詳細病名 |
| 就業上の措置 | 関係者限定 | 全社 |
| 休業·復帰 | 人事·産業医等 | 同僚全員 |
| 本人希望 | 尊重 | 無視 |",管理監督者：知る範囲と共有先の線引き表,"管理監督者は業務上必要な範囲で情報を把握·共有します。過度な開示·個票の開示·人事評価への利用は誤答です。

管理監督者は、業務上の配慮に必要な範囲で情報を把握・共有します。必要以上に詳細な情報を集めたり、健康情報を人事評価に利用したり、個票を関係のない範囲へ開示したりすることは誤答です。共有先と共有範囲を場面ごとに線引きして確認してください。

| 場面 | 正解 | 誤答 |
| --- | --- | --- |
| 配慮実施 | 必要情報のみ | 詳細病名 |
| 共有先 | 関係者限定 | 全社 |
| 記録 | 適切保管 | 無断拡散 |
| 相談 | 傾聴·紹介 | 診断·治療 |",ストレスチェック：個人結果と集団分析の違い,"ストレスチェックの個票は本人·産業医等が管理し、集団分析結果のみ職場改善に活かします。個票の管理監督者への開示は誤答です。

ストレスチェックの個人結果（個票）は本人と産業医等が管理し、本人の同意なく事業者・管理監督者へ提供されません。職場改善に活かせるのは、個人を特定できない形にまとめた集団分析の結果です。個票を管理監督者へ開示する選択肢は誤答となります。個人結果と集団分析の違いを明確にします。

| データ | 取扱い | 禁止 |
| --- | --- | --- |
| 個票 | 本人·産業医 | 上司開示 |
| 集団分析 | 改善計画 | 個人特定 |
| 高ストレス | 面接指導体制 | 人事評価 |
| 再実施 | Check | 放置 |",field-rights-basics記事との2列比較表,"プライバシー論点と領域③④基礎は2記事で分担します。本記事は2原則·病名開示·個人vs集団の違い、field-rights-basics記事は領域③④·ストレス要因·個別配慮の基礎論点に特化します。

本記事は情報取り扱いの2原則・病名開示・個人結果と集団分析の違いを扱い、field-rights-basics記事は領域③④（職場環境・配慮）の基礎（ストレス要因・個別配慮）を扱います。プライバシーの原則と領域全体の基礎を分けて押さえると、配慮の設問に対応しやすくなります。

| 論点 | プライバシー（本記事） | 職場環境·配慮基礎 |
| --- | --- | --- |
| 焦点 | 情報共有·2原則 | 領域③④基礎 |
| 時期 | プライバシー深掘り | 第3·4章1周目 |
| 成果物 | 2原則1枚表 | ③④論点表 |
| 出口 | depression-workplaceへ | 本記事へ | 2記事を混同すると基礎論点は分かっても共有先の線引きが曖昧になります。",,,,,病名は誰にどこまで共有できますか？,詳細な病名などの医学的情報は、本人の同意なく開示を求めないのが正解です。就業上の配慮に必要な情報を、必要最小限の範囲で関係者に共有します。配慮に不要な詳細情報まで求めたり、広く共有したりする選択肢は誤答になります。,ストレスチェック結果と個人情報の違いは？,ストレスチェックの個人結果（個票）は本人と産業医等が管理し、本人の同意なく管理監督者へ開示することは誤りです。職場改善に活かせるのは、個人を特定できない形にまとめた集団分析の結果です。個人結果と集団分析は明確に区別します。,本記事とうつ病と職場記事の違いは？,本記事は健康情報の取り扱いの2原則・共有先の線引き・個人結果と集団分析の違いを扱います。depression-workplace記事は、うつ病における休業中の配慮や段階的復帰を扱うため、情報の扱いと個別の対応を分けて整理できます。,,,field-rights-basics:職場環境·配慮;depression-workplace:うつ病と職場;pass-score:合格点,プライバシー;必要最小限;本人同意;領域③④;ストレスチェック
exam-day-guide,直前・当日,試験当日の流れと注意点｜メンタルヘルス二種マスター受験ガイド,メンタルヘルスII種の試験当日の注意点。持ち物·50問120分の時間配分·70点合格戦略を表に整理。メンタルヘルス・マネジメント検定II種の試験当日の流れとの役割分担も解説します。,メンタルヘルス・マネジメント検定II種（ラインケア）の試験当日は、流れを知っているだけでは足りず、持ち物·時間配分·70点戦略の3点を前日までに確認する必要があります。本記事では当日の注意点を表にまとめ、会場到着から退場までの流れはメンタルヘルス・マネジメント検定II種の試験当日の流れと役割分担します。,38,試験当日;持ち物;会場,メンタルヘルス二種マスター編集部,メンタルヘルス・マネジメント検定II種向けの学習コンテンツを整理する編集チーム,公式情報確認担当,公開前に大阪商工会議所の公式ページ・受験要項と照合,2026-06-06,試験のご紹介（公式）|https://www.mental-health.ne.jp/about/,手書きリライト 2026-06-06。自動prose差し替え 2026-06-04（要手書き）。試験当日の流れと注意点｜メンタルヘルス二種マスター受験ガイド。;retire_redirect:study-plan,本記事を読むと、たとえば試験前日に持ち物5点·50問を120分で解く時間配分表·70点を確保する「捨て問」の判断基準が分かり、当日の失点を減らせます。,前日21:00までに持ち物5点をそろえる;50問÷120分＝1問144秒の時間配分表を作成する;70点（35問正解）を確保する捨て問基準を決める;メンタルヘルス・マネジメント検定II種の試験当日の流れで当日タイムラインを確認する;体調不良時の判断基準を前日に決めておく,試験要項や公式ページが更新されたタイミングで本文と参照元を見直します。,2026-06-06,2026-06-29,2026-06-06,archived,2026-06-12: archived（guide retire p2·study-planへ統合）,持ち物チェック（前日まで）,"受験票・要項に記載された持ち物と解答時間を、試験のご紹介（公式）で確認したうえで前日に準備します。 - 持参：HB程度の黒い鉛筆2本以上、消しゴム、受験票、要項で求められる身分証
- 予備：鉛筆芯の予備、ティッシュ（要項で認められる範囲）
- 禁止：スマートフォン、参考書、電卓、辞書、ノートなど（要項の禁止リストどおり）
- 時間配分：演習で記録した1問あたりの目安時間を維持し、最後に5〜10分の見直しを確保
- 長文問題：設問文の条件（主体・期間・人数など）を下線メモする程度に留める 「マスター受験ガイド」の解答時間は試験のご紹介（公式）の要項で必ず再確認し、本番前に同じ問題数・時間で模擬演習するとペース感が定着しやすくなります。",時間配分の基本（50問÷120分）,数値・日程・合格基準は年度で更新されるため、学習前と申込前には試験のご紹介（公式）の最新案内を確認してください。演習でマスター受験ガイドに関する設問を解いたら。正解理由と誤答肢の違いを短くメモし、用語解説・比較表・よくある誤答タブで似た論点を比較表で整理すると定着しやすくなります。 演習10問を解き、解説で参照条文を公式テキストで開いて読み返してください。数値・日程・合格基準は年度で更新されるため、学習前と申込前には大阪商工会議所の最新案内を確認してください。,70点合格の得点戦略,合格率・合格点は試験のご紹介（公式）の統計・要項で確認します。数字だけで難易度を判断せず、自分の演習得点と弱点分野を合わせて見積もってください。 マスター受験ガイドの学習時間は、7領域のバランスと仕事の繁忙期を考慮して設定します。 演習10問を解き、解説で参照条文を公式テキストで開いて読み返してください。数値・日程・合格基準は年度で更新されるため、学習前と申込前には大阪商工会議所の最新案内を確認してください。,メンタルヘルス・マネジメント検定II種の試験当日の流れとの役割分担,試験直前は新しい参考書を増やさず、マスター受験ガイドで何度も迷った分野と頻出用語に絞ります。7領域のうち得点率が低い領域を1つ選び、用語10語＋演習20問程度をセットで見直すのが目安です。 前日は暗記の詰め込みより、睡眠と当日の持ち物・会場確認を優先してください。数値（面接指導の時間、ストレスチェックの対象人数など）は早見表タブで最終確認すると安心です。「メンタルヘルス・マネジメント検定II種の試験当日の流れとの役割分担」では。マスター受験ガイドについて公式テキストの該当章を開き、条文の主体・期限・数値を演習問題とセットで押さえて定着を確認します。数値・日程は試験のご紹介（公式）の最新要項で必ず照合してください。,体調管理と当日の心構え,試験直前は新しい参考書を増やさず、マスター受験ガイドで何度も迷った分野と頻出用語に絞ります。7領域のうち得点率が低い領域を1つ選び、用語10語＋演習20問程度をセットで見直すのが目安です。 前日は暗記の詰め込みより、睡眠と当日の持ち物・会場確認を優先してください。数値（面接指導の時間、ストレスチェックの対象人数など）は早見表タブで最終確認すると安心です。 演習10問を解き、解説で参照条文を公式テキストで開いて読み返してください。数値・日程・合格基準は年度で更新されるため、学習前と申込前には大阪商工会議所の最新案内を確認してください。,,,,,試験前日に何を確認すべきですか？,「試験前日に何を確認すべきですか」はメンタルヘルス・マネジメント検定II種の公式テキスト該当章と試験のご紹介（公式）で確認するのが確実です。マスター受験ガイドでは、条文の要件（誰が・いつ・何を）を演習問題とセットで押さえてください。,70点を確保するには何問正解すればよいですか？,「70点を確保するには何問正解すればよいですか」はメンタルヘルス・マネジメント検定II種の公式テキスト該当章と試験のご紹介（公式）で確認するのが確実です。マスター受験ガイドでは、条文の要件（誰が・いつ・何を）を演習問題とセットで押さえてください。,当日の流れと注意点はどこで確認しますか？,読了後は、マスター受験ガイドの関連する演習を5問以上解き、間違えた選択肢を用語解説で確認してから関連ガイドへ進んでください。1週間後の解き直し日をカレンダーに入れると定着しやすくなります。数値・主体・手順は大阪商工会議所の最新案内と照合してください。,,,exam-day-flow:当日の流れ;exam-last-minute:直前チェック;pass-score:合格点;time-management:時間管理,持ち物;時間配分;70点合格;50問120分;flow連携
after-pass,受験・申込,メン管II種·合格後の証明書【交付·社内報告·現場活用】,メンタルヘルス・マネジメント検定II種（ラインケア）合格後の手続きと証明書。合格証·社内報告·現場活用を表に整理し、合格後手続き記事との2列比較で具体例解説します。,メンタルヘルス・マネジメント検定II種（ラインケア）に70点以上で合格したあとは、合格証の受け取りから社内への報告、管理監督者としての現場での活用へと進んでいきます。本記事では、合格証をめぐる手続きや社内での報告、学んだ知識を現場でどう活かすかの全体像をわかりやすくまとめます。合格発表の日程や合格証の交付時期など正確な情報は、大阪商工会議所の試験案内や受験要項でご確認ください。,37,合格後;認定;手続き,メンタルヘルス二種マスター編集部,メンタルヘルス・マネジメント検定II種向けの学習コンテンツを整理する編集チーム,公式情報確認担当,公開前に大阪商工会議所の公式ページ・受験要項と照合,2026-06-13,試験のご紹介（公式）|https://www.mental-health.ne.jp/about/,手書きリライト 2026-06-06。自動prose差し替え 2026-06-04（要手書き）。合格後の手続きと証明書｜メンタルヘルス二種で確認すること。,本記事を読むと、合格証から現場活用までの全体像が分かり、たとえば「6/20 表記確認→7/1 社内報告→8/5 連携初動」まで今日から再現でき、合格後手続き記事との使い分けも表で把握できます。,after-pass-procedure記事で合格後手続き順序を確認する;合格証のII種ラインケア表記を申込情報と照合する;7/1までに社内報告·研修記録への反映を完了する;registration-after-pass記事で登録·免許の違いを確認する;不合格時はexam-schedule記事で再受験申込期間を逆算する,試験要項や公式ページが更新されたタイミングで本文と参照元を見直します。,2026-06-13,2026-06-29,2026-06-13,published,2026-06-12: 編集合格（手書きリライト·具体例·v2）,合格発表から証明書·現場活用までの流れ,"合格後の流れは大阪商工会議所の公開試験案内·受験要項が正本です。50問·70点以上合格の記録を順序どおり確認します。

合格後の流れや証明書に関する情報は、大阪商工会議所の公開試験案内・受験要項が正本です。制度や手続きは変わることがあるため、本記事は全体像の整理にとどめ、実際の手続きは必ず最新の公式情報で確認してください。合格の記録を段階ごとに確認していきます。

| 段階 | 確認内容 | 記事 |
| --- | --- | --- |
| 合格発表 | 合否·正答数 | pass-announcement-guide |
| 合格証 | 交付·表記 | 本記事 |
| 社内手続 | 研修記録 | after-pass-procedure |
| 現場活用 | 管理監督者 | 本記事 | 衛生管理者（第二種30問300点満点·合格180点）と混同しないでください。",合格証·認定の確認項目表（II種ラインケア）,"合格証には氏名·試験名·コース名·合格年月日が記載されます。II種ラインケアであることを人事と確認します。

合格証には氏名・試験名・コース名・合格年月日などが記載されます。II種（ラインケアコース）であることや氏名の表記を、社内報告や人事の記録と照合しておくと、後の手続きで齟齬が生じにくくなります。記載項目のチェックポイントを表で確認します。

| 項目 | チェック | 不一致時 |
| --- | --- | --- |
| 試験名 | II種·ラインケア | 要項問合せ |
| 氏名 | 身分証一致 | 再発行 |
| 合格日 | 発表と一致 | 要項確認 |
| I種混同 | 105+25点別 | pass-score |",社内報告と研修記録への反映表,"多くの事業場では合格後に人事·安全衛生担当へ報告し、研修履歴·管理監督者能力開発記録に反映します。社内規程を先に確認します。

多くの事業場では、合格後に人事や安全衛生の担当へ報告し、研修の履歴や管理監督者の能力開発の記録に反映します。ただし、報告の要否や提出物、期限は会社の規程によって異なります。まず社内の規程を確認してから、必要な報告や記録の手続きを進めると、抜け漏れなく対応できます。

| 報告先 | 提出物 | 期限例 |
| --- | --- | --- |
| 人事 | 合格証写し | 7/1（火） |
| 安全衛生 | 体制図更新 | 7/12（土） |
| 直属上司 | 報告メモ | 交付後3日 |",現場での活用（管理監督者の役割表）,"試験合格は管理監督者としてラインケアを実践する知識基盤を示します。医学的判断は医師の領域、管理監督者は気づき·傾聴·配慮·連携が中心です。

試験の合格は、管理監督者としてラインケアを実践するための知識の基盤を示すものです。現場では、部下の不調への気づき・傾聴・就業上の配慮・専門職への連携が中心的な役割になります。医学的な判断は医師の領域であり、合格後も管理監督者が診断や治療に踏み込むことはありません。

| 領域 | 管理監督者 | 医師·専門職 |
| --- | --- | --- |
| 診断 | × | ○ |
| 職場配慮 | ○ | 助言 |
| 相談初動 | ○ | 必要時連携 |
| 環境改善 | ○ | 助言 |",after-pass-procedure記事との2列比較表,"合格証·現場活用の概要と合格後手続きの正本は2記事で分担します。本記事は合格証·社内報告·現場活用の全体像、after-pass-procedure記事は手続き順序·合格証照合·登録の違い·社内報告手順に特化します。

本記事は合格証・社内報告・現場活用という全体像を扱い、after-pass-procedure記事は手続きの順序・合格証の照合・登録との違い・社内報告の手順を扱います。全体像をつかんでから手続きの詳細に進むと、合格後にやるべきことを漏れなく整理できます。

| 論点 | 証明書·活用（本記事） | 合格後手続き |
| --- | --- | --- |
| 焦点 | 概要·現場 | 順序·正本 |
| 読者 | 初めて確認 | 手続き実行 |
| 成果物 | 活用メモ | 手続き表 |
| 出口 | after-pass-procedureへ | registration-after-passへ | 概要だけ読んで手続き表を作らないと漏れが出ます。",,,,,合格証はいつ·どの方法で受け取れますか？,合格証の交付時期や方法（郵送・Web表示など）は、受験した公開試験回の受験要項・合格発表案内が正本です。制度は変わることがあるため、本記事の内容は目安とし、実際の受け取り方法は最新の公式情報で確認してください。,II種合格後に登録や免許の申請は必要ですか？,II種は、衛生管理者のような国家資格の登録制度とは異なり、合格後に登録や免許の申請を行う必要はありません。合格証の交付や社内での報告が中心になります。I種・III種や他の資格の手続きと混同しないよう、自分が合格した区分の扱いを確認します。,不合格だった場合の再受験はどうなりますか？,再受験は、次回以降の公開試験ごとに、改めて申込と受験料の支払いが必要です。出題形式は毎回同じで、50問・120分・100点満点中70点以上が合格の基準です。不合格だった場合は、弱点の領域を分析してから再挑戦するのが効率的です。,,,after-pass-procedure:合格後手続き;registration-after-pass:登録·免許;pass-score:合格点,合格証の確認;II種ラインケア;社内報告;I種との混同禁止;要項が正本
self-study-guide,独学対策,メン管II種·独学総合ガイド【3点セット·50問·70点】,メンタルヘルス・マネジメント検定II種（ラインケア）の独学総合ガイド。教材3点セット·週次演習·50問模試を表に整理し、勉強法記事との2列比較で具体例解説します。,メンタルヘルス・マネジメント検定II種（ラインケア）は、50問・四択一・120分・70点以上で合格となり、7つの領域から出題されます。本記事はその独学の全体像をまとめたガイドで、大阪商工会議所発行の公式テキストに演習問題と用語解説を加えた3点セットを軸に学習を進める方法を紹介します。7領域をどの順で学ぶか、週ごとの学習サイクルの回し方、50問の模試をいつ取り入れるかまでを解説します。試験形式の詳細は公式要項でもご確認ください。,36,独学;勉強法;初学者,メンタルヘルス二種マスター編集部,メンタルヘルス・マネジメント検定II種向けの学習コンテンツを整理する編集チーム,公式情報確認担当,公開前に大阪商工会議所の公式ページ・受験要項と照合,2026-06-13,試験のご紹介（公式）|https://www.mental-health.ne.jp/about/,手書きリライト 2026-06-12。v2,本記事を読むと、独学3点セットの優先順位と週次演習量が分かり、たとえば「6/14 指定版→6/21 演習10問→8/2 50問→8/30 50問70点」まで今日から再現でき、勉強法記事との使い分けも表で把握できます。,試験のご紹介（公式）で50問·70点·7領域を確認する;textbook-selection記事で公式テキスト第6版を照合する;演習10問·7領域タグを週2回入れる;problem-book-selection記事で問題集1冊を選定する;8/30（土）50問本番形式·35問正解を目指す,試験要項や公式ページが更新されたタイミングで本文と参照元を見直します。,2026-06-13,2026-06-29,2026-06-13,published,2026-06-12: 編集合格（手書きリライト·具体例·v2）,独学3点セットの全体像（50問·120分·70点·7領域）,"II種ラインケア独学の骨格は公式テキスト·演習問題·用語解説の3点セットです。通信講座は必須ではありません。50問·120分·70点以上·7領域が前提です。 | 教材 | 役割 | 頻度 |
| --- | --- | --- |
| 公式テキスト | 根拠·章立て | 毎回 |
| 演習問題 | 7領域タグ演習 | 週2回10問 |
| 用語解説 | 誤答用語確認 | 48時間以内 |
| 問題集 | 解説付き弱点 | 週20問 | たとえば6/14（日）指定第6版確認——6/21（日）演習10問週2回——8/30（土）50問本番形式35問——が定番です。I種合計105点以上（うち論述25点以上）の教材構成と混同しないでください。",7領域の学習順序と週次演習量表,"7領域は公式テキスト章立てに沿って基礎読み·演習集中·模試の3段階で回します。subjects記事の7章対応表と併用します。 | 期間 | 領域 | 週次演習 |
| --- | --- | --- |
| 6/14〜7/5 | ①②基礎 | 10問/週 |
| 7/6〜7/26 | ③④⑤ | 20問/週 |
| 7/27〜8/16 | ⑥⑦ | 20問/週 |
| 8/17〜9/6 | 50問模試 | 35問目標 | 例えば6/28（土）領域①②テキスト2章完了——演習10問·5問中3問正解（60％）——7/5（土）領域③着手——同10問7日後解き直し——が定番です。テキスト1冊は、affiliate-textbooks-recommend で公式第6版·TAC·サクッとわかるの3冊を比較してから固定すると途中で変えずに済みます。",独学の週次サイクル表（演習→用語→解き直し）,"独学の定番サイクルは演習→誤答用語確認→7日後解き直しです。正答率55％未満の領域は20問追加します。2.4分/問（144秒）を意識してください。 | 曜日 | 作業 | 時間 |
| --- | --- | --- |
| 火 | 演習10問 | 60分 |
| 木 | 誤答用語10語 | 30分 |
| 土 | テキスト1章 | 60分 |
| 翌週火 | 同10問解き直し | 60分 | たとえば6/24（火）演習10問·6問正解（60％）——7/1（火）7日後同10問——7問正解（70％）——目標——が定番です。",50問本番形式模試の導入タイミング表,"50問·120分の本番形式模試は試験4週前以降に2回以上実施します。35問正解以上が合格ラインです。mock-exam-how-to記事と併用します。 | 時期 | 模試 | 目標 |
| --- | --- | --- |
| 8/2（土） | 50問通し | 60％以上 |
| 8/16（土） | 50問通し | 33問以上 |
| 8/30（土） | 50問通し | 35問正解 |
| 9/6（土） | 弱点20問 | 70％以上 | 例えば8/30（土）50問·34問正解（68点）——9/2（火）誤答16問4分類——9/6（土）再模試35問——目標——が定番です。",study-plan記事との2列比較表,"独学全体像と12週週次サイクルは2記事で分担します。本記事は3点セット·7領域学習順·週次演習サイクル·模試導入（独学全体）、study-plan記事は12週逆算表·7章週次サイクル·通し演習3回（12週計画）に特化します。 | 論点 | 独学総合（本記事） | 勉強法 |
| --- | --- | --- |
| 焦点 | 3点セット·全体像 | 12週·7章週次 |
| 演習 | 週10〜20問 | 章ごと10問 |
| 成果物 | 独学ロードマップ | 12週逆算表 |
| 出口 | study-planへ | pass-scoreへ | たとえば6/14（日）本記事——3点セット確認——6/29（日）self-study-start——第1週完了——7/12（土）study-plan——12週表——8/30（土）50問模試——確認——の順が定番です。指定版はtextbook-selection記事——が正本です。",,,,,独学で最低限必要な教材は何ですか？,公式テキスト第6版·演習問題·用語解説の3点セットが最低限です。たとえば6/11（木）·残り12週なら、6/14（日）textbook-selection——指定版確認——6/21（日）演習10問週2回——8/30（土）50問35問——を目指してください。50問120分·70点以上·7領域がII種の形式です。問題集1冊はproblem-book-selection記事——で選定します。,独学で週に何問演習すればよいですか？,週10〜20問·7領域タグ付き演習が定番です。例えば6/24（火）演習10問·60％——6/25（水）誤答4問の用語確認——7/1（火）7日後同10問——7問正解（70％）——を目指してください。合計105点以上（うち論述25点以上）はI種の基準であり、II種70点とは異なります。2.4分/問（144秒）を意識してください。,本記事とstudy-planはどう使い分けますか？,本記事は独学3点セット·週次サイクル·50問模試の全体像、study-plan記事は12週逆算·7章週次配分·通し演習3回に特化します。たとえば6/14（日）本記事で3点セット確認、7/12（土）study-planで12週表を確認する順が定番です。70点の詳細はpass-score記事——第1週はself-study-start記事——で確認してください。,,,textbook-selection:テキスト選び;problem-book-selection:問題集選び;self-study-start:独学の始め方;affiliate-textbooks-recommend:メンタルヘルス・マネジメント検定II種のおすすめテキスト3選【2026年度版·独学】;affiliate-problem-books:メンタルヘルス・マネジメント検定II種のおすすめ問題集3選【2026年度版·過去問】,独学3点セット;50問70点;7領域;120分;公式テキスト正本
common-mistakes,独学対策,メン管II種·よくある誤答【役割·診断·情報共有·70点】,メンタルヘルス・マネジメント検定II種（ラインケア）のよくある誤答パターン。役割混同·診断越境·情報共有を表に整理し、用語解説活用法記事との2列比較で具体例解説します。,メンタルヘルス・マネジメント検定II種（ラインケア）の四択問題には、役割の混同、医学的診断への越境、プライバシーの侵害という3つの典型的な誤答パターンが仕込まれています。これらは7つの領域をまたいで同じ形で繰り返し登場するため、パターンとして押さえておくと得点を伸ばしやすくなります。本記事では誤答を3つに分類して整理し、70点突破に向けてどこから解き直すべきか、優先順位の付け方を解説します。出題範囲は大阪商工会議所の公式要項でもご確認ください。,35,誤答;演習;対策,メンタルヘルス二種マスター編集部,メンタルヘルス・マネジメント検定II種向けの学習コンテンツを整理する編集チーム,公式情報確認担当,公開前に大阪商工会議所の公式ページ・受験要項と照合,2026-06-13,試験のご紹介（公式）|https://www.mental-health.ne.jp/about/,手書きリライト 2026-06-06。自動prose差し替え 2026-06-04（要手書き）。メンタルヘルス二種でよくある誤答パターン｜選択肢の引っ掛け対策。,本記事を読むと、誤答パターンの分類が分かり、たとえば「8/30 50問34問→9/6 役割12問解き直し→70％」まで今日から再現でき、用語解説活用法記事との使い分けも表で把握できます。,演習50問の誤答を3パターンに分類する;役割混同の誤答を用語解説で主体確認する;医学的診断越境の誤答10問を7日後に解き直す;glossary-how-to記事でterms/活用法を確認する;情報共有の線引きをprivacy-workplace記事で確認する,試験要項や公式ページが更新されたタイミングで本文と参照元を見直します。,2026-06-13,2026-06-29,2026-06-13,published,2026-06-12: 編集合格（手書きリライト·具体例·v2）,誤答パターン3分類：50問·70点の弱点整理,"II種ラインケアの誤答は役割混同·診断越境·情報共有の3パターンに集約できます。50問·70点合格では誤答15問の優先修正が効率的です。

II種ラインケアの誤答は、①役割の混同（誰が担うかの取り違え）、②医学的判断への越境（管理監督者が診断・治療をする）、③情報共有の誤り（必要最小限・本人同意を超える開示）の3つに集約できます。70点合格を目指すうえでは、失点しやすいこの3パターンを優先的に修正するのが効率的です。

| パターン | 典型誤答 | 確認先 |
| --- | --- | --- |
| 役割混同 | 主体の取り違え | field-law-basics |
| 診断越境 | 上司が診断 | 主体表 |
| 情報共有 | 過度開示 | privacy-workplace |
| 手順混同 | ステップ順序 | consultation-referral |",役割混同：見分け表と解き直し順,"管理監督者·医師·保健師·産業医の役割取り違えが頻出です。主体表とセットで解き直します。

役割の混同は、管理監督者・医師・保健師・産業医の担当を取り違えるパターンです。診断・治療は医師、相談対応・健康教育は保健師等、就業上の配慮・連携は管理監督者、と主体を整理し、誤答を主体表とセットで解き直すと定着します。行為ごとに正しい担い手を確認してください。

| 行為 | 正解主体 | 誤答 |
| --- | --- | --- |
| 診断·治療 | 医師 | 管理監督者 |
| 傾聴·配慮 | 管理監督者 | 医師 |
| 相談窓口 | 保健師等 | 上司のみ |
| 復帰判断 | 主治医意見等 | 上司単独 |",医学的診断越境：頻出誤答と正解パターン,"「管理監督者が診断·治療·カウンセリング代行」は7領域横断の典型誤答です。傾聴·安全配慮·専門職連携が正解です。

「管理監督者が診断・治療・カウンセリングを代行する」という選択肢は、7つの領域を横断して現れる典型的な誤答です。管理監督者の役割は、傾聴・就業上の配慮・専門職への連携であり、医学的判断は医師に委ねます。診断越境の型を覚えておくと、多くの設問で誤答を素早く外せます。

| 設問 | 誤答 | 正解 |
| --- | --- | --- |
| 不調対応 | 上司が診断 | 傾聴·紹介 |
| ストレス | 上司が治療 | 業務調整 |
| うつ病 | 上司が判断 | 医師連携 |
| 危機 | 一人対応 | 専門機関 |",情報共有：プライバシー誤答と対策表,"必要最小限·本人同意を超える開示が誤答です。個票開示·全社告知·詳細病名の強要が典型です。

情報共有に関する誤答は、必要最小限・本人同意という原則を超える開示が典型です。ストレスチェックの個票を開示する、社内へ全体告知する、詳細な病名の開示を強要する、といった選択肢は誤りです。正解は、業務上必要な範囲での共有と、本人同意の尊重です。

| 誤答 | 正解 | 確認先 |
| --- | --- | --- |
| 全社告知 | 必要最小限 | privacy-workplace |
| 個票開示 | 集団分析のみ | workplace-improvement |
| 病名詳細 | 本人同意 | depression-workplace |
| 無記録 | 適切記録 | consultation-referral |",glossary-how-to記事との2列比較表,"誤答パターン整理と用語ハブ活用法は2記事で分担します。本記事は3分類·解き直し優先順位·70点への弱点修正、glossary-how-to記事はterms/·比較表·誤答ハブの使い方に特化します。

本記事は誤答の3分類・解き直しの優先順位・70点への弱点修正を扱い、glossary-how-to記事は用語解説（terms/）・比較表・誤答ハブの使い方を扱います。誤答パターンの整理と用語での確認を組み合わせると、間違えた論点を根拠までさかのぼって固められます。

| 論点 | 誤答パターン（本記事） | 用語解説活用 |
| --- | --- | --- |
| 焦点 | 3分類·優先修正 | terms/活用法 |
| 時期 | 弱点修正深掘り | 用語ハブ1周目 |
| 成果物 | 3分類1枚表 | 用語確認手順 |
| 出口 | pass-scoreへ | 本記事へ | 2記事を混同すると用語確認はできても誤答の優先順位が曖昧になります。",,,,,誤答パターンは何から優先して直せばよい？,演習で間違えた問題を、役割の混同・医学的判断への越境・情報共有の誤り、という3つのパターンに分類します。そのうえで、出現頻度が高い役割の混同と診断越境から優先して解き直すと、限られた時間で失点を効率よく減らせます。,「管理監督者が診断する」選択肢はなぜ誤答？,病状の診断や治療方針の判断は、医師・産業医の領域だからです。管理監督者の役割は、傾聴・就業上の配慮・専門職への連携であり、医学的な判断には踏み込みません。この「診断越境」は複数の領域を横断して現れる典型的な誤答です。,本記事と用語解説活用法記事の違いは？,本記事は誤答の3分類・解き直しの優先順位・70点合格に向けた弱点修正を扱います。glossary-how-to記事は、用語解説（terms/）や比較表を使った用語の確認方法を扱うため、誤答の整理と用語での裏づけを組み合わせられます。,,,glossary-how-to:用語解説活用;pass-score:合格点;field-law-basics:基礎·役割,役割混同;医学的診断;情報共有;50問70点;誤答分類
glossary-how-to,独学対策,メン管II種·用語解説活用【terms/·7領域·演習連携】,メンタルヘルス・マネジメント検定II種（ラインケア）の用語解説の活用法。terms/·比較表·演習連携を表に整理し、よくある誤答記事との2列比較で具体例解説します。,メンタルヘルス・マネジメント検定II種（ラインケア）では、四択問題で用語の定義や担い手、数値が問われます。本記事では、そうした論点を用語解説や比較表とともに網の目のように整理し、知識をつなげて覚える方法を紹介します。一語ずつバラバラに暗記するのではなく、演習で間違える→用語を確認する→解き直す、という往復が効率的です。混同しやすい用語の整理手順を4つのステップで解説します。出題の詳細は大阪商工会議所の公式要項でもご確認ください。,34,用語集;知識整理,メンタルヘルス二種マスター編集部,メンタルヘルス・マネジメント検定II種向けの学習コンテンツを整理する編集チーム,公式情報確認担当,公開前に大阪商工会議所の公式ページ・受験要項と照合,2026-06-13,試験のご紹介（公式）|https://www.mental-health.ne.jp/about/,手書きリライト 2026-06-06。自動prose差し替え 2026-06-04（要手書き）。用語集の使い方｜339語を効率よく復習するコツ。,本記事を読むと、用語解説の活用法が分かり、たとえば「8/23 ハブ確認→演習10問5問中3問→8/30 用語3件→9/6 解き直し70％」まで今日から再現でき、よくある誤答記事との使い分けも表で把握できます。,terms/用語解説一覧で7領域ハブの位置を確認する;演習10問の誤答用語をterms/で定義·主体確認する;比較表で混同語2組以上を整理する;common-mistakes記事で誤答3分類を確認する;7日後に同分野10問を解き直し70％以上を目指す,試験要項や公式ページが更新されたタイミングで本文と参照元を見直します。,2026-06-13,2026-06-29,2026-06-13,published,2026-06-12: 編集合格（手書きリライト·具体例·v2）,terms/用語解説：7領域ハブの構成,"II種ラインケアの用語解説はterms/に7領域ハブとして整理されています。50問·70点では関連用語リンクの往復が効率的です。

用語解説（terms/）は、7つの領域ごとのハブとして整理されており、重要語の意味・根拠・試験での押さえ方を確認できます。演習で分からなかった用語をその場で調べ、関連する用語や過去問へ行き来することで、知識の抜けを効率よく埋められます。ハブの構成と使い方を確認します。

| ハブ | 内容 | 使い方 |
| --- | --- | --- |
| 領域① | 基礎·4ケア | 主体確認 |
| 領域②③ | 基礎·職場環境 | 混同防止 |
| 領域④⑦ | 配慮·復帰 | 線引き |
| 関連用語 | 横リンク | 2件以上読む |",演習→用語解説→解き直し：4ステップ表,"用語だけ暗記しても事例問題は解けません。演習→用語→演習の1セットで定着させます。

用語を単独で暗記しても、場面設定のある事例問題には対応しづらいものです。演習で間違える→用語解説で意味と根拠を確認する→もう一度演習で解く、という1セットで回すと、用語が「使える知識」として定着します。ステップごとの成果物を意識して進めます。

| ステップ | 内容 | 成果物 |
| --- | --- | --- |
| 1 | 演習10問 | 正答率記録 |
| 2 | 誤答用語をterms/ | 主体·定義メモ |
| 3 | 関連用語2件以上 | 混同防止 |
| 4 | 7日後解き直し | 70％以上 |",比較表：混同語·主体の線引き活用法,"近義語·主体が似た用語は比較表で左右に並べて整理します。管理監督者·医師·保健師の混同防止に有効です。

意味や担い手が似ている用語は、比較表で左右に並べて違いを整理すると混同を防げます。たとえば管理監督者・医師・保健師の役割のように、取り違えやすいものを対比しておくと、事例問題で主体を問われたときに素早く判断できます。

| 混同例 | 左 | 右 |
| --- | --- | --- |
| 主体 | 管理監督者 | 医師 |
| 要因 | 職場要因 | 個人要因 |
| ケア | ライン | 事業場内 |
| 共有 | 必要最小限 | 全社開示 |",よくある誤答との連携：3パターン分類,"演習の誤答は役割混同·診断越境·情報共有の3パターンに分類し、terms/で該当用語を確認します。

演習での誤答は、役割の混同・医学的判断への越境・情報共有の誤り、という3パターンに分類できます。間違えた問題をこの3分類に当てはめ、該当する用語を用語解説で確認すると、単なる暗記ではなく誤りの理由から理解を固められます。

| パターン | terms/確認 | 記事 |
| --- | --- | --- |
| 役割混同 | 主体·定義 | field-law-basics |
| 診断越境 | 医師·管理監督者 | common-mistakes |
| 情報共有 | プライバシー | privacy-workplace |
| 手順 | 5ステップ | consultation-referral |",common-mistakes記事との2列比較表,"用語ハブ活用法と誤答パターン整理は2記事で分担します。本記事はterms/·4ステップ·混同語の整理手順、common-mistakes記事は3分類·解き直し優先順位·70点弱点修正に特化します。

本記事は用語解説（terms/）・演習との連携・混同語の整理手順を扱い、common-mistakes記事は誤答の3分類・解き直しの優先順位・70点への弱点修正を扱います。用語での確認と誤答パターンの整理を組み合わせると、学習の精度が上がります。

| 論点 | 用語解説活用（本記事） | よくある誤答 |
| --- | --- | --- |
| 焦点 | terms/·演習連携 | 3分類·優先修正 |
| 時期 | 用語ハブ1周目 | 弱点修正深掘り |
| 成果物 | 4ステップ手順 | 3分類1枚表 |
| 出口 | subjectsへ | 本記事へ | 2記事を混同すると用語は読めても演習との接続順が曖昧になります。",,,,,用語解説はどう探せばよい？,用語解説の一覧から、7つの領域ごとのハブやキーワード検索で目的の用語を開きます。1つの用語だけでなく、関連する用語や過去問へ行き来しながら2件以上を続けて読むと、知識のつながりができて定着しやすくなります。,比較表とよくある誤答はどう使い分ける？,比較表は、意味や担い手が似ている用語を左右に並べて違いを整理するのに使います。よくある誤答（common-mistakes記事）は、演習での間違いを3つのパターンに分類し、解き直しの優先順位をつけるのに使うと、目的に応じて役割を分けられます。,本記事とよくある誤答記事の違いは？,本記事は用語解説（terms/）の使い方・4ステップの学習手順・混同語の整理・演習との連携を扱います。common-mistakes記事は、誤答の3分類・優先修正・70点に向けた弱点対策を扱うため、用語の確認と誤答の整理を組み合わせられます。,,,common-mistakes:よくある誤答;subjects:出題範囲;pass-score:合格点;important-terms-list:重要用語の押さえ方,用語解説;657語相当;terms/;比較表;誤答ハブ
workplace-improvement,分野別対策,メン管II種·職場環境改善【PDCA·集団分析·領域③】,メンタルヘルス・マネジメント検定II種（ラインケア）の職場環境改善とPDCA。ストレスチェック集団分析の活かし方を表に整理し、職場環境·配慮基礎記事との2列比較で具体例解説します。,メンタルヘルス・マネジメント検定II種（ラインケア）の職場環境改善は、Plan・Do・Check・ActのPDCAサイクルを回しながら、ストレスチェックの集団分析結果を改善につなげていく論点です。試験では、個人票を開示したり全社で共有したりする選択肢が誤答として狙われます。本記事ではPDCAの手順と、集団分析の活かし方、間違えやすいポイントを整理します。出題範囲の詳細は大阪商工会議所の公式要項でもあわせてご確認ください。,33,職場環境改善;PDCA;集団分析,メンタルヘルス二種マスター編集部,メンタルヘルス・マネジメント検定II種向けの学習コンテンツを整理する編集チーム,公式情報確認担当,公開前に大阪商工会議所の公式ページ・受験要項と照合,2026-06-13,試験のご紹介（公式）|https://www.mental-health.ne.jp/about/,手書きリライト 2026-06-06。自動prose差し替え 2026-06-04（要手書き）。職場環境改善とPDCA｜ストレスチェック結果の活かし方。,本記事を読むと、PDCA·集団分析の活かし方が分かり、たとえば「7/5 PDCA表→演習10問5問中2問→7/12 個票開示10問→70％」まで今日から再現でき、職場環境·配慮基礎記事との使い分けも表で把握できます。,PDCA4段階と集団分析の接続表を1枚に整理する;演習10問·職場環境改善·PDCA分野を解き誤答理由を記録する;「個票を全社開示」誤答10問を7日後に解き直す;field-rights-basics記事で領域③④基礎を確認する;overwork-prevention記事で過重労働·業務量論点を確認する,試験要項や公式ページが更新されたタイミングで本文と参照元を見直します。,2026-06-13,2026-06-29,2026-06-13,published,2026-06-12: 編集合格（手書きリライト·具体例·v2）,職場環境改善PDCA：4段階の全体像,"II種ラインケアの職場環境改善はPDCAサイクルで組織的に進めるのが正解パターンです。個人の努力のみ·放置は誤答の典型です。

職場環境の改善は、計画（Plan）・実行（Do）・評価（Check）・改善（Act）のPDCAサイクルで、組織的・継続的に進めるのが正解パターンです。個人の努力だけに委ねたり、一度実施して終わりにしたりする対応は誤答です。各段階で管理監督者が担う役割を押さえます。

| 段階 | 内容 | 管理監督者 |
| --- | --- | --- |
| Plan | 改善計画 | 課題抽出 |
| Do | 施策実施 | 現場配慮 |
| Check | 効果確認 | 集団分析 |
| Act | 見直し | 継続改善 |",集団分析：ストレスチェック結果の活かし方,"ストレスチェックの集団分析結果は個人特定せず職場改善に活かします。50人以上事業場の制度は要項で再確認。個票の開示·全社共有は誤答です。

ストレスチェックの集団分析結果は、個人を特定しない形で職場の傾向を把握し、職場環境の改善に活かします。常時50人以上の事業場での実施義務や集団分析の位置づけは制度で定められているため、詳細は最新の要項で確認します。個票の開示や全社共有は誤答です。

| データ | 活かし方 | 禁止 |
| --- | --- | --- |
| 集団分析 | 改善計画 | 個人特定 |
| 高ストレス率 | 面接指導体制 | 個票開示 |
| 要因分析 | PDCAのPlan | 人事評価 |
| 再実施 | Check | 放置 |",PDCA各段階：管理監督者の正解·誤答表,"PDCA各段階で管理監督者が担う典型行動と誤答パターンを表にまとめます。医学的診断·個票開示は誤答です。

PDCAの各段階では管理監督者が現場の課題把握や改善策の実行、効果の確認を担います。医学的な診断を下したりストレスチェックの個票を開示したりすることは役割の範囲外で誤答です。段階ごとの正解行動と誤答を対比して確認してください。

| 段階 | 正解行動 | 誤答 |
| --- | --- | --- |
| Plan | 課題·目標設定 | 個人責任のみ |
| Do | 業務調整·配慮 | 一律休職 |
| Check | 再チェック·分析 | 放置 |
| Act | 計画修正 | 一度で終了 |",領域③頻出誤答：個人責任·個票開示·放置,"職場環境改善設問の頻出誤答は、個人の努力に押し付ける·ストレスチェック個票の開示·改善サイクルなしの放置が典型です。

職場環境改善の頻出誤答は、①不調を個人の努力に押し付ける、②ストレスチェックの個票を開示する、③改善サイクルを回さず放置する、が典型です。正解は、集団分析を活かした組織的な改善と、個人が特定されない形でのデータ活用、継続的なPDCAです。

| 誤答 | 正解 | 確認先 |
| --- | --- | --- |
| 個人の時間管理のみ | 組織的改善 | 本記事PDCA表 |
| 個票を上司に開示 | 集団分析のみ | 公式テキスト第3章 |
| 1回実施で終了 | PDCA継続 | 本記事 |
| 高ストレス者放置 | 面接指導体制 | 要項 |",field-rights-basics記事との2列比較表,"PDCA詳細と領域③④基礎は2記事で分担します。本記事はPDCA·集団分析の活かし方·領域③の頻出誤答、field-rights-basics記事は領域③④·ストレス要因·個別配慮の基礎論点に特化します。

本記事はPDCA・集団分析の活かし方・領域③の頻出誤答を扱い、field-rights-basics記事は領域③④（職場環境・配慮）の基礎（ストレス要因・個別配慮）を扱います。改善の手法と領域の基礎を分けて押さえると、職場環境の設問に対応しやすくなります。

| 論点 | 環境改善（本記事） | 職場環境·配慮基礎 |
| --- | --- | --- |
| 焦点 | PDCA·集団分析 | 領域③④基礎 |
| 時期 | 環境改善深掘り | 第3·4章1周目 |
| 成果物 | PDCA1枚表 | ③④論点表 |
| 出口 | overwork-preventionへ | 本記事へ | 2記事を混同すると基礎論点は分かってもPDCAの手順が曖昧になります。",,,,,ストレスチェック結果は個票を上司に開示しますか？,個票の開示や全社での共有は誤答です。ストレスチェックの結果は、個人を特定できない形にまとめた集団分析として、職場環境の改善に活かすのが正解です。個人の結果をそのまま上司へ開示することは制度上認められていません。,PDCAのCheck段階で何を確認しますか？,改善施策の効果を確認します。具体的には、実施した対策の効果の検証、ストレスチェックの再実施、集団分析の結果の変化などを確認し、次の改善（Act）につなげます。効果を確認せずに施策をやりっぱなしにする対応は誤答です。,本記事と職場環境·配慮基礎記事の違いは？,本記事はPDCAサイクルや集団分析の活かし方など、領域③の職場環境改善の手法を扱います。field-rights-basics記事は、領域③④の基礎（ストレス要因・個別配慮）を扱うため、改善の手法と領域の基礎を分けて押さえられます。,,,field-rights-basics:職場環境·配慮;overwork-prevention:過重労働;pass-score:合格点,PDCA;領域③;集団分析;職場改善;50問70点
study-plan,学習計画,メン管II種·勉強法【12週·7章·週次サイクル】,メンタルヘルス・マネジメント検定II種（ラインケア）の勉強法。公式テキスト7章·12週逆算·週次サイクルを表に整理し、科目一覧記事との2列比較で具体例解説します。,メンタルヘルス・マネジメント検定II種（ラインケア）の独学では、公式テキスト全7章を週ごとのサイクルで回しながら、試験日から逆算した12週間の計画を立てるのが定番です。50問・120分・70点以上で合格となる本試験に合わせ、1章を読み終えるごとに演習10問・正答率70%を目標にしていきます。本記事では12週間の計画表と週次サイクルの回し方、通し演習を3回入れるタイミングを紹介します。試験形式の詳細は公式要項でもご確認ください。,30,勉強法;学習計画;独学,メンタルヘルス二種マスター編集部,メンタルヘルス・マネジメント検定II種向けの学習コンテンツを整理する編集チーム,公式情報確認担当,公開前に大阪商工会議所の公式ページ・受験要項と照合,2026-06-13,試験のご紹介（公式）|https://www.mental-health.ne.jp/about/,手書きリライト 2026-06-06。自動prose差し替え 2026-06-04（要手書き）。学習週数は個人差が大きいため、週数は目安として記載。,本記事を読むと、12週·7章の週次サイクルが分かり、たとえば「6/14第1章10問正答7問→6/28第1〜2章復習15問→8/30通し38問」まで今日から再現でき、科目一覧記事との使い分けも表で把握できます。,科目一覧記事で第1〜7章対応表を1枚にまとめる;12週逆算表を紙1枚に書き試験日から逆算する;各章読了後に演習10問·正答7問以上を記録する;8週目·10週目·12週目に50問120分通しを実施する;正答35問未満ならpass-score記事で捨て問戦略を確認する,試験要項や公式ページが更新されたタイミングで本文と参照元を見直します。,2026-06-13,2026-06-29,2026-06-13,published,2026-06-12: 編集合格（手書きリライト·具体例·v2）,12週逆算：7章週次サイクルの全体像,"学習計画の正本は公式テキスト第1〜7章と試験のご紹介·受験要項です。下表は12週逆算の型で、残り期間に合わせて週数を圧縮·延長してください。

学習計画の正本は、公式テキストの第1〜7章と、大阪商工会議所の試験のご紹介・受験要項です。下表は試験日から12週を逆算した学習の型で、残り期間に合わせて週数を圧縮・延長して使います。まずは1周目で全体像をつかみ、2周目以降で弱点を集中的に補強する流れが効率的です。

| 週 | 章·領域 | 目標 |
| --- | --- | --- |
| 1 | 第1章·① | 読了＋演習10問 |
| 2 | 第2章·② | 読了＋演習10問 |
| 3 | 第3章·③ | 読了＋演習10問 |
| 4 | 第4章·④ | 読了＋演習10問 |
| 5 | 第5章·⑤ | 読了＋演習10問 |
| 6 | 第6章·⑥ | 読了＋演習10問 |
| 7 | 第7章·⑦ | 読了＋演習10問 |
| 8 | 通し1回目 | 50問120分·計測 |
| 9-10 | 弱点領域 | 週3時間追加 |
| 11 | 通し2回目 | 35問以上目標 |
| 12 | 通し3回目 | 38問以上·直前 |",週次サイクル：読む·解く·記録する,"1章1週の基本サイクルは「読む→解く→記録→7日後復習」です。

1章あたり1週を目安に、「読む（インプット）→解く（演習）→記録する→7日後に復習する」というサイクルを回します。読むだけ・解くだけで終わらせず、間違えた理由を記録して一定期間後に解き直すことで、知識が長期記憶として定着しやすくなります。

| 曜日 | 時間 | 内容 |
| --- | --- | --- |
| 日 | 60分 | 該当章を読む |
| 水 | 30分 | 演習10問 |
| 土 | 15分 | 正答数·誤答3語メモ |
| 翌週土 | 30分 | 同系統10問解き直し | テキスト1冊は、affiliate-textbooks-recommend で公式第6版·TAC·サクッとわかるの3冊を比較してから固定すると途中で変えずに済みます。",通し演習3回：8週目·11週目·12週目,"7章1周後は50問120分通し演習で本番形式を計測します。3回実施すると得点推移が見えます。

7つの章を一巡したあとは、50問を120分で通して解く演習で本番形式に慣れ、得点を計測します。時期を空けて3回ほど実施すると、得点の推移や弱点の変化が見えてきます。1回ごとに正答数や時間配分を記録しておくと、次に強化すべき領域が判断しやすくなります。

| 回 | 目標週 | 正答目標 | 記録項目 |
| --- | --- | --- | --- |
| 1回目 | 8週目 | 現在地把握 | 正答数·2分超 |
| 2回目 | 11週目 | 35問以上 | 領域別正答率 |
| 3回目 | 12週目 | 38問以上 | 捨て問·見直し |",期間別配分：12週·24週·52週の目安,"残り期間に応じて週あたりの学習量を調整します。全部均等より弱点領域追加が効率的です。

残りの期間に応じて、1週間あたりの学習量を調整します。すべての章に均等に時間を配るよりも、演習で見つかった弱点の領域を厚めに補強するほうが、限られた時間で得点を伸ばしやすくなります。期間が短い場合は、7章の一巡と通し演習を優先し、弱点に絞って復習します。

| 残り期間 | 7章1周 | 通し演習 | 目安時間/週 |
| --- | --- | --- | --- |
| 12週 | 7週 | 3回 | 5〜7時間 |
| 24週 | 14週 | 4回 | 3〜5時間 |
| 52週 | 28週 | 6回 | 2〜3時間 |",subjects記事との2列比較表,"章対応の詳細と週次学習計画は2記事で分担します。科目一覧記事は第1〜7章対応表·領域別演習記録、本記事は12週逆算·週次サイクル·通し演習3回に特化します。

本記事は12週間の逆算・週次サイクル・通し演習の回数など、学習計画の立て方を扱います。科目一覧の記事は、第1〜7章と出題領域の対応表や、領域別の演習記録の付け方を扱うため、計画の全体像と章ごとの対応を分けて押さえると、学習を進めやすくなります。

| 論点 | 科目一覧記事 | 本記事（勉強法） |
| --- | --- | --- |
| 焦点 | 章対応·正答率表 | 12週·週次サイクル |
| 時期 | 第1周の記録 | 7章1周〜通し3回 |
| 成果物 | 領域別正答率 | 12週逆算表 |
| 出口 | 本記事へ | pass-scoreへ | 対応表なしで週次だけ組むと領域の偏りに気づきにくくなります。",,,,,7章はどの順番で進めればよいですか？,基本は第1章から第7章の順に進めます。ただし、演習で弱点の領域が先に見えた場合は、その章を厚めに学習するほうが得点の効率は高くなります。章と出題領域の対応を確認しながら、全体を一巡したうえで弱点を重点的に補強していきます。,週に何時間勉強すれば足りますか？,残りが12週間なら週5〜7時間、24週間なら週3〜5時間が一つの目安です。ただし、時間の長さよりも、演習と復習を継続できるかが大切です。まとまった時間が取れない場合は、1日15〜30分でも毎日続けるほうが、知識が定着しやすくなります。,独学の第1週は何から始めますか？,まず受験要項で試験日・申込期間・受験料などを確認し、公式テキストの第1〜7章と出題領域の対応表を作るところから始めます。学習の全体像をつかんだうえで、試験日から逆算した12週間の計画に落とし込むと、無理なく進められます。,,,subjects:科目一覧·出題範囲;pass-score:合格点;overview:試験概要;affiliate-textbooks-recommend:メンタルヘルス・マネジメント検定II種のおすすめテキスト3選【2026年度版·独学】;difficulty-for-beginners:初学者向け難易度;ichimon-practice:一問一答の活用,7章進め方;公式テキスト;週次サイクル;50問70点;7領域
schedule,受験・申込,メンタルヘルスマネジメント検定II種の日程はいつ？試験日・申込期間・持ち物の早見,メンタルヘルス・マネジメント検定II種（ラインケア）の次回公開試験は第41回＝2026年11月1日（日）、一般申込は9月4日〜9月17日。試験日・申込期間・持ち物を1枚に早見でまとめます（最新・正確な日程は公式の受験要項が正本）。,メンタルヘルス・マネジメント検定II種（ラインケア）の次回公開試験は、第41回＝2026年11月1日（日）（一般申込9月4日〜9月17日）、その次は第42回＝2027年3月21日（日）です。公開試験は例年3月と11月の年2回。申込みから当日の準備までは、試験日程・受験料・持ち物の3点を1枚にまとめておくと迷いが減ります。正確な試験日・申込期間・金額は、大阪商工会議所が公開試験ごとに出す要項PDFでご確認ください。,20,受験要項;日程;申込,メンタルヘルス二種マスター編集部,メンタルヘルス・マネジメント検定II種向けの学習コンテンツを整理する編集チーム,公式情報確認担当,公開前に大阪商工会議所の公式ページ・受験要項と照合,2026-06-13,試験のご紹介（公式）|https://www.mental-health.ne.jp/about/,手書きリライト 2026-06-06。自動prose差し替え 2026-06-04（要手書き）。受験料・日程の数値は本文に固定せず、要項URLへ誘導。,本記事を読むと、日程·受験料·持ち物の3点早見が分かり、たとえば「6/14 3点1枚→exam-schedule逆算→exam-fees決済→9/5持ち物」まで今日から再現でき、試験日程記事との使い分けも表で把握できます。,要項PDFで試験日·申込期間·受験料を3行メモする;3点早見1枚を紙·スマホメモに保存する;exam-schedule記事で12週逆算表を作成する;申込時はexam-fees記事で決済·控え保存する;直前1週はexam-day-items記事で持ち物7点確認する,試験要項や公式ページが更新されたタイミングで本文と参照元を見直します。,2026-06-13,2026-06-29,2026-06-13,published,2026-06-12: 編集合格（手書きリライト·具体例·v2）,3点早見1枚：日程·受験料·持ち物,"3点の正本は大阪商工会議所の試験のご紹介·受験要項·受験票です。下表を1枚に転記し、詳細は各記事へ進みます。

試験日・受験料・持ち物の3点は、大阪商工会議所の試験のご紹介・受験要項・受験票が正本です。これらは公開試験ごとに公表・改定されるため、まず要項で最新の情報を確認し、要点を1枚に書き写してから、各項目の詳細は個別の記事で確認するのが効率的です。

| 項目 | 1行メモ例 | 詳細記事 |
| --- | --- | --- |
| 試験日程 | 9/6（土）·申込7/1-7/18 | exam-schedule |
| 受験料 | 要項記載（要項で確認） | exam-fees |
| 持ち物 | 受験票·身分証·筆記用具等 | exam-day-items |",試験日程：1行メモと詳細記事,"試験日·申込期間は要項PDFの4項目をexam-schedule記事で深掘りします。

試験日と申込期間は、受験要項PDFの記載が正本です。年度や試験回によって日程が異なるため、思い込みで判断せず、必ず最新の要項で確認します。日程が分かったら、試験日から逆算して学習計画を立てると、直前になって範囲が終わらないという事態を防げます。

| 確認項目 | メモ | 次のアクション |
| --- | --- | --- |
| 試験日 | 9/6（土）※要項 | 12週逆算 |
| 申込開始 | 7/1（火） | カレンダー |
| 申込締切 | 7/18（金） | 9点チェック |
| 合格発表 | 要項記載 | 1行メモ |",受験料：1行メモと決済手順,"受験料は要項PDFの金額を1行メモし、決済·控えはexam-fees記事で完遂します。

受験料は年度・試験回によって改定される可能性があるため、必ず最新の受験要項PDFで金額を確認します。金額を一行メモしておき、実際の決済手続きや支払い控えの保存はexam-fees記事の手順に沿って進めると、申込の取りこぼしを防げます。

| 段階 | 作業 | 記事 |
| --- | --- | --- |
| 早見 | 要項金額1行 | 本記事 |
| 申込 | 決済·控え | exam-fees |
| 締切前 | 9点確認 | application-deadline-checklist |",持ち物：7点概観と直前確認,"持ち物は要項·受験票が正本です。直前1週に7点確認が定番です。

持ち物は、受験要項と受験票が正本です。受験票・身分証明書・筆記用具・時計など必要なものを、試験1週間前に一度そろえて確認しておくと、当日の慌ただしさの中での忘れ物を防げます。会場ごとに注意事項が異なる場合もあるため、当日案内も確認します。

| # | 項目 | 確認タイミング |
| --- | --- | --- |
| 1 | 受験票 | 到着時 |
| 2 | 身分証 | 前日 |
| 3 | 筆記用具 | 前日 |
| 4 | 時計 | 前日 |
| 5 | マスク等 | 要項 |
| 6 | 弁当·飲料 | 会場規定 |
| 7 | 交通系 | 動線確認 |",exam-schedule記事との2列比較表,"3点概観と試験日程詳細は2記事で分担します。本記事は日程·受験料·持ち物の3点早見1枚·詳細記事への入口、exam-schedule記事は公開試験日程·申込期間·12週逆算に特化します。

本記事は、試験日・受験料・持ち物という3点を1枚で概観し、各詳細記事への入口となる早見をまとめています。exam-schedule記事は、公開試験の日程・申込期間・12週間の逆算計画を詳しく扱うため、まず全体像をつかんでから日程の詳細に進むと分かりやすくなります。

| 論点 | 本記事（3点早見） | 試験日程記事 |
| --- | --- | --- |
| 焦点 | 3点1枚概観 | 日程·12週逆算 |
| 時期 | Day0（10分） | Day0〜計画 |
| 成果物 | 3行メモ | 12週表 |
| 出口 | 各詳細記事へ | study-planへ | 3点だけで12週逆算を省略するのが典型ミスです。",,,,,日程·受験料·持ち物はどこで確認しますか？,正本は大阪商工会議所の試験のご紹介·受験要項PDF·受験票です。直近の公開試験は第41回＝2026年11月1日（日）（一般申込9月4日〜9月17日）、次回は第42回＝2027年3月21日（日）です。日付は要項PDFで必ず上書き確認し、詳細はexam-schedule·exam-fees·exam-day-items各記事へ進んでください。,3点早見だけで申込は足りますか？,いいえ。3点早見は入口にすぎません。実際の申込は、資格の確認から受験票の受領までの一連の手続きが必要で、exam-application-flow記事に流れをまとめています。締切直前の最終確認は、application-deadline-checklist記事もあわせて確認してください。,本記事とexam-schedule記事の違いは？,本記事は、試験日・受験料・持ち物という3点を1枚で概観する早見を扱います。exam-schedule記事は、試験日・申込期間・12週間の逆算計画を詳しく扱うため、まず全体像をつかんでから日程の詳細に進むと分かりやすくなります。,,,exam-schedule:試験日程;exam-fees:受験料;exam-day-items:持ち物;exam-application-flow:申込の流れ,3点早見表;要項正本;50問120分;本記事連携;fees·items分担
overview,試験概要,メン管II種·試験概要【50問·7領域·70点·ラインケア】,メンタルヘルス・マネジメント検定II種（ラインケア）の試験概要。50問·120分·70点·7領域、要項5点メモと演習10問を試験形式記事との2列比較で具体例解説します。,メンタルヘルス・マネジメント検定II種（ラインケア）は、管理監督者が職場でメンタルヘルス対策を実践するための知識と姿勢を測る試験です。50問・120分・四択一で、70点以上が合格となり、7つの領域から出題されます。本記事はこれから学習を始める方に向けて、最初にメモしておきたい5項目と、演習10問で今の実力を記録する「Day0」の入口を紹介します。受験料や試験日など最新情報は、大阪商工会議所が公開試験ごとに出す要項でご確認ください。,10,試験概要;公式情報;ラインケア,メンタルヘルス二種マスター編集部,メンタルヘルス・マネジメント検定II種向けの学習コンテンツを整理する編集チーム,公式情報確認担当,公開前に大阪商工会議所の公式ページ・受験要項と照合,2026-06-13,試験のご紹介（公式）|https://www.mental-health.ne.jp/about/,手書きリライト 2026-06-06。自動prose差し替え 2026-06-04（要手書き）。試験概要の入口記事。日程・費用は受験要項記事と相互リンク。,本記事を読むと、50問·7領域の試験形式が分かり、たとえば「6/14要項メモ→第1章基礎·役割→演習10問正答7問（70％）」まで今日から再現でき、試験形式記事との使い分けも表で把握できます。,試験のご紹介（公式）で50問·7領域·70点·受験資格を1枚にメモする;次回公開試験の申込締切·試験日を要項PDFで1行特定する;公式テキスト第1〜7章目次を7領域対応表に写す;7領域演習10問で正答数を1行記録する;試験形式·学習計画記事へ次に進む,試験要項や公式ページが更新されたタイミングで本文と参照元を見直します。,2026-06-13,2026-06-29,2026-06-13,published,2026-06-12: 編集合格（手書きリライト·具体例·v2）,50問·120分·70点：5項目早見表,"試験の正本は大阪商工会議所が公表する試験のご紹介·受験要項です。下表は学習設計用の整理で、申込前に要項で上書き確認してください。 | 項目 | 目安（要項で再確認） | 学習への影響 |
| --- | --- | --- |
| 方式 | 四択一·50問·120分（約2.4分/問） | 通し演習で時間配分を練習 |
| 領域 | 7領域（公式テキスト第1〜7章） | 章ごとの弱点管理が必須 |
| 合格基準 | 70点以上（100点満点） | 演習で70％を目安に可視化 |
| 対象 | II種（ラインケア）管理監督者 | I種と混同しない |
| 情報源 | 大阪商工会議所·公開試験要項 | 非公式まとめは参考のみ | 例えば50問120分で正答率70％（35問以上正解）を演習目標にすると、7領域の弱点が数値化しやすくなります。",7領域：公式テキスト第1〜7章,"7領域は独立した暗記科目ではなく、同じ職場場面を別角度から問う構成です。 | 領域 | 章 | 主な論点の例 |
| --- | --- | --- |
| ① | 第1章 | 基礎·役割·4つのケア |
| ② | 第2章 | 事業場内ケア·ラインケア |
| ③ | 第3章 | 職場環境·ストレスチェック |
| ④ | 第4章 | 個別配慮·合理的配慮 |
| ⑤ | 第5章 | 病気休業·療養 |
| ⑥ | 第6章 | 復帰可否·支援プラン |
| ⑦ | 第7章 | 復職後フォローアップ | たとえば領域③ストレスチェックと領域④個別配慮が同時に絡む設問では、50問中の③2問·④2問をセットで復習する運用が効率的です。領域名はsubjects記事の公式表記と揃えてください。テキスト1冊は、affiliate-textbooks-recommend で公式第6版·TAC·サクッとわかるの3冊を比較してから固定すると途中で変えずに済みます。",独学Day0：演習10問で現在地記録,"独学では教材を少数に固定し、7領域への再接触回数を増やす方が成果につながりやすいです。 | 段階 | 目安 | 内容 |
| --- | --- | --- |
| Day0 | 60分 | 要項5点メモ＋第1章目次確認 |
| 1週目 | 30分×3 | 領域①②③を各10問 |
| 2週目 | 120分 | 50問通し1回（計測） |
| 記録 | 演習後 | 正答数·2分超問番号 | 例えば6/21（日）7領域から10問——正答7問（70％）·2分超3問——を紙1枚に記録——残り12週の週次演習量の起点にします。メン管マスターの演習は領域チップで絞り込めます。",復習サイクル：7日後に同系統10問,"復習は1回で完璧を狙わず、短周期の反復が定着に効きます。 | タイミング | 作業 |
| --- | --- |
| 演習当日 | 誤答の主体·手順を3語メモ |
| 翌日 | 同領域から別問1問ずつ確認 |
| 7日後 | 同系統10問を解き直し |
| 月1回 | 要項·大阪商工会議所サイトで更新確認 | たとえば6/28（日）——6/21の誤答3問と同領域10問——正答8問以上を目標——制度変更は要項が正本なので、体験談を学習方針の起点にしないでください。",exam-format-overview記事との2列比較表,"試験全体像と形式の数値詳細は2記事で分担します。本記事は5項目メモ·7領域目次·演習10問のDay0入口、試験形式記事は50問120分·70点·マークシート対策に特化します。 | 論点 | 本記事（試験概要） | 試験形式記事 |
| --- | --- | --- |
| 焦点 | 5項目·7領域·演習10問 | 50問120分·70点 |
| 時期 | 6/14 Day0 | 要項確認〜通し演習 |
| 成果物 | 要項メモ1枚 | 中間目標·時間配分 |
| 出口 | 受験資格記事へ | 時間配分記事へ | 例えば6/14（日）本記事で5項目メモ完了後——試験形式記事で50問120分·2.4分/問——6/21（日）7領域演習10問——の順が定番です。2記事を混同すると形式は分かっても演習回数が不足します。",,,,,メン管II種は何問·どの領域ですか？,要項では四択一·50問·120分·7領域（公式テキスト第1〜7章）が基本形式です。例えば50問で正答率70％以上（35問以上正解）を演習目標にすると弱点が見えやすくなります。II種（ラインケア）とI種（105点＋論述）·衛生管理者30問180点は別試験——要項の表記で混同しないでください。配分感覚は50問120分通し演習で数値化するのが確実です。,7領域はどの順番で学ぶのがよいですか？,第1章→第7章の順が定番ですが、弱点領域を先に厚くする方が得点効率は高いです。たとえば領域③職場環境で誤答が多い場合——領域②事業場内ケアとセットで1週間往復——演習15問の正答数を記録——7領域1周後に50問120分通しで時間配分を確認するのが次のステップです。,この記事だけで受験準備は完了しますか？,いいえ。本記事は学習導線の整理であり、受験資格·申込締切·試験日の最終確認は要項が正本です。申込前に試験のご紹介（公式）を開き——例えば6/14 Day0の翌週にexam-schedule記事で次回公開試験の申込締切をカレンダー登録——してから学習を本格化してください。資格の詳細はeligibility記事でも表形式で整理しています。,,,exam-format-overview:試験形式の概要;exam-schedule:試験日程;study-plan:勉強法;affiliate-textbooks-recommend:メンタルヘルス・マネジメント検定II種のおすすめテキスト3選【2026年度版·独学】;affiliate-problem-books:メンタルヘルス・マネジメント検定II種のおすすめ問題集3選【2026年度版·過去問】;exam-changes:制度変更点;exam-purpose-and-career:試験目的とキャリア,試験概要;5項目確認;50問70点;7領域;学習入口
eligibility,受験・申込,メン管II種·申込前チェック【資格·選任·書類7点】,メンタルヘルス・マネジメント検定II種（ラインケア）の申込前チェック。管理監督者·選任·書類7点を表に整理し、受験資格記事との2列比較で具体例解説します。,メンタルヘルス・マネジメント検定II種（ラインケア）の申込みは、まず受験資格に該当するかを要項PDFで確かめ、そのうえで必要書類・締切・受験料を順にチェックしていくのが基本の流れです。本記事では、申込みの2週間前に確認したい7つのポイントと、自分が資格に該当するかを一行でメモしておく方法、そして学習をいつ始めるかの判断のしかたを紹介します。受験資格や締切の正確な情報は、大阪商工会議所の要項でご確認ください。,9,受験資格;申込;管理監督者,メンタルヘルス二種マスター編集部,メンタルヘルス・マネジメント検定II種向けの学習コンテンツを整理する編集チーム,公式情報確認担当,公開前に大阪商工会議所の公式ページ・受験要項と照合,2026-06-13,試験のご紹介（公式）|https://www.mental-health.ne.jp/about/,手書きリライト 2026-06-06。自動prose差し替え 2026-06-04（要手書き）。受験資格の整理記事。,本記事を読むと、申込前チェック7点が分かり、たとえば「6/14該当確認→7/1書類7点→7/15締切前最終確認→学習継続」まで今日から再現でき、受験資格記事との使い分けも表で把握できます。,exam-eligibility記事どおり要項PDFで該当有無を1行メモする;申込2週前にチェック7点を紙1枚で完遂する;選任·研修の不明点は人事·総務で申込前に解消する;exam-schedule記事で試験日·申込期間をカレンダー登録する;application-deadline-checklist記事で締切直前を再確認する,試験要項や公式ページが更新されたタイミングで本文と参照元を見直します。,2026-06-13,2026-06-29,2026-06-13,published,2026-06-12: 編集合格（手書きリライト·具体例·v2）,申込前チェック7点：2週前完遂リスト,"申込前チェックの正本は大阪商工会議所の受験要項·申込案内です。下表は申込2週前に完遂する7点の整理です。

申込前のチェック項目は、大阪商工会議所の受験要項・申込案内が正本です。申込の2週間ほど前に、受験区分・申込期間・受験料・会場などの項目をひととおり確認しておくと、締切間際の慌ただしさや手続きの漏れを防げます。項目を一覧にして確認します。

| # | 項目 | 確認内容 | 記録例 |
| --- | --- | --- | --- |
| 1 | 受験資格 | 管理監督者該当 | 該当 |
| 2 | 選任 | 選任要件 | 選任日 |
| 3 | 研修 | 要項記載 | 修了·予定 |
| 4 | 試験種別 | II種ラインケア | I種と混同なし |
| 5 | 申込期間 | 開始·締切 | カレンダー |
| 6 | 受験料 | 要項金額 | exam-fees確認 |
| 7 | 会場 | 希望地域 | 定員注意 |",Day0：該当1行メモから学習着手まで,"学習開始前に、受験資格の該当有無を1行で固定します。「要確認」のまま3ヶ月学習するリスクを避けます。

学習を始める前に、まず自分が受ける区分（II種）と申込の要件を確認して固定しておきます。「あとで確認しよう」と曖昧なまま学習を進めると、方向性がぶれやすくなります。最初に要件を1行で整理しておくと、安心して学習に集中できます。

| 段階 | 日付例 | 作業 |
| --- | --- | --- |
| Day0 | 6/14（日） | 要項PDF·該当1行 |
| +3日 | 6/17（水） | overview5項目メモ |
| +1週 | 6/21（日） | 第1章·演習10問 |
| 申込2週前 | 7/1（火） | チェック7点 |",書類·情報：申込時の取りこぼし防止,"締切直前に不備が集中しやすい項目を申込2週前に済ませます。

締切の直前は、申込内容の不備や決済のトラブルが集中しがちです。申込の2週間ほど前に、必要な情報や書類、支払い方法をひととおり準備しておくと、締切間際で慌てずに済みます。要項で必要な項目を確認し、早めに手続きを進めます。

| 項目 | よくある不備 | 対策 |
| --- | --- | --- |
| 氏名·所属 | 表記ゆれ | 要項例に合わせる |
| 選任情報 | 未記入 | 人事台帳と照合 |
| 受験料 | 決済エラー | 開始日に早め支払 |
| 会場 | 定員満了 | 第2希望を検討 |
| 写真等 | 要項記載確認 | 申込案内どおり |",該当不明·研修未修了：申込前の判断,"要項表で該当が不明な場合、申込前に人事·総務で解消します。体験談·非公式まとめは判断材料にしません。

申込の要件で不明な点がある場合は、申込の前に会社の人事・総務などで確認して解消しておきます。個人の体験談や非公式のまとめは、内容が古かったり不正確だったりすることがあるため、判断の材料にはせず、公式の要項を基準にします。

| 状況 | 判断 | 次のアクション |
| --- | --- | --- |
| 該当確定 | 学習継続·申込 | 7点チェック |
| 選任未確定 | 申込保留 | 人事確認 |
| 研修未修了 | 要項注記確認 | 修了予定日 |
| I種と混同 | 試験種別修正 | 要項PDF再読 |",exam-eligibility記事との2列比較表,"資格の詳細表と申込前チェックは2記事で分担します。受験資格記事は要項資格表·管理監督者·選任·研修、本記事は申込2週前7点·書類·該当確定後の学習着手に特化します。

exam-eligibility記事は、受験区分や推奨される対象など受験資格まわりの詳細を扱います。本記事は、申込の2週間ほど前に確認したいチェック項目や、必要書類・手続きの準備を扱うため、資格の理解と申込の準備を分けて進められます。

| 論点 | 受験資格記事 | 本記事（申込前チェック） |
| --- | --- | --- |
| 焦点 | 要項資格表·判定 | チェック7点·書類 |
| 時期 | Day0 | 申込2週前〜締切 |
| 成果物 | 該当1行メモ | 7点完遂リスト |
| 出口 | 本記事へ | 申込実行 | 資格詳細だけ確認して申込書類を締切前に慌てるパターンを避けられます。",,,,,受験資格はいつまでに確認すべきですか？,学習を始める前の段階で、自分が受ける区分や申込の要件を確認して固定しておくのがおすすめです。「あとで確認しよう」と曖昧なまま数か月学習を進めると、方向性がぶれたり手続きの準備が遅れたりしがちです。最初に要件を整理しておくと安心して学習に集中できます。,申込2週前に何を確認すればよいですか？,申込の2週間ほど前に、受験区分・申込期間・受験料・会場・必要な情報などをひととおり確認しておきます。締切の直前は手続きが集中してトラブルが起きやすいため、余裕を持って準備し、確認した項目を一覧にして記録しておくと、漏れを防げます。,資格確定後、学習はいつから本格化しますか？,受ける区分と申込の要件が確認できたら、その時点から本格的に学習を始められます。まず受験要項で出題範囲や合格基準を把握し、公式テキストの章立てと対応づけたうえで、試験日から逆算した計画を立てると、無理なく進められます。,,,exam-eligibility:受験資格;application-deadline-checklist:申込締切前チェック;exam-schedule:試験日程,申込前チェック;管理監督者;要項正本;50問70点;役割分担
pass-rate,受験・申込,メン管II種·合格率【70点·演習正答率·統計の見方】,メンタルヘルス・マネジメント検定II種（ラインケア）の合格率·難易度。70点合格·演習正答率·公表統計の読み方を表に整理し、合格点記事との2列比較で具体例解説します。,メンタルヘルス・マネジメント検定II種（ラインケア）の合格率は、年度や受験者層によって変動します。そのため公表された数字だけで難易度をはかるのではなく、自分が50問の通し演習で何問取れているかを基準に判断するのが現実的です。この記事では、合格率という統計の正しい読み方と、70点（35問）という合格ラインへの照らし合わせ方を整理します。最新の合格率は大阪商工会議所の公式情報で確認してください。,8,合格率;難易度;受験情報,メンタルヘルス二種マスター編集部,メンタルヘルス・マネジメント検定II種向けの学習コンテンツを整理する編集チーム,公式情報確認担当,公開前に大阪商工会議所の公式ページ・受験要項と照合,2026-06-13,試験のご紹介（公式）|https://www.mental-health.ne.jp/about/,手書きリライト 2026-06-06。自動prose差し替え 2026-06-04（要手書き）。合格率・難易度の解説記事。,本記事を読むと、合格率·難易度の見方が分かり、たとえば「通し3回72→75→78問·公表合格率は参考のみ」まで今日から再現でき、合格点記事との使い分けも表で把握できます。,協会公表資料で最新年度の合格率を1行メモする;50問通し演習の正答数を3回分記録する;模試2回連続35問以上かpass-score記事と照合する;正答率60％未満の領域を1つ特定し週3時間追加する;exam-difficulty記事で初学者向け目安を確認する,試験要項や公式ページが更新されたタイミングで本文と参照元を見直します。,2026-06-13,2026-06-29,2026-06-13,published,2026-06-12: 編集合格（手書きリライト·具体例·v2）,合格率·難易度：公表統計と演習正答率,"合格率の正本は大阪商工会議所が公表する統計資料·試験のご紹介です。下表は読み方の整理で、最新年度は協会サイトで上書き確認してください。

合格率の正本は、大阪商工会議所が公表する統計資料・試験のご紹介です。合格率は年度や試験回によって変動するため、最新の数値は公式サイトで確認します。数字は受験者数・合格者数とあわせて読み、自分の演習での正答率と並べて把握すると役立ちます。

| 指標 | 用途 | 注意 |
| --- | --- | --- |
| 公表合格率 | 全体傾向の参考 | 単独で難易度判断しない |
| 受験者数 | 母数の把握 | 年度で変動 |
| 演習正答数 | 対策の主指標 | 通し3回記録 |
| 領域別正答率 | 弱点特定 | subjects記事と連動 |
| 70点ライン | 合格基準 | pass-score記事参照 |",統計の読み方：母数·年度比較の3点,"合格率は受験者数·合格者数·年度をセットで読みます。1つの数字だけを切り取らないでください。

合格率は、受験者数・合格者数・年度をセットで読むことが大切です。1つの数字だけを切り取ると、実態を見誤ることがあります。年度による変動や母数の違いを踏まえたうえで、あくまで目安として捉え、自分の学習の進み具合を判断する参考にします。

| 読み方 | 確認内容 | 記録例 |
| --- | --- | --- |
| 母数 | 受験者数·合格者数 | 2025年度·N人 |
| 年度比較 | 過去3年の推移 | 参考1行 |
| 自分との差 | 演習正答数 | 36→38→40問 |",演習3回記録：8週目·11週目·12週目,"study-plan記事の通し3回表と同期し、正答数推移を記録します。

学習の中盤以降に、50問を通して解く演習を数回行い、正答数の推移を記録すると、合格ラインとの距離が見えてきます。study-plan記事の通し演習の計画と合わせて、時期を空けて計測し、得点が伸びているかを確認しながら弱点を補強します。

| 回 | 目標週 | 正答目標 | 判断 |
| --- | --- | --- | --- |
| 1回目 | 8週目 | 現在地把握 | 弱点領域特定 |
| 2回目 | 11週目 | 35問以上 | 合格圏 |
| 3回目 | 12週目 | 38問以上 | 安全圏 |",難易度の体感：初学者が押さえる3軸,"難易度は体感で大きく変わります。公表合格率より次の3軸を記録します。

難易度の体感は人によって大きく変わるため、公表されている合格率だけで判断しないほうが安全です。出題範囲の広さ・解答にかかる時間・合格に必要な得点という3つの軸で、自分の現在地を記録すると、感覚に頼らず対策を立てられます。

| 軸 | 指標 | 目安 |
| --- | --- | --- |
| 範囲 | 7章1周 | 12週で完了 |
| 時間 | 50問120分 | 35問以上 |
| 定着 | 誤答ノート | 同系統10問復習 |",pass-score記事との2列比較表,"合格点戦略と合格率·統計の見方は2記事で分担します。合格点記事は70点·捨て問·安全圏、本記事は公表統計·演習正答率推移·難易度の読み方に特化します。

pass-score記事は、70点のライン・捨て問の考え方・安全圏の設計といった得点戦略を扱います。本記事は、公表統計の読み方・演習での正答率の推移・難易度の捉え方を扱うため、合格に必要な得点と、客観的な難易度の把握を分けて押さえられます。

| 論点 | 合格点記事 | 本記事（合格率） |
| --- | --- | --- |
| 焦点 | 70点·捨て問 | 統計·演習3回 |
| 時期 | 通し第2周以降 | 8〜12週目 |
| 成果物 | 捨て問リスト | 正答数3行 |
| 出口 | 本記事へ | exam-difficultyへ | 合格率だけ見て安心し、通し演習を省略するのが典型ミスです。",,,,,合格率はどこで確認しますか？,合格率は、大阪商工会議所の試験のご紹介・公表統計資料が正本です。合格率は年度や試験回によって変動するため、最新年度の受験者数・合格者数・合格率を公式サイトで確認し、控えておきます。数字は母数とあわせて読むと、実態を把握しやすくなります。,合格率が低いと独学は厳しいですか？,公表されている合格率だけで判断しないほうが安全です。50問・100点満点中70点・7領域という形式は、計画的に12週間ほど学習すれば十分に対応できる範囲です。初学者の目安はexam-difficulty記事、週ごとの配分はstudy-plan記事を参考に、自分の計画を組み立ててください。,本記事と合格点記事はどう使い分けますか？,pass-score記事は、70点のライン・捨て問の考え方・安全圏の目安といった得点戦略を扱います。本記事は、公表統計の読み方や、演習での正答数の推移の記録を扱うため、合格に必要な得点と、客観的な難易度の把握を分けて押さえられます。,,,pass-score:合格点;exam-difficulty:難易度;overview:試験概要,70点合格;7領域;要項確認;演習70点;how-to-read連携
past-questions-study,独学対策,メン管II種·過去問·演習活用【4段階·50問·70点】,メンタルヘルス・マネジメント検定II種（ラインケア）の過去問·演習問題の効果的な使い方。4段階サイクル·q/連携を表に整理し、分野別過去問記事との2列比較で具体例解説します。,過去問や演習問題は、ただ解くだけでなく回し方しだいで効果が大きく変わります。II種は50問・四択一・120分・70点以上・7領域という本番形式なので、これに沿って「初回で実力分析→分野別に弱点を洗い出す→解き直す→模試で仕上げる」の4段階で進めるのがおすすめです。この記事では、その全体像と演習量の配分の考え方を解説します。出題範囲や形式は公式テキスト・試験案内で確認しておくと安心です。,7,過去問;演習;学習法,メンタルヘルス二種マスター編集部,メンタルヘルス・マネジメント検定II種向けの学習コンテンツを整理する編集チーム,公式情報確認担当,公開前に大阪商工会議所の公式ページ・受験要項と照合,2026-06-13,試験のご紹介（公式）|https://www.mental-health.ne.jp/about/,手書きリライト 2026-06-06。自動prose差し替え 2026-06-04（要手書き）。過去問・演習の使い方。,本記事を読むと、過去問·演習の全体像が分かり、たとえば「6/14 初回50問60％→6/28 弱点20問→7/5 解き直し70％」まで今日から再現でき、分野別過去問記事との使い分けも表で把握できます。,試験のご紹介（公式）で50問120分·70点·7領域を1枚に確認する;初回50問通しで7領域正答率を記録する;55％未満の領域1つを特定し20問追加する;past-questions-by-field記事で分野別演習手順を確認する;7日後に誤答分のみ解き直し70％以上を目指す,試験要項や公式ページが更新されたタイミングで本文と参照元を見直します。,2026-06-13,2026-06-29,2026-06-13,published,2026-06-12: 編集合格（手書きリライト·具体例·v2）,4段階サイクル：50問·70点·7領域,"II種ラインケアの演習は4段階で回すのが効率的です。50問·120分·約2.4分/問（144秒）·70点合格が本番形式です。

II種の本番は、50問・120分（1問あたり約2.4分＝144秒）・100点満点中70点で合格という形式です。演習は、①分野別に解く→②間違いを用語で確認→③解き直す→④通しで時間を計る、という4段階で回すと、知識の定着とペース感覚の両方を鍛えられます。

| 段階 | 内容 | 目標 |
| --- | --- | --- |
| 1初回 | 50問通し | 正答率記録 |
| 2分野別 | 弱点領域集中 | 55％→70％ |
| 3解き直し | 7日後 | 誤答70％以上 |
| 4模試 | 月1回50問 | 35問以上 |",過去問とq/演習：使い分け表,"q/演習は7領域タグ付きで弱点分野から優先的に解きます。50問通し模試は月1回入れます。

分野別の演習は7つの領域タグで絞り込み、正答率の低い弱点分野から優先的に解きます。加えて、50問を通して解く模試形式を月1回ほど入れると、本番の時間配分や集中力の持続を確認できます。用途に応じて分野別演習と通し模試を使い分けます。

| 種類 | 用途 | 頻度 |
| --- | --- | --- |
| q/演習 | 弱点·分野別 | 週2回10問 |
| 一問一答 | 用語確認 | 日次5問 |
| 50問通し | 本番形式 | 月1回 |
| 解き直し | 誤答定着 | 7日後 |",q/演習·terms/·比較表の連動,"演習→terms/用語確認→比較表で混同整理→解き直しの1セットで定着します。

演習で間違えた問題は、用語解説（terms/）で意味と根拠を確認し、似た用語は比較表で整理してから、もう一度解き直します。この「演習→用語確認→整理→解き直し」を1セットにすると、単なる正誤の暗記ではなく、理由から理解を固められます。

| ツール | 役割 | タイミング |
| --- | --- | --- |
| q/演習 | 設問演習 | 毎週 |
| terms/ | 誤答用語 | 演習直後 |
| 比較表 | 混同防止 | 週1回 |
| 誤答ノート | 4分類 | 初回後 |",12週カレンダー：演習配分例,"残り12週では第1〜4週で初回·分野別、第5〜8週で解き直し強化、第9〜12週で模試·総仕上げが定番です。

残り期間が12週ある場合は、序盤（第1〜4週）で分野別に一巡し、中盤（第5〜8週）で解き直しを強化、終盤（第9〜12週）で通し模試と総仕上げ、という配分が目安です。期間が短い場合は各段階を圧縮し、弱点分野の解き直しを優先します。

| 週 | 内容 | 目標 |
| --- | --- | --- |
| 1〜2 | 初回50問·7領域表 | 現在地把握 |
| 3〜4 | 弱点20問×2領域 | 55％→70％ |
| 5〜8 | 週20問·解き直し | 安定70％ |
| 9〜12 | 50問模試·仕上げ | 35問以上 |",past-questions-by-field記事との2列比較表,"演習全体像と分野別弱点演習は2記事で分担します。本記事は4段階サイクル·q/連携·12週配分、past-questions-by-field記事は7領域タグ別·週次10問サイクルに特化します。

本記事は演習の4段階サイクル・q/との連携・12週の配分という全体像を扱い、past-questions-by-field記事は7領域タグ別の週次10問サイクルという分野別の深掘りを扱います。全体設計と分野別の実践を組み合わせると、演習の効果が高まります。

| 論点 | 演習活用（本記事） | 分野別過去問 |
| --- | --- | --- |
| 焦点 | 4段階·全体像 | 7領域タグ演習 |
| 時期 | 演習計画1周目 | 弱点深掘り |
| 成果物 | 4段階1枚表 | 領域別正答率表 |
| 出口 | pass-scoreへ | 本記事へ | 2記事を混同すると全体像は分かっても弱点領域の演習量が曖昧になります。",,,,,過去問とq/演習はどちらを先に解く？,まず50問を通して解き、現在の実力と弱点の領域を把握します。その後は、正答率の低い領域から優先して演習を解くのが効率的です。最初から分野を絞るより、一度全体像をつかんでから弱点に集中する流れが得点力の向上につながります。,演習量は週何問が目安？,週2回、1回10問ずつ（合計20問）を、弱点の領域を中心に解くのが目安です。加えて、50問を通して解く模試形式を月1回ほど入れると、時間配分や集中力の持続も確認できます。少量でも継続することが定着の鍵になります。,本記事と分野別過去問記事の違いは？,本記事は演習の4段階サイクル・用語解説との連携・12週間の演習配分という全体像を扱います。past-questions-by-field記事は、7つの領域タグ別の週次10問サイクルや、正答率55％未満の領域の集中演習を扱うため、全体設計と分野別の実践を組み合わせられます。,,,past-questions-by-field:分野別過去問;pass-score:合格点;glossary-how-to:用語解説活用;affiliate-problem-books:メンタルヘルス・マネジメント検定II種のおすすめ問題集3選【2026年度版·過去問】;affiliate-textbooks-recommend:メンタルヘルス・マネジメント検定II種のおすすめテキスト3選【2026年度版·独学】,演習全体像;50問120分;70点;7領域;4段階サイクル
exam-last-minute,直前・当日,メン管II種·直前対策【1週間·弱点10問·70点】,メンタルヘルス・マネジメント検定II種（ラインケア）の試験1週間前対策。7領域·50問·70点の直前リストを表に整理し、前日チェック記事との2列比較で具体例解説します。,試験直前の一週間は、新しい範囲を覚え込むより、これまでの弱点をつぶし本番の感覚を整えることが大切です。具体的には、7領域の正答率の棚卸し、50問を120分で解く通し練習、そして体調や当日の移動の段取りが中心になります。この記事では、試験一週間前から本番までの過ごし方を順を追って紹介します。持ち物や前日の準備は受験票と要項でも必ず確認しておきましょう。,6,直前対策;試験当日;チェックリスト,メンタルヘルス二種マスター編集部,メンタルヘルス・マネジメント検定II種向けの学習コンテンツを整理する編集チーム,公式情報確認担当,公開前に大阪商工会議所の公式ページ・受験要項と照合,2026-06-13,試験のご紹介（公式）|https://www.mental-health.ne.jp/about/,手書きリライト 2026-06-06。自動prose差し替え 2026-06-04（要手書き）。直前1週間の確認リスト。,本記事を読むと、1週間前チェックリストが分かり、たとえば「8/30 7領域棚卸し→9/1 50問36/50→9/3 弱点20問→9/5 前日チェック」まで今日から再現でき、前日チェック記事との使い分けも表で把握できます。,8/30に7領域の正答率を1枚の表に記録する;55％未満の弱点領域を1つ特定し10問解き直す;9/1に50問120分の本番形式通しを1回実施する;70点（35問正解）の捨て問基準をpass-score記事で再確認する;9/5はfinal-day-checklist記事で前日準備へ移行する,試験要項や公式ページが更新されたタイミングで本文と参照元を見直します。,2026-06-13,2026-06-29,2026-06-13,published,2026-06-12: 編集合格（手書きリライト·具体例·v2）,試験1週間前：5点チェックリスト,"直前1週間の正本は受験票·要項·pass-score·time-limit-strategy各記事です。下表は9/6（土）試験を想定した8/30（土）起点の定番5点です。

試験1週間前の対策は、受験票・受験要項に加え、pass-score記事（70点合格の考え方）やtime-limit-strategy記事（時間配分）が拠り所になります。この時期は新しい範囲を広げるよりも、正答率の低い領域の弱点補強と、50問を通す本番形式の確認に絞るのが効果的です。

| # | 項目 | 目標 | 期限 |
| --- | --- | --- | --- |
| 1 | 7領域棚卸し | 55％未満1領域 | 8/30（土） |
| 2 | 50問通し | 35問以上 | 9/1（月） |
| 3 | 弱点10問 | 解き直し完遂 | 9/3（水） |
| 4 | 70点確認 | 捨て問基準 | 9/3（水） |
| 5 | 前日移行 | final-day-checklist | 9/5（金） |",7領域正答率：55％基準の棚卸し表,"7領域は①基礎·役割〜⑦復職後フォローに対応します。正答率55％未満を弱点候補とします。

7つの領域は、①基礎・役割から⑦復職後のフォローまでに対応します。領域ごとに10問前後を解いて正答率を確認し、55％に満たない領域を弱点の候補とします。直前期は範囲を広げるより、この棚卸しで見つけた弱点に絞って解き直すのが効率的です。

| 領域 | 章 | 10問正答 | 判定 |
| --- | --- | --- | --- |
| ① | 第1章 | 8/10 | OK |
| ② | 第2章 | 7/10 | OK |
| ③ | 第3章 | 4/10 | 弱点 |
| ④ | 第4章 | 5/10 | 弱点 |
| ⑤ | 第5章 | 7/10 | OK |
| ⑥ | 第6章 | 6/10 | 要確認 |
| ⑦ | 第7章 | 8/10 | OK |",50問120分通し：1週間前の本番リハーサル,"試験1週間前に50問120分通しを1回実施し、70点ラインを記録します。

試験の1週間前に、50問を120分で通して解くリハーサルを1回行い、100点満点中70点のラインに届いているかを記録します。本番と同じ時間配分で解くことで、時間切れや集中力の切れやすいポイントを事前に把握でき、当日の見通しが立てやすくなります。

| 中間 | 目標 | 記録例 |
| --- | --- | --- |
| 30分 | 12問 | 12問 |
| 60分 | 25問 | 24問 |
| 90分 | 38問 | 36問 |
| 120分 | 50問 | 36/50 |",学習停止線：1週間前にやらないこと,"直前1週間は新章インプット·参考書追加·徹夜を止めます。

試験の1週間前になったら、新しい章のインプットや参考書の追加、徹夜での詰め込みは避けます。この時期に手を広げると、かえって既習内容が曖昧になりがちです。これまで解いた問題の復習と弱点の解き直し、体調の管理に絞るほうが、本番での得点につながります。

| やる | やらない |
| --- | --- |
| 弱点10問解き直し | 第1章から読み直し |
| 50問通し1回 | 毎日50問通し |
| 70点·捨て問確認 | 新規用語100語暗記 |
| 体調·睡眠 | 徹夜3日 |",final-day-checklist記事との2列比較表,"試験1週間前と前日は2記事で分担します。本記事は1週間前·7領域弱点·50問通し、final-day-checklist記事は前日·持ち物·睡眠·当日朝に特化します。

本記事は試験1週間前の弱点補強・7領域の総点検・50問通し演習を扱い、final-day-checklist記事は前日の持ち物・睡眠・当日朝の動きを扱います。1週間前と前日で役割を分けているので、時期に合わせて読み分けると直前期を落ち着いて過ごせます。

| 論点 | 直前対策（本記事） | 前日チェック記事 |
| --- | --- | --- |
| 焦点 | 弱点·通し70点 | 持ち物·睡眠 |
| 時期 | 試験1週間前 | 前日〜当日朝 |
| 成果物 | 弱点10問記録 | 8点✓·就寝 |
| 出口 | 前日記事へ | exam-day-flowへ | 前日に50問通しすると睡眠が削れます。",,,,,試験1週間前に何を優先すべきですか？,7つの領域の正答率を棚卸しし、50問を120分で通す演習を1回、正答率が55％未満の弱点領域の解き直しを行うのが定番です。この時期に新しい範囲を暗記したり参考書を増やしたりするのは避け、これまでの弱点補強に絞ります。,50問通しは1週間前に何回実施しますか？,本番と同じ50問・120分の通し演習は、試験1週間前に1回行うのが目安です。結果に応じて対策を変え、正答数が多めなら弱点の問題の解き直しに、少なめなら正答率55％未満の領域の問題を追加して補強します。何度も通すより、1回を丁寧に振り返ります。,本記事と前日チェック記事の違いは？,本記事は試験1週間前の弱点補強・7領域の点検・50問の通し演習を扱います。final-day-checklist記事は、前日の持ち物準備・睡眠・当日朝の動きを扱うため、1週間前と前日で準備の役割を分けて読めます。,,,final-day-checklist:前日チェック;exam-day-flow:当日の流れ;pass-score:合格点,1週間前;50問120分;7領域;70点合格;guide連携
official-info-sources,試験概要,メン管II種·公式情報【正本URL·要項·7領域】,メンタルヘルス・マネジメント検定II種（ラインケア）の公式情報確認先。mental-health.ne.jp·要項PDF·申込URLを表に整理し、要項読み方記事との2列比較で具体例解説します。,検定に関する確かな情報は、実施団体である大阪商工会議所の公式サイト（mental-health.ne.jp）にすべて集約されています。受験要項のPDF、申込ページ、合格発表はもちろん、50問・120分・70点・7領域といった基本情報もここが大もとです。この記事では、ブックマークしておくべき公式ページと、情報を取りこぼさないための定期チェックの習慣を紹介します。古い情報に惑わされないよう、まずは公式を押さえておきましょう。,10,試験概要;公式情報,メンタルヘルス二種マスター編集部,資格学習サイトの編集チーム,公式情報確認担当,公開前に一次情報との照合を行う担当者,2026-06-13,試験のご紹介（公式）|https://www.mental-health.ne.jp/about/,手書きリライト 2026-06-06。自動prose差し替え 2026-06-04（要手書き）。試験概要向けテンプレートから作成。公開前に本文・参照URL・関連リンクを差し替える。,本記事を読むと、正本URLの確認先が分かり、たとえば「6/14 URL3点ブックマーク·要項PDF保存·月1確認カレンダー登録」まで今日から再現でき、要項読み方記事との使い分けも表で把握できます。,mental-health.ne.jp（試験のご紹介）をブックマークする;最新受験要項PDFをダウンロードしフォルダに保存する;申込ページ·合格発表ページのURLをメモ1枚に転記する;syllabus-how-to-read記事で要項5点を抜き出す;月1回の確認日をカレンダーに登録する,試験要項・公式ページ更新時に本文と参照元を見直す。,2026-06-13,2026-06-29,2026-06-13,published,2026-06-12: 編集合格（手書きリライト·具体例·v2）,正本URL一覧：mental-health.ne.jp,"公式情報の正本は大阪商工会議所の試験のご紹介ページです。非公式まとめ·SNS投稿は参考のみにしてください。

公式情報の正本は、大阪商工会議所の「試験のご紹介」ページです。試験日・申込期間・受験料・出題範囲・合格基準などは、まずこの公式サイトで確認します。個人のまとめサイトやSNSの投稿は、情報が古い場合があるため、参考程度にとどめます。

| 情報種別 | 確認先 | 用途 |
| --- | --- | --- |
| 試験概要 | 試験のご紹介 | 50問·70点·7領域 |
| 受験要項 | 要項PDFダウンロード | 資格·締切·方式 |
| 申込 | 公開試験申込ページ | 申込·決済 |
| 合格発表 | 協会サイト案内 | 結果確認 |
| テキスト | 協会発行案内 | 第1〜7章正本 |",Day0：正本3点ブックマーク手順,"独学開始前に、次の3URLをブックマークバーに固定します。

独学を始める前に、公式サイトの主要なページをブックマークしておくと、必要なときにすぐ最新情報を確認できます。試験のご紹介・受験要項・申込のページなどを登録しておき、学習中も定期的に更新を確認する習慣をつけると安心です。

| 順番 | ページ | 確認内容 |
| --- | --- | --- |
| 1 | 試験のご紹介 | 形式·7領域·日程 |
| 2 | 受験要項PDF | 資格·合格基準·締切 |
| 3 | 申込案内 | 申込期間·手数料 |",非公式情報との切り分け：正本優先の原則,"検索結果·体験談·旧版まとめサイトは学習方針の起点にしないでください。

検索結果の上位や体験談、古い版のまとめサイトは、学習方針の出発点にはしないほうが安全です。制度や出題範囲は改定されることがあるため、これらは参考にとどめ、必ず公式サイトや受験要項といった一次情報を基準に判断します。

| 情報源 | 使い方 | 注意 |
| --- | --- | --- |
| 協会サイト·要項 | 正本·上書き確認 | 最新PDF優先 |
| 公式テキスト | 出題範囲正本 | 版数·奥付確認 |
| 本サイト演習 | 理解確認 | 数値は要項照合 |
| 非公式まとめ | 参考のみ | 年度·版が古い |",月1確認習慣：更新·改訂のチェックリスト,"要項·テキスト·制度は公開試験ごとに更新されるため、月1回の確認習慣をカレンダーに登録します。

受験要項や公式テキスト、制度は公開試験ごとに更新されることがあります。学習の途中でも情報が古くならないよう、月に1回ほど公式サイトのお知らせや要項を確認する習慣をつけておくと、変更を見落とさずに対応できます。

| 確認日 | チェック項目 | 記録 |
| --- | --- | --- |
| 月1回 | 協会お知らせ | 差分1行 |
| 申込前 | 要項PDF最新版 | 5点メモ更新 |
| テキスト購入時 | 版数·奥付 | 目次照合 |
| 通し演習前 | 形式·合格基準 | 数値確認 |",syllabus-how-to-read記事との2列比較表,"正本URLの把握と要項PDFの読み方は2記事で分担します。本記事はURL一覧·ブックマーク·月1確認、要項読み方記事はPDF5点抜き出し·照合手順に特化します。

本記事は、公式情報の正本となるサイトの一覧・ブックマーク・定期確認の習慣を扱います。syllabus-how-to-read記事は、受験要項PDFから必要な情報を抜き出す読み方や照合の手順を扱うため、どこで確認するかと、どう読むかを分けて押さえられます。

| 論点 | 本記事（公式確認先） | 要項読み方記事 |
| --- | --- | --- |
| 焦点 | 正本URL·保存 | PDF5点·読む順番 |
| 時期 | Day0（10分） | Day0（15分） |
| 成果物 | ブックマーク3点 | 要項メモ1枚 |
| 出口 | 要項読み方へ | 出題範囲概要へ | URLを保存せず要項だけ読むと申込期間の見落としが起きます。",,,,,公式情報はどのサイトが正本ですか？,大阪商工会議所の公式サイト（メンタルヘルス・マネジメント検定の「試験のご紹介」）が正本です。受験要項PDF・申込・合格発表なども、この公式サイトから辿って確認します。個人のまとめサイトやSNSは情報が古い場合があるため、参考程度にとどめます。,要項PDFはどこからダウンロードしますか？,公式サイトの「試験のご紹介」ページから、最新の受験要項PDFをダウンロードできます。要項は公開試験ごとにファイルや内容が更新されるため、古い版はそのまま使わず、申込の時点で最新のものをダウンロードし直して確認するようにします。,公式情報の更新はいつ確認すればよいですか？,月に1回、そして申込の前と通し演習の前の3つのタイミングで確認するのが一つの目安です。公式サイトのお知らせ・受験要項PDF・公式テキストの版数をセットで確認しておくと、制度や範囲の変更を見落とさずに対応できます。,,,syllabus-how-to-read:要項·シラバスの読み方;overview:試験概要;exam-eligibility:受験資格,公式情報;mental-health.ne.jp;受験要項;正本URL;50問70点
exam-purpose-and-career,試験概要,メンタルヘルス・マネジメント検定II種の試験目的とキャリア,メンタルヘルスII種の試験目的·キャリア公式情報。ラインケア資格の位置づけを表に整理。メンタルヘルス・マネジメント検定II種の合格後のキャリア・メンタルヘルス・マネジメント検定II種連携も解説。,II種（ラインケア）は、管理監督者として部下のメンタルヘルスに対応するための知識を体系的に学べる検定です。50問・120分・70点以上・7領域という形式を通じて、職場で求められるラインケアの土台を身につけられます。この記事では、そもそも何のための試験なのか、そして学んだことが仕事やキャリアにどうつながるのかを、受験前・学習中の視点から整理します。試験の詳細は大阪商工会議所の公式案内をご確認ください。,10,試験概要;公式情報,メンタルヘルス二種マスター編集部,資格学習サイトの編集チーム,公式情報確認担当,公開前に一次情報との照合を行う担当者,2026-06-06,試験のご紹介（公式）|https://www.mental-health.ne.jp/about/,手書きリライト 2026-06-06。自動prose差し替え 2026-06-04（要手書き）。試験概要向けテンプレートから作成。公開前に本文・参照URL・関連リンクを差し替える。;retire_redirect:study-plan,本記事を読むと、たとえば管理監督者としてII種を受験すべきか迷う場合に、試験目的·資格位置づけ表とメンタルヘルス・マネジメント検定II種の合格後のキャリア・メンタルヘルス・マネジメント検定II種との使い分けが分かり、50問70点の学習動機を明確にできます。,試験のご紹介（公式）でII種ラインケアの目的·受験資格を確認する;本記事の目的·位置づけ表を1枚にまとめる;メンタルヘルス・マネジメント検定II種の記事で4つのケア一覧を確認する;演習10問·ラインケア分野を解き誤答理由を記録する;メンタルヘルス・マネジメント検定II種の合格後のキャリアの記事で合格後活用の全体像を確認する,試験要項・公式ページ更新時に本文と参照元を見直す。,2026-06-06,2026-06-29,2026-06-06,published,2026-06-12: archived（guide retire·study-planへ統合）,II種ラインケアの試験目的（50問·管理監督者·7領域）,II種（ラインケアコース）は、主に管理監督者が部下の不調にいち早く気づき、適切に対応・連携する力を測る試験です。50問・7領域の出題は、職場での実践（ラインによるケア）を想定した内容が中心になります。試験の目的を「現場で使う知識の習得」と捉えると、単なる暗記ではなく、各論点を自分の職場の場面に当てはめて理解でき、学習効率も実務での再現性も高まります。実務に結びつけて学ぶ姿勢が、合格後の活用にもそのまま生きます。,ラインケア資格の位置づけ表（II種·管理監督者研修）,II種は、III種（セルフケア／一般社員向け）とI種（マスターコース／組織全体・人事向け）の中間に位置し、現場の管理職向けの位置づけです。自分の役割（一般職・管理職・人事）と照らして、どのコースが業務に直結するかを確認してください。II種は部下を持つ立場で特に活きる内容のため、ラインケアの実務に近い人ほど学習内容をそのまま現場に転用できます。迷う場合は、各コースの対象と出題範囲を公式案内で見比べて選んでください。,受験前キャリア設計表（学習動機·社内位置づけ）,学習動機を「資格取得そのもの」で終わらせず、社内での活用（部下面談・復職支援・相談対応など）に結びつけると、学習内容が実務知識として定着します。受験前に、取得後にどの場面で使うかを具体的に書き出しておくと、優先して学ぶべき領域が明確になります。目的が定まっていると、長い学習期間でもモチベーションを保ちやすく、合格後の運用にもスムーズにつながります。活用場面が明確なほど、学習の優先順位も自然に定まります。,50問70点合格とキャリア接続の逆算表,合格ライン（70点）から逆算し、業務で必要な領域（休復職支援・相談対応など）を優先的に学ぶと、合格と実務の両方に効きます。試験対策の段階から「現場で使う場面」を意識して領域の優先順位を決めると、合格後すぐに知識を活かせます。試験が終わった後も、学んだ手順や用語を職場の運用に落とし込む計画を立てておくと、資格が実務スキルとして根づきます。合格をゴールにせず、現場での運用までを一連の計画として描いておきましょう。,関連ガイドとの使い分け,本記事は「何のために受けるか」というキャリア面の整理に特化しています。具体的な学習計画の立て方は勉強法、出題範囲の全体像は出題範囲、合格の難易度感は難易度の各記事と役割を分けています。目的を固めてから計画・範囲・難易度の記事に進むと、学習の方向性がぶれず、限られた時間を自分のキャリアに直結する領域へ集中できます。目的→計画→範囲→難易度の順で読むと、全体像をつかみやすくなります。,,,,,II種ラインケアを受験する目的は何ですか？,II種はラインケア、つまり管理監督者として部下のメンタル不調に早期に気づき、適切に対応・職場環境を改善する力を身につけることが目的です。大阪商工会議所が実施する公開試験で、4択50問・120分・70点以上で合格できます。,本記事とメンタルヘルス・マネジメント検定II種の合格後のキャリアはどう使い分けますか？,本記事は受験前の「なぜ受けるか」を整理する記事で、合格後のキャリア記事は取得後の活かし方を扱います。まず本記事で目的を固め、合格後に管理職・人事での実務活用を検討する流れで使い分けてください。目的が明確だと、学習の優先順位もつけやすくなります。,ラインケア資格は管理監督者にとって必須ですか？,読了後は、試験目的とキャリアの関連する演習を5問以上解き、間違えた選択肢を用語解説で確認してから関連ガイドへ進んでください。1週間後の解き直し日をカレンダーに入れると定着しやすくなります。数値・主体・手順は大阪商工会議所の最新案内と照合してください。,,,career-after-qualification:合格後キャリア;line-care:ラインケア;overview:試験概要;pass-score:合格点,試験目的;ラインケア資格;管理監督者;50問70点;7領域
first-time-exam-guide,試験概要,メンタルヘルス・マネジメント検定II種の初めて受験する人向けガイド,II種を初めて受験する方向け。申込から試験日·合格発表までの流れを表に整理し、申込手順·当日対策との使い分けを解説します。メンタルヘルス・試験公式情報も確認。,メンタルヘルス・マネジメント検定II種（ラインケア）を初めて受験する場合、申込→試験日→合格発表までの流れを先に把握しておくと学習計画が立てやすくなります。本記事では全体タイムラインを1枚の表にまとめ、申込の詳細·当日対策は関連ガイドへつなぎます。,10,試験概要;公式情報,メンタルヘルス二種マスター編集部,資格学習サイトの編集チーム,公式情報確認担当,公開前に一次情報との照合を行う担当者,2026-06-10,試験のご紹介（公式）|https://www.mental-health.ne.jp/about/,手書きリライト 2026-06-06。自動prose差し替え 2026-06-04（要手書き）。試験概要向けテンプレートから作成。公開前に本文・参照URL・関連リンクを差し替える。;retire_redirect:study-plan,本記事を読むと、初回受験の全体フロー表と、申込手順·試験当日ガイドとの使い分けが分かり、50問70点合格に向けた計画が立てられます。,試験のご紹介（公式）で次回試験の日程·申込期間を確認する;本記事のタイムライン表をカレンダーに転記する;[申込みの流れ](../exam-application-flow/)で申込6ステップを確認する;[試験当日の流れ](../exam-day-flow/)で持ち物·時間配分を確認する,試験要項・公式ページ更新時に本文と参照元を見直す。,2026-06-10,2026-06-29,2026-06-10,archived,2026-06-12: archived（guide retire p2·study-planへ統合）,初受験の全体タイムライン,"初めて受験する人向けガイドの試験当日は、起床から退場までの流れを想定して行動します。時刻は受験票どおりに調整してください。 - 前日：持ち物をカバンに入れ、会場ルートと所要時間を最終確認。就寝は普段より早めに
- 当日朝：リストどおり持ち物を再確認し、禁止物品（スマホ等）を自宅に置く
- 出発：開始時刻の60〜90分前を目安に家を出る（交通状況に応じて前倒し）
- 会場到着：開始30分前までに受付・着席（要項・会場案内の指示に従う）
- 受付〜着席：受験票・身分証の提示、座席確認、筆記用具の準備
- 試験開始：問題冊を開封し、まず全体をざっと確認して時間配分を決める
- 解答中：演習で慣れたペースを維持し、見直し用に5〜10分を確保
- 終了〜退場：係員の指示どおり解答用紙を提出し、持ち帰り禁止物を確認して退場 開始直前は長時間の暗記より、深呼吸で落ち着き、問題文を最後まで読む習慣を意識します。解答時間の目安は試験のご紹介（公式）の要項と演習記録で確認してください。",申込前に確認する5項目,独学を始める前に、試験のご紹介（公式）で受験資格・試験日程・出題範囲（7領域）・合格基準をメモしてください。初めて受験する人向けガイドの学習計画は、公式テキストの章立てと一致させると、過去問の分野ラベルとも対応づけやすくなります。 ブログやSNSの「最新情報」は、必ず大阪商工会議所のページと照合してから採用してください。申込期限や受験料は年度ごとに変わるため、カレンダーに締切を入れてから教材を開く習慣が有効です。,学習開始のタイミング,数値・日程・合格基準は年度で更新されるため、学習前と申込前には試験のご紹介（公式）の最新案内を確認してください。演習で初めて受験する人向けガイドに関する設問を解いたら。正解理由と誤答肢の違いを短くメモし、用語解説・比較表・よくある誤答タブで似た論点を比較表で整理すると定着しやすくなります。 演習10問を解き、解説で参照条文を公式テキストで開いて読み返してください。数値・日程・合格基準は年度で更新されるため、学習前と申込前には大阪商工会議所の最新案内を確認してください。,試験直前·当日の確認,独学を始める前に、試験のご紹介（公式）で受験資格・試験日程・出題範囲（7領域）・合格基準をメモしてください。初めて受験する人向けガイドの学習計画は、公式テキストの章立てと一致させると、過去問の分野ラベルとも対応づけやすくなります。 ブログやSNSの「最新情報」は、必ず大阪商工会議所のページと照合してから採用してください。申込期限や受験料は年度ごとに変わるため、カレンダーに締切を入れてから教材を開く習慣が有効です。,関連ガイドとの使い分け,数値・日程・合格基準は年度で更新されるため、学習前と申込前には試験のご紹介（公式）の最新案内を確認してください。演習で初めて受験する人向けガイドに関する設問を解いたら。正解理由と誤答肢の違いを短くメモし、用語解説・比較表・よくある誤答タブで似た論点を比較表で整理すると定着しやすくなります。 関連記事は役割が重ならないよう、概要→形式→学習計画の順で読むと迷いにくくなります。数値・日程・合格基準は年度で更新されるため、学習前と申込前には大阪商工会議所の最新案内を確認してください。,,,,,初めて受験する場合、何から始めればよいですか？,「初めて受験する場合、何から始めればよいですか」はメンタルヘルス・マネジメント検定II種の公式テキスト該当章と試験のご紹介（公式）で確認するのが確実です。初めて受験する人向けガイドでは、条文の要件（誰が・いつ・何を）を演習問題とセットで押さえてください。,申込の詳細手順はどこで確認できますか？,「申込の詳細手順はどこで確認できますか」はメンタルヘルス・マネジメント検定II種の公式テキスト該当章と試験のご紹介（公式）で確認するのが確実です。初めて受験する人向けガイドでは、条文の要件（誰が・いつ・何を）を演習問題とセットで押さえてください。,試験当日の持ち物は？,受験票・筆記用具（HB程度の鉛筆またはシャープペン、消しゴム）は基本の持ち物です。電子機器・辞書・参考書類は原則持込不可のため、試験のご紹介（公式）の受験要項で禁止物と持参物を確認してください。時計や身分証の要否も会場案内に従い、前日に持ち物リストへチェックを入れておくと安心です。,,,exam-application-flow:申込みの流れ;exam-day-flow:試験当日の流れ;overview:試験概要;self-study-start:独学の始め方;exam-format-overview:試験形式の概要,初受験;タイムライン;申込;試験日;合格発表
compare-similar-qualifications,試験概要,メンタルヘルス・マネジメント検定II種の類似資格との比較,メンタルヘルスII種の類似資格比較。I種·III種·衛生管理者30問180点との違い表。メンタルヘルス・マネジメント検定II種の受験資格・メンタルヘルス・マネジメント検定II種の併願・同日受験のルール連携も解説。,メンタルヘルス・マネジメント検定II種（ラインケア）の類似資格との比較は、50問·120分·70点以上のII種を基準にI種·III種·衛生管理者試験との形式·合格基準·受験目的の違いを整理する正本です。受験資格詳細はメンタルヘルス・マネジメント検定II種の受験資格の記事、併願ルールはメンタルヘルス・マネジメント検定II種の併願・同日受験のルールと役割分担します。公式情報は大阪商工会議所（https://www.mental-health.ne.jp/about/）の受験要項です。,10,試験概要;公式情報,メンタルヘルス二種マスター編集部,資格学習サイトの編集チーム,公式情報確認担当,公開前に一次情報との照合を行う担当者,2026-06-06,試験のご紹介（公式）|https://www.mental-health.ne.jp/about/,手書きリライト 2026-06-06。自動prose差し替え 2026-06-04（要手書き）。試験概要向けテンプレートから作成。公開前に本文・参照URL・関連リンクを差し替える。;retire_redirect:study-plan,本記事を読むと、たとえばI種とII種を同一試験と誤解していた場合に、形式·合格基準の比較表とメンタルヘルス・マネジメント検定II種の受験資格・メンタルヘルス・マネジメント検定II種の併願・同日受験のルールとの使い分けが分かり、50問70点のII種演習計画を正しく立て直せます。,II種50問70点の形式を要項で再確認する;I種·III種·衛生管理者との比較表を1枚にまとめる;併願可否はメンタルヘルス・マネジメント検定II種の併願・同日受験のルールの記事で確認する;受験資格はメンタルヘルス・マネジメント検定II種の受験資格の記事で照合する;メンタルヘルス・マネジメント検定II種のよくある誤解の記事で混同防止表を確認する,試験要項・公式ページ更新時に本文と参照元を見直す。,2026-06-06,2026-06-29,2026-06-06,archived,2026-06-12: archived（guide retire·study-planへ統合）,類似資格比較の全体像（II種50問70点を基準に）,数値・日程・合格基準は年度で更新されるため、学習前と申込前には試験のご紹介（公式）の最新案内を確認してください。演習で類似資格との比較に関する設問を解いたら。正解理由と誤答肢の違いを短くメモし、用語解説・比較表・よくある誤答タブで似た論点を比較表で整理すると定着しやすくなります。 演習10問を解き、解説で参照条文を公式テキストで開いて読み返してください。数値・日程・合格基準は年度で更新されるため、学習前と申込前には大阪商工会議所の最新案内を確認してください。,I種·II種·III種の形式比較表（問題数·合格基準·論述）,合格率・合格点は試験のご紹介（公式）の統計・要項で確認します。数字だけで難易度を判断せず、自分の演習得点と弱点分野を合わせて見積もってください。 類似資格との比較の学習時間は、7領域のバランスと仕事の繁忙期を考慮して設定します。「I種·II種·III種の形式比較表（問題数·合格基準·論述）」では。類似資格との比較について公式テキストの該当章を開き、条文の主体・期限・数値を演習問題とセットで押さえて定着を確認します。数値・日程は試験のご紹介（公式）の最新要項で必ず照合してください。,衛生管理者（30問180点）との違い表（別試験·別目的）,数値・日程・合格基準は年度で更新されるため、学習前と申込前には試験のご紹介（公式）の最新案内を確認してください。演習で類似資格との比較に関する設問を解いたら。正解理由と誤答肢の違いを短くメモし、用語解説・比較表・よくある誤答タブで似た論点を比較表で整理すると定着しやすくなります。 表をノートに転記したら、演習10問で理解を確認し、誤答は公式テキスト該当章で読み直してください。数値・日程・合格基準は年度で更新されるため、学習前と申込前には大阪商工会議所の最新案内を確認してください。,受験目的·併願の判断表（管理監督者向けII種優先）,管理監督者は、類似資格との比較の場面で「早期発見・傾聴・安全配慮・記録・専門職連携・職場環境改善」のバランスを取る主体として問われます。医学的診断や治療判断は医師の領域であり、管理監督者単独では行いません。 演習では「何をすべきか／すべきでないか」の二択に見える問題でも、プライバシー保護と業務上必要な情報共有の線引きがポイントになることが多いです。「受験目的·併願の判断表（管理監督者向けII種優先）」では。類似資格との比較について公式テキストの該当章を開き、条文の主体・期限・数値を演習問題とセットで押さえて定着を確認します。数値・日程は試験のご紹介（公式）の最新要項で必ず照合してください。,関連ガイドとの使い分け,数値・日程・合格基準は年度で更新されるため、学習前と申込前には試験のご紹介（公式）の最新案内を確認してください。演習で類似資格との比較に関する設問を解いたら。正解理由と誤答肢の違いを短くメモし、用語解説・比較表・よくある誤答タブで似た論点を比較表で整理すると定着しやすくなります。 関連記事は役割が重ならないよう、概要→形式→学習計画の順で読むと迷いにくくなります。数値・日程・合格基準は年度で更新されるため、学習前と申込前には大阪商工会議所の最新案内を確認してください。,,,,,II種と衛生管理者試験は同じですか？,「II種と衛生管理者試験は同じですか」はメンタルヘルス・マネジメント検定II種の公式テキスト該当章と試験のご紹介（公式）で確認するのが確実です。類似資格との比較では、条文の要件（誰が・いつ・何を）を演習問題とセットで押さえてください。,I種とII種を同じ日に受けられますか？,「I種とII種を同じ日に受けられますか」はメンタルヘルス・マネジメント検定II種の公式テキスト該当章と試験のご紹介（公式）で確認するのが確実です。類似資格との比較では、条文の要件（誰が・いつ・何を）を演習問題とセットで押さえてください。,本記事とメンタルヘルス・マネジメント検定II種の受験資格はどう使い分けますか？,読了後は、類似資格との比較の関連する演習を5問以上解き、間違えた選択肢を用語解説で確認してから関連ガイドへ進んでください。1週間後の解き直し日をカレンダーに入れると定着しやすくなります。数値・主体・手順は大阪商工会議所の最新案内と照合してください。,,,exam-eligibility:受験資格;concurrent-exam-rules:併願ルール;exemption-system:免除制度;pass-score:合格点,類似資格比較;I種;衛生管理者;50問70点;要項正本
exam-eligibility,受験・申込,メンタルヘルスマネジメント検定II種の受験資格｜制限なし・誰でも受験可,メンタルヘルス・マネジメント検定II種（ラインケア）の受験資格を解説。学歴・年齢・性別・国籍を問わず誰でも受験でき、受験資格の制限はありません。II種が管理監督者向けの推奨対象である位置づけと申込前チェックを整理します（正本は要項PDF）。,II種（ラインケア）に受験資格の制限はなく、学歴・年齢・性別・国籍を問わず誰でも受けられます。「管理監督者向け」とされているのはあくまで推奨される対象で、特定の役職に就いていることや研修の受講が条件になるわけではありません。この記事では、資格制限がないことをあらためて確認するとともに、推奨対象の意味やI種との違いをわかりやすく整理します。申込時の最新の注意点は公式の要項でも確かめておくと安心です。,15,受験資格;申込;公式情報,メンタルヘルス二種マスター編集部,資格学習サイトの編集チーム,公式情報確認担当,公開前に一次情報との照合を行う担当者,2026-06-13,試験のご紹介（公式）|https://www.mental-health.ne.jp/about/,手書きリライト 2026-06-06。自動prose差し替え 2026-06-04（要手書き）。受験・申込向けテンプレートから作成。公開前に本文・参照URL・関連リンクを差し替える。,本記事を読むと、II種ラインケアの受験資格表が分かり、たとえば「6/14要項資格章·管理監督者該当·選任·研修要項照合→6/17学習開始」まで今日から再現でき、申込前チェック記事との使い分けも表で把握できます。,要項PDFの受験資格章を開き該当有無を1行でメモする;管理監督者の選任状況·研修要件を要項表と照合する;I種·III種·衛生管理者と試験種別を混同していないか確認する;該当確定後にoverview記事で5項目メモを作成する;申込2週前にapplication-deadline-checklist記事で再確認する,試験要項・公式ページ更新時に本文と参照元を見直す。,2026-06-13,2026-06-29,2026-06-13,published,2026-06-12: 編集合格（手書きリライト·具体例·v2）,II種ラインケア：受験資格は不要・推奨対象の早見表,"II種には受験資格の制限がなく、誰でも受験できます。下表は推奨対象やコース選びの整理で、詳細は申込前に要項で確認してください。

II種（ラインケアコース）には受験資格の制限がなく、学歴・年齢・性別・国籍を問わず誰でも受験できます。管理監督者向けに推奨されている試験ですが、役職に就いていることが受験の条件というわけではありません。区分の選び方の詳細は要項で確認します。

| 確認項目 | 要項での見出し例 | メモの書き方 |
| --- | --- | --- |
| 対象者 | 管理監督者等 | 該当·非該当·要確認 |
| 選任 | 選任要件 | 選任日·人数 |
| 研修 | 研修要件 | 修了·予定 |
| 試験種別 | II種（ラインケア） | I種と混同しない |
| 例外·注記 | 要項脚注 | 該当条項番号 |",管理監督者向け：推奨対象の理解手順,"II種（ラインケア）は管理監督者向けに推奨される試験ですが、受験に資格制限はなく誰でも受験できます。役割·選任は受験の条件ではなく、あくまで学習内容が役立つ対象の目安です。

II種は管理監督者（ラインケア）向けに推奨される内容ですが、受験に資格の制限はなく、誰でも受験できます。役職や研修の受講は受験の条件ではなく、あくまで学習内容が役立つ対象の目安です。自分の目的に合う区分を選んで申し込みます。

| ステップ | 確認内容 | 記録例 |
| --- | --- | --- |
| 1 | 管理監督者の定義（要項） | 該当役職名 |
| 2 | 選任の有無·人数 | 選任日 |
| 3 | ラインケアの位置づけ | II種を受験 |
| 4 | 研修要件（要項） | 修了·予定日 |
| 5 | 不明点 | 人事·総務へ確認 |",学歴·実務経験：受験資格は問われない,"II種ラインケアでは学歴·実務経験·年齢などは一切問われず、誰でも受験できます。管理監督者としての要件や研修は受験の条件ではありません。 | 論点 | 確認方法 | 注意 |
| --- | --- | --- |
| 学歴 | 要項の該当表 | I種要件と混同しない |
| 実務経験 | 要項の年数表記 | 旧要項を使わない |
| 研修 | 修了証·予定 | 申込時要件を確認 |
| 選任 | 社内規程·労安則 | 役職名だけで判断しない | II種に実務経験の要件はなく——誰でも受験できる——コースをII種に決めたら——study-plan記事へ進んでください。",試験種別の混同防止：I種·III種,"コースの取り違えは申込ミスの典型です。いずれも受験資格は不要ですが、推奨される対象が異なります。

メンタルヘルス・マネジメント検定には、I種（マスター）・II種（ラインケア）・III種（セルフケア）の区分があります。いずれも受験資格は不要ですが、対象や出題内容が異なります。区分を取り違えると申込のミスにつながるため、自分が受ける区分を確認します。

| 試験 | 主な対象 | 本記事との関係 |
| --- | --- | --- |
| II種（ラインケア） | 管理監督者 | 本記事の対象 |
| I種 | 人事労務·経営幹部等 | 別コース·別要項 |
| III種 | 一般労働者等 | 別試験·別要項 |
| 衛生管理者試験 | 衛生管理者 | 別資格 |",eligibility記事との2列比較表,"資格の詳細表と申込前チェックは2記事で分担します。本記事は要項資格表·管理監督者·選任·研修、申込前チェック記事は該当有無の最終確認·書類·締切に特化します。

本記事は、受験資格や推奨される対象など、受験資格まわりの内容を扱います。eligibility記事は、申込の直前に確認したいチェック項目や必要書類・締切の管理を扱うため、資格の理解と申込の実務準備を分けて進められます。

| 論点 | 本記事（受験資格） | 申込前チェック記事 |
| --- | --- | --- |
| 焦点 | 要項資格表·判定 | 申込前最終確認 |
| 時期 | Day0·学習開始前 | 申込2週前〜締切 |
| 成果物 | 該当1行メモ | チェックリスト完遂 |
| 出口 | overview·study-planへ | 申込実行 |",,,,,II種ラインケアの受験資格は何ですか？,II種（ラインケアコース）には、受験資格の制限はありません。学歴・年齢・性別・国籍を問わず、誰でも希望するコースを受験できます。II種は管理監督者（ラインケア）向けに推奨されているだけで、役職に就いていることや研修の受講は受験の条件ではありません。,学歴だけで受験できますか？,学歴を含め受験資格の制限は一切なく、誰でも受験できます。管理監督者としての選任や研修、実務経験は受験の条件ではありません。コースをII種に決めたらoverview記事へ進んでください。,資格確認後、学習はいつ始めますか？,受ける区分が確認できたら、その時点から学習を始められます。まず受験要項で出題範囲や合格基準を確認し、公式テキストの章立てと対応づけてから、試験日を起点に計画を立てると迷いにくくなります。演習を少し解いて弱点の傾向を見るのも効果的です。,,,eligibility:受験資格と申込前チェック;application-deadline-checklist:申込締切前チェック;syllabus-how-to-read:要項·シラバスの読み方,要項正本;管理監督者;選任·研修;メンタルヘルス・マネジメント検定II種の受験資格と申込前チェック連携;50問70点
exemption-system,受験・申込,メンタルヘルス・マネジメント検定II種の免除制度,メンタルヘルスII種ラインケアの免除制度。要項ベースで科目免除の有無を整理。I種論述との混同防止も解説します。メンタルヘルス・マネジメント試験公式情報も確認。,メンタルヘルス・マネジメント検定II種（ラインケア）の免除制度は、申込前に要項で有無·対象を確認する必要があります。本記事では要項ベースの確認表をまとめ、I種105+論述25点の免除イメージとの混同を防ぎます。,15,受験資格;申込;公式情報,メンタルヘルス二種マスター編集部,資格学習サイトの編集チーム,公式情報確認担当,公開前に一次情報との照合を行う担当者,2026-06-06,試験のご紹介（公式）|https://www.mental-health.ne.jp/about/,手書きリライト 2026-06-06。自動prose差し替え 2026-06-04（要手書き）。受験・申込向けテンプレートから作成。公開前に本文・参照URL・関連リンクを差し替える。;retire_redirect:exam-eligibility,本記事を読むと、たとえば「I種で論述が免除されたからII種も一部科目が免除される」と誤解していた場合に、要項の該当行を確認する手順が分かり、50問一括受験の前提で学習計画を立て直せます。,要項のII種ラインケア章で免除制度の有無を確認する;I種論述免除とII種50問一括を混同しない;免除がなければ7領域すべてを演習対象にする;不明点は申込前に大阪商工会議所へ問い合わせる;メンタルヘルス・マネジメント検定II種の受験資格の記事で受験資格を併せて確認する,試験要項・公式ページ更新時に本文と参照元を見直す。,2026-06-06,2026-06-29,2026-06-06,archived,2026-06-12: archived（guide retire p2·exam-eligibilityへ統合）,II種ラインケアの免除制度の全体像,数値・日程・合格基準は年度で更新されるため、学習前と申込前には試験のご紹介（公式）の最新案内を確認してください。演習で免除制度に関する設問を解いたら。正解理由と誤答肢の違いを短くメモし、用語解説・比較表・よくある誤答タブで似た論点を比較表で整理すると定着しやすくなります。 演習10問を解き、解説で参照条文を公式テキストで開いて読み返してください。数値・日程・合格基準は年度で更新されるため、学習前と申込前には大阪商工会議所の最新案内を確認してください。,I種論述との混同防止,数値・日程・合格基準は年度で更新されるため、学習前と申込前には試験のご紹介（公式）の最新案内を確認してください。演習で免除制度に関する設問を解いたら。正解理由と誤答肢の違いを短くメモし、用語解説・比較表・よくある誤答タブで似た論点を比較表で整理すると定着しやすくなります。 演習10問を解き、解説で参照条文を公式テキストで開いて読み返してください。数値・日程・合格基準は年度で更新されるため、学習前と申込前には大阪商工会議所の最新案内を確認してください。,要項で確認するチェック表,独学を始める前に、試験のご紹介（公式）で受験資格・試験日程・出題範囲（7領域）・合格基準をメモしてください。免除制度の学習計画は、公式テキストの章立てと一致させると、過去問の分野ラベルとも対応づけやすくなります。 ブログやSNSの「最新情報」は、必ず大阪商工会議所のページと照合してから採用してください。申込期限や受験料は年度ごとに変わるため、カレンダーに締切を入れてから教材を開く習慣が有効です。,免除がない場合の50問学習,数値・日程・合格基準は年度で更新されるため、学習前と申込前には試験のご紹介（公式）の最新案内を確認してください。演習で免除制度に関する設問を解いたら。正解理由と誤答肢の違いを短くメモし、用語解説・比較表・よくある誤答タブで似た論点を比較表で整理すると定着しやすくなります。 演習10問を解き、解説で参照条文を公式テキストで開いて読み返してください。数値・日程・合格基準は年度で更新されるため、学習前と申込前には大阪商工会議所の最新案内を確認してください。,関連記事との役割分担,数値・日程・合格基準は年度で更新されるため、学習前と申込前には試験のご紹介（公式）の最新案内を確認してください。演習で免除制度に関する設問を解いたら。正解理由と誤答肢の違いを短くメモし、用語解説・比較表・よくある誤答タブで似た論点を比較表で整理すると定着しやすくなります。 関連記事は役割が重ならないよう、概要→形式→学習計画の順で読むと迷いにくくなります。数値・日程・合格基準は年度で更新されるため、学習前と申込前には大阪商工会議所の最新案内を確認してください。,,,,,II種ラインケアに科目免除はありますか？,「II種ラインケアに科目免除はありますか」はメンタルヘルス・マネジメント検定II種の公式テキスト該当章と試験のご紹介（公式）で確認するのが確実です。免除制度では、条文の要件（誰が・いつ・何を）を演習問題とセットで押さえてください。,I種の論述免除とII種は関係ありますか？,「I種の論述免除とII種は関係ありますか」はメンタルヘルス・マネジメント検定II種の公式テキスト該当章と試験のご紹介（公式）で確認するのが確実です。免除制度では、条文の要件（誰が・いつ・何を）を演習問題とセットで押さえてください。,免除の不明点はいつ確認すべきですか？,読了後は、免除制度の関連する演習を5問以上解き、間違えた選択肢を用語解説で確認してから関連ガイドへ進んでください。1週間後の解き直し日をカレンダーに入れると定着しやすくなります。数値・主体・手順は大阪商工会議所の最新案内と照合してください。,,,exam-eligibility:受験資格;eligibility:申込前チェック;application-deadline-checklist:申込チェック,要項正本;科目免除確認;I種混同防止;50問一括;7領域
work-experience-requirement,受験・申込,メンタルヘルス・マネジメント検定II種の実務経験と受験資格,メンタルヘルスII種の実務経験と受験資格。管理監督者要件·選任·研修を表に整理。メンタルヘルス・マネジメント検定II種の受験資格と申込前チェック・メンタルヘルス・マネジメント検定II種の学歴要件と受験資格連携も解説。,メンタルヘルス・マネジメント検定II種（ラインケア）の受験資格は、管理監督者としての位置づけ·選任·研修·実務経験年数を要項表と照合する作業が中心です。本記事では実務経験と受験資格表をまとめ、申込前チェックはメンタルヘルス・マネジメント検定II種の受験資格と申込前チェック·学歴·研修詳細はメンタルヘルス・マネジメント検定II種の学歴要件と受験資格と役割分担します。公式情報は大阪商工会議所（https://www.mental-health.ne.jp/about/）の受験要項です。,15,受験資格;申込;公式情報,メンタルヘルス二種マスター編集部,資格学習サイトの編集チーム,公式情報確認担当,公開前に一次情報との照合を行う担当者,2026-06-06,試験のご紹介（公式）|https://www.mental-health.ne.jp/about/,手書きリライト 2026-06-06。自動prose差し替え 2026-06-04（要手書き）。受験・申込向けテンプレートから作成。公開前に本文・参照URL・関連リンクを差し替える。;retire_redirect:exam-eligibility,本記事を読むと、たとえば管理監督者5年·6月20日研修修了の場合に、9月公開試験の申込開始まで実務経験要件を満たしているかを日付で逆算でき、メンタルヘルス・マネジメント検定II種の受験資格と申込前チェック・メンタルヘルス・マネジメント検定II種の学歴要件と受験資格との確認順が分かります。,要項のII種ラインケア行で実務経験要件を特定する;管理監督者選任日·研修修了日をカレンダーで計算する;人事·安全衛生担当に役割·選任を確認する;メンタルヘルス・マネジメント検定II種の受験資格と申込前チェックの記事で申込前チェック5項目を実行する;メンタルヘルス・マネジメント検定II種の学歴要件と受験資格の記事で学歴·研修詳細を確認する,試験要項・公式ページ更新時に本文と参照元を見直す。,2026-06-06,2026-06-29,2026-06-06,archived,2026-06-12: archived（guide retire p2·exam-eligibilityへ統合）,実務経験と受験資格の全体像（要項正本）,独学を始める前に、試験のご紹介（公式）で受験資格・試験日程・出題範囲（7領域）・合格基準をメモしてください。実務経験と受験資格の学習計画は、公式テキストの章立てと一致させると、過去問の分野ラベルとも対応づけやすくなります。 ブログやSNSの「最新情報」は、必ず大阪商工会議所のページと照合してから採用してください。申込期限や受験料は年度ごとに変わるため、カレンダーに締切を入れてから教材を開く習慣が有効です。,管理監督者選任と実務経験年数の照合表,管理監督者は、実務経験と受験資格の場面で「早期発見・傾聴・安全配慮・記録・専門職連携・職場環境改善」のバランスを取る主体として問われます。医学的診断や治療判断は医師の領域であり、管理監督者単独では行いません。 演習では「何をすべきか／すべきでないか」の二択に見える問題でも、プライバシー保護と業務上必要な情報共有の線引きがポイントになることが多いです。「管理監督者選任と実務経験年数の照合表」では。実務経験と受験資格について公式テキストの該当章を開き、条文の主体・期限・数値を演習問題とセットで押さえて定着を確認します。数値・日程は試験のご紹介（公式）の最新要項で必ず照合してください。,実務経験の内容と試験7領域の関係,数値・日程・合格基準は年度で更新されるため、学習前と申込前には試験のご紹介（公式）の最新案内を確認してください。演習で実務経験と受験資格に関する設問を解いたら。正解理由と誤答肢の違いを短くメモし、用語解説・比較表・よくある誤答タブで似た論点を比較表で整理すると定着しやすくなります。 演習10問を解き、解説で参照条文を公式テキストで開いて読み返してください。数値・日程・合格基準は年度で更新されるため、学習前と申込前には大阪商工会議所の最新案内を確認してください。,メンタルヘルス・マネジメント検定II種の受験資格と申込前チェック・メンタルヘルス・マネジメント検定II種の学歴要件と受験資格との役割分担,「メンタルヘルス・マネジメント検定II種の受験資格と申込前チェック・メンタルヘルス・マネジメント検定II種の学歴要件と受験資格との役割分担」は実務経験と受験。 数値・日程・合格基準は年度で更新されるため、学習前と申込前には試験のご紹介（公式）の最新案内を確認してください。演習で実務経験と受験資格に関する設問を解いたら。正解理由と誤答肢の違いを短くメモし、用語解説・比較表・よくある誤答タブで似た論点を比較表で整理すると定着しやすくなります。,資格確認後の50問70点学習逆算,独学を始める前に、試験のご紹介（公式）で受験資格・試験日程・出題範囲（7領域）・合格基準をメモしてください。実務経験と受験資格の学習計画は、公式テキストの章立てと一致させると、過去問の分野ラベルとも対応づけやすくなります。 ブログやSNSの「最新情報」は、必ず大阪商工会議所のページと照合してから採用してください。申込期限や受験料は年度ごとに変わるため、カレンダーに締切を入れてから教材を開く習慣が有効です。,,,,,実務経験は何年必要ですか？,「実務経験は何年必要ですか」はメンタルヘルス・マネジメント検定II種の公式テキスト該当章と試験のご紹介（公式）で確認するのが確実です。実務経験と受験資格では、条文の要件（誰が・いつ・何を）を演習問題とセットで押さえてください。,管理監督者でなければ受験できませんか？,「管理監督者でなければ受験できませんか」はメンタルヘルス・マネジメント検定II種の公式テキスト該当章と試験のご紹介（公式）で確認するのが確実です。実務経験と受験資格では、条文の要件（誰が・いつ・何を）を演習問題とセットで押さえてください。,本記事とメンタルヘルス・マネジメント検定II種の受験資格と申込前チェックはどう使い分けますか？,読了後は、実務経験と受験資格の関連する演習を5問以上解き、間違えた選択肢を用語解説で確認してから関連ガイドへ進んでください。1週間後の解き直し日をカレンダーに入れると定着しやすくなります。数値・主体・手順は大阪商工会議所の最新案内と照合してください。,,,eligibility:申込前チェック;exam-eligibility:受験資格詳細,実務経験;管理監督者;選任·研修;メンタルヘルス・マネジメント検定II種の受験資格と申込前チェック連携;要項正本
education-requirement,受験・申込,メンタルヘルス・マネジメント検定II種の学歴要件と受験資格,メンタルヘルスII種ラインケアの学歴要件と受験資格。管理監督者選任·研修要件を要項ベースで表に整理。I種·III種·衛生管理者との混同も解説します。,メンタルヘルス・マネジメント検定II種（ラインケア）の受験資格は、最終学歴より管理監督者としての位置づけ·選任·研修の要件が中心です。公式情報は大阪商工会議所の受験資格表です。,15,受験資格;申込;公式情報,メンタルヘルス二種マスター編集部,資格学習サイトの編集チーム,公式情報確認担当,公開前に一次情報との照合を行う担当者,2026-06-06,試験のご紹介（公式）|https://www.mental-health.ne.jp/about/,手書きリライト 2026-06-06。自動prose差し替え 2026-06-04（要手書き）。受験・申込向けテンプレートから作成。公開前に本文・参照URL・関連リンクを差し替える。;retire_redirect:exam-eligibility,本記事を読むと、たとえば4月1日選任·6月研修修了の場合に8月公開試験の申込開始（6月15日）まで間に合うかを日付で逆算でき、I種·III種の要件と取り違えるリスクを下げられます。,要項のII種ラインケア行で自分の役割·選任を特定する;管理監督者選任日·研修修了日をカレンダーで計算する;必要書類を申込2か月前までに準備する;メンタルヘルス・マネジメント検定II種の実務経験と受験資格の記事で実務要件を確認する;メンタルヘルス・マネジメント検定II種の申込締切前チェックリストで書類一式を申込前に照合する,試験要項・公式ページ更新時に本文と参照元を見直す。,2026-06-06,2026-06-29,2026-06-06,archived,2026-06-12: archived（guide retire p2·exam-eligibilityへ統合）,II種ラインケアの受験資格表,数値・日程・合格基準は年度で更新されるため、学習前と申込前には試験のご紹介（公式）の最新案内を確認してください。演習で学歴要件と受験資格に関する設問を解いたら。正解理由と誤答肢の違いを短くメモし、用語解説・比較表・よくある誤答タブで似た論点を比較表で整理すると定着しやすくなります。 表をノートに転記したら、演習10問で理解を確認し、誤答は公式テキスト該当章で読み直してください。数値・日程・合格基準は年度で更新されるため、学習前と申込前には大阪商工会議所の最新案内を確認してください。,管理監督者選任との関係,管理監督者は、学歴要件と受験資格の場面で「早期発見・傾聴・安全配慮・記録・専門職連携・職場環境改善」のバランスを取る主体として問われます。医学的診断や治療判断は医師の領域であり、管理監督者単独では行いません。 演習では「何をすべきか／すべきでないか」の二択に見える問題でも、プライバシー保護と業務上必要な情報共有の線引きがポイントになることが多いです。 演習10問を解き、解説で参照条文を公式テキストで開いて読み返してください。数値・日程・合格基準は年度で更新されるため、学習前と申込前には大阪商工会議所の最新案内を確認してください。,学歴より役割·研修が優先される理由,数値・日程・合格基準は年度で更新されるため、学習前と申込前には試験のご紹介（公式）の最新案内を確認してください。演習で学歴要件と受験資格に関する設問を解いたら。正解理由と誤答肢の違いを短くメモし、用語解説・比較表・よくある誤答タブで似た論点を比較表で整理すると定着しやすくなります。 演習10問を解き、解説で参照条文を公式テキストで開いて読み返してください。数値・日程・合格基準は年度で更新されるため、学習前と申込前には大阪商工会議所の最新案内を確認してください。,証明書類の準備タイミング,数値・日程・合格基準は年度で更新されるため、学習前と申込前には試験のご紹介（公式）の最新案内を確認してください。演習で学歴要件と受験資格に関する設問を解いたら。正解理由と誤答肢の違いを短くメモし、用語解説・比較表・よくある誤答タブで似た論点を比較表で整理すると定着しやすくなります。 演習10問を解き、解説で参照条文を公式テキストで開いて読み返してください。数値・日程・合格基準は年度で更新されるため、学習前と申込前には大阪商工会議所の最新案内を確認してください。,資格確定後の50問学習準備,数値・日程・合格基準は年度で更新されるため、学習前と申込前には試験のご紹介（公式）の最新案内を確認してください。演習で学歴要件と受験資格に関する設問を解いたら。正解理由と誤答肢の違いを短くメモし、用語解説・比較表・よくある誤答タブで似た論点を比較表で整理すると定着しやすくなります。 演習10問を解き、解説で参照条文を公式テキストで開いて読み返してください。数値・日程・合格基準は年度で更新されるため、学習前と申込前には大阪商工会議所の最新案内を確認してください。,,,,,II種は学歴がなくても受験できますか？,「II種は学歴がなくても受験できますか」はメンタルヘルス・マネジメント検定II種の公式テキスト該当章と試験のご紹介（公式）で確認するのが確実です。学歴要件と受験資格では、条文の要件（誰が・いつ・何を）を演習問題とセットで押さえてください。,管理監督者でなければ受験できませんか？,「管理監督者でなければ受験できませんか」はメンタルヘルス・マネジメント検定II種の公式テキスト該当章と試験のご紹介（公式）で確認するのが確実です。学歴要件と受験資格では、条文の要件（誰が・いつ・何を）を演習問題とセットで押さえてください。,資格不明のまま申し込むとどうなりますか？,読了後は、学歴要件と受験資格の関連する演習を5問以上解き、間違えた選択肢を用語解説で確認してから関連ガイドへ進んでください。1週間後の解き直し日をカレンダーに入れると定着しやすくなります。数値・主体・手順は大阪商工会議所の最新案内と照合してください。,,,exam-eligibility:受験資格詳細;work-experience-requirement:実務経験;line-care:ラインケア;application-deadline-checklist:申込チェック,管理監督者;ラインケア;選任·研修;I種III種と別;要項正本
concurrent-exam-rules,受験・申込,メンタルヘルス・マネジメント検定II種の併願・同日受験のルール,メンタルヘルスII種の併願·同日受験ルール。I種·III種·他資格との日程衝突、50問120分と衛生管理者30問180点の違いを要項ベースで解説します。,メンタルヘルス・マネジメント検定II種（ラインケア）を他試験と併願する場合、試験日·時間帯·申込手続が重ならないかを要項で確認する必要があります。本記事では併願の意味と大阪商工会議所試験間のルールを表にまとめます。,15,受験資格;申込;公式情報,メンタルヘルス二種マスター編集部,資格学習サイトの編集チーム,公式情報確認担当,公開前に一次情報との照合を行う担当者,2026-06-06,試験のご紹介（公式）|https://www.mental-health.ne.jp/about/,手書きリライト 2026-06-06。自動prose差し替え 2026-06-04（要手書き）。受験・申込向けテンプレートから作成。公開前に本文・参照URL・関連リンクを差し替える。;retire_redirect:exam-eligibility,本記事を読むと、II種と他試験を同時期に申し込めるか、追加の受験料と日程確認がどうなるかが分かり、申込ミスを防げます。,併願したい試験の日程·時間帯を要項で並べて比較する;II種とI種の試験時間·合格基準の違いをメモする;試験ごとに別申込·別受験料が必要か確認する;日程がずれる併願なら7領域の学習計画を分ける;不明点は申込前に大阪商工会議所へ問い合わせる,試験要項・公式ページ更新時に本文と参照元を見直す。,2026-06-06,2026-06-29,2026-06-06,archived,2026-06-12: archived（guide retire p2·exam-eligibilityへ統合）,併願とは何か（大阪商工会議所の複数試験）,数値・日程・合格基準は年度で更新されるため、学習前と申込前には試験のご紹介（公式）の最新案内を確認してください。演習で併願・同日受験のルールに関する設問を解いたら。正解理由と誤答肢の違いを短くメモし、用語解説・比較表・よくある誤答タブで似た論点を比較表で整理すると定着しやすくなります。 演習10問を解き、解説で参照条文を公式テキストで開いて読み返してください。数値・日程・合格基準は年度で更新されるため、学習前と申込前には大阪商工会議所の最新案内を確認してください。,II種とI種·III種の同日可否,数値・日程・合格基準は年度で更新されるため、学習前と申込前には試験のご紹介（公式）の最新案内を確認してください。演習で併願・同日受験のルールに関する設問を解いたら。正解理由と誤答肢の違いを短くメモし、用語解説・比較表・よくある誤答タブで似た論点を比較表で整理すると定着しやすくなります。 演習10問を解き、解説で参照条文を公式テキストで開いて読み返してください。数値・日程・合格基準は年度で更新されるため、学習前と申込前には大阪商工会議所の最新案内を確認してください。,他資格試験との日程衝突,数値・日程・合格基準は年度で更新されるため、学習前と申込前には試験のご紹介（公式）の最新案内を確認してください。演習で併願・同日受験のルールに関する設問を解いたら。正解理由と誤答肢の違いを短くメモし、用語解説・比較表・よくある誤答タブで似た論点を比較表で整理すると定着しやすくなります。 演習10問を解き、解説で参照条文を公式テキストで開いて読み返してください。数値・日程・合格基準は年度で更新されるため、学習前と申込前には大阪商工会議所の最新案内を確認してください。,受験料と学習計画の分離,数値・日程・合格基準は年度で更新されるため、学習前と申込前には試験のご紹介（公式）の最新案内を確認してください。演習で併願・同日受験のルールに関する設問を解いたら。正解理由と誤答肢の違いを短くメモし、用語解説・比較表・よくある誤答タブで似た論点を比較表で整理すると定着しやすくなります。 演習10問を解き、解説で参照条文を公式テキストで開いて読み返してください。数値・日程・合格基準は年度で更新されるため、学習前と申込前には大阪商工会議所の最新案内を確認してください。,試験形式の混同防止,数値・日程・合格基準は年度で更新されるため、学習前と申込前には試験のご紹介（公式）の最新案内を確認してください。演習で併願・同日受験のルールに関する設問を解いたら。正解理由と誤答肢の違いを短くメモし、用語解説・比較表・よくある誤答タブで似た論点を比較表で整理すると定着しやすくなります。 演習10問を解き、解説で参照条文を公式テキストで開いて読み返してください。数値・日程・合格基準は年度で更新されるため、学習前と申込前には大阪商工会議所の最新案内を確認してください。,,,,,II種とI種を同じ日に受けられますか？,「II種とI種を同じ日に受けられますか」はメンタルヘルス・マネジメント検定II種の公式テキスト該当章と試験のご紹介（公式）で確認するのが確実です。併願・同日受験のルールでは、条文の要件（誰が・いつ・何を）を演習問題とセットで押さえてください。,併願すると受験料は割引になりますか？,「併願すると受験料は割引になりますか」はメンタルヘルス・マネジメント検定II種の公式テキスト該当章と試験のご紹介（公式）で確認するのが確実です。併願・同日受験のルールでは、条文の要件（誰が・いつ・何を）を演習問題とセットで押さえてください。,併願の申込は1回で済みますか？,読了後は、併願・同日受験のルールの関連する演習を5問以上解き、間違えた選択肢を用語解説で確認してから関連ガイドへ進んでください。1週間後の解き直し日をカレンダーに入れると定着しやすくなります。数値・主体・手順は大阪商工会議所の最新案内と照合してください。,,,exam-schedule:試験日程;application-deadline-checklist:申込チェック;exam-eligibility:受験資格,併願は別申込;同日同時刻は不可;50問120分;I種105+論述25;要項正本
exam-schedule,受験・申込,メン管II種·試験日程【申込期間·12週逆算·要項】,メンタルヘルス・マネジメント検定II種（ラインケア）の試験日程。次回は第41回＝2026年11月1日（日）、一般申込9月4日〜9月17日。その次は第42回＝2027年3月21日（日）。公開試験·申込期間·12週逆算を表に整理します（最新は公式の受験要項が正本）。,II種の試験日や申込期間は、公開試験ごとに発表される要項PDFで確定します。固定の年間カレンダーがあるわけではないので、次回の要項が唯一の確かなよりどころです。この記事では、試験日と申込締切の確認のしかた、そして試験日から逆算して学習を組み立てる考え方を紹介します。日程は変わることがあるため、申込前に必ず最新の要項で確認してください。,15,受験資格;申込;公式情報,メンタルヘルス二種マスター編集部,資格学習サイトの編集チーム,公式情報確認担当,公開前に一次情報との照合を行う担当者,2026-06-13,試験のご紹介（公式）|https://www.mental-health.ne.jp/about/,手書きリライト 2026-06-06。自動prose差し替え 2026-06-04（要手書き）。受験・申込向けテンプレートから作成。公開前に本文・参照URL・関連リンクを差し替える。,本記事を読むと、公開試験の日程確認と12週逆算が分かり、たとえば「6/14要項で試験日9/6·申込7/1-7/18·12週表逆算」まで今日から再現でき、日程3点早見記事との使い分けも表で把握できます。,要項PDFで試験日·申込開始·締切を1行メモする;試験日から12週逆算しstudy-plan記事の表を調整する;申込期間をカレンダー登録しapplication-deadline-checklist記事へ;会場選択はexam-venue-and-region記事で申込前に確認する;試験日確定後に8·11·12週目通し演習日を固定する,試験要項・公式ページ更新時に本文と参照元を見直す。,2026-06-13,2026-06-29,2026-06-13,published,2026-06-12: 編集合格（手書きリライト·具体例·v2）,公開試験日程：要項で確認する4項目,"試験日程の正本は大阪商工会議所の試験のご紹介·受験要項PDFです。下表は確認項目の整理で、申込前に要項で上書き確認してください。

公開試験の日程は、大阪商工会議所の試験のご紹介・受験要項PDFが正本です。試験日・申込期間・受験料・会場などは公開試験ごとに公表され、改定されることもあります。申込の前には、必ず最新の要項をダウンロードして、これらの項目を確認しておきます。

| 項目 | 要項の見出し例 | メモ例 |
| --- | --- | --- |
| 試験日 | 試験実施日 | 9/6（土）※要項 |
| 申込開始 | 申込期間（開始） | 7/1（火） |
| 申込締切 | 申込期間（終了） | 7/18（金） |
| 合格発表 | 結果通知 | 要項記載 |",12週逆算：試験日から学習計画,"試験日が確定したら、12週逆算でstudy-plan記事の表を調整します。

試験日が確定したら、その日から逆算して学習計画を組み直します。study-plan記事の12週逆算の表を、残り期間に合わせて圧縮・延長し、いつ何を仕上げるかのマイルストーンを決めておくと、直前になって範囲が終わらないという事態を防げます。

| 逆算 | 日付例 | 学習マイルストーン |
| --- | --- | --- |
| 試験日 | 9/6（土） | 本番50問120分 |
| 12週前 | 6/14（日） | Day0·第1章 |
| 8週前 | 7/12（土） | 通し1回目 |
| 11週前 | 8/23（土） | 通し2回目·35問 |
| 1週前 | 8/30（土） | 通し3回目·40問 |",申込期間：カレンダー登録とチェック連携,"申込期間は締切直前の不備が多いため、開始日·締切日を早めに登録します。

申込期間は、締切の直前に不備や決済のトラブルが起きやすいものです。要項で開始日と締切日時を確認したら、早めにカレンダーへ登録し、締切に余裕を持って手続きします。申込内容の確認や受験料の支払いは、開始から数日以内に済ませておくと安心です。

| タイミング | 作業 | 記事 |
| --- | --- | --- |
| 申込開始 | 要項·会場確認 | exam-venue-and-region |
| 2週前 | 7点チェック | eligibility |
| 3日前 | 9点最終 | application-deadline-checklist |
| 締切日 | 決済·控え | exam-fees |",会場·地域：申込時の選択と受験票,"受験地·会場は申込時に選択し、受験票で確定します。定員·希望順位は要項·申込案内が正本です。

受験地や会場は、申込の際に選択し、後日届く受験票で確定します。定員や希望の順位に関する扱いは、受験要項や申込案内が正本です。希望の会場が定員で埋まる場合もあるため、第二希望も考えておき、申込開始後できるだけ早く手続きするのが安全です。

| 段階 | 確認内容 | 記録 |
| --- | --- | --- |
| 申込前 | 希望地域·定員 | 第2希望 |
| 申込後 | 受験票 | 会場名·集合時間 |
| 1週前 | 交通·動線 | exam-day-flow |
| 前日 | 持ち物 | exam-day-items |",schedule記事との2列比較表,"日程3点概観と試験日詳細·逆算は2記事で分担します。schedule記事は試験日·受験料·持ち物の3点早見、本記事は公開試験日程·申込期間·12週逆算に特化します。

schedule記事は、試験日・受験料・持ち物という3点を1枚で概観する早見を扱います。本記事は、公開試験の日程・申込期間・12週間の逆算計画を詳しく扱うため、まずschedule記事で全体像をつかんでから、日程まわりの詳細を本記事で確認すると分かりやすくなります。

| 論点 | schedule記事 | 本記事（試験日程） |
| --- | --- | --- |
| 焦点 | 3点早見 | 日程·申込·逆算 |
| 時期 | 初回確認 | Day0·計画調整 |
| 成果物 | 3行メモ | 12週逆算表 |
| 出口 | 本記事へ | study-planへ | 3点だけ確認して12週逆算を省略するのが典型ミスです。",,,,,試験日程はどこで確認しますか？,試験日程は、大阪商工会議所の試験のご紹介・受験要項PDFが正本です。公開試験ごとに試験日や申込期間が公表され、改定されることもあるため、申込の前には必ず最新の要項をダウンロードして、日程や申込期間を確認してください。,試験日が決まったら何をしますか？,試験日が確定したら、その日から12週間を逆算して学習計画を組み直します。study-plan記事の逆算表を残り期間に合わせて調整し、50問を通して解く演習日をあらかじめカレンダーに固定しておくと、直前に慌てずに済みます。,本記事とschedule記事はどう使い分けますか？,schedule記事は、試験日・受験料・持ち物という3点を1枚で概観する早見を扱います。本記事は、公開試験の日程・申込期間・12週間の逆算計画を詳しく扱うため、全体像をschedule記事でつかんでから、日程の詳細を本記事で確認すると分かりやすくなります。,,,schedule:日程·受験料·持ち物概要;application-deadline-checklist:申込締切前チェック;study-plan:勉強法,公開試験;要項正本;15都市;申込逆算;50問70点
exam-fees,受験・申込,"メンタルヘルスマネジメント検定II種の受験料は7,480円｜申込・決済・控え保存の手順","メンタルヘルス・マネジメント検定II種（ラインケア）の受験料は税込7,480円が目安です（年度・公開試験ごとに要項PDFが正本のため最新を要確認）。申込から決済、受験票・控えPDF保存までの手順を表で解説します。","II種（ラインケア）の受験料は税込7,480円が目安です。ただし金額は年度や公開試験ごとに見直されることがあり、要項PDFが正式な情報源になります。この記事では、要項での金額の確かめ方から、申込時の決済の進め方、支払い後の控えPDFの保存までを順に解説します。実際に申し込む前には、必ず最新の要項で受験料を確認してください。",15,受験資格;申込;公式情報,メンタルヘルス二種マスター編集部,資格学習サイトの編集チーム,公式情報確認担当,公開前に一次情報との照合を行う担当者,2026-06-13,試験のご紹介（公式）|https://www.mental-health.ne.jp/about/,手書きリライト 2026-06-06。自動prose差し替え 2026-06-04（要手書き）。受験・申込向けテンプレートから作成。公開前に本文・参照URL・関連リンクを差し替える。,本記事を読むと、受験料の要項確認と決済手順が分かり、たとえば「7/1要項で金額1行→7/5決済·控えPDF保存→締切前再確認」まで今日から再現でき、schedule記事との使い分けも表で把握できます。,要項PDFで受験料の金額·支払方法を1行メモする;申込開始1週以内に決済し控えPDFを保存する;登録料等の別項目と混同しないよう要項用語を整理する;application-deadline-checklist記事9点と照合する;会社精算の場合は経理の期限と要項締切を照合する,試験要項・公式ページ更新時に本文と参照元を見直す。,2026-06-13,2026-06-29,2026-06-13,published,2026-06-12: 編集合格（手書きリライト·具体例·v2）,受験料：要項PDFで確認する3項目,"II種（ラインケア）の受験料は税込7,480円が目安です。正本は大阪商工会議所の受験要項·申込案内で、申込前に要項で上書き確認してください。

受験料は、大阪商工会議所の受験要項・申込案内が正本です。金額は改定されることがあるため、記事内の数字はあくまで目安とし、申込の前に必ず最新の要項で上書き確認してください。要項の該当箇所を確認し、金額とあわせて支払い方法や期限も控えておきます。

| 項目 | 要項の見出し例 | メモの書き方 |
| --- | --- | --- |
| 金額 | 受験手数料 | 税込7,480円（目安・要項で確認） |
| 支払方法 | 決済方法 | クレジット等 |
| 再受験 | 再受験手数料 | 要項注記 |",決済手順：開始1週以内·控え保存,"申込期間と決済は同時進行です。締切当日の決済エラーを避けるため、開始1週以内の支払いが定番です。

申込期間と決済は同時に進めます。締切当日はアクセス集中や決済エラーが起きやすいため、申込開始から1週間以内の早めの支払いが安全です。決済後は支払い控え（メール・画面）を保存しておくと、後で申込状況を確認するときに役立ちます。

| 順番 | 作業 | 記録 |
| --- | --- | --- |
| 1 | 要項で金額確認 | 1行メモ |
| 2 | 申込サイト入力 | 氏名·所属 |
| 3 | 決済完了 | 完了メール |
| 4 | 控え保存 | PDF·スクショ |
| 5 | 精算 | 経理期限確認 |",受験料と登録料：混同防止表,"要項には受験手数料以外の費用項目も記載される場合があります。申込時に混同しないよう章を区別します。

受験要項には、受験手数料以外の費用項目が記載される場合があります。申込の際に費用の名目を取り違えないよう、それぞれの項目を区別して確認します。金額や項目は年度・試験回で変わることがあるため、古い情報ではなく最新の要項を基準にします。

| 用語 | タイミング | 確認先 |
| --- | --- | --- |
| 受験手数料 | 申込時 | 要項該当章 |
| 登録手数料 | 合格後等 | 別章·別案内 |
| テキスト代 | 購入時 | 協会発行案内 |
| 再受験料 | 再申込時 | 要項注記 |",学習予算：受験料以外の目安,"受験料以外にもテキスト·交通費等の支出があります。学習予算は要項金額を起点に組みます。

学習にかかる費用は、受験料だけでなく、公式テキストや問題集の代金、当日の交通費なども含めて見積もります。受験要項の金額を起点に、教材費や交通費を加えた学習予算を組んでおくと、途中で必要な教材をためらわずにそろえられます。

| 項目 | 確認タイミング | メモ |
| --- | --- | --- |
| 受験料 | 申込前 | 要項1行 |
| 公式テキスト | 学習開始前 | 版数 |
| 交通費 | 会場確定後 | exam-venue-and-region |
| 再受験 | 不合格時 | 要項注記 |",schedule記事との2列比較表,"日程3点概観と受験料詳細は2記事で分担します。schedule記事は試験日·受験料·持ち物の3点早見、本記事は要項での金額確認·決済·控え保存に特化します。

schedule記事は試験日・受験料・持ち物という3点を早見でまとめ、本記事は受験要項での金額確認・決済・控えの保存という受験料まわりの手順を詳しく扱います。まず全体像をschedule記事でつかみ、支払いの実務は本記事で完結させると分かりやすくなります。

| 論点 | schedule記事 | 本記事（受験料） |
| --- | --- | --- |
| 焦点 | 3点1行概観 | 金額·決済·控え |
| 時期 | 初回確認 | 申込開始〜7日 |
| 成果物 | 3行メモ | 控えPDF |
| 出口 | 本記事へ | 締切前チェックへ | 3点早見だけで決済を締切日に後回しにしないでください。",,,,,受験料はいくらですか？,受験料は公開試験ごとに、大阪商工会議所の受験要項で公表されます。金額は改定されることがあるため、過去の記事やSNSに載っている固定の数字をそのまま使わず、必ず申込時点の最新の要項PDFで確認してください。,いつ支払えばよいですか？,申込期間中の、開始から1週間以内の支払いがおすすめです。締切の当日はアクセスの集中や決済エラーが起きやすいため、余裕を持って早めに支払いを済ませ、支払い控え（確認メールや決済完了画面）を保存しておくと、後で申込状況を確認するときにも安心です。,本記事とschedule記事はどう使い分けますか？,schedule記事は、試験日・受験料・持ち物という3点を1枚で概観する早見を扱います。本記事は、受験要項での金額の確認・決済の手順・支払い控えの保存という、受験料まわりの実務を詳しく扱うため、全体像と支払いの手順を分けて押さえられます。,,,application-deadline-checklist:申込締切前チェック;exam-schedule:試験日程;schedule:日程·受験料·持ち物概要;exam-application-flow:申込の流れ,要項正本;固定金額禁止;再受験;checklist連携;50問70点
exam-application-flow,受験・申込,メンタルヘルスマネジメント検定II種の申込の流れ｜資格確認〜決済・受験票の6ステップ,メンタルヘルス・マネジメント検定II種（ラインケア）の申込手順を6ステップで解説。受験資格の確認から申込期間・受験料の決済、受験票の受け取り・控え保存まで、つまずきやすい点を表で整理します（日程・金額は要項PDFが正本）。,公開試験の申込は、流れを6つのステップに分けて進めると抜け漏れを防げます。資格の確認から始まり、要項のチェック、申込フォームの入力、会場の選択、決済、そして受験票の受け取りまでが一連の流れです。この記事では、それぞれの段階で何をすべきかと、記録しておくと安心なポイントを整理します。申込手順や案内は大阪商工会議所の受験要項で確認してください。,15,受験資格;申込;公式情報,メンタルヘルス二種マスター編集部,資格学習サイトの編集チーム,公式情報確認担当,公開前に一次情報との照合を行う担当者,2026-06-13,試験のご紹介（公式）|https://www.mental-health.ne.jp/about/,手書きリライト 2026-06-06。自動prose差し替え 2026-06-04（要手書き）。受験・申込向けテンプレートから作成。公開前に本文・参照URL・関連リンクを差し替える。,本記事を読むと、申込6ステップが分かり、たとえば「6/14資格→7/1申込·決済→7/20受験票→学習継続」まで今日から再現でき、締切前チェック記事との使い分けも表で把握できます。,exam-eligibility記事で該当1行メモ（Step1）;exam-schedule記事で申込期間をカレンダー登録（Step2）;7/1申込開始日にStep3-5を同日または5日以内に完遂;exam-fees記事どおり決済·控えPDF保存（Step5）;受験票到着後exam-venue-and-region記事で会場確認（Step6）,試験要項・公式ページ更新時に本文と参照元を見直す。,2026-06-13,2026-06-29,2026-06-13,published,2026-06-12: 編集合格（手書きリライト·具体例·v2）,申込6ステップ：全体像と記録例,"申込の正本は大阪商工会議所の受験要項·申込サイト·受験票です。下表は6ステップの整理です。

申込の正本は、大阪商工会議所の受験要項・申込サイト・受験票です。下表は資格確認から決済・受験票の受領までを6ステップに整理したものです。各ステップで何を確認し、何を記録しておくべきかを押さえておくと、申込のミスや締切の見落としを防げます。

| Step | 内容 | 記録例 | 関連記事 |
| --- | --- | --- | --- |
| 1 | 受験資格確認 | 該当1行 | exam-eligibility |
| 2 | 要項·日程 | 試験日·締切 | exam-schedule |
| 3 | 申込入力 | 氏名·所属 | eligibility |
| 4 | 会場選択 | 第1·第2希望 | exam-venue-and-region |
| 5 | 決済·控え | PDF保存 | exam-fees |
| 6 | 受験票 | 会場·時間 | exam-day-flow |",Step1-2：資格·要項（申込前）,"申込サイトを開く前に、資格と要項を終えます。

申込サイトを開く前に、まず受験資格の確認と受験要項の内容の把握を済ませておきます。要項で試験日・申込期間・受験料・会場などを確認してから申込に進むと、入力の途中で情報を探す手間がなく、スムーズに手続きを完了できます。

| Step | 日付例 | 作業 | 成果物 |
| --- | --- | --- | --- |
| 1 | 6/14（日） | 要項PDF資格章 | 該当1行 |
| 2 | 6/17（水） | 試験日·申込期間 | カレンダー |
| 準備 | 6/21（日） | 7点チェック | eligibility |",Step3-5：申込入力·会場·決済,"申込期間中に入力·会場·決済を5日以内に完遂するのが定番です。

申込期間中に、申込情報の入力、試験会場の選択、受験料の決済までを、数日以内にまとめて完了させるのが安全です。会場は先着や地域で埋まる場合があるため、希望が通るよう早めに手続きします。入力内容は送信前に必ず見直します。

| Step | 作業 | 注意 |
| --- | --- | --- |
| 3 | 氏名·所属入力 | 要項表記どおり |
| 4 | 会場第1·第2希望 | 定員·早め |
| 5 | 決済·控え保存 | 開始1週以内 |",Step6：受験票·申込後の学習継続,"受験票到着後、会場·集合時間を確定し、学習は継続します。

受験票が届いたら、試験会場・集合時間・持ち物を確定し、当日までの動線を確認します。受験票が届いた後も学習は継続し、直前期の対策（弱点補強・通し演習）につなげます。受験票は当日必要になるため、なくさないよう保管しておきます。

| タイミング | 作業 | 記事 |
| --- | --- | --- |
| 受験票到着 | 会場1行メモ | exam-venue-and-region |
| 1週後 | 50問通し | study-plan |
| 直前 | 当日流れ | exam-day-flow |",application-deadline-checklist記事との2列比較表,"申込6ステップ全体と締切前最終確認は2記事で分担します。本記事はStep1-6の流れ·各段階記録、締切前チェック記事は3日前9点·決済·控え最終確認に特化します。

本記事は、資格の確認から受験票の受領までの申込6ステップの全体像を扱います。application-deadline-checklist記事は、締切の3日前までに確認したい項目や、決済・控えの最終確認を扱うため、申込の流れ全体と締切直前の詰めを分けて押さえられます。

| 論点 | 本記事（申込の流れ） | 締切前チェック記事 |
| --- | --- | --- |
| 焦点 | 6ステップ全体 | 締切9点最終 |
| 時期 | 6/14〜7/20 | 7/15〜7/18 |
| 成果物 | Step完遂記録 | 控えPDF |
| 出口 | 締切前記事へ | 学習継続 |",,,,,申込みは何ステップですか？,基本は6つのステップです。①受験資格の確認、②受験要項の確認、③申込情報の入力、④会場の選択、⑤受験料の決済、⑥受験票の受領、という流れになります。各ステップで何を確認・記録するかを押さえておくと、申込のミスや締切の見落としを防げます。,申込はいつ完了させればよいですか？,申込情報の入力・会場の選択・決済までは、申込開始から1週間以内に済ませるのが安全です。そのうえで、締切の3日前までに、申込内容や受験料の支払い状況などを最終確認しておくと、締切直前のトラブルを防げます。,本記事と締切前チェック記事の違いは？,本記事は、申込開始から受験票の受領までの6ステップの全体像を扱います。application-deadline-checklist記事は、締切の3日前までに確認したい項目や、決済・控えの最終確認を扱うため、申込の流れ全体と締切直前の詰めを分けて押さえられます。,,,application-deadline-checklist:申込締切前チェック;eligibility:受験資格と申込前チェック;exam-fees:受験料,6ステップ;Web申込;50問70点;定員に注意;チェックリスト連携
application-deadline-checklist,受験・申込,メン管II種·申込締切前【最終9点·3日前·当日】,メンタルヘルス・マネジメント検定II種（ラインケア）の申込締切前チェック。受験資格·受験料·会場·写真9点を表に整理し、申込前チェック記事との2列比較で具体例解説します。,申込の不備は、締切直前のあわただしい時期に集中しがちです。受験資格や受験料、会場の選択、顔写真、受験票まわりなど、つまずきやすい項目はある程度決まっています。この記事では、締切前に押さえておきたいチェック項目を、締切3日前と当日に分けて整理しました。最終的な締切や提出物は大阪商工会議所の受験要項・申込案内で確認してください。,15,受験資格;申込;公式情報,メンタルヘルス二種マスター編集部,資格学習サイトの編集チーム,公式情報確認担当,公開前に一次情報との照合を行う担当者,2026-06-13,試験のご紹介（公式）|https://www.mental-health.ne.jp/about/,手書きリライト 2026-06-06。自動prose差し替え 2026-06-04（要手書き）。受験・申込向けテンプレートから作成。公開前に本文・参照URL・関連リンクを差し替える。,本記事を読むと、締切前最終9点が分かり、たとえば「7/15締切3日前9点完遂→7/18決済控えPDF保存→学習継続」まで今日から再現でき、申込前チェック記事との使い分けも表で把握できます。,eligibility記事どおり申込2週前7点を先に完遂する;締切3日前に本記事9点を紙1枚で最終確認する;受験料はexam-fees記事·要項PDFで金額を照合する;申込完了メール·控えPDFを試験日まで保存する;exam-schedule記事で試験日·会場をカレンダー登録する,試験要項・公式ページ更新時に本文と参照元を見直す。,2026-06-13,2026-06-29,2026-06-13,published,2026-06-12: 編集合格（手書きリライト·具体例·v2）,締切9点：3日前完遂リスト,"申込チェックの正本は大阪商工会議所の受験要項·申込案内です。下表は締切3日前に完遂する9点の整理です。

申込のチェック項目は、大阪商工会議所の受験要項・申込案内が正本です。締切の直前は手続きが集中してトラブルが起きやすいため、締切の3日前までに、受験資格・申込内容・受験料の支払い・会場などの項目を確認し、記録しておくと安心です。

| # | 項目 | 確認内容 | 記録 |
| --- | --- | --- | --- |
| 1 | 受験資格 | 該当確定 | eligibility済 |
| 2 | 試験種別 | II種ラインケア | 要項PDF |
| 3 | 申込期間 | 締切日時 | カレンダー |
| 4 | 受験料 | 要項金額 | exam-fees |
| 5 | 決済 | 方法·控え | PDF保存 |
| 6 | 会場 | 希望地域 | 定員 |
| 7 | 氏名·所属 | 表記一致 | 要項例 |
| 8 | 写真等 | 申込案内 | 規格確認 |
| 9 | 受験票 | 発行予定 | メール確認 |",逆算タイムライン：2週前→3日前→締切日,"申込は2段階チェックで取りこぼしを防ぎます。

申込は、早めの確認と締切直前の最終確認という2段階に分けると、取りこぼしを防げます。申込開始の直後にひととおり手続きを進め、締切の数日前にもう一度、支払いの完了や入力内容を見直します。日程は要項で確認し、カレンダーに登録しておきます。

| 時期 | 日付例 | 記事·作業 |
| --- | --- | --- |
| 2週前 | 7/1（火） | eligibility7点 |
| 3日前 | 7/15（火） | 本記事9点 |
| 締切日 | 7/18（金） | 決済·控え保存 |
| 申込後 | 7/20（日） | 受験票·学習継続 |
| 試験日 | 要項記載 | exam-schedule |",受験料·決済：取りこぼし防止,"受験料は年度·試験回ごとに要項で公表されます。過去記事の固定金額は使わないでください。

受験料は年度・試験回ごとに受験要項で公表されるため、過去の記事や古い情報の固定額をそのまま使わないよう注意します。締切直前は決済トラブルが起きやすいので、金額を最新要項で確認したうえで、早めに支払いと控えの保存を済ませておきます。

| 項目 | よくある不備 | 対策 |
| --- | --- | --- |
| 金額 | 旧要項の数字 | 最新PDF |
| 決済 | 締切日エラー | 開始1週内支払 |
| 控え | 未保存 | PDF·メール保管 |
| 精算 | 会社負担期限 | 経理確認 |",申込後も学習継続：50問70点の逆算,"申込完了後も12週計画は継続します。申込で安心して演習を止めるのが典型ミスです。

申込が完了しても、学習は続きます。申込を終えたことで安心して演習を止めてしまうのは、よくある失敗です。本番までの計画は継続し、弱点の領域を中心に演習と復習を重ねて、100点満点中70点の合格ラインに向けて得点を積み上げていきます。

| 申込後 | 学習目標 | 記録 |
| --- | --- | --- |
| 1週目 | 弱点領域15問 | 正答率 |
| 2週目 | 50問60分 | 2分超 |
| 直前 | 50問通し40問 | 捨て問 |",eligibility記事との2列比較表,"申込2週前チェックと締切前最終確認は2記事で分担します。申込前チェック記事は2週前7点·該当1行·学習着手、本記事は締切3日前9点·決済·控え·受験票に特化します。

申込前チェックの記事は、申込開始の2週間ほど前に確認したい項目や、受験資格の確認・学習の着手を扱います。本記事は、締切の3日前までに済ませたい決済・控え・受験票などの最終確認を扱うため、申込の準備段階と締切直前を分けて押さえられます。

| 論点 | 申込前チェック記事 | 本記事（締切前） |
| --- | --- | --- |
| 焦点 | 7点·資格·会場 | 9点·決済·控え |
| 時期 | 申込2週前 | 締切3日前〜当日 |
| 成果物 | 7点完遂 | 控えPDF·受験票 |
| 出口 | 本記事へ | 学習継続 | 2週前を省略して締切日に慌てるパターンを避けられます。",,,,,申込はいつからできますか？,申込の開始日と締切日時は、公開試験ごとに受験要項PDFで公表されます。日程や会場は要項が正本となるため、最新の要項で確認し、開始日と締切日をカレンダーに登録しておくと、申込のタイミングを逃さずに済みます。,締切直前で確認すべき項目は？,締切の3日前までに、受験資格・試験区分・申込期間・受験料・決済の完了・会場・氏名・写真・受験票などの項目を確認します。締切の直前は手続きが集中してトラブルが起きやすいため、余裕を持って一つずつ確認し、記録しておくと安心です。,申込後は学習を止めてもよいですか？,いいえ。申込の完了は通過点にすぎません。50問・120分・100点満点中70点以上という本番に向けた対策は、申込後も継続します。申込を終えたことで安心して演習を止めてしまうのはよくある失敗なので、計画どおりに学習を進めます。,,,eligibility:受験資格と申込前チェック;exam-fees:受験料;exam-schedule:試験日程,公開試験要項;50問70点;管理監督者;定員に注意;締切逆算
exam-venue-and-region,受験・申込,メン管II種·受験地·会場【申込選択·受験票·動線】,メンタルヘルス・マネジメント検定II種（ラインケア）の受験地·会場。申込時選択·受験票照合·交通動線を表に整理し、試験日程記事との2列比較で具体例解説します。,受験する会場は、申込のときに希望地域を選び、最終的に受験票で確定します。会場の一覧や定員は公開試験ごとに変わるため、要項や申込案内が確かな情報源です。この記事では、申込時の地域選択から受験票での会場確認、当日の移動ルートのメモまで、会場まわりで迷わないための流れをまとめます。試験日や申込期間とあわせて、最新の要項で確認しておきましょう。,15,受験資格;申込;公式情報,メンタルヘルス二種マスター編集部,資格学習サイトの編集チーム,公式情報確認担当,公開前に一次情報との照合を行う担当者,2026-06-13,試験のご紹介（公式）|https://www.mental-health.ne.jp/about/;公開試験 受験要項（公式）|https://www.mental-health.ne.jp/guide/;公式テキスト（公式）|https://www.mental-health.ne.jp/text/,手書きリライト 2026-06-06。自動prose差し替え 2026-06-04（要手書き）。受験・申込向けテンプレートから作成。公開前に本文・参照URL・関連リンクを差し替える。,本記事を読むと、会場選択と受験票照合が分かり、たとえば「7/1第1·第2希望→7/20受験票→9/5動線メモ→exam-day-flowへ」まで今日から再現でき、試験日程記事との使い分けも表で把握できます。,要項·申込案内で会場一覧·定員を確認する;申込時に第1·第2希望地域を決めて選択する;受験票到着後に会場名·集合時間を1行メモする;試験1週前に交通動線·所要時間を確認する;exam-day-flow記事で当日タイムラインを確認する,試験要項・公式ページ更新時に本文と参照元を見直す。,2026-06-13,2026-06-29,2026-06-13,published,2026-06-12: 編集合格（手書きリライト·具体例·v2）,会場選択：申込時に確認する4項目,"会場情報の正本は大阪商工会議所の受験要項·申込案内·受験票です。下表は申込時の確認項目です。

会場の情報は、大阪商工会議所の受験要項・申込案内・受験票が正本です。申込の際に希望する地域や会場を選択し、後日届く受験票で会場名や集合時間が確定します。申込時の希望と実際の会場が異なる場合もあるため、受験票が届いたら必ず照合します。

| 項目 | 確認内容 | メモ例 |
| --- | --- | --- |
| 会場一覧 | 要項·申込サイト | 地域名 |
| 第1希望 | 申込時選択 | 東京等 |
| 第2希望 | 定員満了時 | 大阪等 |
| 定員 | 申込案内 | 早め申込 |",受験票到着：会場名·集合時間の照合,"申込後、受験票（または電子通知）で会場が確定します。申込時の希望と異なる場合もあるため必ず照合します。

申込後は、受験票（または電子通知）で試験会場が確定します。申込時の希望と実際の会場が異なる場合もあるため、会場名・集合時間を必ず照合します。会場が確定したら、住所やアクセスを控えておくと、当日の移動計画を立てやすくなります。

| 確認項目 | 照合先 | 記録 |
| --- | --- | --- |
| 会場名 | 受験票 | 1行メモ |
| 住所 | 受験票·地図 | リンク保存 |
| 集合時間 | 受験票·要項 | カレンダー |
| 試験種別 | II種ラインケア | 要項 |",交通動線：試験1週前のメモ,"会場確定後、試験1週前に交通·所要時間を確認します。当日の遅刻は50問120分に直結するため早めの下見が定番です。

会場が確定したら、試験の1週間前までに交通手段と所要時間を確認します。当日の遅刻は50問・120分の解答時間を直接削ることになるため、初めて行く会場の場合は下見や乗り換えの確認をしておくと安心です。余裕を持った到着を計画します。

| タイミング | 作業 | 記録 |
| --- | --- | --- |
| 受験票到着 | 会場住所確認 | 地図リンク |
| 2週前 | 経路·所要時間 | 余裕30分 |
| 1週前 | 前日宿·交通 | exam-day-items |
| 前日 | 最終経路確認 | exam-day-flow |",定員·変更：申込時の判断と問い合わせ,"会場定員は申込順·地域で満了する場合があります。第2希望の設計と早め申込が有効です。

会場の定員は、申込順や地域によって早めに埋まることがあります。第一希望が満了の場合に備えて第二希望を考えておく、申込開始後できるだけ早く手続きする、といった対策が有効です。会場や申込に関する不明点は、公式の問い合わせ先で確認します。

| 状況 | 判断 | 次のアクション |
| --- | --- | --- |
| 第1希望空き | 申込実行 | 7点·9点チェック |
| 第1満了 | 第2希望 | 要項·サイト確認 |
| 会場変更通知 | 受験票再確認 | 動線更新 |
| 不明点 | 協会問合せ | 要項記載先 |",exam-schedule記事との2列比較表,"試験日程·逆算と会場選択·動線は2記事で分担します。exam-schedule記事は試験日·申込期間·12週逆算、本記事は申込時会場選択·受験票·交通動線に特化します。

exam-schedule記事は、試験日・申込期間・12週間の逆算計画という日程まわりを扱います。本記事は、申込時の会場の選択・受験票での確定・当日の交通動線を扱うため、日程の把握と会場・アクセスの準備を分けて押さえておくと、当日に慌てずに済みます。

| 論点 | 試験日程記事 | 本記事（会場） |
| --- | --- | --- |
| 焦点 | 試験日·申込期間 | 会場·受験票 |
| 時期 | Day0·12週逆算 | 申込時〜前日 |
| 成果物 | 12週表 | 動線メモ1枚 |
| 出口 | 本記事へ | exam-day-flowへ |",,,,,受験地·会場はどこで確認しますか？,受験地や会場は、申込案内・受験要項PDFの会場一覧と、申込後に届く受験票が正本です。申込の際に希望の地域を選択し、受験票で会場名や集合時間が確定します。申込時の希望と実際の会場が異なる場合もあるため、受験票が届いたら必ず照合します。,第2希望は必要ですか？,会場は定員で埋まることがあるため、第二希望の地域を決めておくと安心です。受験要項や申込サイトで第一希望の空き状況を確認し、満了している場合は第二希望で申し込みます。希望の会場で受けたい場合は、申込開始後できるだけ早く手続きします。,本記事とexam-day-flow記事はどう使い分けますか？,本記事は、申込から受験票の受領、試験会場までの交通動線の確認を扱います。exam-day-flow記事は、試験当日の到着から受付・解答・退場までのタイムラインを扱うため、当日までの準備と当日の動きを分けて確認できます。,,,exam-schedule:試験日程;application-deadline-checklist:申込締切前チェック;exam-day-flow:当日の流れ,15都市;申込時選択;受験票正本;9:00到着;flow連携
reschedule-and-absence,受験・申込,メンタルヘルス・マネジメント検定II種の欠席・再受験の手続き,メンタルヘルスII種の欠席·再受験手続き。要項正本·38℃発熱·次回申込を表に整理。メンタルヘルス・マネジメント検定II種の受験料・メンタルヘルス・マネジメント検定II種の合格後の手続きと証明書との連携も解説。,メンタルヘルス・マネジメント検定II種（ラインケア）の欠席·再受験は、大阪商工会議所の公開試験 受験要項を確認してください。本記事では欠席·再受験の手続き表をまとめ、受験料·返金はメンタルヘルス・マネジメント検定II種の受験料·合格後手続はメンタルヘルス・マネジメント検定II種の合格後の手続きと役割分担します。公式情報は大阪商工会議所（https://www.mental-health.ne.jp/about/）の受験要項です。,15,受験資格;申込;公式情報,メンタルヘルス二種マスター編集部,資格学習サイトの編集チーム,公式情報確認担当,公開前に一次情報との照合を行う担当者,2026-06-06,試験のご紹介（公式）|https://www.mental-health.ne.jp/about/,手書きリライト 2026-06-06。自動prose差し替え 2026-06-04（要手書き）。受験・申込向けテンプレートから作成。公開前に本文・参照URL・関連リンクを差し替える。;retire_redirect:exam-schedule,本記事を読むと、たとえば試験前日38℃発熱時に欠席手続の確認先·次回再受験の申込タイミング·不合格後の7領域弱点復習の始め方が分かり、50問120分·70点合格に向けた再挑戦計画が立てられます。,要項の欠席·再受験·返金規定を申込前に確認する;38℃以上発熱時の判断基準を要項でメモする;次回公開試験の申込期間をカレンダー登録する;再受験は別申込·別受験料が必要と記録する;メンタルヘルス・マネジメント検定II種の受験料の記事で受験料·返金の詳細を確認する,試験要項・公式ページ更新時に本文と参照元を見直す。,2026-06-06,2026-06-29,2026-06-06,archived,2026-06-12: archived（guide retire p2·exam-scheduleへ統合）,欠席·再受験手続きの全体像（要項正本）,独学を始める前に、試験のご紹介（公式）で受験資格・試験日程・出題範囲（7領域）・合格基準をメモしてください。欠席・再受験の手続きの学習計画は、公式テキストの章立てと一致させると、過去問の分野ラベルとも対応づけやすくなります。 ブログやSNSの「最新情報」は、必ず大阪商工会議所のページと照合してから採用してください。申込期限や受験料は年度ごとに変わるため、カレンダーに締切を入れてから教材を開く習慣が有効です。,試験当日·前日の欠席判断表,試験直前は新しい参考書を増やさず、欠席・再受験の手続きで何度も迷った分野と頻出用語に絞ります。7領域のうち得点率が低い領域を1つ選び、用語10語＋演習20問程度をセットで見直すのが目安です。 前日は暗記の詰め込みより、睡眠と当日の持ち物・会場確認を優先してください。数値（面接指導の時間、ストレスチェックの対象人数など）は早見表タブで最終確認すると安心です。,不合格後の再受験手続き,合格率・合格点は試験のご紹介（公式）の統計・要項で確認します。数字だけで難易度を判断せず、自分の演習得点と弱点分野を合わせて見積もってください。 欠席・再受験の手続きの学習時間は、7領域のバランスと仕事の繁忙期を考慮して設定します。 演習10問を解き、解説で参照条文を公式テキストで開いて読み返してください。数値・日程・合格基準は年度で更新されるため、学習前と申込前には大阪商工会議所の最新案内を確認してください。,メンタルヘルス・マネジメント検定II種の受験料との役割分担（受験料·返金）,数値・日程・合格基準は年度で更新されるため、学習前と申込前には試験のご紹介（公式）の最新案内を確認してください。演習で欠席・再受験の手続きに関する設問を解いたら。正解理由と誤答肢の違いを短くメモし、用語解説・比較表・よくある誤答タブで似た論点を比較表で整理すると定着しやすくなります。 演習10問を解き、解説で参照条文を公式テキストで開いて読み返してください。数値・日程・合格基準は年度で更新されるため、学習前と申込前には大阪商工会議所の最新案内を確認してください。,再受験に向けた7領域弱点の立て直し,数値・日程・合格基準は年度で更新されるため、学習前と申込前には試験のご紹介（公式）の最新案内を確認してください。演習で欠席・再受験の手続きに関する設問を解いたら。正解理由と誤答肢の違いを短くメモし、用語解説・比較表・よくある誤答タブで似た論点を比較表で整理すると定着しやすくなります。 演習10問を解き、解説で参照条文を公式テキストで開いて読み返してください。数値・日程・合格基準は年度で更新されるため、学習前と申込前には大阪商工会議所の最新案内を確認してください。,,,,,体調不良で欠席する手続きは？,「体調不良で欠席する手続きは」はメンタルヘルス・マネジメント検定II種の公式テキスト該当章と試験のご紹介（公式）で確認するのが確実です。欠席・再受験の手続きでは、条文の要件（誰が・いつ・何を）を演習問題とセットで押さえてください。,不合格後の再受験はいつ申し込めますか？,「不合格後の再受験はいつ申し込めますか」はメンタルヘルス・マネジメント検定II種の公式テキスト該当章と試験のご紹介（公式）で確認するのが確実です。欠席・再受験の手続きでは、条文の要件（誰が・いつ・何を）を演習問題とセットで押さえてください。,欠席·再受験と受験料の確認はどう使い分けますか？,読了後は、欠席・再受験の手続きの関連する演習を5問以上解き、間違えた選択肢を用語解説で確認してから関連ガイドへ進んでください。1週間後の解き直し日をカレンダーに入れると定着しやすくなります。数値・主体・手順は大阪商工会議所の最新案内と照合してください。,,,exam-fees:受験料;after-pass-procedure:合格後の手続き;exam-schedule:試験日程,要項正本;欠席手続;再受験;38℃判断;メンタルヘルス・マネジメント検定II種の受験料連携
exam-format-overview,出題・形式,メン管II種·試験形式【50問·120分·70点·2.4分/問】,メンタルヘルス・マネジメント検定II種（ラインケア）の試験形式。50問·120分·70点·7領域·2.4分/問を表に整理し、120分通し演習と試験概要記事との2列比較で具体例解説します。,II種の本番は、四択一の50問を120分で解き、100点満点（1問2点）のうち70点以上で合格、出題は7領域から、という形式です。単純に割ると1問あたり約2.4分が目安になります。この記事では、こうした形式の数字を整理したうえで、120分の通し演習や「まず35問正解」という中間目標の立て方を解説します。当日の方式や持ち物は公開試験ごとの要項で確認してください。,19,出題範囲;試験形式,メンタルヘルス二種マスター編集部,資格学習サイトの編集チーム,公式情報確認担当,公開前に一次情報との照合を行う担当者,2026-06-13,試験のご紹介（公式）|https://www.mental-health.ne.jp/about/,手書きリライト 2026-06-06。自動prose差し替え 2026-06-04（要手書き）。出題・形式向けテンプレートから作成。公開前に本文・参照URL・関連リンクを差し替える。,本記事を読むと、50問120分·70点·2.4分/問の形式表が分かり、たとえば「6/21通し演習35問正解·見直し15分確保」まで今日から再現でき、試験概要記事との使い分けも表で把握できます。,試験のご紹介（公式）で50問·120分·70点·方式を1枚に転記する;120分·50問の中間目標（25問/30分·50問/60分）をノートに書く;50問120分通し演習1回で正答数·2分超問番号を記録する;70点未満ならpass-score記事で捨て問戦略を確認する;time-limit-strategy記事で段階的ペース練習へ進む,試験要項・公式ページ更新時に本文と参照元を見直す。,2026-06-13,2026-06-29,2026-06-13,published,2026-06-12: 編集合格（手書きリライト·具体例·v2）,50問·120分·70点：形式数値早見表,"試験形式の正本は大阪商工会議所が公表する試験のご紹介·受験要項です。下表は学習設計用の整理で、申込前に要項で上書き確認してください。 | 項目 | 目安（要項で再確認） | 演習への落とし込み |
| --- | --- | --- |
| 問題数 | 50問·四択一 | 通し演習で本番形式を再現 |
| 時間 | 120分（約2.4分/問·144秒） | 30分ごとに約12〜13問ペース |
| 合格基準 | 70点以上（100点満点·1問2点） | 正答35問以上を中間目標 |
| 出題範囲 | 7領域（公式テキスト第1〜7章） | 領域別正答率を記録 |
| 方式 | 要項記載（会場·持ち物含む） | 当日記事は直前1週で確認 | 例えば50問120分で正答35問以上を第1回通し演習の合格ラインにすると、弱点領域が数値で見えます。",120分·50問：中間目標と時間配分表,"120分を均等配分すると1問144秒（約2.4分）です。長文設問はさらに時間がかかりやすいので、中間チェックポイントで遅れを早期に検知します。

120分を50問で割ると、1問あたり約144秒（2.4分）が目安になります。長文の設問はさらに時間がかかりやすいため、途中の経過時間で解答数が計画に届いているかを確認します。たとえば60分で25問、90分で約38問を一つの中間目標にすると、遅れに早く気づけます。

| 経過 | 目標問数 | 累計時間 | 遅れの目安 |
| --- | --- | --- | --- |
| 30分 | 約13問 | 0:30 | 10問以下なら要調整 |
| 60分 | 25問 | 1:00 | 22問以下なら捨て問検討 |
| 90分 | 約38問 | 1:30 | 35問以下なら見直し15分確保 |
| 105分 | 約45問 | 1:45 | 未回答3問以内を目標 |
| 120分 | 50問＋見直し | 2:00 | 塗り直し·番号ズレ確認 |",通し演習：第1回計測の記録フォーマット,"形式理解は数値表の暗記だけでは足りず、120分制限の通し演習で初めて本番感がつかめます。

試験形式は、数値表を暗記するだけでは本番の感覚がつかめません。120分の制限時間で50問を通して解く演習を行うことで、初めて時間配分や集中力の持続を体感できます。1回ごとに正答数・かかった時間・見直しの有無などを記録しておくと、改善点が見えてきます。

| 記録項目 | 書き方の例 |
| --- | --- |
| 実施日 | 6/21（日） |
| 正答数 | 36/50（72％） |
| 時間超過 | 第18·42問 他6問 |
| 未回答 | 2問（番号メモ） |
| 領域別 | ③2/7·④3/8 など | メン管マスターの演習は120分タイマー付き通しが可能です。",形式の誤解：I種·衛生管理者との切り分け,"形式数値の混同は学習初期の典型ミスです。試験種別ごとに問題数·合格点·論述の有無が異なります。

試験形式の数値を他の区分や別の試験と取り違えると、学習初期の計画が狂ってしまいます。I種・II種・III種で問題数・合格基準・論述の有無が異なるため、自分が受けるII種の形式（50問・120分・100点満点中70点以上）を基準に対策を進めます。

| 試験 | 問題数·時間 | 合格基準 | 本記事との関係 |
| --- | --- | --- | --- |
| II種（ラインケア） | 50問·120分 | 70点以上 | 本記事の対象 |
| I種 | 選択100点＋論述50点（合計150点満点） | 合計105点以上（うち論述25点以上） | 別試験·別要項 |",overview記事との2列比較表,"試験全体像と形式の数値詳細は2記事で分担します。試験概要記事は5項目メモ·7領域目次·演習10問のDay0入口、本記事は50問120分·70点·通し演習計測に特化します。

overview記事は、試験の全体像や、学習を始める前に押さえたい要点、7領域の目次への入口を扱います。本記事は、50問・120分・70点といった形式の数値や、通し演習での計測を詳しく扱うため、全体像と形式の詳細を分けて押さえられます。

| 論点 | 試験概要記事 | 本記事（試験形式） |
| --- | --- | --- |
| 焦点 | 5項目·7領域·演習10問 | 50問120分·70点 |
| 時期 | 6/14 Day0 | 要項確認〜通し演習 |
| 成果物 | 要項メモ1枚 | 中間目標·時間配分表 |
| 出口 | 受験資格記事へ | 時間配分記事へ | 2記事を混同すると形式は分かっても通し演習回数が不足します。",,,,,50問120分の基本数値は何ですか？,受験要項では、四択・50問・120分・100点満点中70点以上・7領域が、II種（ラインケア）の基本形式です。1問あたり約144秒（2.4分）を目安に、60分で25問、90分で約38問といった中間チェックを設けると、時間配分の遅れに早く気づけます。,120分で時間が足りない場合はどうしますか？,まず、途中の経過時間で解答数が計画に届いているかを確認します。たとえば60分の時点で25問、90分の時点で約38問が一つの目安です。遅れている場合は、時間のかかる長文問題を後回しにして、確実に取れる問題から解いてペースを立て直します。,本記事と試験概要記事はどう使い分けますか？,試験概要の記事は、学習を始める前に押さえたい要点や、7領域への入口を扱います。本記事は、50問・120分といった形式の数値や、通し演習での計測を詳しく扱います。当日のマークシートなどの手順は受験要項が正本となるため、あわせて確認してください。,,,overview:試験概要;pass-score:合格点;time-limit-strategy:時間配分の戦略,50問120分;70点合格;7領域;形式表;関連ガイド
subject-breakdown,出題・形式,メン管II種·科目構成【7領域·50問·70点】,メンタルヘルス・マネジメント検定II種（ラインケア）の科目構成と配点。50問·7領域·1問2点·70点合格の学習配分を表に整理し、科目一覧記事との2列比較で具体例解説します。,II種は50問・120分・四択一・100点満点（70点以上で合格）という形式で、出題は7領域から構成されます。ただし領域ごとの正式な配点表は公表されておらず、章によって出題の比重にも偏りがあります。そこでこの記事では、演習データから各領域の出題傾向をつかみ、70点を取るための学習配分や弱点領域への時間のかけ方を設計する方法を解説します。範囲の詳細は試験案内・受験要項でも確認してください。,19,出題範囲;試験形式,メンタルヘルス二種マスター編集部,資格学習サイトの編集チーム,公式情報確認担当,公開前に一次情報との照合を行う担当者,2026-06-13,試験のご紹介（公式）|https://www.mental-health.ne.jp/about/,手書きリライト 2026-06-06。自動prose差し替え 2026-06-04（要手書き）。出題・形式向けテンプレートから作成。公開前に本文・参照URL・関連リンクを差し替える。,本記事を読むと、7領域の出題配分イメージが分かり、たとえば「6/14各領域10問→③4/10·④5/10→週3時間追加→70点35問の捨て問基準」まで今日から再現でき、科目一覧記事との使い分けも表で把握できます。,7領域各10問·計70問の正答数を1枚の表に記録する;55％未満の弱点領域を1つ特定し週3時間追加する;50問120分通しで35問以上を1回記録する;pass-score記事で70点·捨て問基準を再確認する;subjects記事で第1〜7章対応表と照合する,試験要項・公式ページ更新時に本文と参照元を見直す。,2026-06-13,2026-06-29,2026-06-13,published,2026-06-12: 編集合格（手書きリライト·具体例·v2）,科目構成：50問·7領域·1問2点の正本,"科目構成の正本は大阪商工会議所の試験のご紹介·受験要項です。領域別配点表は公表されないため、下表は学習設計用の整理です。

科目構成の正本は、大阪商工会議所の試験のご紹介・受験要項です。II種は7つの領域から50問が出題され、100点満点・1問2点が目安です。領域ごとの詳しい配点は公表されないため、下表は学習設計のための整理として、演習データで傾向を補いながら使います。

| 項目 | 数値 | 確認先 |
| --- | --- | --- |
| 問題数 | 50問 | 要項·exam-format-overview |
| 時間 | 120分 | 要項·time-limit-strategy |
| 配点 | 1問2点（100点満点） | 要項 |
| 合格点 | 70点以上 | pass-score |
| 領域数 | 7領域 | exam-scope-overview |",7領域出題数：章により偏るイメージ表,"50問÷7領域≒14問/領域が学習配分の目安です。年度·回次で偏りはあります。 | 領域 | 章 | 目安 | 演習10問 |
| --- | --- | --- | --- |
| ① | 第1章 | 約14問 | 8/10 |
| ② | 第2章 | 約14問 | 7/10 |
| ③ | 第3章 | 約14問 | 4/10 |
| ④ | 第4章 | 約14問 | 5/10 |
| ⑤ | 第5章 | 約14問 | 7/10 |
| ⑥ | 第6章 | 約14問 | 6/10 |
PLACEHOLDER_OVERLAP_NO_MATCH",70点得点戦略：弱点1領域の時間配分,"70点＝35問正解（1問2点）が合格ラインです。弱点1領域に週3時間追加が定番配分です。

70点の合格は、1問2点として35問の正解に相当します。全領域に均等に時間を配るより、正答率の低い弱点の1領域に学習時間を上乗せするほうが、得点効率は高くなります。弱点を1つずつ確実に底上げしていくことで、合格ラインに近づけます。

| 得点 | 正解数 | 戦略 |
| --- | --- | --- |
| 66点 | 33問 | 弱点2問追加 |
| 70点 | 35問 | 合格ライン |
| 76点 | 38問 | 余裕3問 |
| 捨て | 15問 | pass-score参照 |",頻出誤解：配点固定·1領域偏重·捨て領域,"科目構成でよくある誤解を表で整理します。

科目構成でよくある誤解には、領域ごとの配点が均等に固定されていると思い込む、特定の1領域だけに偏って対策する、特定の領域を丸ごと捨てる、といったものがあります。7領域はいずれも出題されるため、バランスを取りつつ弱点を補強するのが基本です。

| 誤解 | 正しい理解 |
| --- | --- |
| 領域別配点表がある | 1問2点·領域配点非公表 |
| 1領域20問固定 | 章により出題比重が偏る |
| 弱点領域は捨て | 70点なら1領域全捨て不可 |
| 均等学習が最適 | 弱点領域厚めが効率的 |",subjects記事との2列比較表,"科目構成配分と章対応の詳細は2記事で分担します。本記事は7領域配分イメージ·70点得点戦略·弱点時間配分、subjects記事は公式テキスト第1〜7章との1対1対応·領域別演習記録に特化します。 | 論点 | 科目構成（本記事） | 科目一覧記事 |
| --- | --- | --- |
| 焦点 | 7領域配分·70点 | 第1〜7章対応表 |
| 時期 | 配分設計·弱点特定 | 7章1周の記録 |
| 成果物 | 正答率表·時間配分 | 領域別10問記録 |
| 出口 | subjectsへ | study-planへ | PLACEHOLDER_NO_MATCH_SUBJECT_COMPARE",,,,,7領域の出題数は均等ですか？,いいえ、均等ではありません。領域ごとの正式な配点表は公表されておらず、章によって出題の比重に偏りがあります。50問が7つの領域に対応しますが、均等ではないため、演習で得た自分のデータをもとに、領域ごとの傾向を補いながら対策を進めるのが現実的です。,本記事と科目一覧記事の違いは？,本記事は、7領域の配分のイメージ・70点に向けた得点戦略・弱点への時間配分を扱います。科目一覧の記事は、公式テキストの第1〜7章と領域との1対1の対応や、領域別の演習記録を扱うため、得点戦略と章ごとの対応を分けて押さえられます。,66点から70点に上げるには何問必要ですか？,1問2点なので、66点は33問、70点は35問の正解に相当します。つまり、あと2問を上乗せできれば合格ラインに届きます。全体を広く見直すより、正答率の低い弱点の1領域から数問を確実に取れるように解き直すほうが、効率よく2問を積み増せます。,,,subjects:科目一覧·出題範囲;exam-scope-overview:出題範囲概要;pass-score:合格点,科目構成;配点;7領域;50問;均等イメージ
cbt-computer-exam,出題・形式,メンタルヘルス・マネジメント検定II種のCBT・マークシート対策,メンタルヘルスII種のCBT·マークシート対策。50問120分·塗り直し·時間配分を表に整理。メンタルヘルス・マネジメント検定II種の試験当日の流れ・メンタルヘルス・マネジメント検定II種の試験当日の持ち物連携も解説。,メンタルヘルス・マネジメント検定II種（ラインケア）のCBT·マークシート対策は、50問·120分·四択一·70点以上の本番形式に慣れるための試験運用の公式情報です。当日の到着〜退場はメンタルヘルス・マネジメント検定II種の試験当日の流れの記事、持ち物·身分証はメンタルヘルス・マネジメント検定II種の試験当日の持ち物と役割分担します。公式情報は大阪商工会議所（https://www.mental-health.ne.jp/about/）の受験要項です。,19,出題範囲;試験形式,メンタルヘルス二種マスター編集部,資格学習サイトの編集チーム,公式情報確認担当,公開前に一次情報との照合を行う担当者,2026-06-06,試験のご紹介（公式）|https://www.mental-health.ne.jp/about/,手書きリライト 2026-06-06。自動prose差し替え 2026-06-04（要手書き）。出題・形式向けテンプレートから作成。公開前に本文・参照URL・関連リンクを差し替える。;retire_redirect:exam-format-overview,本記事を読むと、たとえば模試50問60分·36点で時間不足に悩む場合、120分の時間配分表とマーク塗り·塗り直し手順·メンタルヘルス・マネジメント検定II種の試験当日の流れ・メンタルヘルス・マネジメント検定II種の試験当日の持ち物との使い分けが分かり、70点合格に向けて本番形式に慣れられます。,120分·50問の時間配分表（1問144秒）を暗記する;模試50問を120分制限で3回実施する;塗り直し手順を模試で3回練習する;メンタルヘルス・マネジメント検定II種の試験当日の流れの記事で9:00到着タイムラインを確認する;メンタルヘルス・マネジメント検定II種の試験当日の持ち物の記事で持ち物7点を前日確認する,試験要項・公式ページ更新時に本文と参照元を見直す。,2026-06-06,2026-06-29,2026-06-06,archived,2026-06-12: archived（guide retire·exam-format-overviewへ統合）,CBT·マークシート試験の全体像（50問120分·四択一）,数値・日程・合格基準は年度で更新されるため、学習前と申込前には試験のご紹介（公式）の最新案内を確認してください。演習でCBT・マークシート対策に関する設問を解いたら。正解理由と誤答肢の違いを短くメモし、用語解説・比較表・よくある誤答タブで似た論点を比較表で整理すると定着しやすくなります。 演習10問を解き、解説で参照条文を公式テキストで開いて読み返してください。数値・日程・合格基準は年度で更新されるため、学習前と申込前には大阪商工会議所の最新案内を確認してください。,マーク塗り·塗り直し手順表（消しゴム·二重塗り防止）,数値・日程・合格基準は年度で更新されるため、学習前と申込前には試験のご紹介（公式）の最新案内を確認してください。演習でCBT・マークシート対策に関する設問を解いたら。正解理由と誤答肢の違いを短くメモし、用語解説・比較表・よくある誤答タブで似た論点を比較表で整理すると定着しやすくなります。 表をノートに転記したら、演習10問で理解を確認し、誤答は公式テキスト該当章で読み直してください。数値・日程・合格基準は年度で更新されるため、学習前と申込前には大阪商工会議所の最新案内を確認してください。,120分·50問の時間配分表（1問144秒·見直し15分）,数値・日程・合格基準は年度で更新されるため、学習前と申込前には試験のご紹介（公式）の最新案内を確認してください。演習でCBT・マークシート対策に関する設問を解いたら。正解理由と誤答肢の違いを短くメモし、用語解説・比較表・よくある誤答タブで似た論点を比較表で整理すると定着しやすくなります。 表をノートに転記したら、演習10問で理解を確認し、誤答は公式テキスト該当章で読み直してください。数値・日程・合格基準は年度で更新されるため、学習前と申込前には大阪商工会議所の最新案内を確認してください。,CBT設問の頻出誤答表（時間切れ·塗りミス·見直し不足）,数値・日程・合格基準は年度で更新されるため、学習前と申込前には試験のご紹介（公式）の最新案内を確認してください。演習でCBT・マークシート対策に関する設問を解いたら。正解理由と誤答肢の違いを短くメモし、用語解説・比較表・よくある誤答タブで似た論点を比較表で整理すると定着しやすくなります。 表をノートに転記したら、演習10問で理解を確認し、誤答は公式テキスト該当章で読み直してください。数値・日程・合格基準は年度で更新されるため、学習前と申込前には大阪商工会議所の最新案内を確認してください。,関連ガイドとの使い分け,数値・日程・合格基準は年度で更新されるため、学習前と申込前には試験のご紹介（公式）の最新案内を確認してください。演習でCBT・マークシート対策に関する設問を解いたら。正解理由と誤答肢の違いを短くメモし、用語解説・比較表・よくある誤答タブで似た論点を比較表で整理すると定着しやすくなります。 関連記事は役割が重ならないよう、概要→形式→学習計画の順で読むと迷いにくくなります。数値・日程・合格基準は年度で更新されるため、学習前と申込前には大阪商工会議所の最新案内を確認してください。,,,,,マークシートの塗り直しは何回までできますか？,「マークシートの塗り直しは何回までできますか」はメンタルヘルス・マネジメント検定II種の公式テキスト該当章と試験のご紹介（公式）で確認するのが確実です。CBT・マークシート対策では、条文の要件（誰が・いつ・何を）を演習問題とセットで押さえてください。,50問120分で時間が足りない場合はどうしますか？,「50問120分で時間が足りない場合はどうしますか」はメンタルヘルス・マネジメント検定II種の公式テキスト該当章と試験のご紹介（公式）で確認するのが確実です。CBT・マークシート対策では、条文の要件（誰が・いつ・何を）を演習問題とセットで押さえてください。,本記事とメンタルヘルス・マネジメント検定II種の試験当日の流れはどう使い分けますか？,読了後は、CBT・マークシート対策の関連する演習を5問以上解き、間違えた選択肢を用語解説で確認してから関連ガイドへ進んでください。1週間後の解き直し日をカレンダーに入れると定着しやすくなります。数値・主体・手順は大阪商工会議所の最新案内と照合してください。,,,exam-day-flow:当日の流れ;exam-day-items:持ち物;pass-score:合格点;mock-exam-how-to:模試の活用法,CBT;マークシート;50問120分;塗り直し;70点
time-limit-strategy,出題・形式,メン管II種·時間配分【2.4分/問·144秒·段階練習】,メンタルヘルス・マネジメント検定II種（ラインケア）の時間配分戦略。50問120分·2.4分/問·144秒を段階的に身につける表を整理し、試験形式記事との2列比較で具体例解説します。,II種は50問を120分で解くため、1問あたりにかけられる時間は約2.4分（144秒）です。とはいえ、いきなり120分の通し演習からだとペース感はなかなか身につきません。そこで、まず13問を30分、次に25問を60分、最後に50問を120分と、少しずつ規模を広げながら時間感覚を養うのがおすすめです。この記事では、このペース配分の練習法と、時間が足りないときの削り方を紹介します。,19,出題範囲;試験形式,メンタルヘルス二種マスター編集部,資格学習サイトの編集チーム,公式情報確認担当,公開前に一次情報との照合を行う担当者,2026-06-13,試験のご紹介（公式）|https://www.mental-health.ne.jp/about/,手書きリライト 2026-06-06。自動prose差し替え 2026-06-04（要手書き）。出題・形式向けテンプレートから作成。公開前に本文・参照URL・関連リンクを差し替える。,本記事を読むと、2.4分/問の段階練習が分かり、たとえば「6/28 25問30分·2分超5問→7/5 50問60分·2.4分超8問→7/12通し38問」まで今日から再現でき、試験形式記事との使い分けも表で把握できます。,exam-format-overview記事で120分配分表を転記する;25問30分の段階演習を週2回·計3回実施する;各問の解答時間·2分超問番号を記録する;2分超15問以上なら弱点領域2問を捨て問候補にする;50問60分達成後に50問120分通し2回目へ進む,試験要項・公式ページ更新時に本文と参照元を見直す。,2026-06-13,2026-06-29,2026-06-13,published,2026-06-12: 編集合格（手書きリライト·具体例·v2）,2.4分/問（144秒）：ペースの基本数値,"時間配分の正本は大阪商工会議所の試験のご紹介·受験要項です。50問120分は均等配分で1問144秒が目安です。

時間配分の基準は、大阪商工会議所の試験のご紹介・受験要項に示された試験形式です。50問を120分で解くため、単純に割ると1問あたり約144秒（2.4分）が目安になります。この基準を意識して演習すると、本番でのペース配分を体で覚えられます。

| 指標 | 数値 | 演習での使い方 |
| --- | --- | --- |
| 1問あたり | 約144秒（2.4分） | ストップウォッチ計測 |
| 30分 | 約13問 | 第1段階の目標 |
| 60分 | 25問 | 第2段階の目標 |
| 90分 | 約38問 | 第3段階の目標 |
| 120分 | 50問＋見直し | 本番形式 |",段階練習3段：13問→25問→50問,"120分一発より、問題数を増やす段階練習の方がペース定着に効きます。

120分を一度に通す練習だけよりも、13問→25問→50問と問題数を段階的に増やす練習のほうが、1問あたりのペース感覚が定着しやすくなります。最初は短いセットで時間を計り、徐々に本番の50問に近づけていくと、時間切れを防ぐ配分が身につきます。

| 段階 | 形式 | 目標 | 記録 |
| --- | --- | --- | --- |
| 第1段 | 約13問30分 | 時間超過3問以内 | 問番号 |
| 第2段 | 25問60分 | 時間超過5問以内 | 領域別 |
| 第3段 | 約38問90分 | 時間超過8問以内 | 未回答数 |
| 本番 | 50問120分 | 35問以上 | 捨て問 |",時間超過の削り方：長文·弱点領域の扱い,"時間超過が多い場合、全部解こうとせず削る順番を決めます。

時間が足りなくなりがちな場合は、すべてを完璧に解こうとせず、時間をかける問題とそうでない問題の優先順位を決めます。長文で時間のかかる問題や、正答率の低い弱点領域の問題は、いったん後回しにして確実に取れる問題から解くと、取りこぼしを減らせます。

| 優先 | 対象 | 本番での判断 |
| --- | --- | --- |
| 先に解く | 短問·得意領域 | 144秒以内を目標 |
| 後回し | 長文·未習領域 | 180秒で切り上げ |
| 捨て候補 | 演習正答率40％未満 | 本番240秒上限 |
| 見直し | 塗り·番号ズレ | 最後15分確保 |",週次サイクル：計測·記録·解き直し,"時間配分は1回の通しだけでは改善点が定着しません。週次で記録→解き直しを回します。

時間配分は、一度通して解くだけでは改善点が定着しません。週ごとに解答時間を記録し、時間がかかった問題を解き直すサイクルを回します。どの分野で時間を使いすぎているかを可視化すると、削るべきポイントが明確になります。

| 曜日 | 作業 | 時間 |
| --- | --- | --- |
| 水 | 約13問30分 | 30分 |
| 土 | 時間超過問の解き直し | 20分 |
| 隔週土 | 25問60分 or 50問通し | 60〜120分 |
| 月1 | 要項·形式数値確認 | 10分 |",exam-format-overview記事との2列比較表,"形式数値表と段階的ペース練習は2記事で分担します。試験形式記事は120分配分表·通し演習計測、本記事は144秒ペース·25問→50問の段階練習·2分超の削り方に特化します。

exam-format-overview記事は120分の配分表や通し演習の計測という試験形式の全体像を扱い、本記事は1問144秒のペース感覚・25問から50問への段階練習・2分を超えたときの切り上げ方に特化します。形式の理解と実際のペース練習を組み合わせると効果的です。

| 論点 | 試験形式記事 | 本記事（時間配分） |
| --- | --- | --- |
| 焦点 | 120分·中間目標表 | 2.4分/問·段階3段 |
| 時期 | 第1回通し計測 | 第2周以降のペース改善 |
| 成果物 | 60分50問表 | 2分超問リスト |
| 出口 | 本記事へ | pass-scoreへ | 形式表だけでは144秒の体感が身につきません。",,,,,1問あたり何秒で解けばよいですか？,50問を120分で解くため、単純に割ると1問あたり約144秒（2.4分）が目安です。長文の問題はさらに時間がかかりやすいので、短い問題を素早く解いて、全体の平均を144秒以内に収める設計にすると、時間切れを防ぎやすくなります。,50問120分で時間が足りない場合は？,まず、途中の経過時間で解答数が計画に届いているかを確認します。たとえば60分の時点で25問、90分の時点で約38問が一つの目安です。遅れている場合は、時間のかかる問題を後回しにして、確実に取れる問題から解いてペースを立て直します。,いつから120分通し演習を始めますか？,7つの章を一巡したあと、学習の中盤（8週目ごろ)に最初の120分通し演習を行うのが目安です。その前に、25問を30分、50問を60分といった短めのセットで、1問144秒のペース感覚を作っておくと、通し演習にスムーズに移れます。,,,exam-format-overview:試験形式の概要;pass-score:合格点;study-plan:勉強法,時間配分戦略;50問120分;2.4分/問;70点;7領域
exam-scope-overview,出題・形式,メンタルヘルスマネジメント検定II種の出題範囲｜7領域の一覧と公式テキスト対応,メンタルヘルス・マネジメント検定II種（ラインケア）の出題範囲を7領域の一覧で解説。50問・70点の試験形式に対応する公式テキストの章立てと学習範囲の全体像を整理します。,何から手をつければいいか迷わないために、まずは出題範囲の全体像をつかんでおきましょう。II種は50問・120分・70点以上・7領域という形式で、学ぶべき内容はこの7領域に対応しています。この記事では、7領域の一覧と、範囲を一枚にまとめておく方法を紹介し、学習のスタート地点を整理します。範囲は大阪商工会議所発行の公式テキストが基準で、改訂版もあるため公開試験ごとに要項で確認してください。,19,出題範囲;試験形式,メンタルヘルス二種マスター編集部,資格学習サイトの編集チーム,公式情報確認担当,公開前に一次情報との照合を行う担当者,2026-06-13,試験のご紹介（公式）|https://www.mental-health.ne.jp/about/,手書きリライト 2026-06-06。自動prose差し替え 2026-06-04（要手書き）。出題・形式向けテンプレートから作成。公開前に本文・参照URL・関連リンクを差し替える。,本記事を読むと、7領域の出題範囲全体像が分かり、たとえば「6/14範囲メモ1枚→6/21各領域10問の弱点特定」まで今日から再現でき、科目一覧記事との使い分けも表で把握できます。,試験のご紹介（公式）で7領域·50問·70点を1枚にメモする;要項PDFで受験資格·出題範囲·合格基準を5点確認する;7領域一覧を紙1枚に転記し目次横に貼る;科目一覧記事で第1〜7章対応表を作成する;syllabus-how-to-read記事で要項の読み方を確認する,試験要項・公式ページ更新時に本文と参照元を見直す。,2026-06-13,2026-06-29,2026-06-13,published,2026-06-12: 編集合格（手書きリライト·具体例·v2）,7領域出題範囲：一覧と正本の確認先,"出題範囲の正本は大阪商工会議所が公表する試験のご紹介·受験要項と公式テキストです。下表は学習設計用の整理で、申込前に要項で上書き確認してください。

出題範囲の正本は、大阪商工会議所が公表する試験のご紹介・受験要項と、公式テキストです。II種は7つの領域から出題されます。範囲は改定されることがあるため、下表は学習設計の目安とし、申込の前に必ず要項と公式テキストの目次で確認してください。

| 領域 | 主な論点の例 | 確認先 |
| --- | --- | --- |
| ① | 基礎·役割·4つのケア | 公式テキスト第1章 |
| ② | 事業場内ケア·ラインケア | 公式テキスト第2章 |
| ③ | 職場環境·ストレスチェック | 公式テキスト第3章 |
| ④ | 個別配慮·合理的配慮 | 公式テキスト第4章 |
| ⑤ | 病気休業·療養 | 公式テキスト第5章 |
| ⑥ | 復帰可否·支援プラン | 公式テキスト第6章 |
| ⑦ | 復職後フォローアップ | 公式テキスト第7章 |",範囲メモ1枚：Day0で押さえる5項目,"独学開始前に、要項と公式テキスト目次から次の5項目を1枚にまとめます。

学習を始める前に、受験要項と公式テキストの目次から、試験日・出題範囲・7領域の構成・合格基準・受験料といった要点を1枚にまとめておくと、学習の全体像がつかめます。最初に範囲の地図を作っておくことで、どこを重点的に学ぶかの判断がしやすくなります。

| 項目 | メモ例 | 確認先 |
| --- | --- | --- |
| 試験形式 | 50問·120分·四択一 | 試験のご紹介（公式） |
| 合格基準 | 70点以上 | 受験要項 |
| 出題範囲 | 7領域·公式テキスト | テキスト目次 |
| 受験資格 | 管理監督者等 | 要項該当章 |
| 改訂 | 最新版テキスト年度 | 要項·協会サイト |",7領域の学習入口：第1周の進め方,"7領域は独立した暗記科目ではなく、同じ職場場面を別角度から問う構成です。第1周は全体像把握を優先します。

7つの領域は、それぞれが独立した暗記科目というより、同じ職場の場面を別の角度から問う構成になっています。最初の一巡では細部の暗記にこだわらず、全体像をつかむことを優先すると、領域どうしのつながりが見えて理解が深まります。

| 段階 | 目安 | 内容 |
| --- | --- | --- |
| Day0 | 60分 | 7領域一覧·5項目メモ |
| 1週目 | 30分×3 | 領域①②③を各10問 |
| 2週目 | 30分×3 | 領域④⑤⑥⑦を各10問 |
| 3週目 | 120分 | 50問通し1回（計測） |",要項·テキスト改訂：範囲変更の確認習慣,"出題範囲はテキスト改訂·制度変更で表記や論点が更新される場合があります。非公式まとめより要項·協会サイトを正本にします。

出題範囲は、公式テキストの改訂や制度の変更にともなって、表記や論点が更新されることがあります。非公式のまとめではなく、受験要項や公式サイトを正本として、学習中も定期的に更新を確認しておくと、古い情報のまま学習を続ける事態を防げます。

| タイミング | 確認内容 |
| --- | --- |
| 学習開始前 | 要項PDF·最新テキスト版 |
| 申込前 | 受験資格·試験日·方式 |
| 月1回 | 協会サイトのお知らせ |
| 通し演習前 | 7領域名·章立ての差分 |",subjects記事との2列比較表,"出題範囲の全体像と章対応の詳細は2記事で分担します。本記事は7領域一覧·範囲メモ·学習入口、科目一覧記事は公式テキスト第1〜7章との1対1対応·領域別演習記録に特化します。

本記事は、7領域の出題範囲の一覧・範囲メモの作り方・学習の入口を扱います。科目一覧の記事は、公式テキストの第1〜7章と領域との対応や、領域別の演習記録を扱うため、範囲の全体像と章ごとの対応を分けて押さえられます。

| 論点 | 本記事（出題範囲概要） | 科目一覧記事 |
| --- | --- | --- |
| 焦点 | 7領域一覧·全体像 | 第1〜7章対応表 |
| 時期 | Day0〜第1周前 | 7章1周の記録管理 |
| 成果物 | 範囲メモ1枚 | 領域別正答率表 |
| 出口 | 科目一覧記事へ | study-planへ | 2記事を混同すると範囲は分かっても章ごとの弱点が見えません。",,,,,7領域の出題範囲はどこで確認できますか？,出題範囲の正本は、大阪商工会議所の試験のご紹介・受験要項と、公式テキストの目次です。本記事の7領域の一覧を範囲メモとして1枚に転記しておくと便利です。第1〜7章との対応は科目一覧の記事で、50問・120分といった形式はexam-format-overview記事で確認できます。,本記事と科目一覧記事はどう使い分けますか？,本記事は、7領域の全体像・範囲メモの作り方・学習の入口を扱います。科目一覧の記事は、公式テキストの章と領域との対応や、領域別の正答率の記録を扱います。要項の読み方はsyllabus-how-to-read記事、得点戦略はpass-score記事で確認すると、学習全体を設計できます。,テキスト改訂で範囲が変わった場合は？,出題範囲の変更については、受験要項PDFと公式サイトのお知らせが正本です。テキストの改訂で表記や論点が更新されることがあるため、非公式のまとめや古い版のテキストの目次を学習方針の出発点にはせず、必ず最新の公式情報で確認するようにします。,,,subjects:科目一覧·出題範囲;syllabus-how-to-read:要項·シラバスの読み方;overview:試験概要,7領域;出題範囲;公式テキスト;50問70点;章立て
syllabus-how-to-read,出題・形式,メン管II種·要項の読み方【5点抜き出し·PDF手順】,メンタルヘルス・マネジメント検定II種（ラインケア）の要項·シラバス読み方。受験資格·50問·70点·7領域をPDFから5点抜き出し、出題範囲概要記事との2列比較で具体例解説します。,独学の第一歩は、要項PDFから押さえるべき要点を抜き出すことから始まります。具体的には、受験資格、50問・120分という形式、70点以上という合格基準、7領域、そして申込締切の5点です。この記事では、要項PDFの開き方から、この5点をメモにまとめて見落としを防ぐ手順までを丁寧に解説します。要項は大阪商工会議所の公式案内が大もとなので、そちらを開きながら進めてください。,19,出題範囲;試験形式,メンタルヘルス二種マスター編集部,資格学習サイトの編集チーム,公式情報確認担当,公開前に一次情報との照合を行う担当者,2026-06-13,試験のご紹介（公式）|https://www.mental-health.ne.jp/about/,手書きリライト 2026-06-06。自動prose差し替え 2026-06-04（要手書き）。出題・形式向けテンプレートから作成。公開前に本文・参照URL・関連リンクを差し替える。,本記事を読むと、要項PDFから5点を抜き出す手順が分かり、たとえば「6/14要項5点メモ·受験資格1行確認·7領域一覧へ」まで今日から再現でき、出題範囲概要記事との使い分けも表で把握できます。,試験のご紹介（公式）から最新要項PDFをダウンロードする;要項PDFで受験資格·形式·範囲·合格基準·締切を5点メモする;メモとexam-scope-overview記事の7領域一覧を照合する;受験資格が不明ならexam-eligibility記事で表確認する;申込前にofficial-info-sources記事のURL一覧で再確認する,試験要項・公式ページ更新時に本文と参照元を見直す。,2026-06-13,2026-06-29,2026-06-13,published,2026-06-12: 編集合格（手書きリライト·具体例·v2）,要項PDF：正本の開き方と5点抜き出し,"要項の正本は大阪商工会議所の試験のご紹介ページからダウンロードできる受験要項PDFです。非公式まとめ·旧版PDFは参考のみにしてください。

受験要項の正本は、大阪商工会議所の試験のご紹介ページからダウンロードできる受験要項PDFです。試験日・申込期間・受験料・出題範囲・合格基準といった要点を抜き出して控えておきます。古い版のPDFや非公式のまとめは参考にとどめ、最新版を基準にします。

| 抜き出し項目 | 要項の見出し例 | メモ例 |
| --- | --- | --- |
| 受験資格 | 受験資格 | 管理監督者·選任要件 |
| 試験形式 | 試験方法 | 50問·120分·四択一 |
| 出題範囲 | 出題範囲 | 7領域·公式テキスト |
| 合格基準 | 合格基準 | 70点以上 |
| 申込締切 | 申込期間 | 次回公開試験の日付 |",要項の読む順番：15分で終える手順,"初回は全部読まず、学習設計に必要な章だけ順番に当てます。

要項は、最初から全部を通読する必要はありません。まずは学習計画に必要な章、たとえば試験日・申込期間・出題範囲・合格基準などから順に確認していくと、短時間で要点を押さえられます。必要な項目を抜き出してメモにまとめておくと、後で見返しやすくなります。

| 順番 | 章 | 所要 | 成果物 |
| --- | --- | --- | --- |
| 1 | 受験資格 | 5分 | 自分が該当するか1行 |
| 2 | 試験方法·合格基準 | 3分 | 50問120分70点 |
| 3 | 出題範囲 | 3分 | 7領域·テキスト版 |
| 4 | 申込期間·試験日 | 2分 | 締切·試験日 |
| 5 | 受験料·持ち物 | 2分 | 申込前チェック用 |",シラバス·公式テキスト：範囲の照合,"要項の出題範囲と公式テキスト目次はセットで照合します。表記ゆれがある場合は要項·テキスト正本を優先します。

受験要項の出題範囲と、公式テキストの目次はセットで照合します。表記にゆれがある場合は、要項と公式テキストを正本として優先します。範囲と教材の対応を確認しておくことで、どの章がどの領域に当たるかが明確になり、学習の抜けを防げます。

| 照合項目 | 要項 | テキスト |
| --- | --- | --- |
| 領域数 | 7領域 | 第1〜7章 |
| 改訂版 | 年度·版数 | 目次·奥付 |
| 除外論点 | 要項注記 | 該当章 |
| 演習対応 | 領域名 | 章タイトル |",要項更新の確認習慣：月1回·申込前,"要項は公開試験ごとに改訂されるため、学習中も協会サイトで更新を確認します。

受験要項は、公開試験ごとに改訂されることがあります。学習の途中でも内容が古くならないよう、月に1回ほど、また申込の前には必ず、公式サイトで要項の更新を確認しておきます。変更点を早めに把握することで、古い情報のまま準備を進める事態を防げます。

| タイミング | 確認内容 | 記録 |
| --- | --- | --- |
| 学習開始前 | 最新PDFダウンロード | 5点メモ |
| 月1回 | お知らせ·改訂 | 差分1行 |
| 申込前 | 資格·締切·試験日 | カレンダー |
| 直前1週 | 持ち物·会場 | 当日記事へ |",exam-scope-overview記事との2列比較表,"要項の読み方と出題範囲の全体像は2記事で分担します。本記事は要項PDF·5点抜き出し·照合手順、出題範囲概要記事は7領域一覧·範囲メモ·学習入口に特化します。

本記事は、受験要項PDFの開き方・必要な情報の抜き出し・照合の手順を扱います。exam-scope-overview記事は、7領域の出題範囲の一覧や範囲メモの作り方、学習の入口を扱うため、要項の読み方と範囲の全体像を分けて押さえられます。

| 論点 | 本記事（要項読み方） | 出題範囲概要記事 |
| --- | --- | --- |
| 焦点 | PDF5点·読む順番 | 7領域一覧·全体像 |
| 時期 | Day0（15分） | Day0〜第1周前 |
| 成果物 | 要項メモ1枚 | 範囲メモ1枚 |
| 出口 | 出題範囲概要へ | 科目一覧へ | 要項を読まず範囲だけ覚えると受験資格·締切の見落としが起きます。",,,,,要項PDFのどこから読み始めればよいですか？,まず受験資格や受験区分の記載から確認するのがおすすめです。受ける区分を取り違えたまま学習を進めると時間の無駄になりやすいため、最初に該当する区分を押さえます。そのうえで、試験日・申込期間・出題範囲・合格基準といった要点を順に抜き出していきます。,要項と公式テキストで表記が違う場合は？,受験要項PDFと、公式テキストの目次・奥付を正本として優先します。表記にゆれがある場合も、非公式のまとめやSNSの解説ではなく、公式の要項とテキストを基準に判断します。一次情報を優先することで、古い情報や誤った解説に振り回されずに済みます。,本記事だけで申込まで完了しますか？,いいえ。本記事は受験要項の読み方や必要な情報の抜き出しに絞っています。実際の申込手続きや持ち物、当日の流れについては、それぞれ専用の記事で扱っています。要項で全体像をつかんだうえで、手続きや当日の準備は各記事で確認すると分かりやすくなります。,,,exam-scope-overview:出題範囲の概要;official-info-sources:公式情報の確認先;exam-eligibility:受験資格;exam-changes:制度変更点;legal-revision-impact:法改正の影響,要項;シラバス;受験資格;7領域;50問70点
scope-revision-history,出題・形式,メンタルヘルス・マネジメント検定II種の出題範囲の改定履歴,メンタルヘルスII種の出題範囲改定履歴公式情報。第5/6版·制度変更を表に整理。メンタルヘルス・マネジメント検定II種の試験制度の変更点・メンタルヘルス・マネジメント検定II種の教材の版·年度更新連携も解説。,メンタルヘルス・マネジメント検定II種（ラインケア）の出題範囲の改定履歴は、50問·7領域の出題範囲が公式テキスト第5版·第6版·受験要項の改定でどう変わったかを時系列で把握する正本です。制度変更の差分確認はメンタルヘルス・マネジメント検定II種の試験制度の変更点の記事、版·年度のチェックリストはメンタルヘルス・マネジメント検定II種の教材の版·年度更新と役割分担します。公式情報は大阪商工会議所（https://www.mental-health.ne.jp/about/）の試験のご紹介です。,19,出題範囲;試験形式,メンタルヘルス二種マスター編集部,資格学習サイトの編集チーム,公式情報確認担当,公開前に一次情報との照合を行う担当者,2026-06-06,試験のご紹介（公式）|https://www.mental-health.ne.jp/about/,手書きリライト 2026-06-06。自動prose差し替え 2026-06-04（要手書き）。出題・形式向けテンプレートから作成。公開前に本文・参照URL・関連リンクを差し替える。;retire_redirect:syllabus-how-to-read,本記事を読むと、たとえば旧版記載2問誤答の場合に、第5/6版の改定履歴表とメンタルヘルス・マネジメント検定II種の試験制度の変更点・メンタルヘルス・マネジメント検定II種の教材の版·年度更新との使い分けが分かり、50問70点の学習を最新版に合わせられます。,試験のご紹介（公式）で最新要項·テキスト版を確認する;第5版·第6版の改定履歴表を1枚にまとめる;q/演習10問で旧版記載の誤答を記録する;メンタルヘルス・マネジメント検定II種の試験制度の変更点の記事で制度変更·要項差分を確認する;改定箇所20問追加で正答率70％以上を目指す,試験要項・公式ページ更新時に本文と参照元を見直す。,2026-06-06,2026-06-29,2026-06-06,archived,2026-06-12: archived（guide retire·syllabus-how-to-readへ統合）,出題範囲改定履歴の全体像（第5/6版·7領域·50問）,数値・日程・合格基準は年度で更新されるため、学習前と申込前には試験のご紹介（公式）の最新案内を確認してください。演習で出題範囲の改定履歴に関する設問を解いたら。正解理由と誤答肢の違いを短くメモし、用語解説・比較表・よくある誤答タブで似た論点を比較表で整理すると定着しやすくなります。 演習10問を解き、解説で参照条文を公式テキストで開いて読み返してください。数値・日程・合格基準は年度で更新されるため、学習前と申込前には大阪商工会議所の最新案内を確認してください。,公式テキスト第5版·第6版の改定履歴表,独学を始める前に、試験のご紹介（公式）で受験資格・試験日程・出題範囲（7領域）・合格基準をメモしてください。出題範囲の改定履歴の学習計画は、公式テキストの章立てと一致させると、過去問の分野ラベルとも対応づけやすくなります。 ブログやSNSの「最新情報」は、必ず大阪商工会議所のページと照合してから採用してください。申込期限や受験料は年度ごとに変わるため、カレンダーに締切を入れてから教材を開く習慣が有効です。,受験要項·制度変更の改定履歴表,独学を始める前に、試験のご紹介（公式）で受験資格・試験日程・出題範囲（7領域）・合格基準をメモしてください。出題範囲の改定履歴の学習計画は、公式テキストの章立てと一致させると、過去問の分野ラベルとも対応づけやすくなります。 ブログやSNSの「最新情報」は、必ず大阪商工会議所のページと照合してから採用してください。申込期限や受験料は年度ごとに変わるため、カレンダーに締切を入れてから教材を開く習慣が有効です。,改定履歴と過去問·演習の対応表,出題範囲の改定履歴の理解度は、関連する演習問題で確認するのが効率的です。1問解くごとに「根拠はテキストのどの章か」をメモすると、復習時に該当ページへすぐ戻れます。 同じ問題を時間を空けて解き直し、言い換え選択肢でも正解できるかまで確認してください。二回連続正解でも、条件を1語変えた肢で誤答する場合は、用語の定義がまだ曖昧なサインです。「改定履歴と過去問·演習の対応表」では。出題範囲の改定履歴について公式テキストの該当章を開き、条文の主体・期限・数値を演習問題とセットで押さえて定着を確認します。数値・日程は試験のご紹介（公式）の最新要項で必ず照合してください。,関連ガイドとの使い分け,数値・日程・合格基準は年度で更新されるため、学習前と申込前には試験のご紹介（公式）の最新案内を確認してください。演習で出題範囲の改定履歴に関する設問を解いたら。正解理由と誤答肢の違いを短くメモし、用語解説・比較表・よくある誤答タブで似た論点を比較表で整理すると定着しやすくなります。 関連記事は役割が重ならないよう、概要→形式→学習計画の順で読むと迷いにくくなります。数値・日程・合格基準は年度で更新されるため、学習前と申込前には大阪商工会議所の最新案内を確認してください。,,,,,第5版テキストのままで受験できますか？,「第5版テキストのままで受験できますか」はメンタルヘルス・マネジメント検定II種の公式テキスト該当章と試験のご紹介（公式）で確認するのが確実です。出題範囲の改定履歴では、条文の要件（誰が・いつ・何を）を演習問題とセットで押さえてください。,本記事とメンタルヘルス・マネジメント検定II種の試験制度の変更点はどう使い分けますか？,「本記事とメンタルヘルス・マネジメント検定II種の試験制度の変更点はどう使い分けますか」はメンタルヘルス・マネジメント検定II種の公式テキスト該当章と試験のご紹介（公式）で確認するのが確実です。出題範囲の改定履歴では、条文の要件（誰が・いつ・何を）を演習問題とセットで押さえてください。,旧版記載の演習誤答はどう扱いますか？,読了後は、出題範囲の改定履歴の関連する演習を5問以上解き、間違えた選択肢を用語解説で確認してから関連ガイドへ進んでください。1週間後の解き直し日をカレンダーに入れると定着しやすくなります。数値・主体・手順は大阪商工会議所の最新案内と照合してください。,,,exam-changes:制度変更;material-update-cycle:版·年度更新;syllabus-update-tracker:シラバス更新;subjects:出題範囲,改定履歴;第5/6版;出題範囲;7領域;50問70点
weight-by-topic,出題・形式,メンタルヘルス・マネジメント検定II種の分野別配点と優先順位,メンタルヘルスII種の分野別配点·優先順位公式情報。7領域·弱点集中を表に整理。メンタルヘルス・マネジメント検定II種の科目構成と配点・メンタルヘルス・マネジメント検定II種の科目一覧·出題範囲・メンタルヘルス・マネジメント検定II種の分野別過去問の解き方連携も解説。,メンタルヘルス・マネジメント検定II種（ラインケア）の分野別配点と優先順位は、50問·120分·70点以上·7領域の試験形式で演習正答率·領域タグから弱点1〜2領域に週20問を集中し、5〜10問の得点改善を狙う学習優先順位の公式情報です。7領域均等イメージ·50問配分はメンタルヘルス・マネジメント検定II種の科目構成と配点の記事、7章·7領域対応はメンタルヘルス・マネジメント検定II種の科目一覧·出題範囲と役割分担します。公式情報は大阪商工会議所（https://www.mental-health.ne.jp/about/）の試験のご紹介です。,19,出題範囲;試験形式,メンタルヘルス二種マスター編集部,資格学習サイトの編集チーム,公式情報確認担当,公開前に一次情報との照合を行う担当者,2026-06-06,試験のご紹介（公式）|https://www.mental-health.ne.jp/about/,手書きリライト 2026-06-06。自動prose差し替え 2026-06-04（要手書き）。出題・形式向けテンプレートから作成。公開前に本文・参照URL・関連リンクを差し替える。;retire_redirect:subject-breakdown,本記事を読むと、たとえば演習20問·領域③52％·領域⑤58％の場合に、7領域の優先順位表とメンタルヘルス・マネジメント検定II種の科目構成と配点・メンタルヘルス・マネジメント検定II種の科目一覧·出題範囲・メンタルヘルス・マネジメント検定II種の分野別過去問の解き方との使い分けが分かり、70点に必要な弱点集中が決まります。,演習20問·7領域別正答率表を1枚にまとめる;正答率55％未満の弱点1領域に週20問を追加する;メンタルヘルス・マネジメント検定II種の科目構成と配点の記事で7領域均等イメージ表を確認する;メンタルヘルス・マネジメント検定II種の科目一覧·出題範囲の記事で弱点領域の該当章を確認する;メンタルヘルス・マネジメント検定II種の分野別過去問の解き方の記事で分野別演習20問を開始する,試験要項・公式ページ更新時に本文と参照元を見直す。,2026-06-06,2026-06-29,2026-06-06,archived,2026-06-12: archived（guide retire p2·subject-breakdownへ統合）,分野別配点·優先順位の全体像（7領域·弱点·50問）,数値・日程・合格基準は年度で更新されるため、学習前と申込前には試験のご紹介（公式）の最新案内を確認してください。演習で分野別配点と優先順位に関する設問を解いたら。正解理由と誤答肢の違いを短くメモし、用語解説・比較表・よくある誤答タブで似た論点を比較表で整理すると定着しやすくなります。 演習10問を解き、解説で参照条文を公式テキストで開いて読み返してください。数値・日程・合格基準は年度で更新されるため、学習前と申込前には大阪商工会議所の最新案内を確認してください。,7領域別優先順位判定表（正答率·章未読·実務直結）,数値・日程・合格基準は年度で更新されるため、学習前と申込前には試験のご紹介（公式）の最新案内を確認してください。演習で分野別配点と優先順位に関する設問を解いたら。正解理由と誤答肢の違いを短くメモし、用語解説・比較表・よくある誤答タブで似た論点を比較表で整理すると定着しやすくなります。 表をノートに転記したら、演習10問で理解を確認し、誤答は公式テキスト該当章で読み直してください。数値・日程・合格基準は年度で更新されるため、学習前と申込前には大阪商工会議所の最新案内を確認してください。,弱点集中の週次配分表（20問/週·2週·5問改善）,数値・日程・合格基準は年度で更新されるため、学習前と申込前には試験のご紹介（公式）の最新案内を確認してください。演習で分野別配点と優先順位に関する設問を解いたら。正解理由と誤答肢の違いを短くメモし、用語解説・比較表・よくある誤答タブで似た論点を比較表で整理すると定着しやすくなります。 表をノートに転記したら、演習10問で理解を確認し、誤答は公式テキスト該当章で読み直してください。数値・日程・合格基準は年度で更新されるため、学習前と申込前には大阪商工会議所の最新案内を確認してください。,分野別配点の頻出誤答表（1領域捨て·均等学習·配点固定）,数値・日程・合格基準は年度で更新されるため、学習前と申込前には試験のご紹介（公式）の最新案内を確認してください。演習で分野別配点と優先順位に関する設問を解いたら。正解理由と誤答肢の違いを短くメモし、用語解説・比較表・よくある誤答タブで似た論点を比較表で整理すると定着しやすくなります。 表をノートに転記したら、演習10問で理解を確認し、誤答は公式テキスト該当章で読み直してください。数値・日程・合格基準は年度で更新されるため、学習前と申込前には大阪商工会議所の最新案内を確認してください。,関連ガイドとの使い分け,数値・日程・合格基準は年度で更新されるため、学習前と申込前には試験のご紹介（公式）の最新案内を確認してください。演習で分野別配点と優先順位に関する設問を解いたら。正解理由と誤答肢の違いを短くメモし、用語解説・比較表・よくある誤答タブで似た論点を比較表で整理すると定着しやすくなります。 関連記事は役割が重ならないよう、概要→形式→学習計画の順で読むと迷いにくくなります。数値・日程・合格基準は年度で更新されるため、学習前と申込前には大阪商工会議所の最新案内を確認してください。,,,,,7領域のうちどの分野から優先すればよいですか？,「7領域のうちどの分野から優先すればよいですか」はメンタルヘルス・マネジメント検定II種の公式テキスト該当章と試験のご紹介（公式）で確認するのが確実です。分野別配点と優先順位では、条文の要件（誰が・いつ・何を）を演習問題とセットで押さえてください。,本記事とメンタルヘルス・マネジメント検定II種の科目構成と配点はどう使い分けますか？,「本記事とメンタルヘルス・マネジメント検定II種の科目構成と配点はどう使い分けますか」はメンタルヘルス・マネジメント検定II種の公式テキスト該当章と試験のご紹介（公式）で確認するのが確実です。分野別配点と優先順位では、条文の要件（誰が・いつ・何を）を演習問題とセットで押さえてください。,メンタルヘルス・マネジメント検定II種の分野別過去問の解き方は優先順位学習にどう使いますか？,過去問・演習問題は出題傾向把握と弱点発見に有効です。解きっぱなしにせず、用語解説へ戻る解き直しをセットにします。数値・主体・手順は大阪商工会議所の最新案内と照合してください。 分野別配点と優先順位の論点は演習と試験のご紹介（公式）の要項で確認してください。,,,subject-breakdown:科目構成;subjects:出題範囲;past-questions-by-field:分野別過去問;pass-score:合格点,分野別配点;優先順位;7領域;弱点集中;50問70点
new-topics-trend,出題・形式,メンタルヘルス・マネジメント検定II種の近年の出題トレンド,メンタルヘルスII種の近年出題トレンド公式情報。健康経営·在宅·ハラスメントを表に整理。メンタルヘルス・マネジメント検定II種の公式情報の更新確認習慣連携も解説。,メンタルヘルス・マネジメント検定II種（ラインケア）の近年の出題トレンドは、50問·7領域で健康経営·テレワーク·在宅勤務·ハラスメント防止·相談体制など現場課題が四択で頻出する論点の公式情報です。公式情報の更新確認習慣はメンタルヘルス・マネジメント検定II種の公式情報の更新確認習慣の記事、健康保持増進計画の詳細はメンタルヘルス・マネジメント検定II種の健康保持増進計画·健康経営と役割分担します。公式情報は大阪商工会議所（https://www.mental-health.ne.jp/about/）の試験のご紹介です。,19,出題範囲;試験形式,メンタルヘルス二種マスター編集部,資格学習サイトの編集チーム,公式情報確認担当,公開前に一次情報との照合を行う担当者,2026-06-06,試験のご紹介（公式）|https://www.mental-health.ne.jp/about/,手書きリライト 2026-06-06。自動prose差し替え 2026-06-04（要手書き）。出題・形式向けテンプレートから作成。公開前に本文・参照URL・関連リンクを差し替える。;retire_redirect:syllabus-how-to-read,本記事を読むと、たとえば演習10問·健康経営·在宅·ハラスメントで60％正解の場合に、近年トレンド表·領域別優先順位とメンタルヘルス・マネジメント検定II種の公式情報の更新確認習慣との使い分けが分かり、改定論点で得点できます。,近年出題トレンド表（健康経営·在宅·ハラスメント）を1枚にまとめる;演習10問·トレンド3テーマ分野を解き7領域タグで正答率を記録する;55％未満領域のトレンド論点10問を週次で解き直す;メンタルヘルス・マネジメント検定II種の公式情報の更新確認習慣の記事で公式更新チェック習慣を確認する;メンタルヘルス・マネジメント検定II種の健康保持増進計画·健康経営の記事でPDCA·役割分担表を確認する,試験要項・公式ページ更新時に本文と参照元を見直す。,2026-06-06,2026-06-29,2026-06-06,archived,2026-06-12: archived（guide retire·syllabus-how-to-readへ統合）,近年出題トレンドの全体像（健康経営·在宅·ハラスメント·7領域）,ハラスメント相談窓口は、相談者が安心して利用でき、秘密保持と迅速な対応が担保された体制として整備します。管理監督者は相談を受けた場合の初動（傾聴、記録、担当者への連携）を理解しておく必要があります。 試験では「相談を無視する」「加害者と相談者を同席で詳細を聞く」など、不適切な初動が誤答肢になりやすいです。関連法令・指針の章も合わせて確認してください。「近年出題トレンドの全体像（健康経営·在宅·ハラスメント·7領域）」では。近年の出題トレンドについて公式テキストの該当章を開き、条文の主体・期限・数値を演習問題とセットで押さえて定着を確認します。数値・日程は試験のご紹介（公式）の最新要項で必ず照合してください。,健康経営·健康保持増進の出題パターン表,試験直前は睡眠を削りすぎないことが得点維持に効きます。暗記の詰め込みより、誤答ノートの確認と持ち物・会場の準備を優先してください。 近年の出題トレンドで不安な領域は、用語10語だけピックアップして見直す程度に留めるとメンタル面も安定しやすいです。「健康経営·健康保持増進の出題パターン表」では。近年の出題トレンドについて公式テキストの該当章を開き、条文の主体・期限・数値を演習問題とセットで押さえて定着を確認します。数値・日程は試験のご紹介（公式）の最新要項で必ず照合してください。,在宅勤務·テレワークの職場環境論点表（領域③）,数値・日程・合格基準は年度で更新されるため、学習前と申込前には試験のご紹介（公式）の最新案内を確認してください。演習で近年の出題トレンドに関する設問を解いたら。正解理由と誤答肢の違いを短くメモし、用語解説・比較表・よくある誤答タブで似た論点を比較表で整理すると定着しやすくなります。 表をノートに転記したら、演習10問で理解を確認し、誤答は公式テキスト該当章で読み直してください。数値・日程・合格基準は年度で更新されるため、学習前と申込前には大阪商工会議所の最新案内を確認してください。,ハラスメント防止·相談体制の頻出論点表（領域⑤⑥）,ハラスメント相談窓口は、相談者が安心して利用でき、秘密保持と迅速な対応が担保された体制として整備します。管理監督者は相談を受けた場合の初動（傾聴、記録、担当者への連携）を理解しておく必要があります。 試験では「相談を無視する」「加害者と相談者を同席で詳細を聞く」など、不適切な初動が誤答肢になりやすいです。関連法令・指針の章も合わせて確認してください。「ハラスメント防止·相談体制の頻出論点表（領域⑤⑥）」では。近年の出題トレンドについて公式テキストの該当章を開き、条文の主体・期限・数値を演習問題とセットで押さえて定着を確認します。数値・日程は試験のご紹介（公式）の最新要項で必ず照合してください。,関連ガイドとの使い分け,数値・日程・合格基準は年度で更新されるため、学習前と申込前には試験のご紹介（公式）の最新案内を確認してください。演習で近年の出題トレンドに関する設問を解いたら。正解理由と誤答肢の違いを短くメモし、用語解説・比較表・よくある誤答タブで似た論点を比較表で整理すると定着しやすくなります。 関連記事は役割が重ならないよう、概要→形式→学習計画の順で読むと迷いにくくなります。数値・日程・合格基準は年度で更新されるため、学習前と申込前には大阪商工会議所の最新案内を確認してください。,,,,,近年の出題トレンドで優先すべき3テーマは何ですか？,「近年の出題トレンドで優先すべき3テーマは何ですか」はメンタルヘルス・マネジメント検定II種の公式テキスト該当章と試験のご紹介（公式）で確認するのが確実です。近年の出題トレンドでは、条文の要件（誰が・いつ・何を）を演習問題とセットで押さえてください。,本記事とメンタルヘルス・マネジメント検定II種の公式情報の更新確認習慣はどう使い分けますか？,「本記事とメンタルヘルス・マネジメント検定II種の公式情報の更新確認習慣はどう使い分けますか」はメンタルヘルス・マネジメント検定II種の公式テキスト該当章と試験のご紹介（公式）で確認するのが確実です。近年の出題トレンドでは、条文の要件（誰が・いつ・何を）を演習問題とセットで押さえてください。,メンタルヘルス・マネジメント検定II種の健康保持増進計画·健康経営は出題トレンド学習にどう使いますか？,読了後は、近年の出題トレンドの関連する演習を5問以上解き、間違えた選択肢を用語解説で確認してから関連ガイドへ進んでください。1週間後の解き直し日をカレンダーに入れると定着しやすくなります。数値・主体・手順は大阪商工会議所の最新案内と照合してください。,,,official-info-update-habits:公式更新;health-promotion-plan:健康経営;workplace-bullying:職場いじめ;pass-score:合格点,出題トレンド;健康経営;在宅勤務;ハラスメント;50問70点
scope-vs-past-questions,出題・形式,メンタルヘルス・マネジメント検定II種の出題範囲と過去問の対応,メンタルヘルスII種の出題範囲と過去問対応公式情報。7領域タグ·版改定を表に整理。メンタルヘルス・マネジメント検定II種の分野別過去問の解き方・メンタルヘルス・マネジメント検定II種の出題範囲の概要連携も解説。,メンタルヘルス・マネジメント検定II種（ラインケア）の出題範囲と過去問の対応は、50問·7領域の現行出題範囲と過去問·演習の7領域タグを1対1で対応づけ、版改定で変わった設問を除外·優先する学習の公式情報です。7領域一覧はメンタルヘルス・マネジメント検定II種の出題範囲の概要の記事、弱点分野演習はメンタルヘルス・マネジメント検定II種の分野別過去問の解き方と役割分担します。公式情報は大阪商工会議所（https://www.mental-health.ne.jp/about/）の試験のご紹介です。,19,出題範囲;試験形式,メンタルヘルス二種マスター編集部,資格学習サイトの編集チーム,公式情報確認担当,公開前に一次情報との照合を行う担当者,2026-06-06,試験のご紹介（公式）|https://www.mental-health.ne.jp/about/,手書きリライト 2026-06-06。自動prose差し替え 2026-06-04（要手書き）。出題・形式向けテンプレートから作成。公開前に本文・参照URL・関連リンクを差し替える。;retire_redirect:syllabus-how-to-read,本記事を読むと、たとえば50問·領域タグ不明5問の場合に、出題範囲と過去問の7領域対応表とメンタルヘルス・マネジメント検定II種の分野別過去問の解き方・メンタルヘルス・マネジメント検定II種の出題範囲の概要との使い分けが分かり、50問70点の演習優先順位が決まります。,公式テキスト目次と7領域表を1対1対応づける;q/演習50問·7領域タグ別正答率を記録する;旧版記載·改定箇所の設問をリスト化する;メンタルヘルス・マネジメント検定II種の分野別過去問の解き方の記事で弱点分野20問を開始する;メンタルヘルス・マネジメント検定II種の出題範囲の概要の記事で7領域一覧を確認する,試験要項・公式ページ更新時に本文と参照元を見直す。,2026-06-06,2026-06-29,2026-06-06,archived,2026-06-12: archived（guide retire p1·syllabus-how-to-readへ統合）,出題範囲と過去問の対応の全体像（7領域タグ·50問）,出題範囲と過去問の対応の理解度は、関連する演習問題で確認するのが効率的です。1問解くごとに「根拠はテキストのどの章か」をメモすると、復習時に該当ページへすぐ戻れます。 同じ問題を時間を空けて解き直し、言い換え選択肢でも正解できるかまで確認してください。二回連続正解でも、条件を1語変えた肢で誤答する場合は、用語の定義がまだ曖昧なサインです。「出題範囲と過去問の対応の全体像（7領域タグ·50問）」では。出題範囲と過去問の対応について公式テキストの該当章を開き、条文の主体・期限・数値を演習問題とセットで押さえて定着を確認します。数値・日程は試験のご紹介（公式）の最新要項で必ず照合してください。,7領域タグと公式テキスト章の対応表,独学を始める前に、試験のご紹介（公式）で受験資格・試験日程・出題範囲（7領域）・合格基準をメモしてください。出題範囲と過去問の対応の学習計画は、公式テキストの章立てと一致させると、過去問の分野ラベルとも対応づけやすくなります。 ブログやSNSの「最新情報」は、必ず大阪商工会議所のページと照合してから採用してください。申込期限や受験料は年度ごとに変わるため、カレンダーに締切を入れてから教材を開く習慣が有効です。,版改定で変わった過去問·演習の扱い表,出題範囲と過去問の対応の理解度は、関連する演習問題で確認するのが効率的です。1問解くごとに「根拠はテキストのどの章か」をメモすると、復習時に該当ページへすぐ戻れます。 同じ問題を時間を空けて解き直し、言い換え選択肢でも正解できるかまで確認してください。二回連続正解でも、条件を1語変えた肢で誤答する場合は、用語の定義がまだ曖昧なサインです。「版改定で変わった過去問·演習の扱い表」では。出題範囲と過去問の対応について公式テキストの該当章を開き、条文の主体・期限・数値を演習問題とセットで押さえて定着を確認します。数値・日程は試験のご紹介（公式）の最新要項で必ず照合してください。,過去問演習の7領域別正答率管理表,出題範囲と過去問の対応の理解度は、関連する演習問題で確認するのが効率的です。1問解くごとに「根拠はテキストのどの章か」をメモすると、復習時に該当ページへすぐ戻れます。 同じ問題を時間を空けて解き直し、言い換え選択肢でも正解できるかまで確認してください。二回連続正解でも、条件を1語変えた肢で誤答する場合は、用語の定義がまだ曖昧なサインです。「過去問演習の7領域別正答率管理表」では。出題範囲と過去問の対応について公式テキストの該当章を開き、条文の主体・期限・数値を演習問題とセットで押さえて定着を確認します。数値・日程は試験のご紹介（公式）の最新要項で必ず照合してください。,関連ガイドとの使い分け,数値・日程・合格基準は年度で更新されるため、学習前と申込前には試験のご紹介（公式）の最新案内を確認してください。演習で出題範囲と過去問の対応に関する設問を解いたら。正解理由と誤答肢の違いを短くメモし、用語解説・比較表・よくある誤答タブで似た論点を比較表で整理すると定着しやすくなります。 関連記事は役割が重ならないよう、概要→形式→学習計画の順で読むと迷いにくくなります。数値・日程・合格基準は年度で更新されるため、学習前と申込前には大阪商工会議所の最新案内を確認してください。,,,,,過去問の7領域タグはどう確認しますか？,「過去問の7領域タグはどう確認しますか」はメンタルヘルス・マネジメント検定II種の公式テキスト該当章と試験のご紹介（公式）で確認するのが確実です。出題範囲と過去問の対応では、条文の要件（誰が・いつ・何を）を演習問題とセットで押さえてください。,本記事とメンタルヘルス・マネジメント検定II種の出題範囲の概要はどう使い分けますか？,「本記事とメンタルヘルス・マネジメント検定II種の出題範囲の概要はどう使い分けますか」はメンタルヘルス・マネジメント検定II種の公式テキスト該当章と試験のご紹介（公式）で確認するのが確実です。出題範囲と過去問の対応では、条文の要件（誰が・いつ・何を）を演習問題とセットで押さえてください。,旧版記載の過去問は解きますか？,過去問・演習問題は出題傾向把握と弱点発見に有効です。解きっぱなしにせず、用語解説へ戻る解き直しをセットにします。数値・主体・手順は大阪商工会議所の最新案内と照合してください。 出題範囲と過去問の対応の論点は演習と試験のご紹介（公式）の要項で確認してください。,,,exam-scope-overview:出題範囲概要;past-questions-by-field:分野別過去問;pass-score:合格点,出題範囲;過去問対応;7領域タグ;版改定;50問70点
exam-difficulty,合格・難易度,メンタルヘルスマネジメント検定II種の難易度は？合格率の目安と70点合格のコツ,メンタルヘルス・マネジメント検定II種（ラインケア）の難易度を解説。合格率は回により50〜70%程度、合格基準は100点満点中70点以上。範囲・時間・得点の3軸と初学者の対策・誤解5パターンを整理します。,II種の難易度は、回によっておおむね50〜70%という合格率と、100点満点で70点以上という合格基準の二つから見えてきます。この記事では、50問・120分・7領域という形式を、範囲・時間・得点という3つの軸で整理し、漠然とした「難しそう」という印象を具体的にとらえ直します。あわせて「合格率が低いから受からない」「独学では無理」といったよくある誤解も一つずつ解きほぐします。最新の合格率は公式情報で確認してください。,20,合格率;難易度,メンタルヘルス二種マスター編集部,資格学習サイトの編集チーム,公式情報確認担当,公開前に一次情報との照合を行う担当者,2026-06-13,試験のご紹介（公式）|https://www.mental-health.ne.jp/about/,手書きリライト 2026-06-06。自動prose差し替え 2026-06-04（要手書き）。合格・難易度向けテンプレートから作成。公開前に本文・参照URL・関連リンクを差し替える。,本記事を読むと、難易度の3軸と初学者目安が分かり、たとえば「12週·週5時間·8週目35問——合格率は参考のみ」まで今日から再現でき、合格率記事との使い分けも表で把握できます。,50問·70点·7領域の3軸を紙1枚にメモする;study-plan記事の12週表を試験日から逆算する;8週目50問通しで正答数を記録し現在地を把握する;「独学不可」等の誤解を要項·演習数値で切り分ける;pass-rate記事で公表合格率を参考1行記録する,試験要項・公式ページ更新時に本文と参照元を見直す。,2026-06-13,2026-06-29,2026-06-13,published,2026-06-12: 編集合格（手書きリライト·具体例·v2）,難易度3軸：範囲·時間·得点,"難易度の正本は試験形式·合格基準·出題範囲で、すべて要項·公式テキストが根拠です。下表は初学者向けの整理です。

難易度は、出題範囲の広さ・解答にかかる時間・合格に必要な得点という3つの軸で考えると整理しやすくなります。いずれの軸も、受験要項や公式テキストが根拠になります。範囲は7領域と広い一方、合格基準は明確なので、計画的に対策すれば十分に対応できます。

| 軸 | 数値 | 初学者の壁 |
| --- | --- | --- |
| 範囲 | 7領域·第1〜7章 | 章1周のボリューム |
| 時間 | 50問·120分 | 2.4分/問のペース |
| 得点 | 70点以上（35問） | 捨て問設計 |",初学者12週目安：週5時間·通し3回,"初学者は12週·週5〜7時間·7章1周＋通し3回が現実的な目安です。

初学者の場合、12週・週5〜7時間で、7つの章を一巡したうえで50問の通し演習を3回ほど行うのが現実的な目安です。分からない範囲に時間をかけすぎず、まず全体を一周してから弱点を補強すると、70点合格に必要な得点力をバランスよく積み上げられます。

| 週 | 目安 | 正答目標 |
| --- | --- | --- |
| 1-7 | 1章1週 | 各10問70％ |
| 8 | 通し1回目 | 現在地把握 |
| 9-10 | 弱点領域 | 週3時間追加 |
| 11 | 通し2回目 | 35問以上 |
| 12 | 通し3回目 | 38問以上 |",難易度誤解5パターン：切り分け表,"SNS·体験談の誤解が学習を遅らせる典型パターンを表で切り分けます。

SNSや個人の体験談には、実際より難しく（あるいは易しく）感じさせる誤解が含まれがちで、学習の判断を狂わせることがあります。難易度に関する情報は、要項や公式テキストといった一次情報で確認し、体験談は参考程度にとどめると、対策の軸がぶれません。

| 誤解 | 実際 | 確認方法 |
| --- | --- | --- |
| 70点は高すぎ | 誤答15問許容 | pass-score記事 |
| 独学不可 | 12週計画で可 | study-plan記事 |
| 合格率=難易度 | 構成で変動 | pass-rate記事 |
| I種と同じ | 50問70点 | 要項PDF |
| 暗記だけ | 事例·主体 | 演習10問 |",I種·III種·衛生管理者：難易度比較,"試験種別の混同は難易度判断を狂わせる典型ミスです。

メンタルヘルス・マネジメント検定には、I種（マスター）・II種（ラインケア）・III種（セルフケア）の3つの区分があり、対象や出題内容、合格基準が異なります。区分を混同すると難易度の見積もりを誤るため、自分が受けるII種の形式を基準に対策を考えます。

| 試験 | 形式 | 合格基準 | 難易度の論点 |
| --- | --- | --- | --- |
| II種（ラインケア） | 50問·120分 | 70点 | 本記事の対象 |
| I種 | 選択問題＋論述 | 合計105点以上（うち論述25点以上） | 論述加算 |
| III種 | 別形式 | 別基準 | 別要項 |
| 衛生管理者 | 30問·180分 | 180点 | 別資格 |",pass-rate記事との2列比較表,"難易度の3軸と合格率·統計の見方は2記事で分担します。本記事は範囲·時間·得点の3軸·初学者12週·誤解切り分け、合格率記事は公表統計·演習正答数3回に特化します。

本記事は、範囲・時間・得点という3つの軸や、初学者の12週間の目安、難易度に関する誤解の切り分けを扱います。pass-rate記事は、公表されている合格率の統計や演習での正答数の見方を扱うため、体感的な難易度と客観的な数値を分けて把握できます。

| 論点 | 本記事（難易度） | 合格率記事 |
| --- | --- | --- |
| 焦点 | 3軸·初学者目安 | 統計·演習3回 |
| 時期 | 学習開始〜8週目 | 8〜12週目 |
| 成果物 | 3軸メモ1枚 | 正答数3行 |
| 出口 | study-planへ | pass-scoreへ | 難易度議論だけで演習を後回しにしないでください。",,,,,メン管II種は難しいですか？,50問・100点満点中70点・7領域という形式は、12週間・週5時間ほどで、7つの章を一巡し通し演習を3回ほど行えば、十分に対応できる範囲です。難しさの体感は実務経験や学習量によって変わりますが、計画的に対策すれば合格を目指せます。,独学でも合格できますか？,公式テキスト・演習・受験要項を拠り所に12週間ほどの計画を組めば、独学でも合格を目指せます。「独学では不可能」というのはよくある誤解で、実際には演習の回数が足りないことのほうが、不合格の原因になりやすい傾向があります。,初学者は何から始めるとよいですか？,まず受験要項で試験日・出題範囲・合格基準を確認し、公式テキストの第1〜7章と出題領域の対応をつかむところから始めます。全体像を把握したうえで、演習を少し解いて弱点の傾向を見てから、試験日を起点に学習計画を立てると迷いにくくなります。,回によって幅がありますが、おおむね50〜70%程度で推移しています。合格基準は100点満点中70点以上（50問中35問正解）です。合格率だけで難しいと判断せず、70点ラインに向けた領域別の得点設計が有効です（最新の合格率は大阪商工会議所の公式発表が正本）。,メン管II種の合格率はどのくらいですか？,pass-rate:合格率の読み方;pass-score:合格点;study-plan:勉強法;difficulty-for-beginners:初学者向け難易度;study-hours-myth:勉強時間の目安,70点合格;7領域;初学者;演習70点;混同防止
pass-score,合格・難易度,メンタルヘルスマネジメント検定II種の合格点は70点｜50問中35問正解の戦略,メンタルヘルス・マネジメント検定II種（ラインケア）の合格点は50問中35問正解（70点以上）。誤答は最大15問まで許容。120分で35問を確実に取る捨て問戦略と領域別の目標正答数を整理します。,II種の合格ラインは、50問中35問以上の正解（100点満点中70点以上）です。裏を返せば誤答は15問まで許されますが、120分という時間制約があるため、難問は思い切って捨て「確実に35問を取りにいく」発想が実戦では効いてきます。この記事では、70点ラインと安全圏の考え方、そして演習の得点から逆算して合格を狙う方法を解説します。試験形式の数字とあわせて確認しておきましょう。,20,合格率;難易度,メンタルヘルス二種マスター編集部,資格学習サイトの編集チーム,公式情報確認担当,公開前に一次情報との照合を行う担当者,2026-06-13,試験のご紹介（公式）|https://www.mental-health.ne.jp/about/,手書きリライト 2026-06-06。自動prose差し替え 2026-06-04（要手書き）。合格・難易度向けテンプレートから作成。公開前に本文・参照URL・関連リンクを差し替える。,本記事を読むと、70点合格の意味と捨て問戦略が分かり、たとえば「通し演習36問·弱点領域③4/15→捨て問2問で38問」まで今日から再現でき、試験形式記事との使い分けも表で把握できます。,試験のご紹介（公式）で70点以上の合格基準を1行でメモする;直近の50問通し演習の正答数·領域別正答率を記録する;正答率60％未満の領域を1つ特定し週3時間追加する;2分超15問以上ならtime-limit-strategy記事でペース練習へ;模試2回連続35問以上でpass-rate記事と照合する,試験要項・公式ページ更新時に本文と参照元を見直す。,2026-06-13,2026-06-29,2026-06-13,published,2026-06-12: 編集合格（手書きリライト·具体例·v2）,70点合格：基準と誤答許容の整理,"合格基準の正本は大阪商工会議所が公表する試験のご紹介·受験要項です。下表は学習設計用の整理で、申込前に要項で上書き確認してください。

合格基準の正本は、大阪商工会議所が公表する試験のご紹介・受験要項です。II種は100点満点中70点以上が合格の目安で、1問2点なら50問中35問の正解に相当します。数値は改定されることがあるため、申込の前に必ず要項で最新の基準を確認してください。

| 項目 | 目安（要項で再確認） | 演習への落とし込み |
| --- | --- | --- |
| 合格基準 | 70点以上（100点満点） | 通し演習で35問以上を目標 |
| 誤答許容 | 最大15問まで | 全部正解不要·捨て問を設計 |
| 問題形式 | 四択一·50問·120分 | 形式数値は試験形式記事参照 |
| 対象試験 | II種（ラインケア） | I種は合計105点以上（うち論述25点以上）と混同しない |
| 情報源 | 大阪商工会議所·公開試験要項 | 体験談より要項を正本に |",安全圏·合格圏·要改善：演習得点の3段階,"70点は合格の最低ラインです。本番の変動を見込み、演習では段階目標を分けると計画が立てやすくなります。

70点はあくまで合格の最低ラインです。本番では体調や問題の相性で得点が変動するため、演習では段階的な目標を設けると計画が立てやすくなります。合格ラインちょうどを狙うより、少し上の得点を安定して取れる状態を目指すほうが安心です。

| 区分 | 正答数の目安 | 次のアクション |
| --- | --- | --- |
| 要改善 | 32問以下（64％） | 弱点領域1つに週5時間追加 |
| 合格圏 | 35〜37問（70〜74％） | 捨て問·時間配分を調整 |
| 安全圏 | 38問以上（76％） | 誤答ノート解き直し·定着 |",捨て問戦略：120分で35問を確保する,"70点合格は「50問全部解く」より「35問を確実に取る」設計の方が現実的です。

70点の合格は、50問すべてを完璧に解くより、確実に取れる35問を押さえる設計のほうが現実的です。長文で時間のかかる問題や、正答率の低い弱点領域の問題は、いったん後回しにする判断も有効です。取れる問題を確実に取ることを優先します。

| 状況 | 捨て問の判断 | 記録例 |
| --- | --- | --- |
| 90分時点35問未満 | 長文·未学習領域を先に保留 | 保留5問番号 |
| 2分超が20問以上 | 次回から弱点領域を捨て候補 | ③④を各2問 |
| ケアレス3問以上 | 見直し15分を確保 | 塗り直し2回 |
| 模試2回連続35問以上 | 誤答ノート中心に切替 | 同系統10問 |",I種·衛生管理者との合格点混同防止,"合格点の数値混同は演習設計を狂わせる典型ミスです。試験種別ごとに満点·合格基準·論述の有無が異なります。

合格点の数値を他の試験と取り違えると、演習の設計が狂ってしまいます。メンタルヘルス・マネジメント検定はI種・II種・III種で満点や合格基準、論述の有無が異なります。自分が受けるII種の基準（100点満点中70点以上）を基準に対策を組み立てます。

| 試験 | 問題数 | 合格基準 | 本記事との関係 |
| --- | --- | --- | --- |
| II種（ラインケア） | 50問·120分 | 70点以上 | 本記事の対象 |
| I種 | 選択問題＋論述25点 | 合計105点以上（うち論述25点以上） | 別試験·別要項 |
| 衛生管理者 | 30問·180分 | 180点以上 | 別資格·混同注意 |",exam-format-overview記事との2列比較表,"形式の数値理解と合格点戦略は2記事で分担します。試験形式記事は50問120分·2.4分/問·通し演習計測、本記事は70点ライン·捨て問·安全圏設計に特化します。

exam-format-overview記事は、50問・120分・1問あたり約2.4分といった試験形式の数値や、通し演習での計測を扱います。本記事は、70点のライン・捨て問の考え方・安全圏の設計を扱うため、形式の理解と得点戦略を分けて押さえられます。

| 論点 | 試験形式記事 | 本記事（合格点） |
| --- | --- | --- |
| 焦点 | 50問120分·中間目標 | 70点·捨て問·安全圏 |
| 時期 | 第1回通し演習 | 得点記録後の第2周 |
| 成果物 | 120分配分表 | 領域別正答率·捨て問リスト |
| 出口 | 本記事へ | pass-rate·subjectsへ | 形式だけ分かっても70点戦略が無いと時間切れで不合格ラインに届きません。",,,,,II種の合格点は何点ですか？,受験要項では、100点満点中70点以上がII種（ラインケア）の合格基準です。1問2点なら50問中35問の正解に相当し、誤答は最大15問まで許容される計算になります。ただし120分で全問に均等な時間は割きにくいため、確実に取れる問題を優先する設計が現実的です。,演習で何問取れれば合格見込みですか？,通し演習で2回続けて35問以上取れれば合格圏、38問以上なら安全圏と考えるのが一つの目安です。公表されている合格率の数字だけで難易度を判断せず、自分の正答数の推移を記録し、pass-rate記事の統計の見方と合わせて確認すると、実力を把握しやすくなります。,捨て問は何問まで想定すればよいですか？,計算上は15問まで誤答が許容されますが、本番では長文の問題・未習の領域・ケアレスミスが重なりがちです。あらかじめ5〜10問ほどを「後回し候補」として想定し、確実に取れる問題から解く演習をしておくと、時間切れによる失点を防ぎやすくなります。,,,exam-format-overview:試験形式の概要;overview:試験概要;pass-rate:合格率の読み方,70点合格;35問正解;得点戦略;I種との違い;演習目標
pass-rate-how-to-read,合格・難易度,メンタルヘルス・マネジメント検定II種の合格率・統計の読み方,メンタルヘルスII種の合格率·統計の読み方。母数·年度比較·70点合格との関係を表に整理。メンタルヘルス・マネジメント検定II種の合格率と難易度の見方との役割分担も解説します。,メンタルヘルス・マネジメント検定II種（ラインケア）の合格率統計は、受験者数·合格者数·年度という母数をセットで読むのが原則です。本記事では統計の読み方を表にまとめ、難易度の総合判断はメンタルヘルス・マネジメント検定II種の合格率と難易度の見方·合格基準の詳細はメンタルヘルス・マネジメント検定II種の合格点と役割分担します。公式情報は大阪商工会議所の試験のご紹介です。,20,合格率;難易度,メンタルヘルス二種マスター編集部,資格学習サイトの編集チーム,公式情報確認担当,公開前に一次情報との照合を行う担当者,2026-06-06,試験のご紹介（公式）|https://www.mental-health.ne.jp/about/,手書きリライト 2026-06-06。自動prose差し替え 2026-06-04（要手書き）。合格・難易度向けテンプレートから作成。公開前に本文・参照URL・関連リンクを差し替える。;retire_redirect:study-plan,メンタルヘルス・マネジメント検定II種（ラインケア）の合格率統計は、受験者数·合格者数·年度という母数をセットで読むのが原則です。本記事では統計の読み方を表にまとめ、難易度の総合判断はメンタルヘルス・マネジメント検定II種の合格率と難易度の見方·合格基準の詳細はメンタルヘルス・マネジメント検定II種の合格点と役割分担します。公式情報は大阪商工会議所の試験のご紹介です。,公式統計から受験者数·合格者数·合格率の3点をメモする;年度·試験回ごとに表を更新する;合格率と自分の演習70点を並べて記録する;母数が小さい回は参考程度にとどめる;メンタルヘルス・マネジメント検定II種の合格率と難易度の見方の記事で難易度の総合見方を確認する,試験要項・公式ページ更新時に本文と参照元を見直す。,2026-06-06,2026-06-29,2026-06-06,archived,2026-06-12: archived（guide retire·study-planへ統合）,合格率統計の読み方の全体像,合格率・合格点は試験のご紹介（公式）の統計・要項で確認します。数字だけで難易度を判断せず、自分の演習得点と弱点分野を合わせて見積もってください。 合格率・統計の読み方の学習時間は、7領域のバランスと仕事の繁忙期を考慮して設定します。「合格率統計の読み方の全体像」では。合格率・統計の読み方について公式テキストの該当章を開き、条文の主体・期限・数値を演習問題とセットで押さえて定着を確認します。数値・日程は試験のご紹介（公式）の最新要項で必ず照合してください。,母数3点のメモ表の作り方,数値・日程・合格基準は年度で更新されるため、学習前と申込前には試験のご紹介（公式）の最新案内を確認してください。演習で合格率・統計の読み方に関する設問を解いたら。正解理由と誤答肢の違いを短くメモし、用語解説・比較表・よくある誤答タブで似た論点を比較表で整理すると定着しやすくなります。 表をノートに転記したら、演習10問で理解を確認し、誤答は公式テキスト該当章で読み直してください。数値・日程・合格基準は年度で更新されるため、学習前と申込前には大阪商工会議所の最新案内を確認してください。,年度比較で見落としやすいポイント,数値・日程・合格基準は年度で更新されるため、学習前と申込前には試験のご紹介（公式）の最新案内を確認してください。演習で合格率・統計の読み方に関する設問を解いたら。正解理由と誤答肢の違いを短くメモし、用語解説・比較表・よくある誤答タブで似た論点を比較表で整理すると定着しやすくなります。 演習10問を解き、解説で参照条文を公式テキストで開いて読み返してください。数値・日程・合格基準は年度で更新されるため、学習前と申込前には大阪商工会議所の最新案内を確認してください。,統計と演習70点の並べ方,合格率・統計の読み方の理解度は、関連する演習問題で確認するのが効率的です。1問解くごとに「根拠はテキストのどの章か」をメモすると、復習時に該当ページへすぐ戻れます。 同じ問題を時間を空けて解き直し、言い換え選択肢でも正解できるかまで確認してください。二回連続正解でも、条件を1語変えた肢で誤答する場合は、用語の定義がまだ曖昧なサインです。「統計と演習70点の並べ方」では。合格率・統計の読み方について公式テキストの該当章を開き、条文の主体・期限・数値を演習問題とセットで押さえて定着を確認します。数値・日程は試験のご紹介（公式）の最新要項で必ず照合してください。,関連ガイドとの使い分け,数値・日程・合格基準は年度で更新されるため、学習前と申込前には試験のご紹介（公式）の最新案内を確認してください。演習で合格率・統計の読み方に関する設問を解いたら。正解理由と誤答肢の違いを短くメモし、用語解説・比較表・よくある誤答タブで似た論点を比較表で整理すると定着しやすくなります。 関連記事は役割が重ならないよう、概要→形式→学習計画の順で読むと迷いにくくなります。数値・日程・合格基準は年度で更新されるため、学習前と申込前には大阪商工会議所の最新案内を確認してください。,,,,,合格率の母数は何を見ればよいですか？,「合格率の母数は何を見ればよいですか」はメンタルヘルス・マネジメント検定II種の公式テキスト該当章と試験のご紹介（公式）で確認するのが確実です。合格率・統計の読み方では、条文の要件（誰が・いつ・何を）を演習問題とセットで押さえてください。,合格率が上がったら勉強量を減らしてよいですか？,「合格率が上がったら勉強量を減らしてよいですか」はメンタルヘルス・マネジメント検定II種の公式テキスト該当章と試験のご紹介（公式）で確認するのが確実です。合格率・統計の読み方では、条文の要件（誰が・いつ・何を）を演習問題とセットで押さえてください。,本記事とメンタルヘルス・マネジメント検定II種の合格率と難易度の見方はどう使い分けますか？,読了後は、合格率・統計の読み方の関連する演習を5問以上解き、間違えた選択肢を用語解説で確認してから関連ガイドへ進んでください。1週間後の解き直し日をカレンダーに入れると定着しやすくなります。数値・主体・手順は大阪商工会議所の最新案内と照合してください。,,,pass-rate:合格率と難易度;pass-score:合格点;exam-difficulty:難易度;overview:試験概要,母数3点;年度比較;演習70点;メンタルヘルス・マネジメント検定II種の合格率と難易度の見方連携;要項正本
difficulty-for-beginners,合格・難易度,メンタルヘルス・マネジメント検定II種の初学者向け難易度の見方,メンタルヘルスII種の初学者向け難易度。50問120分·70点合格·7領域のボリュームを、演習得点から逆算する見方を具体例付きで解説します。,初めて受ける人にとって、II種の難しさは合格率の数字だけではなかなかつかめません。この記事では、自分の演習得点をもとに難易度を実感としてはかる方法を、表を使ってわかりやすく整理します。あわせて、合計105点以上（うち論述25点以上）が必要なI種との違いや、別物である衛生管理者試験との混同にも触れ、II種の立ち位置をはっきりさせます。,20,合格率;難易度,メンタルヘルス二種マスター編集部,資格学習サイトの編集チーム,公式情報確認担当,公開前に一次情報との照合を行う担当者,2026-06-06,試験のご紹介（公式）|https://www.mental-health.ne.jp/about/,手書きリライト 2026-06-06。自動prose差し替え 2026-06-04（要手書き）。合格・難易度向けテンプレートから作成。公開前に本文・参照URL・関連リンクを差し替える。;retire_redirect:study-plan,本記事を読むと、たとえば「最初の50問演習65％→週8時間計画」まで、初学者が試験の難しさを自分の数字で評価する方法が分かり、合格率に惑わされず現実的な学習時間を設定できます。,合格基準（100点中70点）を要項で確認する;初学者目安80時間前後をカレンダーに書き込む;7領域の演習正答率を記録し最低領域を特定する;メンタルヘルス・マネジメント検定II種の独学総合ガイドで学習順序を決める;2週間ごとに同じ演習セットを解き直し伸びを確認する,試験要項・公式ページ更新時に本文と参照元を見直す。,2026-06-06,2026-06-29,2026-06-06,published,2026-06-12: archived（guide retire·study-planへ統合）,50問·70点の合格基準,合格基準は100点満点中70点以上（50問中35問正解）です。誤答は最大15問まで許容されるため、満点を目指す必要はなく、「35問を確実に取る」設計で学習を組むと、初学者でも到達イメージが持ちやすくなります。120分という時間制約があるので、難問に時間をかけすぎず確実な問題から得点する姿勢も大切です。まずはこの70点の合格ラインを基準に、必要な学習量を逆算してください。,7領域のボリューム感,出題は7領域に分かれ、領域ごとに問題数の偏りがあります。全領域を均等に深掘りするより、配点（問題数）の大きい領域から押さえる方が効率的です。まず公式テキストの章立てで各領域の分量を把握し、学習計画に反映してください。分量の多い領域を先に固めると、早い段階で得点の土台ができ、後半は弱点領域に時間を回せます。領域ごとの正答率を記録しておくと配分の判断がしやすくなります。,初学者がつまずく論点,初学者がつまずきやすいのは、法制度の数値（人数要件・時間の上限など）と、意味の似た用語の区別です。暗記だけで進めると、四択で紛らわしい選択肢に引っかかりやすくなります。演習で誤答した選択肢について「なぜ誤りか」を一文でメモし、関連する用語解説で背景を確認してから解き直すと、紛らわしい論点が整理され、同じ誤りを繰り返しにくくなります。つまずいた論点はリスト化し、定期的に見直すと弱点が着実に減ります。,演習得点で難易度を測る,難易度は体感ではなく、演習の正答率で測ると客観的です。50問形式の通し演習を行い、70点の合格ラインとの差を7領域別に分解すれば、残りの学習量と弱点が具体的に見えます。「難しそう」という漠然とした不安は、数値に置き換えると対策可能な課題に変わります。通し演習は複数回行い、正答率の推移を記録して、伸びている領域と停滞している領域を見分けてください。目標は各領域で合格ラインを安定して超えることだと具体化しておきましょう。,独学の時間配分目安,独学では、週単位で「新規インプット→演習→解き直し」のサイクルを回すと安定します。1領域あたりにかかる時間は予備知識や実務経験で差が出るため、固定の合計時間にこだわらず、正答率の伸びを基準に配分を調整してください。停滞している領域には演習量を増やし、すでに高得点の領域は維持に切り替えると、限られた時間を効率よく使えます。1週間ごとに計画を見直す前提にしておくと、無理なく軌道修正できます。,,,,,初学者でも独学で合格できますか？,独学でも十分合格可能です。4択50問で70点（35問正解）が合格ラインなので、公式テキストを通読し、過去問・一問一答で繰り返し演習すれば初学者でも到達できます。法令・制度の数値や主体を正確に覚えることが得点の鍵です。,50問だから簡単ですか？,4択50問・120分と問題数は多くありませんが、70点（35問正解）以上が必要で、用語や法令の細かい要件を問う設問もあるため油断は禁物です。範囲は限定的なので、対策すれば確実に合格を狙えます。公式テキストを中心に過去問を繰り返すのが王道です。,どの領域が初学者には難しいですか？,読了後は、初学者向け難易度の見方の関連する演習を5問以上解き、間違えた選択肢を用語解説で確認してから関連ガイドへ進んでください。1週間後の解き直し日をカレンダーに入れると定着しやすくなります。数値・主体・手順は大阪商工会議所の最新案内と照合してください。,,,pass-score:合格点;pass-rate:合格率;self-study-guide:独学ガイド;study-plan-3months:3か月計画,50問70点;7領域;演習得点で測る;初学者80時間;混同防止
study-plan-3months,学習計画,メン管II種·3か月学習計画【12週·50問·直前集中】,メンタルヘルス・マネジメント検定II種（ラインケア）の3か月学習計画。12週逆算·50問通し·70点·直前集中を表に整理し、勉強法記事との2列比較で具体例解説します。,残り3か月で合格を目指すなら、限られた時間を逆算して使うことが鍵になります。この計画は、50問・120分・70点・7領域という形式に合わせ、12週間で公式テキストの7章をテンポよく進め、50問の通し模試で70点を取れる状態に仕上げる短期集中型です。この記事では、12週の逆算スケジュール、週ごとの取り組み、模試を入れるタイミング、そして直前2週間の集中復習までを具体的に紹介します。試験日は要項で確認のうえ計画を組んでください。,25,学習計画;試験対策,メンタルヘルス二種マスター編集部,資格学習サイトの編集チーム,公式情報確認担当,公開前に一次情報との照合を行う担当者,2026-06-13,試験のご紹介（公式）|https://www.mental-health.ne.jp/about/,手書きリライト 2026-06-12。v2,本記事を読むと、残り12週の3か月逆算表·50問模試日程が分かり、たとえば「6/14 12週表→7/12 第4章→8/30 50問35問→9/6 直前20問」まで今日から再現でき、勉強法記事との使い分けも表で把握できます。,試験日から12週逆算表を1枚に書く;6/14〜7/12に公式テキスト第1〜4章を完了する;8/16（土）演習50問·正答率60％以上を記録する;8/30（土）50問通し·35問正解を目指す;9/6（土）直前集中で弱点20問を解き直す,試験要項・公式ページ更新時に本文と参照元を見直す。,2026-06-13,2026-06-29,2026-06-13,published,2026-06-12: 編集合格（手書きリライト·具体例·v2）,3か月計画の全体像（12週逆算·50問·70点·7領域）,"II種ラインケアの3か月計画は12週逆算·50問通し·70点合格·直前2週集中が骨格です。50問·120分·70点以上·7領域が前提です。 | 期間 | 週 | 内容 |
| --- | --- | --- |
| 6〜7月 | 1〜4週 | 第1〜4章·基礎 |
| 8月 | 5〜8週 | 第5〜7章·演習40問 |
| 8〜9月 | 9〜10週 | 50問通し模試 |
| 9月 | 11〜12週 | 直前集中 | たとえば6/11（木）残り12週——6/14（日）逆算表作成——7/12（土）第4章完了——が定番です。I種は合計105点以上（うち論述25点以上）と混同しないでください。",12週逆算の週次タスク表,"12週を週次タスクに分解し、演習量を段階的に増やします。週6〜8時間確保が目安です。 | 週 | タスク | 演習 |
| --- | --- | --- |
| 1〜2 | 第1〜2章 | 10問/週 |
| 3〜4 | 第3〜4章 | 15問/週 |
| 5〜6 | 第5〜6章 | 20問/週 |
| 7〜8 | 第7章·50問 | 50問 |
| 9〜10 | 50問通し | 35問目標 |
| 11〜12 | 直前集中 | 弱点20問 | 例えば8/2（土）演習20問·55％——領域⑦40％——8/9（土）法令章20問追加——8/30（土）50問35問——目標——が定番です。2.4分/問（144秒）を意識してください。テキスト1冊は、affiliate-textbooks-recommend で公式第6版·TAC·サクッとわかるの3冊を比較してから固定すると途中で変えずに済みます。",50問通し模試の実施タイミング表,"3か月計画では50問·120分の通し模試を9〜10週目に1回以上実施します。詳細手順はmock-exam-how-toと併用します。 | 時期 | 模試 | 目標 | 不足時 |
| --- | --- | --- | --- |
| 8/16 | 50問通し | 60％以上 | 弱点20問 |
| 8/30 | 50問通し | 35問正解 | 4分類復習 |
| 9/6 | 50問通し | 38問正解 | 直前調整 |
| 9/13 | 弱点20問 | 70％以上 | 新規停止 | たとえば8/30（土）50問·34問——9/1（月）誤答16問4分類——9/6（土）再模試35問——目標——が定番です。",直前2週の集中復習表（11〜12週目）,"試験2週前からは新規暗記を止め、弱点20問と頻出用語に集中します。 | 週 | 内容 | 時間/日 |
| --- | --- | --- |
| 11週目 | 弱点4領域·20問 | 90分 |
| 11週目 | 頻出用語30語 | 30分 |
| 12週目 | 50問弱点解き直し | 120分 |
| 試験前日 | 7領域一覧確認 | 30分 | 例えば9/6（土）弱点20問·65％——9/13（土）同20問·70％以上——35問正解確認——が定番です。",study-plan記事との2列比較表,"残り12週の3か月計画と一般12週サイクルは2記事で分担します。本記事は12週逆算·7章圧縮·50問模試1〜2回·直前2週集中、study-plan記事は7章週次サイクル·演習配分·50問通し3回（一般）に特化します。 | 論点 | 3か月（本記事） | 勉強法 |
| --- | --- | --- |
| 焦点 | 直前12週圧縮 | 7章週次 |
| 模試 | 50問1〜2回 | 50問3回 |
| 成果物 | 12週逆算表 | 週次表 |
| 出口 | mock-exam-how-toへ | drill-volume-guideへ | たとえば6/14（日）本記事——12週表——6/21（日）study-plan——週次サイクル——7/12（土）first-30-days-plan——立ち上げ確認——8/30（土）mock-exam-how-to——模試手順——の順が定番です。圧縮12週でも週次サイクルなしでは演習量が不足します。",,,,,3か月計画で週に何時間確保すればよいですか？,12週逆算では週6〜8時間が定番です。例えば6/11（木）残り12週——平日1時間×5日——土曜2時間＝週7時間——8/30（土）50問通し35問——を目指してください。50問120分·70点以上·7領域がII種の形式です。7章週次はstudy-plan記事——が正本です。,12週で7章すべて終わりますか？,12週逆算表に沿えば第1〜7章を圧縮して完了できます。たとえば7/12（土）時点で第4章未完了——7/19（土）第5章と並行——8/9（土）第7章完了——演習40問60％以上——を目指してください。合計105点以上（うち論述25点以上）はI種の基準でII種70点とは異なります。,本記事と勉強法記事の違いは？,本記事は12週逆算·7章圧縮·50問模試·直前2週集中、study-plan記事は7章進め方·週次サイクル·50問通し3回（一般）に特化します。例えば6/14（日）本記事——12週表——6/21（日）study-plan——章立て·週次——確認——の順が定番です。70点の詳細はpass-score記事——最初30日はfirst-30-days-plan記事——で確認してください。,,,study-plan:勉強法;first-30-days-plan:最初30日;pass-score:合格点;affiliate-textbooks-recommend:メンタルヘルス・マネジメント検定II種のおすすめテキスト3選【2026年度版·独学】,12週逆算;50問通し;70点;直前集中;7領域
study-plan-6months,学習計画,メン管II種·6か月学習計画【26週·模試2回·70点】,メンタルヘルス・マネジメント検定II種（ラインケア）の6か月学習計画。26週·月次模試·50問70点を表に整理し、3か月計画記事との2列比較で具体例解説します。,半年あれば、あわてずに基礎から積み上げて合格をねらえます。この計画は、50問・120分・70点・7領域という形式に合わせ、26週間で公式テキスト7章をしっかり一周し、本番形式の50問模試を2回はさむ中長期型です。この記事では、26週の逆算スケジュールと月ごとのマイルストーン、模試2回を入れるタイミング、7領域への時間配分までを整理します。試験日は要項で確認したうえで、ゆとりを持って計画を立てましょう。,25,学習計画;試験対策,メンタルヘルス二種マスター編集部,資格学習サイトの編集チーム,公式情報確認担当,公開前に一次情報との照合を行う担当者,2026-06-13,試験のご紹介（公式）|https://www.mental-health.ne.jp/about/,手書きリライト 2026-06-12。v2,本記事を読むと、26週の月次マイルストーン·50問模試2回日程が分かり、たとえば「4/21 26週表→7/19 模試1回35問→9/13 模試2回36問→10/4 直前確認」まで今日から再現でき、3か月計画記事との使い分けも表で把握できます。,26週カレンダーに月次マイルストーンを登録する;4〜6月に公式テキスト第1〜4章を完了する;7/19（土）50問模試1回目·35問正解を記録する;9/13（土）2回目模試·弱点20問解き直しを実施する;study-plan記事で7章進め方を確認する,試験要項・公式ページ更新時に本文と参照元を見直す。,2026-06-13,2026-06-29,2026-06-13,published,2026-06-12: 編集合格（手書きリライト·具体例·v2）,6か月26週計画の全体像（模試2回·50問·70点·7領域）,"II種ラインケアの6か月計画は26週·月次マイルストーン·50問模試2回が骨格です。50問·120分·70点以上·7領域が前提です。 | 期間 | 週 | 内容 |
| --- | --- | --- |
| 4〜6月 | 1〜13週 | 第1〜4章·基礎 |
| 7月 | 14〜17週 | 模試1回目 |
| 8〜9月 | 18〜22週 | 第5〜7章·弱点 |
| 10月 | 23〜26週 | 模試2回目·直前 | たとえば4/14（月）残り26週——4/21（日）逆算表作成——7/19（土）1回目50問35問——が定番です。I種は合計105点以上（うち論述25点以上）と混同しないでください。",月次マイルストーン表（26週逆算）,"26週を6か月に分割し、月次マイルストーンで進捗を管理します。study-plan記事の週次サイクルと併用します。 | 月 | マイルストーン | 演習目標 |
| --- | --- | --- |
| 4月 | 目次·7領域表 | 10問/週 |
| 5〜6月 | 第1〜4章完了 | 15問/週 |
| 7月 | 模試1回目 | 35問正解 |
| 8月 | 第5〜7章 | 20問/週 |
| 9月 | 模試2回目 | 36問正解 |
| 10月 | 直前復習 | 35問確認 | 例えば7/19（土）50問·34問——8/2（土）弱点3領域20問——9/13（土）2回目35問——目標——が定番です。2.4分/問（144秒）を意識してください。テキスト1冊は、affiliate-textbooks-recommend で公式第6版·TAC·サクッとわかるの3冊を比較してから固定すると途中で変えずに済みます。",月次50問本番形式模試の日程表,"6か月計画では50問·120分の本番形式模試を2回入れます。35問正解以上が合格ラインです。手順はmock-exam-how-toと併用します。 | 回 | 時期 | 目標 | 不足時 |
| --- | --- | --- | --- |
| 1回目 | 7/19 | 35問正解 | 弱点3領域 |
| 中間 | 8/16 | 50問通し60％ | 20問追加 |
| 2回目 | 9/13 | 36問正解 | 4分類復習 |
| 直前 | 10/4 | 35問確認 | 新規停止 | たとえば9/13（土）2回目34問——9/15（月）誤答16問4分類——10/4（土）再模試35問——目標——が定番です。",7領域1周半の配分表（6か月計画）,"6か月計画では公式テキスト7章を1周半します。第1周は理解、第2周は弱点補強です。 | 周 | 期間 | 領域 | 演習 |
| --- | --- | --- | --- |
| 第1周 | 4〜8月 | ①〜⑦順 | 15問/週 |
| 弱点 | 8〜9月 | 55％未満 | 30問/週 |
| 第2周 | 9月 | 全領域 | 20問/週 |
| 直前 | 10月 | 弱点20問 | 70％以上 | 例えば8/2（土）演習50問·領域⑤55％未満——8/9（土）相談対応20問——週2回——追加——が定番です。",study-plan-3months記事との2列比較表,"26週中長期計画と12週短期計画は2記事で分担します。本記事は26週逆算·月次マイルストーン·模試2回·7領域1周半、study-plan-3months記事は残り12週圧縮·50問模試1〜2回·直前2週集中に特化します。 | 論点 | 6か月（本記事） | 3か月 |
| --- | --- | --- |
| 焦点 | 26週·月次 | 12週圧縮 |
| 模試 | 50問2回 | 50問1〜2回 |
| 成果物 | 月次表 | 12週逆算表 |
| 出口 | 同記事へ | mock-exam-how-toへ | たとえば4/21（日）本記事——26週表——6/14（日）残り12週——study-plan-3months——直前12週——8/30（土）mock-exam-how-to——模試手順——の順が定番です。残り12週しかない場合は3か月計画記事へ切り替えます。",,,,,6か月計画で50問模試は何回実施すればよいですか？,50問本番形式模試は2回（7月·9月）が定番です。例えば4/14（月）残り26週——7/19（土）1回目35問正解——9/13（土）2回目36問正解——を目指してください。50問120分·70点以上·7領域がII種の形式です。7章週次はstudy-plan記事——が正本です。,26週で7章すべて終わりますか？,26週逆算表に沿えば第1〜7章を1周半まで完了できます。たとえば6/28（土）時点で第4章未完了——7/5（土）第5章と並行——8/30（土）第7章完了——演習40問60％以上——を目指してください。合計105点以上（うち論述25点以上）はI種の基準でII種70点とは異なります。,本記事と3か月計画記事の違いは？,本記事は26週·月次模試2回·中長期計画·7領域1周半、study-plan-3months記事は12週逆算·直前集中の短期計画に特化します。例えば4/14（月）開始——本記事で月次表——残り12週になったらstudy-plan-3months——直前12週——確認——の順が定番です。70点の詳細はpass-score記事——週次サイクルはstudy-plan記事——で確認してください。,,,study-plan:勉強法;study-plan-3months:3か月計画;pass-score:合格点;affiliate-textbooks-recommend:メンタルヘルス・マネジメント検定II種のおすすめテキスト3選【2026年度版·独学】,26週;月次模試;50問70点;7領域;6か月計画
study-plan-1year,学習計画,メン管II種·1年学習計画【52週·模試3回·70点】,メンタルヘルス・マネジメント検定II種（ラインケア）の1年学習計画。52週·月次模試3回·50問70点を表に整理し、6か月計画記事との2列比較で具体例解説します。,1年かけてじっくり取り組むなら、無理なく知識を定着させながら合格を目指せます。この計画は、50問・120分・70点・7領域という形式に合わせ、52週間で公式テキスト7章を2周し、本番形式の50問模試を3回行う長期型です。この記事では、52週の逆算スケジュールと月ごとのマイルストーン、模試3回を入れるタイミング、そして7領域を2周するための配分を解説します。試験日は要項で確認しながら、自分のペースで計画を進めてください。,25,学習計画;試験対策,メンタルヘルス二種マスター編集部,資格学習サイトの編集チーム,公式情報確認担当,公開前に一次情報との照合を行う担当者,2026-06-13,試験のご紹介（公式）|https://www.mental-health.ne.jp/about/,手書きリライト 2026-06-12。v2,本記事を読むと、52週の月次マイルストーン·50問模試3回日程が分かり、たとえば「6/21 52週表→9/13 模試1回→3/14 模試2回→5/16 模試3回」まで今日から再現でき、6か月計画記事との使い分けも表で把握できます。,52週カレンダーに月次マイルストーンを登録する;6〜8月に公式テキスト第1周を完了する;9/13（土）50問模試1回目·35問正解を記録する;3/14（土）2回目·5/16（土）3回目模試を予定する;study-plan記事で7章進め方を確認する,試験要項・公式ページ更新時に本文と参照元を見直す。,2026-06-13,2026-06-29,2026-06-13,published,2026-06-12: 編集合格（手書きリライト·具体例·v2）,1年計画の全体像（52週·模試3回·50問·70点·7領域）,"II種ラインケアの1年計画は52週·月次マイルストーン·50問模試3回·7領域2周が骨格です。50問·120分·70点以上·7領域が前提です。 | 期間 | 週 | 内容 |
| --- | --- | --- |
| 6〜8月 | 1〜13週 | 第1周·基礎 |
| 9〜12月 | 14〜26週 | 模試1回目 |
| 1〜3月 | 27〜39週 | 第2周·弱点 |
| 4〜6月 | 40〜52週 | 模試2·3回目 | たとえば6/14（日）開始·52週——6/21（日）逆算表作成——9/13（土）1回目50問35問——が定番です。I種は合計105点以上（うち論述25点以上）と混同しないでください。",月次マイルストーン表（52週逆算）,"52週を12か月に分割し、月次マイルストーンで進捗を管理します。study-plan記事の週次サイクルと併用します。 | 月 | マイルストーン | 演習目標 |
| --- | --- | --- |
| 6月 | 目次·7領域表 | 10問/週 |
| 7〜8月 | 第1〜4章完了 | 20問/週 |
| 9月 | 模試1回目 | 35問正解 |
| 10〜12月 | 第5〜7章 | 20問/週 |
| 1〜3月 | 第2周·弱点 | 30問/週 |
| 4〜5月 | 模試2·3回目 | 38問正解 |
| 6月 | 直前復習 | 35問確認 | 例えば9/13（土）50問·34問——9/20（土）弱点3領域20問——3/14（土）2回目35問——目標——が定番です。2.4分/問（144秒）を意識してください。テキスト1冊は、affiliate-textbooks-recommend で公式第6版·TAC·サクッとわかるの3冊を比較してから固定すると途中で変えずに済みます。",50問本番形式模試3回の日程表,"1年計画では50問·120分の本番形式模試を3回入れます。35問正解以上が合格ラインです。手順はmock-exam-how-toと併用します。 | 回 | 時期 | 目標 | 判断 |
| --- | --- | --- | --- |
| 1回目 | 9/13 | 35問正解 | 弱点3領域特定 |
| 2回目 | 3/14 | 36問正解 | 弱点1領域20問 |
| 3回目 | 5/16 | 38問正解 | 直前確認 |
| 直前 | 試験2週前 | 35問確認 | 新規停止 | たとえば3/14（土）2回目34問——3/21（土）弱点領域30問——5/16（土）3回目35問——目標——が定番です。",7領域2周の配分表（1年計画）,"1年計画では公式テキスト7章を2周します。第1周は理解、第2周は弱点補強です。 | 周 | 期間 | 領域 | 演習 |
| --- | --- | --- | --- |
| 第1周 | 6〜12月 | ①〜⑦順 | 10問/週 |
| 弱点 | 1〜3月 | 55％未満 | 30問/週 |
| 第2周 | 4〜5月 | 全領域 | 20問/週 |
| 直前 | 6月 | 弱点20問 | 70％以上 | 例えば1/10（土）演習50問·領域⑤55％未満——1/17〜2/7相談対応20問——週2回——追加——が定番です。",study-plan-6months記事との2列比較表,"52週長期計画と26週中長期計画は2記事で分担します。本記事は52週逆算·7領域2周·模試3回·月次マイルストーン（余裕あり）、study-plan-6months記事は26週·7領域1周半·模試2回·中長期圧縮に特化します。 | 論点 | 1年（本記事） | 6か月 |
| --- | --- | --- |
| 焦点 | 52週·2周 | 26週·1周半 |
| 模試 | 50問3回 | 50問2回 |
| 成果物 | 月次表 | 26週表 |
| 出口 | 同記事へ | study-plan-3monthsへ | たとえば6/21（日）本記事——52週表——残り26週になったらstudy-plan-6months——26週版——残り12週でstudy-plan-3months——直前12週——の順が定番です。52週未満しかない場合は6か月計画記事から開始します。",,,,,1年計画で50問模試は何回実施すればよいですか？,50問本番形式模試は3回（9月·3月·5月）が定番です。例えば6/14（日）開始·52週——9/13（土）1回目35問——3/14（土）2回目36問——5/16（土）3回目38問——を目指してください。50問120分·70点以上·7領域がII種の形式です。7章週次はstudy-plan記事——が正本です。,52週あるのに9月に模試1回目は早すぎませんか？,1年計画では第1周完了前の中間チェックとして9月模試が定番です。たとえば9/13（土）50問·28問——56点——9/20（土）弱点5領域特定——1〜3月第2周·弱点30問/週——70点ライン引き上げ——を目指してください。合計105点以上（うち論述25点以上）はI種の基準でII種70点とは異なります。,本記事と6か月計画記事の違いは？,本記事は52週·月次マイルストーン·模試3回·7領域2周、study-plan-6months記事は26週·模試2回·7領域1周半の中長期計画に特化します。例えば6/14（日）開始——本記事で月次表——残り26週でstudy-plan-6months——残り12週でstudy-plan-3months——確認——の順が定番です。70点の詳細はpass-score記事——最初30日はfirst-30-days-plan記事——で確認してください。,,,study-plan:勉強法;study-plan-6months:6か月計画;pass-score:合格点;affiliate-textbooks-recommend:メンタルヘルス・マネジメント検定II種のおすすめテキスト3選【2026年度版·独学】,52週;月次マイルストーン;50問模試3回;70点;7領域2周
study-plan-working,学習計画,メン管II種·社会人学習計画【週10h·通勤·70点】,メンタルヘルス・マネジメント検定II種（ラインケア）の社会人向け学習計画。週10時間·通勤活用·50問70点を表に整理し、勉強法記事との2列比較で具体例解説します。,メンタルヘルス・マネジメント検定II種（ラインケア）は、50問・120分・100点満点中70点で合格を狙う試験です。本記事は、現場を抱える管理監督者が週およそ10時間をどう確保するかに焦点を当てます。通勤時間を用語のインプットに回し、まとまった時間で7領域の演習や50問の模試をこなすなど、忙しくても無理なく続く時間配分の組み立て方が分かります。12週間を通した週次サイクル全体はstudy-plan記事を、最新の試験要項は実施団体である大阪商工会議所の公式サイトをご確認ください。,25,学習計画;試験対策,メンタルヘルス二種マスター編集部,資格学習サイトの編集チーム,公式情報確認担当,公開前に一次情報との照合を行う担当者,2026-06-13,試験のご紹介（公式）|https://www.mental-health.ne.jp/about/,手書きリライト 2026-06-12。v2,本記事を読むと、社会人向け週10時間配分·通勤活用が分かり、たとえば「6/14 週10h表→平日22:00演習→通勤用語→8/30 50問模試」まで今日から再現でき、勉強法記事との使い分けも表で把握できます。,試験日から逆算した週10時間表を1枚に書く;平日22:00〜23:30に演習10問を固定する;通勤30分×10日で用語10語を確認する;study-plan記事で12週·週次サイクルを確認する;8/30（土）50問本番形式35問正解を目指す,試験要項・公式ページ更新時に本文と参照元を見直す。,2026-06-13,2026-06-29,2026-06-13,published,2026-06-12: 編集合格（手書きリライト·具体例·v2）,社会人計画の全体像（週10時間·50問·70点·7領域）,"II種ラインケアの社会人計画は週10時間·通勤活用·50問模試2回が骨格です。50問·120分·70点以上·7領域が前提です。 | 時間帯 | 週 | 内容 |
| --- | --- | --- |
| 平日夜 | 7.5時間 | 演習·テキスト |
| 通勤 | 5時間 | 用語·暗記 |
| 土曜 | 2.5時間 | 7領域1章 |
| 模試 | 8月 | 50問35問 | たとえば6/14（日）週10時間表——6/21（日）演習15問/週——開始——が定番です。I種は合計105点以上（うち論述25点以上）と混同しないでください。",社会人向け週10時間配分表,"週10時間を平日·通勤·休日に固定配分すると継続しやすいです。週5時間未満ならstudy-plan記事の最小ラインを先に確認します。 | 曜日 | 時間 | 作業 |
| --- | --- | --- |
| 火〜金 | 22:00〜23:30 | 演習10問 |
| 通勤 | 30分×10 | 用語10語 |
| 土 | 9:00〜11:30 | テキスト1章 |
| 日 | 30分 | 週次振り返り | 例えば6/28（土）火曜演習10問·6問——7/5（土）同10問·7問——が定番です。2.4分/問（144秒）を意識してください。",通勤時間活用表（電車·移動中）,"通勤30分×往復は用語10語·暗記カード·誤答用語の確認に使います。演習は夜間枠に集中します。 | 移動 | 時間 | 活用 |
| --- | --- | --- |
| 往路 | 30分 | 用語5語 |
| 復路 | 30分 | 誤答用語5語 |
| 週計 | 5時間 | 用語20語 |
| 月計 | 20時間 | 80語 | たとえば7/5（土）通勤·用語20語中12語——8語未確認——7/12（土）土曜2時間——未確認8語集中——が定番です。",50問模試と残業週の調整表,"残業週は演習を土曜に1日集中にずらします。50問模試日程は固定します。 | 週 | 状況 | 調整 |
| --- | --- | --- |
| 通常 | 週10時間 | 火金演習 |
| 残業週 | 5時間 | 土曜90分集中 |
| 模試週 | 120分 | 50問通し |
| 直前 | 35問確認 | 新規停止 | 例えば8/2（土）火木残業——土曜9:00·演習15問——8/30（土）50問模試35問——維持——が定番です。",study-plan記事との2列比較表,"社会人週10時間と12週全体計画は2記事で分担します。study-plan記事は12週·7章·週次サイクル·演習配分·50問模試（一般向け）、本記事は週10時間配分·通勤活用·残業週調整·管理監督者向け時間確保に特化します。 | 論点 | 勉強法 | 社会人（本記事） |
| --- | --- | --- |
| 焦点 | 12週サイクル | 週10h·通勤 |
| 時間 | 可変 | 22:00固定 |
| 成果物 | 週次表 | 10h配分表 |
| 出口 | 本記事へ | mock-exam-how-toへ | たとえば6/14（日）本記事——10h表——6/21（日）study-plan——12週同期——8/30（土）mock-exam-how-to——模試2回目——の順が定番です。通勤だけでは演習量が不足します。",,,,,社会人は週何時間確保すればよいですか？,管理監督者の社会人計画は週10時間（平日7.5＋通勤5＋土曜2.5）が定番です。例えば6/11（木）残り12週——火〜金22:00演習10問——通勤30分用語——土曜2.5時間テキスト1章——を目指してください。50問120分·70点以上·7領域がII種の形式です。12週全体はstudy-plan記事——が正本です。,通勤時間だけで合格できますか？,通勤は用語·暗記向きで、演習10問·50問模試は夜間·休日枠が必要です。たとえば7/5（土）通勤のみ·演習0問——7/12（土）火曜22:00——演習10問週2回——開始——してください。合計105点以上（うち論述25点以上）はI種の基準でII種70点とは異なります。,本記事と勉強法記事の違いは？,本記事は週10時間·通勤活用·残業週調整·社会人向け時間確保、study-plan記事は12週·7章·週次サイクル·演習配分·50問模試（一般）に特化します。例えば6/14（日）本記事——10h表——6/21（日）study-plan——12週同期——の順が定番です。70点の詳細はpass-score記事——学校なし判断はself-study-without-school記事——で確認してください。,,,study-plan:勉強法;self-study-without-school:資格学校なし;pass-score:合格点,社会人;週10時間;通勤活用;50問70点;7領域
study-plan-beginner,学習計画,メン管II種·初学者学習計画【用語→演習·7領域·70点】,メンタルヘルス・マネジメント検定II種（ラインケア）の初学者向け学習計画。基礎固め·用語→演習·50問70点を表に整理し、最初30日記事との2列比較で具体例解説します。,メンタルヘルス・マネジメント検定II種（ラインケア）に初めて挑む方へ、土台づくりの進め方をまとめました。50問・120分・100点満点中70点が合格ラインで、出題は7領域にわたります。本記事では、用語の理解から公式テキスト、そして演習へと無理なく段階を踏むサイクルを示し、弱点の見つけ方や模試を取り入れるタイミングまで案内します。最初の30日の進め方はfirst-30-days-plan記事、12週間の週次サイクルはstudy-plan記事へ。試験の詳細は大阪商工会議所の公式情報で確認しましょう。,25,学習計画;試験対策,メンタルヘルス二種マスター編集部,資格学習サイトの編集チーム,公式情報確認担当,公開前に一次情報との照合を行う担当者,2026-06-13,試験のご紹介（公式）|https://www.mental-health.ne.jp/about/,手書きリライト 2026-06-12。v2,本記事を読むと、初学者の基礎固め週次サイクルが分かり、たとえば「6/14 用語10語→6/21 第1章→7/5 演習10問→8/30 50問模試」まで今日から再現でき、最初30日記事との使い分けも表で把握できます。,glossary-how-to記事でterms/活用·用語10語/週を確認する;textbook-selection記事で指定版·7領域目次を照合する;第1〜2章を第2週末までに読み、第3週から演習10問週2回を開始する;first-30-days-plan記事で最初30日表を確認する;8/30（土）50問本番形式35問正解を目指す,試験要項・公式ページ更新時に本文と参照元を見直す。,2026-06-13,2026-06-29,2026-06-13,published,2026-06-12: 編集合格（手書きリライト·具体例·v2）,初学者計画の全体像（基礎固め·50問·70点·7領域）,"II種ラインケアの初学者計画は用語→テキスト→演習の基礎固め3段階が骨格です。50問·120分·70点以上·7領域が前提です。 | 段階 | 期間 | 内容 |
| --- | --- | --- |
| 用語 | 第1〜2週 | terms/10語/週 |
| テキスト | 第2〜6週 | 第1〜4章 |
| 演習 | 第3週〜 | 10問/週 |
| 模試 | 8月 | 50問35問 | たとえば6/14（日）用語10語——6/21（日）第1章完了——7/5（土）演習10問——が定番です。I種は合計105点以上（うち論述25点以上）の基準なので混同しないでください。",用語→演習の週次サイクル表（初学者向け）,"初学者は演習前に用語10語を確認してから10問を解きます。主体·手順の混同を先に防ぎます。 | 曜日 | 作業 | 時間 |
| --- | --- | --- |
| 月 | 用語5語 | 20分 |
| 水 | 公式テキスト30分 | 30分 |
| 金 | q/演習5問 | 30分 |
| 翌週金 | 同5問解き直し | 30分 | 例えば7/5（土）演習5問·3問——7/12（土）誤答2問の用語——terms/確認——7/19（土）4問——が定番です。テキスト1冊は、affiliate-textbooks-recommend で公式第6版·TAC·サクッとわかるの3冊を比較してから固定すると途中で変えずに済みます。",7領域の初学者弱点と演習量表,"初学者は相談対応·個別配慮·主体取り違えで誤答しやすいです。55％未満の領域は週20問追加します。 | 領域 | 初学者弱点 | 演習追加 |
| --- | --- | --- |
| ④個別配慮 | プライバシー | 10問/週 |
| ⑤相談対応 | 主体混同 | 15問/週 |
| ⑦法令 | 数値·制度 | 10問/週 |
| 全体 | 55％未満 | 20問集中 | たとえば7/19（土）演習20問——領域⑤55％未満——7/26（土）相談対応20問——週2回——が定番です。",初学者向け50問模試導入タイミング表,"初学者は基礎固め後·試験8週前に50問通し模試を1回以上実施します。 | 時期 | 模試 | 目標 | 不足時 |
| --- | --- | --- | --- |
| 7/19 | 50問通し | 55％以上 | 用語20語 |
| 8/30 | 50問通し | 35問正解 | 4分類 |
| 9/6前 | 弱点20問 | 70％以上 | 新規停止 |
| 直前 | exam-last-minute | 36問 | 前日移行 | 例えば8/30（土）50問·33問——9/1（月）誤答17問——4分類——9/6（土）再模試35問——を目指してください。",first-30-days-plan記事との2列比較表,"初学者全体像と最初30日は2記事で分担します。first-30-days-plan記事は最初30日·章立て対応·基礎読み→演習導入·30日解き直し、本記事は初学者全体像·用語→演習週次·7領域弱点·模試導入タイミングに特化します。 | 論点 | 最初30日 | 初学者（本記事） |
| --- | --- | --- |
| 焦点 | 30日表 | 全体·基礎固め |
| 時期 | 立ち上げ | 計画設計前 |
| 成果物 | 章立て表 | 用語→演習表 |
| 出口 | study-planへ | first-30-days-planへ | たとえば6/14（日）本記事——全体像——6/21（日）first-30-days-plan——30日表——7/19（土）study-plan——12週サイクル——の順が定番です。30日表だけでは長期弱点設計が不足します。",,,,,初学者は何から始めればよいですか？,terms/用語解説10語·公式テキスト第1章30分/日から始めるのが定番です。例えば6/11（木）残り12週——6/14（日）glossary-how-to——用語10語——6/21（日）第1章完了——7/5（土）演習10問——を目指してください。50問120分·70点以上·7領域がII種の形式です。30日詳細はfirst-30-days-plan記事——が正本です。,用語なしで演習から始めてもよいですか？,用語未確認のまま演習すると主体混同·用語混同が増えやすいです。たとえば7/5（土）演習10問——8問が用語混同——7/12（土）terms/10語——先に確認——同10問解き直し——してください。合計105点以上（うち論述25点以上）がI種の基準で、II種70点とは異なります。,本記事と最初30日記事の違いは？,本記事は初学者全体像·用語→演習·7領域弱点·模試導入、first-30-days-plan記事は最初30日の章立て·演習導入·30日解き直しに特化します。例えば6/14（日）本記事——6/21（日）first-30-days-plan——30日表——の順が定番です。70点の詳細はpass-score記事——難易度はexam-difficulty記事——で確認してください。,,,first-30-days-plan:最初30日;exam-difficulty:難易度;pass-score:合格点;affiliate-textbooks-recommend:メンタルヘルス・マネジメント検定II種のおすすめテキスト3選【2026年度版·独学】,初学者;基礎固め;用語→演習;50問70点;7領域
first-30-days-plan,学習計画,メン管II種·最初の30日計画【7領域·演習導入·70点】,メンタルヘルス・マネジメント検定II種（ラインケア）の最初の30日学習計画。7領域·公式テキスト章立て·演習導入を表に整理し、勉強法記事との2列比較で具体例解説します。,学習を始めて最初の30日をどう使うかで、その後の伸びが大きく変わります。メンタルヘルス・マネジメント検定II種（ラインケア）は50問・120分・100点満点中70点が合格ライン。本記事では、大阪商工会議所発行の公式テキストの章立てを土台に、前半は基礎の読み込み、後半から演習を取り入れる立ち上げの流れを具体的に示します。30日表の作り方や演習を始める頃合いが分かります。12週間の週次サイクルはstudy-plan記事を、試験要項は公式サイトで確認してください。,25,学習計画;試験対策,メンタルヘルス二種マスター編集部,資格学習サイトの編集チーム,公式情報確認担当,公開前に一次情報との照合を行う担当者,2026-06-13,試験のご紹介（公式）|https://www.mental-health.ne.jp/about/,手書きリライト 2026-06-12。v2,本記事を読むと、最初30日の学習順·演習導入タイミングが分かり、たとえば「6/14 指定版→6/21 第1章→7/5 演習10問→7/12 解き直し」まで今日から再現でき、勉強法記事との使い分けも表で把握できます。,textbook-selection記事で指定版·7領域目次を照合する;第1〜2週は領域①②のテキスト読み込みを完了する;第3週から演習10問·7領域タグを週2回入れる;subjects記事で7領域の位置づけを確認する;30日後に同分野10問を解き直し正答率70％以上を目指す,試験要項・公式ページ更新時に本文と参照元を見直す。,2026-06-13,2026-06-29,2026-06-13,published,2026-06-12: 編集合格（手書きリライト·具体例·v2）,最初の30日学習計画の全体像（50問·7領域·70点）,"II種ラインケアは50問·四択一·120分·70点以上·7領域が前提です。最初30日は基礎読み→演習導入の2段階です。 | 期間 | 内容 | 目標 |
| --- | --- | --- |
| 第1〜2週 | 領域①②テキスト | 基礎理解 |
| 第3週 | 演習10問導入 | 正答率60％ |
| 第4週 | 7領域タグ確認 | 弱点1領域特定 |
| 30日後 | 解き直し | 正答率70％ | たとえば6/14（日）開始——6/28（土）領域①②——2章読了——7/5（土）演習導入——が定番です。I種は合計105点以上（うち論述25点以上）の基準なので混同しないでください。",公式テキスト章立てと7領域の対応表,"公式テキストの章と7領域はおおむね1対1で対応します。subjects記事の7領域一覧と照合します。 | 領域 | テキスト章 | 30日目標 |
| --- | --- | --- |
| ①意義·役割 | 第1章 | 第1週完了 |
| ②ストレス基礎 | 第2章 | 第2週完了 |
| ③④環境·配慮 | 第3〜4章 | 第3週着手 |
| ⑤⑥⑦後半 | 第5〜7章 | 第4週以降 | 例えば6/21（日）第1章読了——q/演習10問·5問中3問——6/28（土）第2章へ——が定番です。テキスト1冊は、affiliate-textbooks-recommend で公式第6版·TAC·サクッとわかるの3冊を比較してから固定すると途中で変えずに済みます。",第1〜2週の基礎読み込みスケジュール表,"第1〜2週は領域①②のテキスト読みと用語解説の確認が中心です。演習は週末10問から始めます。 | 週 | 平日 | 週末 |
| --- | --- | --- |
| 第1週 | 第1章30分/日 | 演習5問 |
| 第2週 | 第2章30分/日 | 演習10問 |
| 目標 | 用語10語/週 | 正答率60％ |
| 記録 | 7領域タグ | 誤答理由 | たとえば6/28（土）演習10問·6問——7/5（土）第3章着手——演習10問追加——が定番です。",第3〜4週の演習導入と正答率記録表,"第3週から7領域タグ付き演習を週2回入れ、正答率を記録します。55％未満の領域は20問追加です。 | 週 | 演習 | 正答率目標 |
| --- | --- | --- |
| 第3週 | 10問·7領域 | 60％ |
| 第4週 | 10問·弱点領域 | 65％ |
| 30日後 | 同10問解き直し | 70％ |
| 記録 | 7領域別 | 1枚の表 | 例えば7/5（土）演習20問·12問——7/12（土）弱点1領域20問——70％——を目指してください。2.4分/問（144秒）を意識してください。",study-plan記事との2列比較表,"最初30日と12週全体計画は2記事で分担します。study-plan記事は12週·7章·週次サイクル·演習配分·50問模試、本記事は最初30日·章立て対応·基礎読み→演習導入·30日解き直しに特化します。 | 論点 | 勉強法 | 最初30日（本記事） |
| --- | --- | --- |
| 焦点 | 12週全体 | 立ち上げ30日 |
| 時期 | 計画確定後 | 学習開始直後 |
| 成果物 | 週次表 | 30日表 |
| 出口 | 本記事へ | subjectsへ | たとえば6/14（日）本記事——30日表——7/12（土）30日完了——7/19（土）study-plan——12週サイクル——の順が定番です。30日だけで止まると後半章が遅れます。",,,,,最初の30日で公式テキストは何章まで読めばよいですか？,第1〜2章（領域①②）を第2週末までに読み切るのが定番です。例えば6/28（土）第1章完了——q/演習10問·5問中3問——7/5（土）第3章（領域③）——へ進んでください。50問120分·70点以上·7領域がII種の形式です。指定版はtextbook-selection記事——7領域一覧はsubjects記事——で確認します。,30日目に演習は何問解き直せばよいですか？,第3〜4週に解いた同分野10問を30日後に解き直し、正答率70％を目指します。たとえば7/5（土）演習10問·6問——7/12（土）同10問·7問——を目標にしてください。55％未満の領域は20問追加——12週全体はstudy-plan記事——が正本です。,本記事と勉強法記事の違いは？,本記事は最初30日の章立て·演習導入·30日解き直し、study-plan記事は12週·7章·週次サイクル·演習配分·50問模試に特化します。例えば6/14（日）本記事——30日表——7/19（土）study-plan——12週サイクル——の順が定番です。70点の詳細はpass-score記事——で確認してください。,,,study-plan:勉強法;subjects:出題範囲;pass-score:合格点;affiliate-textbooks-recommend:メンタルヘルス・マネジメント検定II種のおすすめテキスト3選【2026年度版·独学】,30日計画;7領域;公式テキスト;50問70点;演習導入
balance-work-study,学習計画,メン管II種·仕事と勉強の両立【週3h·管理監督者·70点】,メンタルヘルス・マネジメント検定II種（ラインケア）の仕事と勉強の両立。管理監督者向け週3時間·7領域逆算を表に整理し、社会人計画記事との2列比較で具体例解説します。,忙しくて勉強時間がなかなか取れない、という管理監督者の方へ。メンタルヘルス・マネジメント検定II種（ラインケア）は50問・120分・100点満点中70点が合格ラインで、出題は7領域です。本記事では、週3時間という最小限の時間でも7領域を一巡させる現実的な配分を提案します。残業の多い週の調整法や、試験日から12週間を逆算する組み方まで具体的に解説。もっと時間を取れる方はstudy-plan-working記事を、試験日程などは大阪商工会議所の公式案内をご確認ください。,25,学習計画;試験対策,メンタルヘルス二種マスター編集部,資格学習サイトの編集チーム,公式情報確認担当,公開前に一次情報との照合を行う担当者,2026-06-13,試験のご紹介（公式）|https://www.mental-health.ne.jp/about/,手書きリライト 2026-06-12。v2,本記事を読むと、管理監督者向け週3時間配分·残業週調整が分かり、たとえば「6/14 週3h表→火木22:00演習→土曜1h→8/30 50問模試」まで今日から再現でき、社会人計画記事との使い分けも表で把握できます。,試験日から逆算した週3時間表を1枚に書く;火·木22:00〜23:00に演習10問を固定する;7領域の正答率を60％以上で維持する;study-plan-working記事で週10時間版と比較する;8/30（土）50問本番形式35問正解を目指す,試験要項・公式ページ更新時に本文と参照元を見直す。,2026-06-13,2026-06-29,2026-06-13,published,2026-06-12: 編集合格（手書きリライト·具体例·v2）,両立計画の全体像（週3時間·50問·70点·7領域）,"II種ラインケアの両立計画は週3時間·残業週調整·50問模試1回が骨格です。50問·120分·70点以上·7領域が前提です。 | 項目 | 目安 |
| --- | --- |
| 週間学習 | 3時間（平日2＋休日1） |
| 演習 | 週10問·7領域順 |
| 模試 | 試験4週前に50問1回 |
| 合格目標 | 35問正解以上 | たとえば6/11（木）残り12週——6/14（日）週3時間表作成——7/12（土）演習50問累計——開始——が定番です。I種は合計105点以上（うち論述25点以上）の基準なので混同しないでください。",週3時間の配分表（平日·休日）,"残業のある管理監督者は、火·木22:00·土曜1時間の計3時間が現実的な目安です。週10時間確保できるならstudy-plan-working記事へ拡張します。 | 曜日 | 時間 | 内容 |
| --- | --- | --- |
| 火 | 1時間 | 演習10問 |
| 木 | 1時間 | 誤答用語10語 |
| 土 | 1時間 | 7領域テキスト1章 |
| 月水金日 | — | 現場·休息 | 例えば7/8（火）22:00演習10問·6問——7/10（木）誤答4問用語——7/12（土）同4問解き直し——が定番です。2.4分/問（144秒）を意識してください。",12週逆算の月間両立表,"6/11（木）残り12週の月間逆算例です。週3時間でも7領域を順番に回せます。 | 月 | 週 | タスク |
| --- | --- | --- |
| 6月 | 1〜2週 | 領域1〜2·基礎 |
| 7月 | 3〜6週 | 領域3〜5·演習30問 |
| 8月 | 7〜10週 | 領域6〜7·演習50問 |
| 9月 | 11〜12週 | 50問本番形式·直前復習 | たとえば7/12（土）演習50問·正答率60％——8/2（土）50問本番形式35問——目標——が定番です。新規テキストは8/30（土）模試後で停止します。",残業週の調整と現場業務の7領域対応,"残業週は演習を土曜に90分集中にずらします。現場業務は7領域理解の助けになります。 | 週 | 状況 | 調整 |
| --- | --- | --- |
| 通常 | 週3時間 | 火木演習 |
| 残業週 | 1.5時間 | 土曜90分集中 |
| 模試週 | 120分 | 50問通し | | 現場業務 | 7領域 |
| --- | --- |
| 面談·相談 | 相談対応 |
| 休職·復職 | 休復職支援 |
| ストレスチェック | チェック制度 | 例えば8/2（土）火木残業——土曜9:00·演習10問＋用語10語——「法令」領域55％未満なら20問追加——が定番です。",study-plan-working記事との2列比較表,"週3時間両立と週10時間社会人計画は2記事で分担します。本記事は週3時間·残業週最小ライン·管理監督者向け時間確保、study-plan-working記事は週10時間·通勤活用·残業週調整·50問模試2回に特化します。 | 論点 | 両立（本記事） | 社会人 |
| --- | --- | --- |
| 焦点 | 週3h最小 | 週10h·通勤 |
| 時間 | 火木22:00 | 平日＋通勤 |
| 成果物 | 3h配分表 | 10h配分表 |
| 出口 | 同記事へ拡張 | mock-exam-how-toへ | たとえば6/14（日）本記事——3h表——7/12（土）余裕出たらstudy-plan-working——10h版——8/30（土）mock-exam-how-to——模試手順——の順が定番です。週3時間だけでは模試2回は厳しいです。",,,,,仕事と勉強は週何時間確保すればよいですか？,管理監督者の両立は週3時間（平日2＋休日1）が最小ラインの定番です。例えば6/11（木）残り12週——火22:00演習10問——木22:00誤答用語——土曜1時間7領域1章——を目指してください。50問120分·70点以上·7領域がII種の形式です。週10時間版はstudy-plan-working記事——が正本です。,残業が多い週は学習をどう調整しますか？,残業週は演習10問を土曜90分に1日集中にずらすのが定番です。たとえば8/2（土）火木残業——土曜9:00演習10問·用語10語——翌週火22:00枠に戻す——流れが定番です。55％未満の領域1つに20問追加で解き直してください。合計105点以上（うち論述25点以上）がI種の基準で、II種70点とは異なります。,本記事と社会人計画記事の違いは？,本記事は週3時間·残業週最小ライン·管理監督者向け時間確保、study-plan-working記事は週10時間·通勤活用·残業週調整·50問模試2回に特化します。例えば6/14（日）本記事——3h表——7/12（土）余裕出たらstudy-plan-working——10h版——の順が定番です。70点の詳細はpass-score記事——12週全体はstudy-plan記事——で確認してください。,,,study-plan-working:社会人向け計画;study-plan:勉強法;pass-score:合格点;affiliate-textbooks-recommend:メンタルヘルス・マネジメント検定II種のおすすめテキスト3選【2026年度版·独学】,週3時間;管理監督者;7領域;50問70点;両立逆算
time-management,学習計画,メンタルヘルス・マネジメント検定II種の時間管理と習慣化,メンタルヘルスII種の時間管理·習慣化。週次ルーティン·固定枠を表に整理。メンタルヘルス・マネジメント検定II種の独学の週間・月間スケジュール・メンタルヘルス・マネジメント検定II種の仕事と勉強の両立連携も解説。,メンタルヘルス・マネジメント検定II種（ラインケア）の時間管理と習慣化は、50問·四択一·120分·70点以上·7領域の試験形式に合わせ、平日·休日の固定学習枠を週次ルーティンで回す習慣化の公式情報です。18週月間表はメンタルヘルス・マネジメント検定II種の独学の週間・月間スケジュールの記事、仕事両立の週3時間はメンタルヘルス・マネジメント検定II種の仕事と勉強の両立と役割分担します。公式情報は大阪商工会議所（https://www.mental-health.ne.jp/about/）の試験のご紹介です。,25,学習計画;試験対策,メンタルヘルス二種マスター編集部,資格学習サイトの編集チーム,公式情報確認担当,公開前に一次情報との照合を行う担当者,2026-06-06,試験のご紹介（公式）|https://www.mental-health.ne.jp/about/,手書きリライト 2026-06-06。自動prose差し替え 2026-06-04（要手書き）。学習計画向けテンプレートから作成。公開前に本文・参照URL・関連リンクを差し替える。;retire_redirect:study-plan,メンタルヘルス・マネジメント検定II種（ラインケア）の時間管理と習慣化は、50問·四択一·120分·70点以上·7領域の試験形式に合わせ、平日·休日の固定学習枠を週次ルーティンで回す習慣化の公式情報です。18週月間表はメンタルヘルス・マネジメント検定II種の独学の週間・月間スケジュールの記事、仕事両立の週3時間はメンタルヘルス・マネジメント検定II種の仕事と勉強の両立と役割分担します。公式情報は大阪商工会議所（https://www.mental-health.ne.jp/about/）の試験のご紹介です。,火·木·土の3枠をカレンダーに固定登録する;火曜22:00に演習10問·正答数を記録する;木曜22:00に誤答用語10語を確認する;メンタルヘルス・マネジメント検定II種の独学の週間・月間スケジュールの記事で18週月間表を確認する;メンタルヘルス・マネジメント検定II種の仕事と勉強の両立の記事で週3時間版と比較する,試験要項・公式ページ更新時に本文と参照元を見直す。,2026-06-06,2026-06-29,2026-06-06,archived,2026-06-12: archived（guide retire p1·study-planへ統合）,時間管理·習慣化の全体像（週次ルーティン·50問·70点）,数値・日程・合格基準は年度で更新されるため、学習前と申込前には試験のご紹介（公式）の最新案内を確認してください。演習で時間管理と習慣化に関する設問を解いたら。正解理由と誤答肢の違いを短くメモし、用語解説・比較表・よくある誤答タブで似た論点を比較表で整理すると定着しやすくなります。 演習10問を解き、解説で参照条文を公式テキストで開いて読み返してください。数値・日程・合格基準は年度で更新されるため、学習前と申込前には大阪商工会議所の最新案内を確認してください。,週次ルーティン固定表（火·木·土·3枠モデル）,数値・日程・合格基準は年度で更新されるため、学習前と申込前には試験のご紹介（公式）の最新案内を確認してください。演習で時間管理と習慣化に関する設問を解いたら。正解理由と誤答肢の違いを短くメモし、用語解説・比較表・よくある誤答タブで似た論点を比較表で整理すると定着しやすくなります。 表をノートに転記したら、演習10問で理解を確認し、誤答は公式テキスト該当章で読み直してください。数値・日程・合格基準は年度で更新されるため、学習前と申込前には大阪商工会議所の最新案内を確認してください。,習慣化の21日·7日サイクル表,数値・日程・合格基準は年度で更新されるため、学習前と申込前には試験のご紹介（公式）の最新案内を確認してください。演習で時間管理と習慣化に関する設問を解いたら。正解理由と誤答肢の違いを短くメモし、用語解説・比較表・よくある誤答タブで似た論点を比較表で整理すると定着しやすくなります。 表をノートに転記したら、演習10問で理解を確認し、誤答は公式テキスト該当章で読み直してください。数値・日程・合格基準は年度で更新されるため、学習前と申込前には大阪商工会議所の最新案内を確認してください。,学習時間の週5時間·週10時間切替表,数値・日程・合格基準は年度で更新されるため、学習前と申込前には試験のご紹介（公式）の最新案内を確認してください。演習で時間管理と習慣化に関する設問を解いたら。正解理由と誤答肢の違いを短くメモし、用語解説・比較表・よくある誤答タブで似た論点を比較表で整理すると定着しやすくなります。 表をノートに転記したら、演習10問で理解を確認し、誤答は公式テキスト該当章で読み直してください。数値・日程・合格基準は年度で更新されるため、学習前と申込前には大阪商工会議所の最新案内を確認してください。,関連ガイドとの使い分け,数値・日程・合格基準は年度で更新されるため、学習前と申込前には試験のご紹介（公式）の最新案内を確認してください。演習で時間管理と習慣化に関する設問を解いたら。正解理由と誤答肢の違いを短くメモし、用語解説・比較表・よくある誤答タブで似た論点を比較表で整理すると定着しやすくなります。 関連記事は役割が重ならないよう、概要→形式→学習計画の順で読むと迷いにくくなります。数値・日程・合格基準は年度で更新されるため、学習前と申込前には大阪商工会議所の最新案内を確認してください。,,,,,学習習慣はどの曜日·時刻で固定すればよいですか？,「学習習慣はどの曜日·時刻で固定すればよいですか」はメンタルヘルス・マネジメント検定II種の公式テキスト該当章と試験のご紹介（公式）で確認するのが確実です。時間管理と習慣化では、条文の要件（誰が・いつ・何を）を演習問題とセットで押さえてください。,三日坊主になったときはどう再開しますか？,「三日坊主になったときはどう再開しますか」はメンタルヘルス・マネジメント検定II種の公式テキスト該当章と試験のご紹介（公式）で確認するのが確実です。時間管理と習慣化では、条文の要件（誰が・いつ・何を）を演習問題とセットで押さえてください。,本記事とメンタルヘルス・マネジメント検定II種の独学の週間・月間スケジュールはどう使い分けますか？,読了後は、時間管理と習慣化の関連する演習を5問以上解き、間違えた選択肢を用語解説で確認してから関連ガイドへ進んでください。1週間後の解き直し日をカレンダーに入れると定着しやすくなります。数値・主体・手順は大阪商工会議所の最新案内と照合してください。,,,self-study-schedule:独学スケジュール;study-plan-working:社会人向け計画;pass-score:合格点,習慣化;週次ルーティン;固定枠;50問70点;7領域
self-study-start,独学対策,メンタルヘルスマネジメント検定II種の独学の始め方｜第1週にやること（公式確認・7領域表）,メンタルヘルス・マネジメント検定II種（ラインケア）の独学の始め方。第1週に公式で受験資格・合格基準を確認し、公式テキスト目次と7領域対応表を1枚にまとめる手順から演習導入までを解説します。,独学で何から手をつければいいか迷っている方へ。メンタルヘルス・マネジメント検定II種（ラインケア）は50問・120分・100点満点中70点が合格ラインです。本記事では、まず受験資格や合格基準といった基本を押さえ、最初の1週間で公式テキストの目次と7領域の対応表を1枚にまとめるところから始める手順を案内します。1日30分のスケジュール例や、5問単位で演習に慣れるコツも紹介。30日の詳しい計画はfirst-30-days-plan記事、受験資格などは大阪商工会議所の公式情報で確認しましょう。,26,独学;教材;学習計画,メンタルヘルス二種マスター編集部,資格学習サイトの編集チーム,公式情報確認担当,公開前に一次情報との照合を行う担当者,2026-06-13,試験のご紹介（公式）|https://www.mental-health.ne.jp/about/,手書きリライト 2026-06-12。v2,本記事を読むと、独学第1週の確認項目表と演習5問導入手順が分かり、たとえば「6/14 公式確認→6/21 第1章→6/22 演習5問→6/29 30日計画確認」まで今日から再現でき、最初30日計画記事との使い分けも表で把握できます。,試験のご紹介（公式）で受験資格·日程·70点を確認する;公式テキスト目次と7領域の対応表を1枚に書く;第1週は公式テキスト第1章を30分/日で読む;6/22（日）演習5問·7領域タグを試す;first-30-days-plan記事で30日計画表を確認する,試験要項・公式ページ更新時に本文と参照元を見直す。,2026-06-13,2026-06-29,2026-06-13,published,2026-06-12: 編集合格（手書きリライト·具体例·v2）,独学開始前の公式確認チェック表（5項目）,"II種ラインケアの独学を始める前に試験のご紹介（公式）で5項目をメモします。年度で変わるため毎年確認です。50問·120分·70点以上·7領域が前提です。 | 項目 | 確認内容 | 記録 |
| --- | --- | --- |
| 受験資格 | 管理監督者等 | メモ |
| 試験形式 | 50問·四択一 | 120分 |
| 合格基準 | 70点以上 | 35問正解 |
| 出題範囲 | 7領域 | 目次対応 |
| 申込期限 | 年度ごと | カレンダー | たとえば6/14（日）5項目確認——6/15（月）textbook-selection——指定版確認——6/21（日）第1章読了——が定番です。I種の合計105点以上（うち論述25点以上）の要項と混同しないでください。",第1週の学習スケジュール表（30分/日·演習5問）,"第1週は公式テキスト第1章の読み込みと7領域の位置づけ把握が中心です。週末に演習5問を試します。2.4分/問（144秒）を意識してください。 | 曜日 | 時間 | 内容 |
| --- | --- | --- |
| 月〜金 | 30分/日 | 第1章読み |
| 土 | 30分 | 用語10語確認 |
| 日 | 60分 | 演習5問 |
| 記録 | — | 7領域タグ | 例えば6/14（日）〜6/20（土）第1章読了——6/22（日）演習5問·3問正解（60％）——6/29（日）同5問7日後解き直し——が定番です。",公式テキスト目次と7領域の対応づけ表,"第1週に公式テキスト目次と7領域を1対1で対応づける表を作成します。subjects記事の7領域一覧と照合します。 | 領域 | テキスト章 | 第1週 |
| --- | --- | --- |
| ①意義·役割 | 第1章 | 読了 |
| ②ストレス基礎 | 第2章 | 着手 |
| ③④環境·配慮 | 第3〜4章 | 以降 |
| ⑤⑥⑦後半 | 第5〜7章 | 以降 | たとえば6/21（日）第1章完了——演習5問·領域①3問中2問正解（67％）——6/28（日）第2章30分/日——着手——が定番です。",第1週末の演習5問導入と正答率記録,"第1週末に演習5問を解き、7領域タグ別の正答率を記録します。解説を読む前に自分の答案をメモします。50問·120分·70点が合格ラインです。 | 手順 | 内容 | 時間 |
| --- | --- | --- |
| 1 | 5問通し | 30分 |
| 2 | 7領域タグ確認 | 10分 |
| 3 | 誤答理由メモ | 10分 |
| 4 | 7日後解き直し予定 | 5分 | 例えば6/22（日）演習5問·2問誤答——6/23（月）誤答2問の用語確認——6/29（日）7日後同5問解き直し——正答率70％以上——が定番です。",first-30-days-plan記事との2列比較表,"独学立ち上げは2記事で分担します。本記事は第1週·公式5項目確認·演習5問導入·7領域対応表（最初の7日）、first-30-days-plan記事は最初30日·章立て·演習10問導入·30日解き直し（1か月計画）に特化します。 | 論点 | 独学開始（本記事） | 最初30日 |
| --- | --- | --- |
| 焦点 | 第1週·公式確認 | 30日表·章立て |
| 演習 | 5問導入 | 10問導入 |
| 成果物 | 7領域対応表 | 30日逆算表 |
| 出口 | first-30-days-planへ | study-planへ | たとえば6/14（日）本記事——公式5項目——6/22（日）演習5問——6/29（日）first-30-days-plan——30日表——7/12（土）study-plan——12週表——の順が定番です。70点の詳細はpass-score記事——で確認してください。",,,,,独学は何から始めればよいですか？,試験のご紹介（公式）で50問·70点·7領域を確認し、第1週に公式テキスト第1章を30分/日で読むのが定番です。たとえば6/11（木）·残り12週なら、6/14（日）公式5項目確認——6/21（日）第1章読了——6/22（日）演習5問導入——を目指してください。50問120分·70点以上·7領域がII種の形式です。指定版はtextbook-selection記事——が正本です。,第1週で演習は何問解けばよいですか？,第1週末に演習5問·7領域タグ付きが定番です。例えば6/22（日）5問·3問正解（60％）なら、6/23（月）誤答2問の用語を確認し、6/29（日）7日後に同5問で4問正解（80％）を目指してください。合計105点以上（うち論述25点以上）がI種の基準であり、II種70点とは異なります。2.4分/問（144秒）を意識してください。,本記事とfirst-30-days-planはどう使い分けますか？,本記事は第1週·公式確認·演習5問導入、first-30-days-plan記事は最初30日の章立て·演習10問導入に特化しています。たとえば6/14（日）本記事で第1週計画、6/29（日）first-30-days-planで30日表を確認する順が定番です。70点の詳細はpass-score記事——7章対応表はsubjects記事——で確認してください。,,,first-30-days-plan:最初30日;textbook-selection:テキスト選び;subjects:科目一覧,独学開始;第1週;公式確認;7領域表;演習導入
self-study-schedule,独学対策,メン管II種·独学スケジュール【週5h·12週·70点】,メンタルヘルス・マネジメント検定II種（ラインケア）の独学週間·月間スケジュール。週5時間·12週逆算·50問模試を表に整理し、社会人計画記事との2列比較で具体例解説します。,独学を続けるには、行き当たりばったりではなく試験日から逆算した予定表が頼りになります。メンタルヘルス・マネジメント検定II種（ラインケア）は四択一の50問を120分で解き、100点満点中70点以上で合格、出題は7領域です。本記事では、週5時間・12週間の月間表をベースに、7領域を順番に回しながら50問模試を組み込むスケジュールの作り方を示します。週10時間を取れる方はstudy-plan-working記事へ。試験日は大阪商工会議所の公式サイトで確認してください。,26,独学;教材;学習計画,メンタルヘルス二種マスター編集部,資格学習サイトの編集チーム,公式情報確認担当,公開前に一次情報との照合を行う担当者,2026-06-13,試験のご紹介（公式）|https://www.mental-health.ne.jp/about/,手書きリライト 2026-06-12。v2,本記事を読むと、週5時間·12週の月間逆算表が分かり、たとえば「6/14 12週表→6/21 基礎→8/2 50問→8/30 50問70点」まで今日から再現でき、社会人計画記事との使い分けも表で把握できます。,試験日から逆算した12週月間表を1枚に書く;週5時間·1日1時間×5日で7領域を順番に回す;8/2（土）演習50問·正答率60％以上を記録する;8/30（土）50問本番形式35問正解を目指す;study-plan-working記事で週10時間版と比較する,試験要項・公式ページ更新時に本文と参照元を見直す。,2026-06-13,2026-06-29,2026-06-13,published,2026-06-12: 編集合格（手書きリライト·具体例·v2）,独学スケジュールの全体像（50問·7領域·70点）,"II種ラインケアの独学は50問·120分·70点以上·7領域が前提です。試験日から逆算した12週·週5時間表を1枚にまとめます。self-study-guide記事の3点セットと併用します。 | 期間 | 内容 |
| --- | --- |
| 1〜4週 | 基礎·7領域テキスト |
| 5〜8週 | 演習20問·領域別 |
| 9〜10週 | 50問本番形式 |
| 11〜12週 | 35問確保·弱点 | たとえば6/14（日）12週表——6/21（日）基礎——8/2（土）演習50問——8/30（土）50問模試——が定番です。I種の合計105点以上（うち論述25点以上）の学習量と混同しないでください。",月間スケジュール逆算表（12週モデル）,"試験日まで残り12週の月間逆算例です。週5時間を目安に7領域を順番に回します。study-plan記事の12週表と照合します。 | 週 | 期間 | タスク |
| --- | --- | --- |
| 1〜2週 | 6/14〜6/28 | 領域①②基礎 |
| 3〜4週 | 6/29〜7/12 | 領域③④基礎 |
| 5〜6週 | 7/13〜7/26 | 領域⑤⑥ |
| 7〜8週 | 7/27〜8/9 | 領域⑦·演習50問 |
| 9〜10週 | 8/10〜8/23 | 50問模試 |
| 11〜12週 | 8/24〜9/6 | 直前復習 | 例えば6/14（日）開始——8/2（土）演習50問·正答率60％以上——8/30（土）50問35問——目標——が定番です。",週間スケジュール表（週5時間モデル）,"週5時間を平日に配分する例です。1日1時間×5日が管理しやすい定番です。2.4分/問（144秒）を意識してください。 | 曜日 | 時間 | 内容 |
| --- | --- | --- |
| 月 | 1時間 | テキスト1章 |
| 火 | 1時間 | 演習10問 |
| 水 | 1時間 | 誤答用語10語 |
| 木 | 1時間 | 演習10問解き直し |
| 金 | 1時間 | 領域まとめ |
| 土日 | — | 休息·調整 | たとえば7/22（火）演習10問·6問正解（60％）——7/23（水）誤答4問の用語確認——7/24（木）同4問解き直し——が定番です。",7領域の回し方と70点ライン,"7領域すべて60％以上を維持し、50問演習で35問正解（70点）を目標にします。55％未満の領域は20問追加します。 | 領域 | 週次目標 |
| --- | --- |
| 各領域 | 正答率60％以上 |
| 弱点 | 55％未満→20問追加 |
| 50問演習 | 35問正解以上 |
| 直前2週 | 新規暗記停止 | 例えば8/30（土）50問·36問正解（72点）——領域⑤55％未満——9/2（火）同分野20問解き直し——9/6（土）全領域60％以上——目標——が定番です。",study-plan-working記事との2列比較表,"独学時間配分は2記事で分担します。本記事は週5時間·1日1時間×5日·12週月間逆算·独学標準ペース（時間余裕あり）、study-plan-working記事は週10時間·通勤30分活用·残業週調整·社会人圧縮ペース（時間制約あり）に特化します。 | 論点 | 独学スケジュール（本記事） | 社会人計画 |
| --- | --- | --- |
| 週次時間 | 5時間 | 10時間 |
| 配分 | 1h×5日 | 火木22:00等 |
| 成果物 | 12週月間表 | 週10h表 |
| 出口 | study-planへ | balance-work-studyへ | たとえば6/14（日）本記事——週5時間表——週10時間確保できる場合はstudy-plan-working——週3時間しか無い場合はbalance-work-study——確認——の順が定番です。70点の詳細はpass-score記事——が正本です。",,,,,独学は週何時間必要ですか？,残り12週なら週5時間（1日1時間×5日）が定番です。たとえば6/11（木）·残り12週なら、6/14（日）12週逆算表——6/21（日）基礎——8/30（土）50問35問——を目指してください。50問120分·70点以上·7領域がII種の形式です。週10時間版はstudy-plan-working記事——が正本です。,7領域はどの順番で学べばよいですか？,公式テキストの章立て順（領域①→⑦）が定番です。例えば6/14（日）領域①②——7/12（土）領域③④——8/2（土）領域⑤⑥⑦·演習50問——8/30（土）50問35問——を目指してください。55％未満の領域1つに20問追加で解き直すのが弱点補強の定番です。合計105点以上（うち論述25点以上）がI種の基準であり、II種70点とは異なります。,本記事とstudy-plan-workingはどう使い分けますか？,本記事は週5時間·12週月間表·独学標準ペース、study-plan-working記事は週10時間·通勤活用·残業週調整の社会人計画に特化します。たとえば6/14（日）本記事で12週表作成、週10時間確保できる場合はstudy-plan-workingで週次配分を確認する順が定番です。模試日程はmock-exam-how-to記事——独学全体像はself-study-guide記事——で確認してください。,,,study-plan:勉強法;self-study-guide:独学総合;pass-score:合格点,週5時間;7領域;50問70点;月間逆算;独学計画
self-study-mistakes,独学対策,メンタルヘルス・マネジメント検定II種の独学のよくある失敗,メンタルヘルスII種の独学のよくある失敗。テキストだけ·解き直しなし·主体混同を表に整理。メンタルヘルス二種でよくある誤答パターン・メンタルヘルス・マネジメント検定II種の独学総合ガイド連携も解説。,メンタルヘルス・マネジメント検定II種（ラインケア）の独学のよくある失敗は、テキスト読みだけで演習不足·解き直しなし·主体混同のまま進む3パターンが典型です。試験の誤答パターン分析はメンタルヘルス二種でよくある誤答パターンの記事、独学全体像はメンタルヘルス・マネジメント検定II種の独学総合ガイドと役割分担します。公式情報は大阪商工会議所（https://www.mental-health.ne.jp/about/）の試験のご紹介です。,26,独学;教材;学習計画,メンタルヘルス二種マスター編集部,資格学習サイトの編集チーム,公式情報確認担当,公開前に一次情報との照合を行う担当者,2026-06-06,試験のご紹介（公式）|https://www.mental-health.ne.jp/about/,手書きリライト 2026-06-06。自動prose差し替え 2026-06-04（要手書き）。独学対策向けテンプレートから作成。公開前に本文・参照URL・関連リンクを差し替える。;retire_redirect:study-plan,メンタルヘルス・マネジメント検定II種（ラインケア）の独学のよくある失敗は、テキスト読みだけで演習不足·解き直しなし·主体混同のまま進む3パターンが典型です。試験の誤答パターン分析はメンタルヘルス二種でよくある誤答パターンの記事、独学全体像はメンタルヘルス・マネジメント検定II種の独学総合ガイドと役割分担します。公式情報は大阪商工会議所（https://www.mental-health.ne.jp/about/）の試験のご紹介です。,テキスト読了章数と演習問数を1枚の表で照合する;週10問以上·7領域タグ付き演習を開始する;誤答を7日後に解き直すサイクルを設定する;主体混同の誤答はメンタルヘルス二種でよくある誤答パターンの記事で3分類する,試験要項・公式ページ更新時に本文と参照元を見直す。,2026-06-06,2026-06-29,2026-06-06,archived,2026-06-12: archived（guide retire p1·study-planへ統合）,独学3失敗パターンの全体像（演習不足·復習なし·混同）,独学のよくある失敗の理解度は、関連する演習問題で確認するのが効率的です。1問解くごとに「根拠はテキストのどの章か」をメモすると、復習時に該当ページへすぐ戻れます。 同じ問題を時間を空けて解き直し、言い換え選択肢でも正解できるかまで確認してください。二回連続正解でも、条件を1語変えた肢で誤答する場合は、用語の定義がまだ曖昧なサインです。「独学3失敗パターンの全体像（演習不足·復習なし·混同）」では。独学のよくある失敗について公式テキストの該当章を開き、条文の主体・期限・数値を演習問題とセットで押さえて定着を確認します。数値・日程は試験のご紹介（公式）の最新要項で必ず照合してください。,テキストだけで演習不足になる原因と修正表,独学のよくある失敗の理解度は、関連する演習問題で確認するのが効率的です。1問解くごとに「根拠はテキストのどの章か」をメモすると、復習時に該当ページへすぐ戻れます。 同じ問題を時間を空けて解き直し、言い換え選択肢でも正解できるかまで確認してください。二回連続正解でも、条件を1語変えた肢で誤答する場合は、用語の定義がまだ曖昧なサインです。「テキストだけで演習不足になる原因と修正表」では。独学のよくある失敗について公式テキストの該当章を開き、条文の主体・期限・数値を演習問題とセットで押さえて定着を確認します。数値・日程は試験のご紹介（公式）の最新要項で必ず照合してください。,解き直しなしで同じ誤答を繰り返す対策表,解き直しは、当日・3日後・1週間後の間隔を空けると記憶の定着を確認しやすくなります。ブラウザの復習機能やブックマーク一覧を「独学のよくある失敗関連」でフィルタし、優先順位を付けてください。 2回連続で正解できても、解説を読まずに選んだ問題は三回目も解き直し対象にします。「なぜ正解か」を言語化できるまでが、本番レベルの理解です。「解き直しなしで同じ誤答を繰り返す対策表」では。独学のよくある失敗について公式テキストの該当章を開き、条文の主体・期限・数値を演習問題とセットで押さえて定着を確認します。数値・日程は試験のご紹介（公式）の最新要項で必ず照合してください。,主体混同を独学中に防ぐ確認表,独学を始める前に、試験のご紹介（公式）で受験資格・試験日程・出題範囲（7領域）・合格基準をメモしてください。独学のよくある失敗の学習計画は、公式テキストの章立てと一致させると、過去問の分野ラベルとも対応づけやすくなります。 ブログやSNSの「最新情報」は、必ず大阪商工会議所のページと照合してから採用してください。申込期限や受験料は年度ごとに変わるため、カレンダーに締切を入れてから教材を開く習慣が有効です。,関連ガイドとの使い分け,数値・日程・合格基準は年度で更新されるため、学習前と申込前には試験のご紹介（公式）の最新案内を確認してください。演習で独学のよくある失敗に関する設問を解いたら。正解理由と誤答肢の違いを短くメモし、用語解説・比較表・よくある誤答タブで似た論点を比較表で整理すると定着しやすくなります。 関連記事は役割が重ならないよう、概要→形式→学習計画の順で読むと迷いにくくなります。数値・日程・合格基準は年度で更新されるため、学習前と申込前には大阪商工会議所の最新案内を確認してください。,,,,,テキストだけ読んで演習しないとどうなりますか？,「テキストだけ読んで演習しないとどうなりますか」はメンタルヘルス・マネジメント検定II種の公式テキスト該当章と試験のご紹介（公式）で確認するのが確実です。独学のよくある失敗では、条文の要件（誰が・いつ・何を）を演習問題とセットで押さえてください。,解き直しなしで合格できますか？,「解き直しなしで合格できますか」はメンタルヘルス・マネジメント検定II種の公式テキスト該当章と試験のご紹介（公式）で確認するのが確実です。独学のよくある失敗では、条文の要件（誰が・いつ・何を）を演習問題とセットで押さえてください。,本記事とメンタルヘルス二種でよくある誤答パターンはどう使い分けますか？,読了後は、独学のよくある失敗の関連する演習を5問以上解き、間違えた選択肢を用語解説で確認してから関連ガイドへ進んでください。1週間後の解き直し日をカレンダーに入れると定着しやすくなります。数値・主体・手順は大阪商工会議所の最新案内と照合してください。,,,common-mistakes:誤答パターン;glossary-how-to:用語解説活用;pass-score:合格点,テキストだけ;解き直しなし;主体混同;50問70点;演習不足
self-study-environment,独学対策,メン管II種·独学環境整備【週3h·通知遮断·70点】,メンタルヘルス・マネジメント検定II種（ラインケア）の独学環境の整え方。時間確保·通知遮断·教材配置を表に整理し、仕事両立記事との2列比較で具体例解説します。,独学がうまくいかない原因の多くは、意志ではなく環境にあります。本記事では、メンタルヘルス・マネジメント検定II種（ラインケア）の学習を続けるために、学習時間の確保・通知の遮断・集中できる机まわりという3つの要素を最初の1週間で整える方法を紹介します。週3時間の枠を固定するコツ、60分集中のためのチェックリスト、教材をすぐ開ける準備まで具体的です。仕事との両立計画はbalance-work-study記事、試験概要は大阪商工会議所の公式案内をご覧ください。,26,独学;教材;学習計画,メンタルヘルス二種マスター編集部,資格学習サイトの編集チーム,公式情報確認担当,公開前に一次情報との照合を行う担当者,2026-06-13,試験のご紹介（公式）|https://www.mental-health.ne.jp/about/,手書きリライト 2026-06-12。v2,本記事を読むと、管理監督者向けの時間確保表と通知遮断チェックリストが分かり、たとえば「6/14 22:00枠→6/15 通知遮断→6/17 演習10問→6/28 実行率80％」まで今日から再現でき、仕事両立記事との使い分けも表で把握できます。,火·木22:00〜23:00·土曜1時間の学習枠をカレンダーに固定する;学習中はスマホ通知をオフにする;公式テキスト·演習問題を1か所にまとめる;balance-work-study記事で週3時間配分を確認する;6/28（土）学習枠の実行率80％を記録する,試験要項・公式ページ更新時に本文と参照元を見直す。,2026-06-13,2026-06-29,2026-06-13,published,2026-06-12: 編集合格（手書きリライト·具体例·v2）,独学環境整備の3要素（時間·遮断·配置）,"II種ラインケアの独学環境は時間確保·通知遮断·教材配置の3要素で整えます。第1週に設定し2週間固定が定番です。50問·120分·70点以上·7領域が前提です。 | 要素 | 設定 | 目標 |
| --- | --- | --- |
| 時間 | 平日1時間·休日1時間 | 週3時間 |
| 遮断 | 通知オフ·SNS禁止 | 60分集中 |
| 配置 | テキスト·PC1か所 | 準備5分 |
| 記録 | 実行率 | 80％以上 | たとえば6/14（日）22:00〜23:00枠固定——6/28（土）実行率80％（4日/5日）——記録——が定番です。I種の合計105点以上（うち論述25点以上）の学習環境と混同しないでください。",平日·休日の学習時間確保表（週3時間）,"管理監督者の独学は火·木22:00〜23:00·土曜1時間の計3時間が現実的な目安です。balance-work-study記事の配分と一致させます。 | 曜日 | 時間 | 内容 |
| --- | --- | --- |
| 火 | 22:00〜23:00 | 演習10問 |
| 木 | 22:00〜23:00 | 誤答用語10語 |
| 土 | 9:00〜10:00 | テキスト1章 |
| 月水金日 | — | 現場·休息 | 例えば6/17（火）22:00演習10問·6問正解（60％）——6/19（木）22:00誤答4問の用語確認——6/21（土）9:00同4問解き直し——が定番です。",通知遮断と集中60分のチェックリスト,"学習60分の集中にはスマホ通知オフ·SNS遮断·家族への事前連絡が有効です。2.4分/問（144秒）を意識してください。 | 項目 | 設定 | 確認 |
| --- | --- | --- |
| スマホ | 通知オフ | 学習前 |
| PC | 不要タブ閉じ | 学習前 |
| 家族 | 22:00学習連絡 | 週初 |
| タイマー | 60分設定 | 開始時 | たとえば6/17（火）22:00——通知オフ60分·演習10問完了——6/24（火）同設定——繰り返し——が定番です。",教材配置と学習開始5分準備表,"公式テキスト·演習問題·用語解説を1か所にまとめ、学習開始5分で準備完了する配置にします。self-study-guide記事の3点セットと併用します。 | 教材 | 配置 | 準備 |
| --- | --- | --- |
| 公式テキスト | 机の左 | しおり2枚 |
| 演習問題 | PCブックマーク | 1クリック |
| 用語解説 | 別タブ固定 | 検索履歴 |
| 誤答メモ | ノート1冊 | 4列表 | 例えば6/14（日）教材配置整備——6/17（火）22:00開始5分以内——演習10問着手——週5日中4日以上——記録——が定番です。",balance-work-study記事との2列比較表,"環境整備と両立計画は2記事で分担します。本記事は時間枠固定·通知遮断·教材配置·60分集中·実行率記録（環境設定）、balance-work-study記事は週3時間逆算·残業週調整·12週月間表·現場業務と7領域対応（両立計画）に特化します。 | 論点 | 環境整備（本記事） | 仕事両立 |
| --- | --- | --- |
| 焦点 | 22:00枠·遮断 | 12週逆算 |
| 週次時間 | 3時間 | 3時間 |
| 成果物 | 遮断チェック表 | 月間両立表 |
| 出口 | balance-work-studyへ | study-plan-workingへ | たとえば6/14（日）本記事——22:00枠·通知遮断——6/21（日）balance-work-study——12週表——週5時間確保できる場合はself-study-schedule——確認——の順が定番です。70点の詳細はpass-score記事——が正本です。",,,,,独学に週何時間確保すればよいですか？,管理監督者の独学は週3時間（平日2＋休日1）が定番です。たとえば6/11（木）·残り12週なら、6/14（日）火木22:00枠——6/17（火）演習10問——6/21（土）テキスト1章——を目指してください。50問120分·70点以上·7領域がII種の形式です。週5時間版はself-study-schedule記事——が正本です。,通知遮断はどこまで必要ですか？,学習60分中はスマホ通知オフ·SNS遮断が定番です。例えば6/17（火）22:00——通知オフ60分·演習10問·6問正解（60％）——6/24（火）同設定——7日後解き直し10問——を実施してください。合計105点以上（うち論述25点以上）がI種の基準であり、II種70点とは異なります。2.4分/問（144秒）を意識してください。,本記事とbalance-work-studyはどう使い分けますか？,本記事は時間確保·通知遮断·教材配置、balance-work-study記事は仕事両立·週3時間逆算·12週月間表·残業週調整に特化しています。たとえば6/14（日）本記事で22:00枠設定、6/21（日）balance-work-studyで月間両立表を確認する順が定番です。70点の詳細はpass-score記事——独学全体像はself-study-guide記事——で確認してください。,,,balance-work-study:仕事両立;self-study-schedule:独学スケジュール;self-study-guide:独学総合,時間確保;通知遮断;週3時間;集中環境;50問70点
self-study-motivation,独学対策,メン管II種·モチベーション維持【週次振り返り·小目標·70点】,メンタルヘルス・マネジメント検定II種（ラインケア）の独学モチベーション維持。週次振り返り·小目標·正答率可視化を表に整理し、伸び悩み突破記事との2列比較で具体例解説します。,独学はやる気が続かず途中で失速しがちです。メンタルヘルス・マネジメント検定II種（ラインケア）の合格まで走り切るには、気合いより仕組みが大切。本記事では、週ごとの振り返り、達成しやすい小さな目標、7領域の正答率の見える化といった工夫で、学習を習慣として定着させる方法を紹介します。2週間伸び悩んだときの見極め方も解説。得点が止まったときの打開策はplateau-breakthrough記事へ。試験の詳細は大阪商工会議所の公式情報で確認しましょう。,26,独学;教材;学習計画,メンタルヘルス二種マスター編集部,資格学習サイトの編集チーム,公式情報確認担当,公開前に一次情報との照合を行う担当者,2026-06-13,試験のご紹介（公式）|https://www.mental-health.ne.jp/about/,手書きリライト 2026-06-12。v2,本記事を読むと、週次振り返り表と週10問小目標の設定方法が分かり、たとえば「6/15 振り返り表→6/22 10問70％→8/2 66点→8/16 停滞→8/23 突破記事確認」まで今日から再現でき、伸び悩み突破記事との使い分けも表で把握できます。,毎週日曜30分で週次振り返り表を更新する;小目標を「演習10問·正答率70％」に設定する;7領域正答率を1枚の表で可視化する;2週間伸び悩みならplateau-breakthrough記事を確認する;9/6（土）50問模試35問正解を最終目標に置く,試験要項・公式ページ更新時に本文と参照元を見直す。,2026-06-13,2026-06-29,2026-06-13,published,2026-06-12: 編集合格（手書きリライト·具体例·v2）,独学モチベーション維持の3手法（振り返り·小目標·可視化）,"II種ラインケアの独学継続には週次振り返り·小目標·7領域正答率可視化の3手法が有効です。50問·120分·70点以上·7領域が前提です。 | 手法 | 頻度 | 内容 |
| --- | --- | --- |
| 週次振り返り | 日曜30分 | 演習量·正答率 |
| 小目標 | 毎週 | 10問·70％ |
| 可視化 | 2週ごと | 7領域表 |
| 最終目標 | 固定 | 35問正解 | たとえば6/15（日）日曜·演習10問·6問正解（60％）——振り返り表に記録——6/22（日）小目標「10問·7問正解」——設定——が定番です。I種の合計105点以上（うち論述25点以上）の学習ペースと混同しないでください。",週次振り返り表の書き方（日曜30分）,"毎週日曜30分で演習問数·正答率·弱点1領域を4列の振り返り表に記録します。study-plan記事の12週表と併用します。 | 列 | 内容 | 例 |
| --- | --- | --- |
| 週 | 6/15週 | 記録 |
| 演習 | 10問 | 6問正解 |
| 正答率 | 60％ | 目標70％ |
| 弱点 | 領域③ | 20問追加 | 例えば6/15（日）日曜·演習10問·60％·領域③55％未満なら、6/22（日）領域③20問追加·6/29（日）再振り返り——が定番です。2.4分/問（144秒）を意識してください。",小目標設定表（週10問·正答率70％）,"最終目標35問正解を週単位の小目標に分解します。達成率80％以上で継続意欲を維持します。50問·120分·70点が合格ラインです。 | 週 | 小目標 | 達成基準 |
| --- | --- | --- |
| 6/15週 | 演習10問 | 完了 |
| 6/22週 | 正答率65％ | 7問/10問 |
| 6/29週 | 正答率70％ | 7問/10問 |
| 8/2週 | 50問通し | 33問以上 | たとえば6/22（日）小目標「10問·7問正解」·6問正解（60％）なら、6/29（日）7日後解き直し10問で7問正解を目指す流れが定番です。",7領域正答率の可視化と伸び悩み判断,"7領域正答率を2週ごとに更新し、2週間変化なしなら伸び悩みと判断します。plateau-breakthrough記事で弱点20問対策を確認します。 | 判断 | 条件 | 対策 |
| --- | --- | --- |
| 順調 | 週+5％ | 現計画継続 |
| 要注意 | 2週横ばい | 弱点20問 |
| 伸び悩み | 2週+0％ | plateau-breakthrough |
| 危険 | 55％未満 | 週20問集中 | 例えば8/2（土）50問·33問——8/16（土）も66点·2週+0％——8/23（土）plateau-breakthrough——弱点1領域20問——確認——が定番です。",plateau-breakthrough記事との2列比較表,"独学継続と得点停滞突破は2記事で分担します。本記事は週次振り返り·小目標·正答率可視化·12週継続習慣（習慣維持）、plateau-breakthrough記事は2週伸び悩み判定·弱点1領域20問·70点突破サイクル（得点停滞）に特化します。 | 論点 | モチベーション（本記事） | 伸び悩み突破 |
| --- | --- | --- |
| 焦点 | 振り返り·小目標 | 弱点20問 |
| 頻度 | 日曜30分 | 2週集中 |
| 成果物 | 振り返り表 | 4週突破表 |
| 出口 | plateau-breakthroughへ | pass-scoreへ | たとえば6/15（日）本記事——週次振り返り開始——8/16（土）2週+0％——plateau-breakthrough——弱点20問——9/6（土）35問——確認——の順が定番です。12週全体はstudy-plan記事——が正本です。",,,,,独学が続かないときはどうすればよいですか？,週次振り返り表で演習量·正答率を可視化し、小目標を「10問·70％」に下げるのが定番です。たとえば6/22（日）·演習5問しか解けなかった週なら、6/29（日）小目標「10問·6問正解」に再設定してください。50問120分·70点以上·7領域がII種の形式です。12週全体はstudy-plan記事——が正本です。,2週間得点が伸びないときは？,伸び悩みと判断し、plateau-breakthrough記事で弱点1領域20問追加が定番です。例えば8/2（土）50問·33問正解（66点）·8/16（土）も66点なら、8/23（土）55％未満領域20問を追加してください。合計105点以上（うち論述25点以上）がI種の基準であり、II種70点とは異なります。2.4分/問（144秒）を意識してください。,本記事とplateau-breakthroughはどう使い分けますか？,本記事は週次振り返り·小目標·継続の正本、plateau-breakthrough記事は得点停滞·弱点20問追加·70点突破策に特化します。たとえば6/15（日）本記事で振り返り開始、8/16（土）伸び悩み時にplateau-breakthroughで弱点対策を確認する順が定番です。70点の詳細はpass-score記事——最初30日はfirst-30-days-plan記事——で確認してください。,,,plateau-breakthrough:伸び悩み突破;study-plan:勉強法;pass-score:合格点,週次振り返り;小目標;正答率可視化;50問70点;継続
self-study-without-school,独学対策,メン管II種·資格学校なし独学【コスト比較·3点·70点】,メンタルヘルス・マネジメント検定II種（ラインケア）の資格学校なし独学。コスト比較表·50問70点·7領域を整理し、勉強法記事との2列比較で具体例解説します。,資格学校に通わなくても、メンタルヘルス・マネジメント検定II種（ラインケア）は十分に合格を狙えます。50問・120分・100点満点中70点が合格ラインで、出題は7領域。本記事では、大阪商工会議所発行の公式テキスト、演習問題、用語解説の3点セットを軸にした独学の進め方を紹介し、学校に通う場合とのコスト比較や、週次サイクルを始める頃合いまで整理します。12週間の演習計画はstudy-plan記事へ。最新の試験要項は公式サイトで確認してください。,26,独学;教材;学習計画,メンタルヘルス二種マスター編集部,資格学習サイトの編集チーム,公式情報確認担当,公開前に一次情報との照合を行う担当者,2026-06-13,試験のご紹介（公式）|https://www.mental-health.ne.jp/about/,手書きリライト 2026-06-12。v2,本記事を読むと、資格学校なし独学のコスト比較·3点セットの使い方が分かり、たとえば「6/14 比較表→6/21 指定版→6/28 週次開始→8/30 50問模試」まで今日から再現でき、勉強法記事との使い分けも表で把握できます。,試験のご紹介（公式）で50問·70点·7領域を確認する;コスト比較表で資格学校·通信講座·独学3点を整理する;textbook-selection記事で指定版·7領域目次を照合する;correspondence-course-guide記事で通信講座要否を判断する;study-plan記事で12週·週次演習サイクルを確認する,試験要項・公式ページ更新時に本文と参照元を見直す。,2026-06-13,2026-06-29,2026-06-13,published,2026-06-12: 編集合格（手書きリライト·具体例·v2）,資格学校なし独学の全体像（50問·120分·70点·7領域）,"II種ラインケアは資格学校が必須ではなく、公式テキスト·q/演習·用語解説の3点セットで50問·70点合格は十分可能です。 | 教材 | 役割 | 必須度 |
| --- | --- | --- |
| 公式テキスト | 出題範囲正本 | 必須 |
| q/演習 | 7領域タグ演習 | 必須 |
| 用語解説 | 誤答用語確認 | 必須 |
| 資格学校 | 対面·添削 | 任意 | たとえば6/14（日）公式テキスト第6版——7領域照合——6/21（日）q/演習10問——週2回——が定番です。I種の合計105点以上（うち論述25点以上）の学校と混同しないでください。",資格学校·通信講座·独学3点のコスト比較表,"学習手段は予算と時間で選びます。資格学校なし独学は最も低コストです。 | 手段 | 目安費用 | 特徴 |
| --- | --- | --- |
| 独学3点セット | 約5,500円 | 公式テキスト正本 |
| 通信講座 | 3〜8万円 | 添削·動画（任意） |
| 資格学校 | 10〜20万円 | 対面·集中 |
| 受験料 | 要項で確認 | 別途必要 | 例えば6/14（日）3手段——比較表——残り12週·週5時間——独学3点——8/30（土）50問模試35問——が定番です。",学校なし独学の週次サイクル表,"資格学校なしでも週次サイクルを固定すれば70点ラインに届きます。 | 曜日 | 作業 | 時間 |
| --- | --- | --- |
| 火 | q/演習10問 | 60分 |
| 木 | 誤答用語10語 | 30分 |
| 土 | 公式テキスト1章 | 60分 |
| 翌週火 | 同10問解き直し | 60分 | たとえば6/28（土）火曜演習10問·6問——7/5（土）同10問·7問——正答率55％未満の領域は20問追加——が定番です。2.4分/問（144秒）を意識してください。",50問本番形式模試の導入タイミング表,"学校なし独学でも50問·120分の本番形式模試は試験8週前に1回以上必要です。 | 時期 | 模試 | 目標 |
| --- | --- | --- |
| 8/2（土） | 50問通し | 60％以上 |
| 8/30（土） | 50問通し | 35問正解 |
| 9/13（土） | 50問通し | 38問正解 |
| 9/27（土） | 弱点20問 | 70％以上 | 例えば8/30（土）50問·34問——9/6（土）誤答16問——4分類——9/27（土）再模試35問——を目指してください。",study-plan記事との2列比較表,"学校なし判断と週次学習計画は2記事で分担します。study-plan記事は12週·7章·週次サイクル·演習配分·50問模試、本記事は資格学校不要判断·3手段コスト比較·学校なし週次サイクル·模試導入タイミングに特化します。 | 論点 | 勉強法 | 学校なし独学（本記事） |
| --- | --- | --- |
| 焦点 | 週次サイクル | コスト·要否 |
| 時期 | 計画確定後 | 学習手段選定前 |
| 成果物 | 週次表 | 比較表 |
| 出口 | 本記事へ | correspondence-course-guideへ | たとえば6/14（日）本記事——比較表——6/21（日）textbook-selection——6/28（土）study-plan——週次開始——の順が定番です。学校不要と判断しても週次計画を作らないと演習量が不足します。",,,,,資格学校なしで独学合格は可能ですか？,公式テキスト·q/演習·用語解説の3点セットで十分可能です。例えば6/11（木）残り12週——6/21（日）q/演習10問——週2回——8/30（土）50問本番形式——35問正解——を目指してください。50問120分·70点以上·7領域がII種の形式です。週次計画はstudy-plan記事——が正本です。,資格学校と通信講座·独学3点の費用差はどのくらいですか？,"独学3点セットは約5,500円、通信講座3〜8万円·資格学校10〜20万円が目安です。たとえば6/14（日）比較表——残り12週·週5時間——独学3点——70点合格逆算——してください。合計105点以上（うち論述25点以上）がI種の基準で、II種70点とは異なります。講座要否はcorrespondence-course-guide記事——が正本です。",本記事と勉強法記事の違いは？,本記事は資格学校不要·3手段コスト比較·学校なし週次サイクル、study-plan記事は12週·7章·週次サイクル·演習配分·50問模試に特化します。例えば6/14（日）本記事——比較表——6/28（土）study-plan——週次開始——の順が定番です。70点の詳細はpass-score記事——無料教材はfree-materials-online記事——で確認してください。,,,study-plan:勉強法;correspondence-course-guide:通信講座;pass-score:合格点;affiliate-textbooks-recommend:メンタルヘルス・マネジメント検定II種のおすすめテキスト3選【2026年度版·独学】,資格学校なし;コスト比較;独学3点セット;50問70点;7領域
textbook-selection,独学対策,メン管II種·公式テキスト選び【第5/6版·7領域·正本】,メンタルヘルス・マネジメント検定II種（ラインケア）の公式テキストの選び方。第5/6版·7領域章立てを表に整理し、問題集選び記事との2列比較で具体例解説します。,メンタルヘルス・マネジメント検定II種（ラインケア）の学習は、テキスト選びでつまずくと遠回りになります。本記事では、大阪商工会議所発行の公式テキスト第5版・第6版を受験要項や7領域の章立てと照らし合わせ、出題範囲の土台となる1冊に絞り込む手順を解説します。版による違いの見分け方や、選ぶ際の3つの基準も整理。問題集選びはproblem-book-selection記事を先にどうぞ。指定版は変わることがあるため、受験要項を公式サイトで必ず確認してください。,26,独学;教材;学習計画,メンタルヘルス二種マスター編集部,資格学習サイトの編集チーム,公式情報確認担当,公開前に一次情報との照合を行う担当者,2026-06-13,試験のご紹介（公式）|https://www.mental-health.ne.jp/about/,手書きリライト 2026-06-06。自動prose差し替え 2026-06-04（要手書き）。独学対策向けテンプレートから作成。公開前に本文・参照URL・関連リンクを差し替える。,本記事を読むと、公式テキストの選び方が分かり、たとえば「6/14 指定版確認→差分表→6/21 第1章読了→演習10問」まで今日から再現でき、問題集選び記事との使い分けも表で把握できます。,試験のご紹介（公式）で指定テキスト版を1枚に確認する;第5版·第6版の差分表を1枚にまとめる;7領域章立てと目次を対応づける;problem-book-selection記事で問題集1冊を選定する;material-update-cycle記事で版更新を申込前に確認する,試験要項・公式ページ更新時に本文と参照元を見直す。,2026-06-13,2026-06-29,2026-06-13,published,2026-06-12: 編集合格（手書きリライト·具体例·v2）,公式テキスト選び：3基準表（第5/6版·7領域）,"II種ラインケアの教材正本は大阪商工会議所発行の公式テキストです。受験要項の指定版を必ず確認します。

II種の教材の基本は、大阪商工会議所が発行する公式テキストです。試験は公式テキストに準拠して出題されるため、まずは受験要項で指定されている版を確認し、その最新版を1冊そろえるのが基本になります。版が改定されている場合は、最新版を基準に学習します。

| 基準 | 内容 | 確認先 |
| --- | --- | --- |
| 指定版 | 要項記載 | 試験のご紹介 |
| 章立て | 7領域対応 | 目次 |
| 正本 | 1冊に絞る | 公式テキスト |
| 更新 | 版改定 | material-update-cycle |",第5版·第6版：差分確認表,"版改定箇所は要項·目次差分で確認します。旧版記載の演習誤答は最新版で上書きします。

公式テキストは版が改定されることがあり、改定箇所は目次や要項の差分で確認します。旧版に基づいた古い演習の解答は、最新版の内容で上書きしておくのが安全です。学習は最新の指定版を正本として進め、版の違いによる混乱を避けます。

| 確認 | 第5版 | 第6版 |
| --- | --- | --- |
| 指定 | 要項で確認 | 要項で確認 |
| 目次 | 差分メモ | 正本 |
| 演習 | 旧版注意 | 最新版 |
| 問題集 | 版対応確認 | problem-book-selection | テキスト1冊は、affiliate-textbooks-recommend で公式第6版·TAC·サクッとわかるの3冊を比較してから固定すると途中で変えずに済みます。",7領域章立てと目次の照合表,"公式テキスト第1〜7章と7領域·q/演習タグを対応づけて学習します。

公式テキストの第1〜7章と、7つの領域・演習のタグを対応づけて学習すると、どの章がどの出題領域に当たるかが明確になります。章と領域を照合しておくことで、弱点の領域を公式テキストの該当章に戻って復習しやすくなります。

| 章 | 領域 | 演習 |
| --- | --- | --- |
| 第1章 | ①基礎·4ケア | q/タグ① |
| 第2章 | ②基礎知識 | q/タグ② |
| 第3章 | ③職場環境 | q/タグ③ |
| 第4〜7章 | ④〜⑦ | q/タグ④⑦ |",公式テキスト·問題集·q/演習の使い分け,"テキストでインプット、問題集·q/で演習、terms/で用語確認の3点セットが定番です。

教材は役割で使い分けます。公式テキストで知識をインプットし、問題集や演習でアウトプット（演習）を行い、用語解説（terms/）で用語の意味と根拠を確認する、という3点セットが基本です。それぞれをいつ使うかを決めておくと学習が回ります。

| 教材 | 役割 | タイミング |
| --- | --- | --- |
| 公式テキスト | 正本·インプット | 章ごと |
| 問題集 | 演習·解説 | 章後 |
| q/演習 | 弱点·分野別 | 週次 |
| terms/ | 用語確認 | 誤答後 |",problem-book-selection記事との2列比較表,"公式テキスト選定と問題集選びは2記事で分担します。本記事は指定版·版差分·7領域目次対応·正本1冊、problem-book-selection記事は問題集1冊選定·7領域タグ·版改定対応に特化します。

本記事は公式テキストの指定版・版差分・7領域と目次の対応という「テキスト選び」を扱い、problem-book-selection記事は問題集の選定・7領域タグ・版改定対応という「問題集選び」を扱います。インプット教材とアウトプット教材を分けて選ぶと、独学の土台が整います。

| 論点 | テキスト選び（本記事） | 問題集選び |
| --- | --- | --- |
| 焦点 | 指定版·章立て | 問題集1冊 |
| 時期 | 学習開始前 | テキスト後 |
| 成果物 | 差分·目次表 | 問題集候補表 |
| 出口 | past-questions-studyへ | 本記事へ | 2記事を混同するとテキストは決まっても演習用問題集が曖昧になります。",,,,,第5版テキストのままで受験できる？,受験する試験で指定されている版は、受験要項や試験のご紹介（公式）で毎回確認するのが基本です。公式テキストは改定されることがあるため、旧版のまま学習を進めるのではなく、申込時点で指定されている最新の版を確認して使うようにします。,公式テキスト以外の参考書は必要？,基本となるのは公式テキスト1冊で、これに問題集を1冊、加えて本サイトの演習や用語解説を組み合わせれば、独学に必要な教材はそろいます。参考書を何冊も買いそろえるよりも、公式テキストを軸に演習を繰り返すほうが得点につながります。,本記事と問題集選び記事の違いは？,本記事は、公式テキストの指定版・版の差分の確認・7つの領域と目次の対応など「テキスト選び」を扱います。problem-book-selection記事は、問題集の選定・領域タグ・版改定への対応など「問題集選び」を扱うため、インプットとアウトプットの教材を分けて選べます。,,,problem-book-selection:問題集選び;subjects:出題範囲;pass-score:合格点;affiliate-textbooks-recommend:メンタルヘルス・マネジメント検定II種のおすすめテキスト3選【2026年度版·独学】;affiliate-problem-books:メンタルヘルス・マネジメント検定II種のおすすめ問題集3選【2026年度版·過去問】,公式テキスト;第5/6版;7領域;章立て;正本
problem-book-selection,独学対策,メン管II種·問題集選び【第6版·7領域·1冊】,メンタルヘルス・マネジメント検定II種（ラインケア）の問題集の選び方。第6版対応·7領域タグを表に整理し、公式テキスト選び記事との2列比較で具体例解説します。,問題集は数が多く、どれを選べばよいか迷いがちです。メンタルヘルス・マネジメント検定II種（ラインケア）は50問を120分で解くため、1問あたり約2.4分という時間感覚を養える1冊が理想です。本記事では、公式テキスト第6版との対応、版改定への追従、解説の充実度、7領域のバランスといった観点から、自分に合う問題集を1冊に絞る選び方を解説します。週ごとの演習量の決め方も紹介。テキストの指定版確認はtextbook-selection記事、最新情報は大阪商工会議所の公式サイトへ。,26,独学;教材;学習計画,メンタルヘルス二種マスター編集部,資格学習サイトの編集チーム,公式情報確認担当,公開前に一次情報との照合を行う担当者,2026-06-13,試験のご紹介（公式）|https://www.mental-health.ne.jp/about/,手書きリライト 2026-06-12。v2,本記事を読むと、問題集1冊の選び方が分かり、たとえば「6/21 候補3冊→7領域タグで1冊→6/28 週20問→8/30 50問模試」まで今日から再現でき、公式テキスト選び記事との使い分けも表で把握できます。,textbook-selection記事で指定版·7領域目次を照合する;問題集候補を7領域タグ·版改定·解説品質で3点評価する;1冊に絞り週20問·50問模試計画を立てる;past-questions-study記事で4段階演習サイクルを確認する;material-update-cycle記事で版更新を申込前に確認する,試験要項・公式ページ更新時に本文と参照元を見直す。,2026-06-13,2026-06-29,2026-06-13,published,2026-06-12: 編集合格（手書きリライト·具体例·v2）,問題集選び：3基準表（第6版·7領域·1冊）,"II種ラインケアの演習正本は公式テキスト第6版と一致する問題集1冊です。候補は3基準で絞り込みます。 | 基準 | 内容 | 除外例 |
| --- | --- | --- |
| 7領域タグ | 全領域カバー | タグなし |
| 版改定 | 第6版対応 | 第4版のみ |
| 解説品質 | 主体·手順明示 | 正解のみ | 例えば6/21（日）候補3冊——7領域タグなし2冊除外——6/28（土）残り1冊——週20問開始——が定番です。I種は合計105点以上（うち論述25点以上）が合格基準で、混同しないでください。",公式テキスト第6版との照合表,"問題集の解説はtextbook-selection記事で確認した指定版·章立て·用語と一致しているか照合します。 | 照合 | 公式テキスト | 問題集 |
| --- | --- | --- |
| 版 | 第6版 | 第6版表記 |
| 章立て | 7領域 | タグ対応 |
| 用語 | 手引き表記 | 解説一致 |
| 制度 | 最新改正 | 改定注記 | たとえば6/14（日）textbook-selection——指定第6版——6/21（日）解説10問——テキスト該当章照合——不一致2問——material-update-cycle記事——確認——が定番です。",7領域バランスと演習量の目安表,"選定した問題集で7領域の出題バランスを確認し、55％未満の領域はq/演習で補完します。 | 領域 | 問題集目安 | 補完 |
| --- | --- | --- |
| 各領域 | 10問以上 | q/演習 |
| 弱点領域 | 週20問追加 | 分野別 |
| 全体 | 200問以上 | 過去問 |
| 模試 | 50問通し | 8月以降 | 例えば6/28（土）問題集50問——領域⑤55％未満——7/5（土）q/演習20問——past-questions-by-field記事——弱点演習——が定番です。",問題集·q/演習·過去問の使い分け表,"問題集は解説付き弱点補強、q/演習は7領域タグ付き演習、50問通しは70点判定に使い分けます。 | 教材 | 用途 | 頻度 |
| --- | --- | --- |
| 問題集 | 解説·弱点 | 週20問 |
| q/演習 | 7領域タグ | 週10問 |
| 50問通し | 70点判定 | 月1回 |
| 公式テキスト | 根拠確認 | 毎回 | たとえば7/5（土）問題集20問·4問誤答——terms/4語確認——7/12（土）解き直し——8/30（土）50問通し35問——past-questions-study記事——4段階サイクル——が定番です。",textbook-selection記事との2列比較表,"公式テキスト選定と問題集選びは2記事で分担します。textbook-selection記事は指定版·版差分·7領域目次·正本1冊、本記事は問題集1冊選定·7領域タグ·版改定対応·演習配分に特化します。 | 論点 | テキスト選び | 問題集選び（本記事） |
| --- | --- | --- |
| 焦点 | 指定版·章立て | 問題集1冊 |
| 時期 | 学習開始前 | テキスト後 |
| 成果物 | 差分·目次表 | 候補評価表 |
| 出口 | 本記事へ | past-questions-studyへ | 例えば6/14（日）textbook-selection——指定第6版——6/21（日）本記事——問題集1冊決定——6/28（土）第1章+演習10問——の順が定番です。2記事を混同するとテキストは決まっても演習用問題集が曖昧になります。",,,,,問題集は何冊使えばよいですか？,公式テキスト第6版と照合できる7領域タグ付き問題集を1冊に絞るのが定番です。例えば6/21（日）候補3冊——7領域タグなし2冊除外——6/28（土）残り1冊——週20問開始——50問120分·70点以上·7領域がII種の形式です。指定版はtextbook-selection記事——が正本です。,旧版のみの問題集は使えますか？,第5版以前のみの問題集は版改定箇所で誤答の原因になりやすいです。たとえば6/28（土）旧版問題10問——3問が制度変更で誤答——7/5（土）material-update-cycle記事——第5/6版差分確認——textbook-selection記事——指定版照合——してください。I種は合計105点以上（うち論述25点以上）が基準でII種70点とは異なります。,本記事とテキスト選び記事の違いは？,textbook-selection記事は公式テキスト指定版·第5/6版差分·7領域目次対応、本記事は問題集1冊選定·7領域タグ·版改定対応·演習配分に特化します。例えば6/14（日）textbook-selection——6/21（日）本記事——問題集1冊——6/28（土）第1章+演習——の順が定番です。70点の詳細はpass-score記事——4段階演習はpast-questions-study記事——で確認してください。,,,textbook-selection:テキスト選び;past-questions-study:過去問·演習;pass-score:合格点;affiliate-problem-books:メンタルヘルス・マネジメント検定II種のおすすめ問題集3選【2026年度版·過去問】,問題集選び;公式テキスト;第6版;7領域;版改定
correspondence-course-guide,独学対策,メン管II種·通信講座選び【独学可·7領域·ASP非掲載】,メンタルヘルス・マネジメント検定II種（ラインケア）の通信講座の選び方。独学可·公式テキスト正本·ASP非掲載方針を表に整理し、勉強法記事との2列比較で具体例解説します。,通信講座を申し込むべきか、独学で十分か。迷う方のための判断材料をまとめました。結論から言えば、メンタルヘルス・マネジメント検定II種（ラインケア）は通信講座が必須ではなく、大阪商工会議所発行の公式テキストに本サイトの演習と用語解説を組み合わせれば、50問・100点満点中70点での合格は十分に狙えます。本記事では、講座の要否を5つの観点で比較し、独学との併用が向くケースも整理します。週次サイクルや12週計画はstudy-plan記事へ。最新要項は公式サイトで確認してください。,26,独学;教材;学習計画,メンタルヘルス二種マスター編集部,資格学習サイトの編集チーム,公式情報確認担当,公開前に一次情報との照合を行う担当者,2026-06-13,試験のご紹介（公式）|https://www.mental-health.ne.jp/about/,手書きリライト 2026-06-12。v2,本記事を読むと、通信講座の要否·比較基準が分かり、たとえば「6/14 指定版→6/21 講座不要→6/28 週次演習→8/30 50問模試」まで今日から再現でき、勉強法記事との使い分けも表で把握できます。,textbook-selection記事で指定版·7領域目次を照合する;q/演習10問で7領域タグとテキスト章の対応を記録する;通信講座候補を7領域カバー·版·50問形式で比較表に整理する;study-plan記事で12週·週次演習サイクルを確認する;弱点領域のみ講座併用するか最終判断する,試験要項・公式ページ更新時に本文と参照元を見直す。,2026-06-13,2026-06-29,2026-06-13,published,2026-06-12: 編集合格（手書きリライト·具体例·v2）,通信講座の位置づけ（独学·公式テキスト正本）,"II種ラインケアは通信講座が必須ではなく、公式テキスト·q/演習·用語解説の独学でも50問·四択一·120分·70点以上を目指せます。

II種は、通信講座が必須というわけではありません。公式テキスト・演習・用語解説を使った独学でも、50問・四択・120分・100点満点中70点以上という合格を十分に目指せます。通信講座は、独学で伸び悩む部分を補うための選択肢と考えると、判断しやすくなります。

| 教材 | 役割 | 優先度 |
| --- | --- | --- |
| 公式テキスト | 出題範囲の正本 | 最優先 |
| q/演習 | 四択慣れ·弱点特定 | 必須 |
| 用語解説 | 定義·主体確認 | 必須 |
| 通信講座 | 添削·動画（任意） | 補助 | I種は合計105点以上（うち論述25点以上）が合格基準で、その講座と混同しないでください。",通信講座を比較する5項目表,"講座を検討する場合は7領域カバーと添削·更新頻度を表で比較します。本サイトはASPリンクを掲載しません。

通信講座を検討する場合は、7つの領域をカバーしているか、添削や教材の更新の頻度はどうか、といった点を比較します。講座の有無にかかわらず、公式テキストと演習を軸にすることが基本です。なお、本サイトは特定の講座への広告リンクを掲載していません。

| 項目 | 確認内容 | 誤りやすい点 |
| --- | --- | --- |
| 7領域 | 全章カバー | 法令だけ薄い |
| 版 | 最新テキスト対応 | 旧版のまま |
| 添削 | 論述なし（II種） | I種用カリキュラム |
| 演習 | 50問形式 | 過去問のみ |
| 費用 | テキスト込みか | 追加教材費 |",独学3点セットと通信講座の併用判断表,"独学の核は公式テキスト·q/演習·用語解説の3点です。通信講座は弱点補強のオプションです。

独学の核となるのは、公式テキスト・演習・用語解説の3点です。通信講座は、独学で伸び悩む弱点を補強するためのオプションと位置づけると、費用対効果を判断しやすくなります。まず独学で全体を回し、必要に応じて講座を併用するのが現実的です。

| 状況 | 独学 | 講座併用 |
| --- | --- | --- |
| 管理監督者経験3年+ | 十分可 | 法令弱点のみ |
| 初学者 | テキスト2周 | 動画で補助 |
| 残り12週未満 | 演習優先 | 新規契約は慎重 |
| 予算制限 | 公式のみ | 不要 |",公式テキスト章立てとq/演習の対応表,"通信講座の有無にかかわらず、公式テキストの章とq/演習の7領域タグを対応づけるのが独学の基本です。

通信講座を使う・使わないにかかわらず、公式テキストの章と、7つの領域・演習タグを対応づけて学習するのが独学の基本です。章と領域を紐づけておくと、演習で弱点が見つかったときに、テキストの該当箇所へ素早く戻って復習できます。

| 領域 | テキスト章 | q/演習目安 |
| --- | --- | --- |
| ①意義·役割 | 第1章 | 10問 |
| ②基礎知識 | 第2章 | 10問 |
| ③環境評価 | 第3章 | 10問 |
| ④個別配慮 | 第4章 | 10問 |
| ⑤相談対応 | 第5章 | 15問 |
| ⑥社内推進 | 第6章 | 10問 |
| ⑦法令 | 第7章 | 15問 | 2.4分/問（144秒）を意識してください。",study-plan記事との2列比較表,"通信講座要否と週次学習計画は2記事で分担します。study-plan記事は12週·7章·週次サイクル·演習配分·50問模試、本記事は講座要否·5項目比較·独学3点セットとの併用判断·ASP非掲載方針に特化します。 | 論点 | 勉強法 | 通信講座（本記事） |
| --- | --- | --- |
| 焦点 | 週次サイクル | 要否·比較 |
| 時期 | 計画確定後 | 教材選定前 |
| 成果物 | 週次表 | 比較表 |
| 出口 | 本記事へ | textbook-selectionへ | 講座比較だけして週次計画を作らないと演習量が不足します。

動画中心で講座を比較する場合は、affiliate-online-course-compare でスタディングとUdemyの向き不向きを確認してから1講座に絞ると続きやすいです。",,,,,通信講座なしで独学合格は可能ですか？,公式テキスト・演習・用語解説による独学で、十分に合格を目指せます。通信講座は、独学で伸び悩む弱点を補強するためのオプションと考えると、費用対効果を判断しやすくなります。まず独学で全体を回してから、必要に応じて併用します。,通信講座を選ぶときの最優先基準は何ですか？,7つの領域をすべてカバーしているか、そして50問・四択の形式に対応した演習があるか、が最優先の基準です。添削や教材の更新の頻度も確認します。なお、本サイトは特定の講座への広告リンクを掲載しておらず、教材選びは公式テキストを基準に考えます。,本記事と勉強法記事の違いは？,本記事は、通信講座を使うかどうかの判断や、独学の3点セット（テキスト・演習・用語解説）との併用の考え方を扱います。study-plan記事は、12週・7章の週次サイクルや演習配分など、具体的な学習計画の立て方を扱います。,,,study-plan:勉強法;textbook-selection:テキスト選び;pass-score:合格点;affiliate-online-course-compare:オンライン講座比較;affiliate-textbooks-recommend:おすすめテキスト3選,独学可;公式テキスト正本;ASP非掲載;7領域;50問70点
free-materials-online,独学対策,メン管II種·無料教材活用【q/演習·用語·70点】,メンタルヘルス・マネジメント検定II種（ラインケア）の無料教材の活用。q/演習·terms/用語·公式テキスト正本を表に整理し、通信講座選び記事との2列比較で具体例解説します。,お金をかけずにどこまで対策できるのか、気になる方は多いはずです。メンタルヘルス・マネジメント検定II種（ラインケア）は50問・100点満点中70点が合格ラインで、出題は7領域。本記事では、公式テキストに本サイトの無料演習と用語解説を組み合わせ、有料講座に頼らず合格を目指す方法を紹介します。領域別の演習と用語確認を回す週次サイクルの作り方が分かります。テキストの指定版はtextbook-selection記事、講座の要否はcorrespondence-course-guide記事へ。試験要項は大阪商工会議所の公式情報をご確認ください。,26,独学;教材;学習計画,メンタルヘルス二種マスター編集部,資格学習サイトの編集チーム,公式情報確認担当,公開前に一次情報との照合を行う担当者,2026-06-13,試験のご紹介（公式）|https://www.mental-health.ne.jp/about/,手書きリライト 2026-06-12。v2,本記事を読むと、無料3点セットの優先順位·週次の使い方が分かり、たとえば「6/21 演習10問→6/28 用語3語→7/5 解き直し→8/30 50問模試」まで今日から再現でき、通信講座選び記事との使い分けも表で把握できます。,textbook-selection記事で指定版·7領域目次を照合する;q/演習10問·7領域タグを週2回解き正答率を記録する;誤答に出た用語をterms/·glossary-how-to記事で主体確認する;correspondence-course-guide記事で講座不要と判断する;7日後に同分野10問を解き直し正答率70％以上を目指す,試験要項・公式ページ更新時に本文と参照元を見直す。,2026-06-13,2026-06-29,2026-06-13,published,2026-06-12: 編集合格（手書きリライト·具体例·v2）,無料教材3点セットの優先順位（50問·7領域·70点）,"II種ラインケアの無料学習は公式テキスト·q/演習·terms/用語解説の3点が核です。50問·四択一·70点以上が合格基準です。 | 教材 | 場所 | 優先度 |
| --- | --- | --- |
| 公式テキスト | 協会発行 | 最優先 |
| q/演習 | 本サイト | 必須 |
| 用語解説 | terms/ | 必須 |
| 用語活用法 | glossary-how-to | 弱点補強 | たとえば6/21（日）q/演習10問——7領域5問中3問——6/28（土）誤答2問の用語——terms/確認——が定番です。I種は合計105点以上（うち論述25点以上）が合格基準で、その有料教材と混同しないでください。",q/演習の使い方（7領域タグ·正答率記録）,"q/演習は7領域タグ付きで解き、正答率55％未満の領域を特定します。解くだけで終わらせず誤答理由を記録します。 | 週 | 演習 | 目標 |
| --- | --- | --- |
| 1〜2週 | 10問·基礎 | 60％ |
| 3〜4週 | 10問·弱点 | 65％ |
| 8週 | 50問通し | 65％ |
| 12週 | 50問本番形式 | 70％ | 例えば6/28（土）演習20問——領域①②10問中6問——7/5（土）同分野10問——解き直し——が定番です。2.4分/問（144秒）を意識してください。",terms/用語解説とglossary-how-toの併用表,"演習で分からなかった語句はterms/用語解説で定義·主体·よくある誤解を確認します。glossary-how-to記事で混同語2組を表形式で整理します。 | ステップ | 内容 | 所要 |
| --- | --- | --- |
| 1 | q/演習10問 | 30分 |
| 2 | 誤答用語をterms/ | 15分 |
| 3 | glossary-how-to | 10分 |
| 4 | 7日後解き直し | 20分 | たとえば6/21（日）演習10問——「管理監督者が診断」2問誤答——6/28（土）terms/——主体表確認——が定番です。",ASP教材を使わない理由と公式テキスト正本表,"本サイトはASP（アフィリエイト）リンクを掲載しません。出題範囲の正本は協会発行の公式テキストです。非公式まとめは参考程度に留めます。 | 教材種 | 使い方 | 注意 |
| --- | --- | --- |
| 公式テキスト | 章立ての正本 | 版を要項と照合 |
| q/演習 | 四択慣れ | 7領域タグ |
| 外部ASP教材 | 不要 | 範囲ズレ注意 |
| 無料PDFまとめ | 補助のみ | 数値要確認 | 例えば6/14（日）textbook-selection——第5/6版差分——6/21（日）q/演習10問——開始——が定番です。",correspondence-course-guide記事との2列比較表,"無料教材活用と通信講座要否は2記事で分担します。correspondence-course-guide記事は講座要否·5項目比較·独学3点との併用判断、本記事はq/演習·terms/·無料3点セット·週次サイクル·ASP非掲載方針に特化します。 | 論点 | 通信講座 | 無料教材（本記事） |
| --- | --- | --- |
| 焦点 | 要否·比較 | q/·用語活用 |
| 費用 | 有料（任意） | テキスト除き無料 |
| 時期 | 教材選定前 | 演習開始後 |
| 出口 | 本記事へ | study-planへ | たとえば6/21（日）correspondence-course-guide——講座不要——6/28（土）本記事——q/演習10問——7/5（土）study-plan——週次確定——の順が定番です。講座不要と判断しても演習サイクルを組まないと70点に届きません。",,,,,無料教材だけで70点合格は可能ですか？,公式テキスト·q/演習·terms/用語解説の3点セットで十分可能です。例えば6/11（木）残り12週——6/21（日）q/演習10問——週2回——8/30（土）50問本番形式——35問正解——を目指してください。50問120分·70点以上·7領域がII種の形式です。指定版はtextbook-selection記事——が正本です。,外部の有料教材やASPリンクは必要ですか？,必須ではありません。本サイトはASP（アフィリエイト）リンクを掲載しません。たとえば6/21（日）q/演習10問·7問——6/28（土）terms/——誤答用語5語——7/5（土）同10問·8問——を目指してください。講座要否はcorrespondence-course-guide記事——週次計画はstudy-plan記事——で確認します。,本記事と通信講座選び記事の違いは？,correspondence-course-guide記事は講座要否·5項目比較·独学3点との併用判断、本記事はq/演習·terms/·無料3点セット·週次サイクル·ASP非掲載方針に特化します。例えば6/21（日）correspondence-course-guide——講座不要——6/28（土）本記事——q/演習10問——の順が定番です。70点の詳細はpass-score記事——で確認してください。,,,textbook-selection:テキスト選び;correspondence-course-guide:通信講座;pass-score:合格点,無料教材;q/演習;用語解説;公式テキスト正本;ASP非掲載
textbook-vs-past-questions,独学対策,メンタルヘルス・マネジメント検定II種のテキストと過去問の優先順位,メンタルヘルスII種のテキスト·過去問優先順位。初回1周→演習→過去問を表に整理。メンタルヘルス・マネジメント検定II種の公式テキストの選び方・メンタルヘルス二種の過去問・演習問題の効果的な使い方連携も解説。,メンタルヘルス・マネジメント検定II種（ラインケア）のテキストと過去問の優先順位は、50問·四択一·120分·70点以上·7領域の試験形式に合わせ、公式テキスト第1周→q/演習→過去問通しの3段階順序で学習する独学の公式情報です。テキスト版選定はメンタルヘルス・マネジメント検定II種の公式テキストの選び方の記事、演習全体像はメンタルヘルス二種の過去問・演習問題の効果的な使い方と役割分担します。公式情報は大阪商工会議所（https://www.mental-health.ne.jp/about/）の試験のご紹介です。,26,独学;教材;学習計画,メンタルヘルス二種マスター編集部,資格学習サイトの編集チーム,公式情報確認担当,公開前に一次情報との照合を行う担当者,2026-06-06,試験のご紹介（公式）|https://www.mental-health.ne.jp/about/,手書きリライト 2026-06-06。自動prose差し替え 2026-06-04（要手書き）。独学対策向けテンプレートから作成。公開前に本文・参照URL・関連リンクを差し替える。;retire_redirect:study-plan,メンタルヘルス・マネジメント検定II種（ラインケア）のテキストと過去問の優先順位は、50問·四択一·120分·70点以上·7領域の試験形式に合わせ、公式テキスト第1周→q/演習→過去問通しの3段階順序で学習する独学の公式情報です。テキスト版選定はメンタルヘルス・マネジメント検定II種の公式テキストの選び方の記事、演習全体像はメンタルヘルス二種の過去問・演習問題の効果的な使い方と役割分担します。公式情報は大阪商工会議所（https://www.mental-health.ne.jp/about/）の試験のご紹介です。,試験のご紹介（公式）で指定テキスト版を確認する;6月第1〜4週に公式テキスト第1〜4章を1周する;メンタルヘルス二種の過去問・演習問題の効果的な使い方の記事で演習全体像を確認する,試験要項・公式ページ更新時に本文と参照元を見直す。,2026-06-06,2026-06-29,2026-06-06,archived,2026-06-12: archived（guide retire p1·study-planへ統合）,教材優先順位の3段階（テキスト1周→演習→過去問）,テキストと過去問の優先順位の理解度は、関連する演習問題で確認するのが効率的です。1問解くごとに「根拠はテキストのどの章か」をメモすると、復習時に該当ページへすぐ戻れます。 同じ問題を時間を空けて解き直し、言い換え選択肢でも正解できるかまで確認してください。二回連続正解でも、条件を1語変えた肢で誤答する場合は、用語の定義がまだ曖昧なサインです。「教材優先順位の3段階（テキスト1周→演習→過去問）」では。テキストと過去問の優先順位について公式テキストの該当章を開き、条文の主体・期限・数値を演習問題とセットで押さえて定着を確認します。数値・日程は試験のご紹介（公式）の最新要項で必ず照合してください。,初回テキスト1周の週次配分表（7章·18週逆算）,数値・日程・合格基準は年度で更新されるため、学習前と申込前には試験のご紹介（公式）の最新案内を確認してください。演習でテキストと過去問の優先順位に関する設問を解いたら。正解理由と誤答肢の違いを短くメモし、用語解説・比較表・よくある誤答タブで似た論点を比較表で整理すると定着しやすくなります。 表をノートに転記したら、演習10問で理解を確認し、誤答は公式テキスト該当章で読み直してください。数値・日程・合格基準は年度で更新されるため、学習前と申込前には大阪商工会議所の最新案内を確認してください。,演習導入タイミング表（テキスト章とq/演習の対応）,テキストと過去問の優先順位の理解度は、関連する演習問題で確認するのが効率的です。1問解くごとに「根拠はテキストのどの章か」をメモすると、復習時に該当ページへすぐ戻れます。 同じ問題を時間を空けて解き直し、言い換え選択肢でも正解できるかまで確認してください。二回連続正解でも、条件を1語変えた肢で誤答する場合は、用語の定義がまだ曖昧なサインです。「演習導入タイミング表（テキスト章とq/演習の対応）」では。テキストと過去問の優先順位について公式テキストの該当章を開き、条文の主体・期限・数値を演習問題とセットで押さえて定着を確認します。数値・日程は試験のご紹介（公式）の最新要項で必ず照合してください。,過去問着手の判断基準表（テキスト1周後）,テキストと過去問の優先順位の理解度は、関連する演習問題で確認するのが効率的です。1問解くごとに「根拠はテキストのどの章か」をメモすると、復習時に該当ページへすぐ戻れます。 同じ問題を時間を空けて解き直し、言い換え選択肢でも正解できるかまで確認してください。二回連続正解でも、条件を1語変えた肢で誤答する場合は、用語の定義がまだ曖昧なサインです。「過去問着手の判断基準表（テキスト1周後）」では。テキストと過去問の優先順位について公式テキストの該当章を開き、条文の主体・期限・数値を演習問題とセットで押さえて定着を確認します。数値・日程は試験のご紹介（公式）の最新要項で必ず照合してください。,関連ガイドとの使い分け,数値・日程・合格基準は年度で更新されるため、学習前と申込前には試験のご紹介（公式）の最新案内を確認してください。演習でテキストと過去問の優先順位に関する設問を解いたら。正解理由と誤答肢の違いを短くメモし、用語解説・比較表・よくある誤答タブで似た論点を比較表で整理すると定着しやすくなります。 関連記事は役割が重ならないよう、概要→形式→学習計画の順で読むと迷いにくくなります。数値・日程・合格基準は年度で更新されるため、学習前と申込前には大阪商工会議所の最新案内を確認してください。,,,,,テキストと過去問はどちらを先に学べばよいですか？,「テキストと過去問はどちらを先に学べばよいですか」はメンタルヘルス・マネジメント検定II種の公式テキスト該当章と試験のご紹介（公式）で確認するのが確実です。テキストと過去問の優先順位では、条文の要件（誰が・いつ・何を）を演習問題とセットで押さえてください。,過去問だけで合格できますか？,「過去問だけで合格できますか」はメンタルヘルス・マネジメント検定II種の公式テキスト該当章と試験のご紹介（公式）で確認するのが確実です。テキストと過去問の優先順位では、条文の要件（誰が・いつ・何を）を演習問題とセットで押さえてください。,本記事とメンタルヘルス二種の過去問・演習問題の効果的な使い方はどう使い分けますか？,過去問・演習問題は出題傾向把握と弱点発見に有効です。解きっぱなしにせず、用語解説へ戻る解き直しをセットにします。数値・主体・手順は大阪商工会議所の最新案内と照合してください。 テキストと過去問の優先順位の論点は演習と試験のご紹介（公式）の要項で確認してください。,,,textbook-selection:テキスト選び;past-questions-study:演習全体像;pass-score:合格点,優先順位;テキスト1周;演習→過去問;50問70点;7領域
material-update-cycle,独学対策,メンタルヘルスマネジメント検定II種のテキスト改訂｜第5版・第6版と要項更新の確認,メンタルヘルス・マネジメント検定II種（ラインケア）の公式テキスト版・要項の年度更新を解説。第5版・第6版の差分と、学習前・申込前に行う出題範囲の確認手順を整理します（要項PDFが正本）。,古い版のテキストで勉強していて、出題範囲がずれていた。そんな事態を避けるための確認ポイントをまとめました。メンタルヘルス・マネジメント検定II種（ラインケア）は、公式テキストの版や受験要項の改定で出題範囲が変わることがあります。本記事では、大阪商工会議所発行の公式テキスト第5版・第6版の差分の見方や、年度更新のチェック、旧版で解いた演習の扱い方を解説します。学習を始める前と申込前の2回確認しておくと安心です。版選びはtextbook-selection記事、最新要項は公式サイトへ。,26,独学;教材;学習計画,メンタルヘルス二種マスター編集部,資格学習サイトの編集チーム,公式情報確認担当,公開前に一次情報との照合を行う担当者,2026-06-13,試験のご紹介（公式）|https://www.mental-health.ne.jp/about/,手書きリライト 2026-06-12。v2,本記事を読むと、教材版·年度更新の確認手順が分かり、たとえば「6/14 指定版→6/21 旧版誤答2問→6/28 改定章20問→8/1 申込前再確認」まで今日から再現でき、テキスト選び記事との使い分けも表で把握できます。,試験のご紹介（公式）で最新要項·テキスト版を確認する;公式テキスト第5版·第6版の目次差分を1枚にまとめる;q/演習10問で旧版記載の誤答を記録する;syllabus-how-to-read記事で出題範囲·改定の読み方を確認する;改定箇所20問追加で正答率70％以上を目指す,試験要項・公式ページ更新時に本文と参照元を見直す。,2026-06-13,2026-06-29,2026-06-13,published,2026-06-12: 編集合格（手書きリライト·具体例·v2）,教材版·年度更新の確認タイミング（50問·7領域）,"II種ラインケアの出題範囲は公式テキストの版·受験要項で変わります。学習開始前·テキスト購入時·申込前に3回確認するのが定番です。 | タイミング | 確認先 | 内容 |
| --- | --- | --- |
| 学習開始前 | 試験のご紹介 | 要項·日程 |
| テキスト購入時 | 第5/6版 | 目次差分 |
| 申込前 | 最新要項 | 70点/50問 |
| 試験8週前 | 改定章 | 追加分 | 例えば6/11（木）残り12週——6/14（日）第6版目次——7領域照合——8/1（金）申込前再確認——が定番です。I種は合計105点以上（うち論述25点以上）が合格基準で、混同しないでください。",公式テキスト第5版·第6版の差分確認表,"第5版から第6版への改定は章立て·ストレスチェック制度·関連法令の更新が論点です。目次と要項を並べて確認します。 | 確認項目 | 第5版 | 第6版 |
| --- | --- | --- |
| 章立て | 7章 | 7章（改訂） |
| ストレスチェック | 要確認 | 最新制度 |
| 関連法令 | 旧条文 | 改正反映 |
| 演習対応 | 旧ラベル | 7領域タグ | たとえば6/21（日）textbook-selection——第6版第3章——q/演習10問·5問中3問——6/28（土）改定章10問追加——が定番です。",受験要項·出題範囲改定の見方表,"試験のご紹介（公式）の要項とsyllabus-how-to-read記事の読み方を照合します。数値·期限は必ず公式で再確認します。 | 項目 | 確認内容 | 更新頻度 |
| --- | --- | --- |
| 出題範囲 | 7領域 | 年度 |
| 合格基準 | 70点/100点満点 | 要項 |
| 試験時間 | 120分 | 要項 |
| テキスト版 | 第5/6版 | 改版時 | 例えば7/5（土）要項更新確認——q/演習20問·旧記載3問——7/12（土）syllabus-how-to-read——改定箇所特定——が定番です。",版更新後のq/演習·用語解説の使い方表,"テキスト版更新後はq/演習の7領域タグとterms/用語解説を改定章から優先的に回します。 | 手順 | 内容 | 目標 |
| --- | --- | --- |
| 1 | 改定章読了 | 1週 |
| 2 | q/演習10問 | 70％ |
| 3 | terms/5語 | 主体確認 |
| 4 | 7日後解き直し | 80％ | たとえば8/2（土）第6版第7章読了——q/演習15問·10問正解——8/9（土）同15問·11問——glossary-how-to——terms/活用——が定番です。",textbook-selection記事との2列比較表,"テキスト選びと版·年度更新は2記事で分担します。textbook-selection記事は指定版·7領域章立て·正本1冊の選定、本記事は第5/6版差分·年度更新チェック·旧版演習の扱い·申込前再確認に特化します。 | 論点 | テキスト選び | 版·年度更新（本記事） |
| --- | --- | --- |
| 焦点 | 指定版·章立て | 差分·更新 |
| 時期 | 学習開始前 | 購入後·申込前 |
| 成果物 | 目次表 | 差分·更新表 |
| 出口 | 本記事へ | problem-book-selectionへ | 例えば6/14（日）textbook-selection——指定第6版——6/21（日）本記事——差分表——6/28（土）改定章演習——の順が定番です。選定だけして版差分を確認しないと旧版誤答が残ります。",,,,,第5版テキストのままで受験できますか？,受験要項で指定された版を毎回確認するのが正本です。例えば6/14（日）要項確認——指定第6版——第5版のみ所持——6/21（日）本記事——差分表——改定章から優先学習——してください。50問120分·70点以上·7領域がII種の形式です。詳細はtextbook-selection記事——で指定版を確認します。,年度更新はいつ確認すればよいですか？,学習開始前·テキスト購入時·申込前の3タイミングが定番です。たとえば6/11（木）残り12週——6/14（日）第1回確認——8/1（金）申込前再確認——9/6（土）試験8週前——試験のご紹介（公式）——syllabus-how-to-read——照合——してください。,本記事とテキスト選び記事の違いは？,textbook-selection記事は指定版·7領域章立て·正本1冊、本記事は第5/6版差分·年度更新チェック·旧版演習の扱い·申込前再確認に特化します。例えば6/14（日）textbook-selection——6/21（日）本記事——6/28（土）改定章演習——の順が定番です。70点の詳細はpass-score記事——公式更新習慣はofficial-info-sources記事——で確認してください。,,,textbook-selection:テキスト選び;syllabus-how-to-read:シラバス読み方;pass-score:合格点,版更新;第5/6版;年度更新;公式テキスト;要項照合
past-questions-by-year,過去問活用,メンタルヘルス・マネジメント検定II種の年度別過去問の解き方,メンタルヘルスII種の年度別過去問解き方。版改定·公式テキスト第5/6版対応を表に整理。メンタルヘルス・マネジメント検定II種の教材の版·年度更新・メンタルヘルス・マネジメント検定II種の分野別過去問の解き方連携も解説。,メンタルヘルス・マネジメント検定II種（ラインケア）の年度別過去問の解き方は、1実施回を50問相当通しで解き、7領域ごとの正答率と出題バランスを把握する初期分析の学習です。旧年度問題は版改定·制度変更箇所を公式テキスト第5版·第6版と照合してから解きます。本記事では年度別演習表をまとめ、版更新はメンタルヘルス・マネジメント検定II種の教材の版·年度更新·分野別弱点はメンタルヘルス・マネジメント検定II種の分野別過去問の解き方と役割分担します。公式情報は大阪商工会議所（https://www.mental-health.ne.jp/about/）の試験のご紹介です。,30,過去問;模試;復習,メンタルヘルス二種マスター編集部,資格学習サイトの編集チーム,公式情報確認担当,公開前に一次情報との照合を行う担当者,2026-06-06,試験のご紹介（公式）|https://www.mental-health.ne.jp/about/,手書きリライト 2026-06-06。自動prose差し替え 2026-06-04（要手書き）。過去問活用向けテンプレートから作成。公開前に本文・参照URL・関連リンクを差し替える。;retire_redirect:study-plan,本記事を読むと、たとえば50問·旧版記載3問誤答の場合に、年度別通し演習の手順と版改定·テキスト版との対応表が分かり、50問70点の学習計画を最新版に合わせられます。,試験のご紹介（公式）で最新要項·テキスト版を確認する;1実施回相当·50〜50問を通しで解き7領域正答率を記録する;旧版記載の誤答をメンタルヘルス・マネジメント検定II種の教材の版·年度更新の記事で照合する;改定箇所20問追加で正答率70％以上を目指す,試験要項・公式ページ更新時に本文と参照元を見直す。,2026-06-06,2026-06-29,2026-06-06,archived,2026-06-12: archived（guide retire·study-planへ統合）,年度別過去問の解き方（50問·7領域バランス）,年度別過去問の解き方の理解度は、関連する演習問題で確認するのが効率的です。1問解くごとに「根拠はテキストのどの章か」をメモすると、復習時に該当ページへすぐ戻れます。 同じ問題を時間を空けて解き直し、言い換え選択肢でも正解できるかまで確認してください。二回連続正解でも、条件を1語変えた肢で誤答する場合は、用語の定義がまだ曖昧なサインです。「年度別過去問の解き方（50問·7領域バランス）」では。年度別過去問の解き方について公式テキストの該当章を開き、条文の主体・期限・数値を演習問題とセットで押さえて定着を確認します。数値・日程は試験のご紹介（公式）の最新要項で必ず照合してください。,版改定·公式テキスト第5/6版との対応表,独学を始める前に、試験のご紹介（公式）で受験資格・試験日程・出題範囲（7領域）・合格基準をメモしてください。年度別過去問の解き方の学習計画は、公式テキストの章立てと一致させると、過去問の分野ラベルとも対応づけやすくなります。 ブログやSNSの「最新情報」は、必ず大阪商工会議所のページと照合してから採用してください。申込期限や受験料は年度ごとに変わるため、カレンダーに締切を入れてから教材を開く習慣が有効です。,旧年度問題の扱い（制度変更·数値更新）,数値・日程・合格基準は年度で更新されるため、学習前と申込前には試験のご紹介（公式）の最新案内を確認してください。演習で年度別過去問の解き方に関する設問を解いたら。正解理由と誤答肢の違いを短くメモし、用語解説・比較表・よくある誤答タブで似た論点を比較表で整理すると定着しやすくなります。 演習10問を解き、解説で参照条文を公式テキストで開いて読み返してください。数値・日程・合格基準は年度で更新されるため、学習前と申込前には大阪商工会議所の最新案内を確認してください。,年度通し1回の正答率記録と次のステップ,数値・日程・合格基準は年度で更新されるため、学習前と申込前には試験のご紹介（公式）の最新案内を確認してください。演習で年度別過去問の解き方に関する設問を解いたら。正解理由と誤答肢の違いを短くメモし、用語解説・比較表・よくある誤答タブで似た論点を比較表で整理すると定着しやすくなります。 演習10問を解き、解説で参照条文を公式テキストで開いて読み返してください。数値・日程・合格基準は年度で更新されるため、学習前と申込前には大阪商工会議所の最新案内を確認してください。,関連ガイドとの使い分け,数値・日程・合格基準は年度で更新されるため、学習前と申込前には試験のご紹介（公式）の最新案内を確認してください。演習で年度別過去問の解き方に関する設問を解いたら。正解理由と誤答肢の違いを短くメモし、用語解説・比較表・よくある誤答タブで似た論点を比較表で整理すると定着しやすくなります。 関連記事は役割が重ならないよう、概要→形式→学習計画の順で読むと迷いにくくなります。数値・日程・合格基準は年度で更新されるため、学習前と申込前には大阪商工会議所の最新案内を確認してください。,,,,,年度別過去問は何回分解けばよいですか？,「年度別過去問は何回分解けばよいですか」はメンタルヘルス・マネジメント検定II種の公式テキスト該当章と試験のご紹介（公式）で確認するのが確実です。年度別過去問の解き方では、条文の要件（誰が・いつ・何を）を演習問題とセットで押さえてください。,第5版テキストのまま旧年度問題を解いてよいですか？,「第5版テキストのまま旧年度問題を解いてよいですか」はメンタルヘルス・マネジメント検定II種の公式テキスト該当章と試験のご紹介（公式）で確認するのが確実です。年度別過去問の解き方では、条文の要件（誰が・いつ・何を）を演習問題とセットで押さえてください。,本記事とメンタルヘルス・マネジメント検定II種の教材の版·年度更新はどう使い分けますか？,読了後は、年度別過去問の解き方の関連する演習を5問以上解き、間違えた選択肢を用語解説で確認してから関連ガイドへ進んでください。1週間後の解き直し日をカレンダーに入れると定着しやすくなります。数値・主体・手順は大阪商工会議所の最新案内と照合してください。,,,material-update-cycle:版·年度更新;past-questions-by-field:分野別過去問;textbook-selection:テキスト選び;pass-score:合格点,年度別;版改定;第5/6版;7領域;公式テキスト
past-questions-by-field,過去問活用,メン管II種·分野別過去問【7領域タグ·週10問·70点】,メンタルヘルス・マネジメント検定II種（ラインケア）の分野別過去問の解き方。7領域タグ·週次サイクルを表に整理し、演習全体像記事との2列比較で具体例解説します。,過去問はやみくもに解くより、領域ごとに弱点を狙い撃ちするほうが効率的です。メンタルヘルス・マネジメント検定II種（ラインケア）は四択一の50問を120分で解き、100点満点中70点以上で合格します。本記事では、7領域別の演習問題を弱い分野から優先して解き、正答率55%に届かない領域を特定して7日後に解き直す手順を紹介します。週10問サイクルや解き直しの4ステップも具体的に解説。本番形式の演習を含む全体像はpast-questions-study記事を、出題範囲は大阪商工会議所の公式情報で確認しましょう。,30,過去問;模試;復習,メンタルヘルス二種マスター編集部,資格学習サイトの編集チーム,公式情報確認担当,公開前に一次情報との照合を行う担当者,2026-06-13,試験のご紹介（公式）|https://www.mental-health.ne.jp/about/,手書きリライト 2026-06-06。自動prose差し替え 2026-06-04（要手書き）。過去問活用向けテンプレートから作成。公開前に本文・参照URL・関連リンクを差し替える。,本記事を読むと、分野別過去問の解き方が分かり、たとえば「6/21 7領域表→6/28 弱点20問→7/5 解き直し70％」まで今日から再現でき、演習全体像記事との使い分けも表で把握できます。,7領域タグ付きq/演習10問を週2回解き正答率を記録する;55％未満の領域1つを特定し20問追加する;誤答用語をterms/で主体確認する;past-questions-study記事で4段階サイクルを確認する;7日後に同分野10問を解き直し70％以上を目指す,試験要項・公式ページ更新時に本文と参照元を見直す。,2026-06-13,2026-06-29,2026-06-13,published,2026-06-12: 編集合格（手書きリライト·具体例·v2）,7領域タグ別：演習の優先順位表,"q/演習は7領域タグ付きで弱点領域から優先的に解きます。50問·70点では約7問/領域が目安です。

分野別の演習は、7つの領域タグで絞り込み、正答率の低い弱点領域から優先的に解きます。50問・70点合格を前提にすると、各領域おおよそ7問前後が目安となり、どの領域を落としているかを把握することが得点力向上の近道です。領域ごとの優先順位を整理します。

| 領域 | 章 | 優先 |
| --- | --- | --- |
| ① | 基礎·4ケア | 主体 |
| ② | 基礎知識 | 混同 |
| ③ | 職場環境 | PDCA |
| ④ | 個別配慮 | プライバシー |
| ⑤⑥⑦ | 相談·復帰 | 5ステップ |",週次サイクル：分野別10問×2回,"週2回·10問ずつ（計20問）を弱点領域中心に回します。正答率を毎回1行記録します。

週2回、1回10問ずつ（合計20問）を、弱点の領域を中心に回します。毎回の正答率を一行で記録しておくと、領域ごとの伸びが見え、次に補強すべき分野が判断しやすくなります。少量でも継続することで、分野別の知識が着実に定着します。

| 曜日 | 内容 | 記録 |
| --- | --- | --- |
| 土 | q/弱点10問 | 正答率 |
| 水 | q/弱点10問 | 正答率 |
| 日 | terms/確認 | 誤答用語 |
| 翌土 | 解き直し10問 | 70％目標 |",55％未満領域：解き直し4ステップ,"正答率55％未満の領域は20問追加→terms/→7日後解き直しの4ステップで底上げします。

正答率が55％に満たない領域は、20問を追加で解き、用語解説（terms/）で根拠を確認したうえで、7日後にもう一度解き直す、という4ステップで底上げします。弱点領域を放置せず、間隔を空けた復習で確実に得点源へ変えていきます。

| ステップ | 内容 | 目標 |
| --- | --- | --- |
| 1 | 弱点特定 | 55％未満1領域 |
| 2 | 20問追加 | 同領域集中 |
| 3 | terms/確認 | 誤答用語 |
| 4 | 7日後解き直し | 70％以上 |",分野別演習と50問通し模試の使い分け,"分野別は弱点集中、50問通しは本番形式確認です。月1回50問を入れます。

分野別の演習は弱点への集中に、50問の通し模試は本番形式の確認に向いています。分野別で穴を埋めつつ、月1回ほど50問を通して解くことで、時間配分や集中力の持続も同時に鍛えられます。目的に応じて2つの解き方を使い分けます。

| 方式 | 用途 | 頻度 |
| --- | --- | --- |
| 分野別10問 | 弱点修正 | 週2回 |
| 50問通し | 時間配分 | 月1回 |
| 解き直し | 定着確認 | 7日後 |
| 模試記録 | 得点差 | 毎回1枚 |",past-questions-study記事との2列比較表,"分野別弱点演習と演習全体像は2記事で分担します。本記事は7領域タグ·週次10問·55％未満対策、past-questions-study記事は4段階サイクル·12週配分·q/連携全体像に特化します。

本記事は7領域タグ別・週次10問・55％未満対策という分野別の実践を扱い、past-questions-study記事は4段階サイクル・12週配分・q/連携という演習の全体像を扱います。全体設計を押さえたうえで分野別に深掘りすると、演習の精度が上がります。

| 論点 | 分野別（本記事） | 演習全体像 |
| --- | --- | --- |
| 焦点 | 7領域タグ演習 | 4段階サイクル |
| 時期 | 弱点深掘り | 計画1周目 |
| 成果物 | 領域正答率表 | 4段階1枚表 |
| 出口 | subjectsへ | 本記事へ | 2記事を混同すると全体像は分かっても弱点領域の週次演習量が曖昧になります。",,,,,分野別演習はいつから始めればよい？,まず50問を通して解き、7つの領域ごとの正答率を記録します。その直後から、正答率が最も低い領域を1つ選び、週20問を割り当てて集中的に解くのが効率的です。全領域に均等に時間を配るより、弱点を1つずつつぶす方が得点が伸びます。,7領域すべて55％未満の場合は？,すべての領域が55％未満の場合は、最も正答率の低い領域を1つに絞り、週20問を集中して解きます。その領域が70％前後に届いたら、次に低い領域へ移ります。手を広げすぎず、1領域ずつ確実に底上げしていくのが定番です。,本記事と演習全体像記事の違いは？,本記事は、7つの領域タグ別の週次10問サイクルや、正答率55％未満の領域の解き直し4ステップを扱います。past-questions-study記事は、演習の4段階サイクルや12週間の配分という全体像を扱うため、分野別の実践と全体設計を組み合わせられます。,,,past-questions-study:演習全体像;subjects:出題範囲;pass-score:合格点;affiliate-problem-books:メンタルヘルス・マネジメント検定II種のおすすめ問題集3選【2026年度版·過去問】,分野別;7領域タグ;q/演習;弱点特定;70点
past-questions-review-cycle,過去問活用,メン管II種·解き直しサイクル【50問後·24h·7日·30日】,メンタルヘルス・マネジメント検定II種（ラインケア）の過去問解き直しサイクル。50問通し後の24h·7日·30日表を整理し、間隔反復記事との2列比較で具体例解説します。,一度解いた過去問も、放っておけば忘れてしまいます。メンタルヘルス・マネジメント検定II種（ラインケア）の50問通し演習で間違えた問題を、24時間後・7日後・30日後という間隔で解き直し、記憶に定着させる復習の設計図を本記事で示します。誤答リストの管理やブックマークとの連動、30日後に50問を再び通す進め方まで具体的です。学習全体に効く間隔反復の考え方はreview-cycle-spaced記事へ。試験の詳細は大阪商工会議所の公式案内をご確認ください。,30,過去問;模試;復習,メンタルヘルス二種マスター編集部,資格学習サイトの編集チーム,公式情報確認担当,公開前に一次情報との照合を行う担当者,2026-06-13,試験のご紹介（公式）|https://www.mental-health.ne.jp/about/,手書きリライト 2026-06-12。v2,本記事を読むと、50問通し後の24h·7日·30日解き直し表が分かり、たとえば「8/2 50問15問誤答→8/3 24h→8/9 7日後→9/1 30日後」まで今日から再現でき、間隔反復記事との使い分けも表で把握できます。,50問通し演習後に誤答リスト·解き直し日を3段階で登録する;24時間後·7日後·30日後の解き直し日をカレンダーに入れる;q/演習ブックマークと誤答リストを同期させる;7日後55％未満の設問は同分野20問を追加する;bookmark-review-method記事で24h·7日手順を確認する,試験要項・公式ページ更新時に本文と参照元を見直す。,2026-06-13,2026-06-29,2026-06-13,published,2026-06-12: 編集合格（手書きリライト·具体例·v2）,解き直しサイクルの全体像（50問後·24h·7日·30日）,"II種ラインケアの解き直しは50問通し演習後の誤答を24時間·7日·30日の3段階で解き直します。50問·120分·70点以上·7領域が前提です。 | タイミング | 対象 | 目標 |
| --- | --- | --- |
| 24時間後 | 全誤答 | 用語確認 |
| 7日後 | 24h再誤答 | 70％ |
| 30日後 | 7日再誤答 | 定着 |
| 55％未満 | 同分野20問 | 追加 | たとえば8/2（土）50問·15問誤答——8/3（日）24h——8/9（土）7日後——9/1（月）30日後——が定番です。I種は合計105点以上（うち論述25点以上）が合格基準で、混同しないでください。",50問通し後の24時間·7日解き直し表,"50問通し直後の24時間·7日は誤答理由の鮮度が高いうちに解き直します。q/手順はbookmark-review-methodと連携します。 | 段階 | 内容 | 記録 |
| --- | --- | --- |
| 当日 | 誤答15問リスト | 4分類 |
| 24h | 全誤答解き直し | 正答率 |
| 7日 | 24h再誤答のみ | 70％ |
| 7日55％未満 | 同分野20問 | 追加 | 例えば8/2（土）50問·15問誤答——8/3（日）24h·10問正解——67％——8/9（土）7日·5問再誤答——解き直し——が定番です。2.4分/問（144秒）を意識してください。",30日後の定着確認と50問再演習表,"30日後に7日再誤答を解き直し、定着を確認します。80％以上なら次50問模試へ進みます。 | 30日後正答率 | 判断 | 次 |
| --- | --- | --- |
| 80％以上 | 定着 | 次50問 |
| 60〜79％ | 概ねOK | 誤答5問再確認 |
| 55％未満 | 弱点 | テキスト該当章 |
| 40％以下 | 基礎不足 | 分野別20問 | たとえば9/1（月）30日後·10問中6問——60％——9/6（土）同分野20問——8/30（土）50問再演習35問——目標——が定番です。",q/ブックマークとの連動管理表,"50問通しの誤答リストとq/演習ブックマークを同期させ、24h·7日·30日の解き直し日をカレンダーに登録します。 | 管理 | 内容 | 上限 |
| --- | --- | --- |
| 誤答リスト | 50問通し分 | 15問以下 |
| ブックマーク | q/演習連動 | 50問以下 |
| 50問超 | 新規停止 | 解き直し週 |
| 15問以下 | 次50問へ | 維持 | 例えば8/23（土）ブックマーク52問——8/24〜8/30新規10問停止——24h·7日·30日解き直しのみ——15問以下——が定番です。",review-cycle-spaced記事との2列比較表,"50問通し後の解き直しと学習全体の間隔反復は2記事で分担します。本記事は50問通し後·誤答リスト·ブックマーク同期·30日後50問再演習、review-cycle-spaced記事は演習·用語·テキスト全体の24h·7日·30日·10問単位も含む間隔反復に特化します。 | 論点 | 解き直し（本記事） | 間隔反復 |
| --- | --- | --- |
| 焦点 | 50問通し後 | 学習全体 |
| 単位 | 15問誤答リスト | 10問単位も |
| 成果物 | 3段階周期表 | 統合周期表 |
| 出口 | bookmark-review-methodへ | mistake-notebookへ | たとえば8/2（土）本記事——50問15問誤答表——8/3（日）bookmark-review-method——24h手順——6/21（日）review-cycle-spaced——日常10問周期——併用——の順が定番です。50問通し前から30日周期だけ回すと演習量が不足します。",,,,,50問通し後の解き直しは24h·7日·30日のどれが重要ですか？,24h·7日·30日の3段階すべてが定番です。例えば8/2（土）50問·15問誤答——8/3（日）24h解き直し——8/9（土）7日後10問——9/1（月）30日後全15問——してください。50問120分·70点以上·7領域がII種の形式です。q/手順はbookmark-review-method記事——が正本です。,解き直しサイクル中に新規演習は止めますか？,ブックマーク50問超は新規演習を止め解き直し週に入るのが定番です。たとえば8/23（土）52問——8/24〜8/30新規10問停止——24h·7日·30日解き直しのみ——15問以下——に減らしてください。I種は合計105点以上（うち論述25点以上）が基準でII種70点とは異なります。,本記事と間隔反復記事の違いは？,本記事は50問通し後の24h·7日·30日全体サイクル·誤答リスト管理、review-cycle-spaced記事は演習·用語·テキスト全体の24h·7日·30日間隔反復·10問単位も含む復習設計に特化します。例えば8/2（土）本記事——50問後表——6/21（日）review-cycle-spaced——日常周期——の順が定番です。70点の詳細はpass-score記事——4段階演習はpast-questions-study記事——で確認してください。,,,review-cycle-spaced:間隔反復;bookmark-review-method:ブックマーク復習;pass-score:合格点;affiliate-problem-books:メンタルヘルス・マネジメント検定II種のおすすめ問題集3選【2026年度版·過去問】,24時間後;7日後;30日後;解き直し;bookmark
past-questions-score-analysis,過去問活用,メン管II種·点数分析【50問·7領域·得点差4点】,メンタルヘルス・マネジメント検定II種（ラインケア）の過去問点数分析。70点·領域別弱点·得点差表を整理し、分野別過去問記事との2列比較で具体例解説します。,模試の点数を見て一喜一憂するだけでは、合格には近づきません。大切なのは数字を分解することです。メンタルヘルス・マネジメント検定II種（ラインケア）は100点満点中70点が合格ライン。本記事では、50問通し演習の正答数、7領域ごとの正答率、合格ラインまでの得点差を1枚の表にまとめ、どこを伸ばせば点が増えるかを見極める方法を解説します。得点差を5点以内に縮める設計や、模試の推移の記録法も紹介。弱点領域の集中演習はpast-questions-by-field記事へ。,30,過去問;模試;復習,メンタルヘルス二種マスター編集部,資格学習サイトの編集チーム,公式情報確認担当,公開前に一次情報との照合を行う担当者,2026-06-13,試験のご紹介（公式）|https://www.mental-health.ne.jp/about/,手書きリライト 2026-06-12。v2,本記事を読むと、50問通し後の点数·7領域弱点·得点差表が分かり、たとえば「8/2 66点·領域③50%→8/9 弱点20問→8/30 35問」まで今日から再現でき、分野別過去問記事との使い分けも表で把握できます。,50問通し演習後に正答数·7領域正答率·得点差を1枚に記録する;55％未満の領域1つを特定し週20問を割り当てる;得点差5点以内を目標に弱点領域の正答率70％以上を目指す;模試ごとに得点差表を更新し推移を記録する;past-questions-by-field記事で弱点分野演習を開始する,試験要項・公式ページ更新時に本文と参照元を見直す。,2026-06-13,2026-06-29,2026-06-13,published,2026-06-12: 編集合格（手書きリライト·具体例·v2）,50問通しの点数分析表（70点·得点差·7領域）,"II種ラインケアの点数分析は50問通し後に正答数·70点合格ラインとの得点差·7領域別正答率を1枚に記録します。50問·120分·70点以上·7領域が前提です。 | 項目 | 記録 | 目標 |
| --- | --- | --- |
| 正答数 | 33/50 | 35/50 |
| 得点差 | 4点 | 0点 |
| 最低領域 | 50％ | 70％ |
| 次回目標 | +4点 | 70点 | たとえば8/2（土）50問·33問正解——得点差4点——8/9（土）弱点20問——が定番です。I種は合計105点以上（うち論述25点以上）が合格基準で、混同しないでください。",7領域別弱点の特定と優先順位表,"7領域別正答率55％未満を弱点とし、最も低い1領域に週20問を集中します。2領域以上55％未満は最低領域から着手します。 | 正答率 | 優先 | 演習量 |
| --- | --- | --- |
| 55％未満 | 最優先 | 週20問 |
| 55〜69％ | 通常 | 週10問 |
| 70％以上 | 維持 | 週5問 |
| 全領域70％ | 模試 | 50問 | 例えば8/2（土）50問·領域③50％·領域⑤58％——8/9（土）領域③20問——優先——が定番です。2.4分/問（144秒）を意識してください。",得点差5点以内の設計表,"70点合格ラインとの得点差を5点以内に縮める設計が定番です。弱点1領域の正答率70％以上で5点回収を目指します。 | 得点差 | 弱点領域 | 回収目標 |
| --- | --- | --- |
| 10点以上 | 2領域集中 | 各+5点 |
| 5〜9点 | 1領域集中 | +5点 |
| 1〜4点 | 誤答解き直し | +3点 |
| 0点 | 模試維持 | 70点維持 | たとえば8/30（土）50問·34問（68点）——得点差2点——9/6（土）誤答10問解き直し——35問——目標——が定番です。",模試ごとの得点推移記録表,"50問模試ごとに正答数·得点差·最低領域を記録し、推移を1枚の表にまとめます。 | 模試 | 正答数 | 得点差 | 最低領域 |
| --- | --- | --- | --- |
| 7/19 | 33/50 | 4点 | 領域③50％ |
| 8/30 | 34/50 | 2点 | 領域⑤58％ |
| 9/13 | 36/50 | 0点 | — |
| 直前 | 35/50 | 0点 | 維持 | 例えば7/19（土）66点——8/30（土）68点——9/13（土）72点——得点差4点→2点→0点——が定番です。得点差10点以上が2回続く場合はpast-questions-by-field記事で分野別週20問に切り替えます。",past-questions-by-field記事との2列比較表,"50問点数分析と分野別弱点演習は2記事で分担します。本記事は正答数·7領域正答率·得点差·70点判定·模試推移記録、past-questions-by-field記事は7領域タグ付き演習·週次10問サイクル·55％未満20問追加·7日後解き直しに特化します。 | 論点 | 点数分析（本記事） | 分野別 |
| --- | --- | --- |
| 焦点 | 66点·得点差 | 弱点20問 |
| 単位 | 50問通し | 7領域タグ |
| 成果物 | 得点差表 | 週次サイクル |
| 出口 | 同記事へ | past-questions-wrong-reasonsへ | たとえば8/2（土）本記事——66点·得点差4点表——8/9（土）past-questions-by-field——領域③20問——8/30（土）再50問35問——確認——の順が定番です。点数表なしで分野別演習だけでは得点源が見えません。",,,,,50問66点の場合、何問追加で70点に届きますか？,得点差4点·誤答17問のうち2問を正解に変えれば70点です。例えば8/2（土）50問·33問正解——55％未満の領域1つに週20問——7日後解き直しで2問回収——を目指してください。50問120分·70点以上·7領域がII種の形式です。分野別手順はpast-questions-by-field記事——が正本です。,7領域すべて55％未満の場合はどう分析しますか？,正答率が最も低い1領域に週20問を2週集中するのが定番です。たとえば8/2（土）50問·全領域50％——8/9（土）領域①演習40問——terms/10語——8/30（土）50問通し——再計測——してください。4分類深掘りはpast-questions-wrong-reasons記事——と併用します。,本記事と分野別過去問記事の違いは？,本記事は50問·7領域別·70点判定·得点差表·模試推移記録、past-questions-by-field記事は7領域タグ付き弱点演習·週次10問サイクル·55％未満20問追加に特化します。例えば8/2（土）本記事——66点表——8/9（土）past-questions-by-field——弱点20問——の順が定番です。70点の詳細はpass-score記事——4段階演習はpast-questions-study記事——で確認してください。,,,past-questions-by-field:分野別過去問;pass-score:合格点;past-questions-study:過去問·演習,点数分析;70点;領域別弱点;score-gap;7領域
bookmark-review-method,過去問活用,メンタルヘルスマネジメント検定II種のブックマーク復習法｜24時間・7日の間隔反復,メンタルヘルス・マネジメント検定II種（ラインケア）の復習法。誤答した設問をブックマークし24時間後・7日後に解き直す間隔反復で定着させる手順を、q/演習との連動表で解説します。,間違えた問題をその場で見直して終わり、ではもったいないものです。本記事では、メンタルヘルス・マネジメント検定II種（ラインケア）の演習で誤答した設問をブックマークし、24時間後と7日後に解き直す間隔反復のやり方を紹介します。記憶が薄れる前にもう一度解くことで、苦手が着実に定着していきます。7領域ごとのブックマーク管理や具体的な解き直し手順も解説。演習全体の4段階サイクルはpast-questions-study記事へ。試験概要は大阪商工会議所の公式情報をご覧ください。,30,過去問;模試;復習,メンタルヘルス二種マスター編集部,資格学習サイトの編集チーム,公式情報確認担当,公開前に一次情報との照合を行う担当者,2026-06-13,試験のご紹介（公式）|https://www.mental-health.ne.jp/about/,手書きリライト 2026-06-12。v2,本記事を読むと、ブックマークの24h·7日解き直し手順が分かり、たとえば「6/21 10問4問誤答→6/22 24h→6/28 7日後→弱点20問」まで今日から再現でき、過去問·演習記事との使い分けも表で把握できます。,q/演習の誤答設問をブックマークに登録する;24時間後·7日後の解き直し日をカレンダー登録する;解き直し前に誤答用語をglossary-how-to·terms/で確認する;7日後の正答率を記録し55％未満なら20問追加する;past-questions-study記事で4段階演習サイクルを確認する,試験要項・公式ページ更新時に本文と参照元を見直す。,2026-06-13,2026-06-29,2026-06-13,published,2026-06-12: 編集合格（手書きリライト·具体例·v2）,ブックマーク復習の全体像（24h·7日·q/連動）,"II種ラインケアの復習はq/演習のブックマーク機能と24時間·7日の間隔反復が定番です。50問·70点合格に向け誤答を定着させます。 | タイミング | 内容 |
| --- | --- |
| 初回 | q/演習10問·誤答をブックマーク |
| 24時間後 | ブックマーク設問を解き直し |
| 7日後 | 再解き直し·正答率記録 |
| 55％未満 | 同分野20問追加 | たとえば6/21（日）演習10問·4問誤答——6/22（月）24h——6/28（土）7日後——が定番です。I種は合計105点以上（うち論述25点以上）が合格基準で、混同しないでください。",24時間後の解き直し手順表,"初回誤答から24時間後の解き直しは用語確認→解き直し→理由メモの3ステップです。 | ステップ | 内容 | 時間 |
| --- | --- | --- |
| 1 | 誤答用語をterms/確認 | 15分 |
| 2 | ブックマーク解き直し | 20分 |
| 3 | 正解理由1行メモ | 5分 | 例えば6/21（日）22:00·10問·4問誤答——6/22（月）22:00·用語15分——解き直し20分——4問中3問——が定番です。",7日後の再確認と弱点20問追加表,"7日後の解き直しで正答率55％未満なら同分野20問を追加します。 | 7日後正答率 | 判断 | 追加 |
| --- | --- | --- |
| 80％以上 | 定着 | 次分野へ |
| 60〜79％ | 概ねOK | 誤答1問再確認 |
| 55％未満 | 弱点 | 同分野20問 |
| 40％以下 | 基礎不足 | テキスト該当章 | たとえば6/28（土）7日後·4問中2問——7/5（土）同分野20問——週2回——が定番です。",q/演習と7領域ブックマークの管理表,"q/演習は7領域タグ付きで解き、領域別ブックマーク数を週次で記録します。 | 領域 | 週次目標 | 上限 |
| --- | --- | --- |
| 各領域 | 正答率60％以上 | 5問以下 |
| 弱点 | 55％未満→20問 | 10問以下 |
| 50問演習 | 35問以上 | 15問以下 |
| 直前2週 | 新規停止 | 解き直しのみ | 例えば8/2（土）50問·法令55％——ブックマーク8問——8/9（土）同分野20問——7日後5問以下——が定番です。",past-questions-study記事との2列比較表,"ブックマーク解き直しと4段階演習サイクルは2記事で分担します。past-questions-study記事は4段階演習サイクル·誤答分析·50問通し後の長期復習、本記事はq/演習の24h·7日解き直し·ブックマーク管理·55％未満20問追加に特化します。 | 論点 | 過去問·演習 | ブックマーク（本記事） |
| --- | --- | --- |
| 焦点 | 4段階サイクル | 24h·7日 |
| 単位 | 50問通し後 | 10問単位 |
| 成果物 | 誤答ノート | 解き直し表 |
| 出口 | 本記事へ | glossary-how-toへ | たとえば6/21（日）本記事——24h·7日表——6/28（土）past-questions-study——4段階サイクル——8/30（土）50問通し後——再解き直し——の順が定番です。サイクルだけで24h解き直しを省略すると定着が遅れます。",,,,,ブックマークは24時間後·7日後のどちらが重要ですか？,24時間後と7日後の両方が定番です。例えば6/21（日）q/演習10問·4問誤答——6/22（月）24h解き直し——6/28（土）7日後再確認——してください。7日後に55％未満なら同分野20問を追加します。50問120分·70点以上·7領域がII種の形式です。,q/演習のブックマークが50問を超えたらどうしますか？,ブックマーク50問超は新規演習を止め解き直し週に入るのが定番です。たとえば8/23（土）52問——8/24〜8/30新規10問停止——24h·7日解き直しのみ——15問以下——9/6（土）50問模試——へ進んでください。全体サイクルはpast-questions-study記事——が正本です。,本記事と過去問·演習記事の違いは？,本記事はq/演習の24時間·7日解き直し·ブックマーク管理、past-questions-study記事は4段階演習サイクル·誤答分析·50問通し後の長期復習に特化します。例えば6/21（日）本記事——24h·7日表——6/28（土）past-questions-study——サイクル確認——の順が定番です。70点の詳細はpass-score記事——用語確認はglossary-how-to記事——で確認してください。,,,past-questions-study:過去問·演習;glossary-how-to:用語解説;pass-score:合格点,24時間後;7日後;q/演習;ブックマーク;間隔反復
past-questions-first-attempt,過去問活用,メンタルヘルス・マネジメント検定II種の過去問の初回の解き方,メンタルヘルスII種の過去問初回解き方。7領域タグ·誤答4分類を表に整理。メンタルヘルス二種の過去問・演習問題の効果的な使い方・メンタルヘルス・マネジメント検定II種の年度別過去問の解き方連携も解説。,メンタルヘルス・マネジメント検定II種（ラインケア）の過去問の初回の解き方は、50〜50問を通しで解き7領域タグごとの正答率を記録し、誤答を用語混同·主体取り違え·数値·手順の4分類で整理する初期分析の学習です。50問·四択一·120分·70点以上が本番形式です。本記事では初回演習表をまとめ、演習全体像はメンタルヘルス二種の過去問・演習問題の効果的な使い方·年度別版対応はメンタルヘルス・マネジメント検定II種の年度別過去問の解き方と役割分担します。公式情報は大阪商工会議所（https://www.mental-health.ne.jp/about/）の試験のご紹介です。,30,過去問;模試;復習,メンタルヘルス二種マスター編集部,資格学習サイトの編集チーム,公式情報確認担当,公開前に一次情報との照合を行う担当者,2026-06-06,試験のご紹介（公式）|https://www.mental-health.ne.jp/about/,手書きリライト 2026-06-06。自動prose差し替え 2026-06-04（要手書き）。過去問活用向けテンプレートから作成。公開前に本文・参照URL・関連リンクを差し替える。;retire_redirect:study-plan,本記事を読むと、たとえば50問·誤答20問·用語混同12問の場合に、7領域タグ別の記録表と誤答4分類の優先順位が分かり、初回過去問から70点合格の弱点が見えます。,50〜50問を通しで解き7領域タグ別正答率を1枚に記録する;誤答を用語混同·主体·数値·手順の4分類で色分けする;用語混同が最多ならterms/10語を優先確認する;7日後に同50問の誤答20問のみ解き直し70％以上を目指す;メンタルヘルス二種の過去問・演習問題の効果的な使い方の記事で演習全体像を確認する,試験要項・公式ページ更新時に本文と参照元を見直す。,2026-06-06,2026-06-29,2026-06-06,archived,2026-06-12: archived（guide retire·study-planへ統合）,初回過去問の手順（50〜50問·7領域タグ記録）,過去問の初回の解き方の理解度は、関連する演習問題で確認するのが効率的です。1問解くごとに「根拠はテキストのどの章か」をメモすると、復習時に該当ページへすぐ戻れます。 同じ問題を時間を空けて解き直し、言い換え選択肢でも正解できるかまで確認してください。二回連続正解でも、条件を1語変えた肢で誤答する場合は、用語の定義がまだ曖昧なサインです。「初回過去問の手順（50〜50問·7領域タグ記録）」では。過去問の初回の解き方について公式テキストの該当章を開き、条文の主体・期限・数値を演習問題とセットで押さえて定着を確認します。数値・日程は試験のご紹介（公式）の最新要項で必ず照合してください。,誤答4分類表（用語混同·主体·数値·手順）,演習で分からなかった語句は、用語解説タブで定義・試験論点・よくある誤解まで確認します。関連用語から2件以上読むと、過去問の初回の解き方の設問で並べられた選択肢の意図が見えやすくなります。 用語だけ暗記しても事例問題は解けないため、演習→用語→演習の往復を1セットとして回してください。「誤答4分類表（用語混同·主体·数値·手順）」では。過去問の初回の解き方について公式テキストの該当章を開き、条文の主体・期限・数値を演習問題とセットで押さえて定着を確認します。数値・日程は試験のご紹介（公式）の最新要項で必ず照合してください。,7領域タグ別の初回正答率記録表,数値・日程・合格基準は年度で更新されるため、学習前と申込前には試験のご紹介（公式）の最新案内を確認してください。演習で過去問の初回の解き方に関する設問を解いたら。正解理由と誤答肢の違いを短くメモし、用語解説・比較表・よくある誤答タブで似た論点を比較表で整理すると定着しやすくなります。 表をノートに転記したら、演習10問で理解を確認し、誤答は公式テキスト該当章で読み直してください。数値・日程・合格基準は年度で更新されるため、学習前と申込前には大阪商工会議所の最新案内を確認してください。,初回解き終わった直後の48時間メモ,数値・日程・合格基準は年度で更新されるため、学習前と申込前には試験のご紹介（公式）の最新案内を確認してください。演習で過去問の初回の解き方に関する設問を解いたら。正解理由と誤答肢の違いを短くメモし、用語解説・比較表・よくある誤答タブで似た論点を比較表で整理すると定着しやすくなります。 演習10問を解き、解説で参照条文を公式テキストで開いて読み返してください。数値・日程・合格基準は年度で更新されるため、学習前と申込前には大阪商工会議所の最新案内を確認してください。,関連ガイドとの使い分け,数値・日程・合格基準は年度で更新されるため、学習前と申込前には試験のご紹介（公式）の最新案内を確認してください。演習で過去問の初回の解き方に関する設問を解いたら。正解理由と誤答肢の違いを短くメモし、用語解説・比較表・よくある誤答タブで似た論点を比較表で整理すると定着しやすくなります。 関連記事は役割が重ならないよう、概要→形式→学習計画の順で読むと迷いにくくなります。数値・日程・合格基準は年度で更新されるため、学習前と申込前には大阪商工会議所の最新案内を確認してください。,,,,,初回過去問は何問解けばよいですか？,「初回過去問は何問解けばよいですか」はメンタルヘルス・マネジメント検定II種の公式テキスト該当章と試験のご紹介（公式）で確認するのが確実です。過去問の初回の解き方では、条文の要件（誰が・いつ・何を）を演習問題とセットで押さえてください。,誤答4分類で用語混同が最多の場合はどうしますか？,「誤答4分類で用語混同が最多の場合はどうしますか」はメンタルヘルス・マネジメント検定II種の公式テキスト該当章と試験のご紹介（公式）で確認するのが確実です。過去問の初回の解き方では、条文の要件（誰が・いつ・何を）を演習問題とセットで押さえてください。,本記事とメンタルヘルス二種の過去問・演習問題の効果的な使い方はどう使い分けますか？,過去問・演習問題は出題傾向把握と弱点発見に有効です。解きっぱなしにせず、用語解説へ戻る解き直しをセットにします。数値・主体・手順は大阪商工会議所の最新案内と照合してください。 過去問の初回の解き方の論点は演習と試験のご紹介（公式）の要項で確認してください。,,,past-questions-study:演習全体像;past-questions-by-year:年度別過去問;past-questions-by-field:分野別過去問;pass-score:合格点,初回解き方;7領域タグ;誤答4分類;50問通し;70点
past-questions-wrong-reasons,過去問活用,メン管II種·誤答原因分析【4分類·深掘り·70点】,メンタルヘルス・マネジメント検定II種（ラインケア）の過去問誤答原因分析。4分類深掘り·優先順位表を整理し、間違いノート記事との2列比較で具体例解説します。,なぜ間違えたのかを突き止めないと、同じミスを繰り返してしまいます。メンタルヘルス・マネジメント検定II種（ラインケア）の50問通し演習で出た誤答を、用語の混同・主体の取り違え・数値・手順という4つの型に分けて深掘りし、型ごとの対策に落とし込む方法を本記事で解説します。48時間以内に手を打つコツや、解き直しの優先順位の付け方も紹介。記録に使う4列フォーマットはmistake-notebook記事へ。試験の詳細は大阪商工会議所の公式案内で確認してください。,30,過去問;模試;復習,メンタルヘルス二種マスター編集部,資格学習サイトの編集チーム,公式情報確認担当,公開前に一次情報との照合を行う担当者,2026-06-13,試験のご紹介（公式）|https://www.mental-health.ne.jp/about/,手書きリライト 2026-06-12。v2,本記事を読むと、誤答原因の4分類深掘り·優先順位が分かり、たとえば「8/2 50問15問誤答→4分類集計→8/4 4列転記→8/9 7日後70％」まで今日から再現でき、間違いノート記事との使い分けも表で把握できます。,50問通し演習後に誤答を4分類で件数集計する;最多分類の対策表をmistake-notebook記事のフォーマットに転記する;用語混同が最多ならglossary-how-to·terms/10語を48時間以内に確認する;7日後に同分野誤答20問を解き直し70％以上を目指す;past-questions-study記事で4段階演習サイクルを確認する,試験要項・公式ページ更新時に本文と参照元を見直す。,2026-06-13,2026-06-29,2026-06-13,published,2026-06-12: 編集合格（手書きリライト·具体例·v2）,誤答原因分析の全体像（4分類深掘り·50問·70点·7領域）,"II種ラインケアの誤答分析は50問通し後の誤答を4分類で件数集計し、最多分類から対策を決めます。50問·120分·70点以上·7領域が前提です。 | 分類 | 深掘り内容 | 記録先 |
| --- | --- | --- |
| 用語混同 | 定義·主体 | 4列シート |
| 主体 | 医師·管理監督者 | 主体比較表 |
| 数値 | 36協定·上限 | 公式テキスト |
| 手順 | 面接·復帰5ステップ | 該当章 | たとえば8/2（土）50問·15問誤答——用語混同9問——8/3（日）terms/9語リスト——作成——が定番です。I種は合計105点以上（うち論述25点以上）が合格基準で、混同しないでください。",4分類ごとの深掘り対策表,"各分類の典型誤答パターンと48時間以内の対策を表にまとめます。最多分類から着手します。 | 分類 | 典型誤答 | 48時間対策 |
| --- | --- | --- |
| 用語混同 | 相談窓口·産業医 | terms/10語 |
| 主体 | 管理監督者が診断 | 主体表暗記 |
| 数値 | 旧版上限 | 第6版該当章 |
| 手順 | 5ステップ入替 | 該当章 | 例えば8/2（土）50問·誤答15問中用語混同9問·主体4問·数値2問——8/3（日）terms/9語——8/9（土）7日後主体4問——解き直し——が定番です。2.4分/問（144秒）を意識してください。",mistake-notebook記事への転記記録表,"誤答分析結果はmistake-notebook記事の4列フォーマットに転記します。q/ブックマークと同期させます。 | 列 | 内容 | 例 |
| --- | --- | --- |
| 設問番号 | q/演習ID | Q42 |
| 4分類 | 用語·主体等 | 用語混同 |
| 用語 | terms/リンク | 産業医 |
| 解き直し日 | 7日後 | 8/9（土） | たとえば8/3（日）深掘り表——8/4（月）15問4列転記——8/9（土）全15問解き直し——70％以上——が定番です。",分類別の解き直し優先順位表,"4分類の件数と7領域の正答率を組み合わせ、解き直しの優先順位を決めます。用語混同×55％未満領域が最優先です。 | 優先 | 条件 | 演習量 |
| --- | --- | --- |
| 最優先 | 用語混同×55％未満 | 週20問 |
| 次点 | 主体8問以上 | 週15問 |
| 通常 | 数値·手順 | 週10問 |
| 定着確認 | 7日後70％以上 | 次50問 | 例えば8/2（土）50問·領域③50％——用語混同6問——8/3（日）領域③20問——terms/6語——優先——が定番です。",mistake-notebook記事との2列比較表,"4分類深掘りと4列記録は2記事で分担します。本記事は4分類深掘り·48時間対策·解き直し優先順位·7領域×分類の組み合わせ、mistake-notebook記事は4列シート·解き直し日管理·terms/連携に特化します。 | 論点 | 誤答分析（本記事） | 間違いノート |
| --- | --- | --- |
| 焦点 | 4分類深掘り | 4列記録 |
| 単位 | 50問通し後 | 設問単位 |
| 成果物 | 深掘り表 | 4列シート |
| 出口 | 同記事へ | bookmark-review-methodへ | たとえば8/2（土）本記事——15問4分類表——8/4（月）mistake-notebook——4列転記——8/9（土）7日後解き直し——bookmark-review-method——24h手順——の順が定番です。深掘りなしで4列だけ書いても対策優先順位が決まりません。",,,,,誤答4分類で用語混同が最多の場合の深掘り手順は？,terms/10語を48時間以内に定義·主体を確認し、mistake-notebook記事の4列シートに転記します。例えば8/2（土）50問·用語混同9問——8/3（日）glossary-how-to——terms/9語——8/9（土）同分野20問——70％以上——を目指してください。50問120分·70点以上·7領域がII種の形式です。,誤答原因分析と点数分析はどう使い分けますか？,本記事は4分類の深掘り·mistake-notebook連携·解き直し優先順位、点数·得点差·領域別弱点の数値分析は50問通し後の正答数記録から70点ラインとの差を1枚にまとめる作業です。たとえば8/2（土）本記事——15問4分類表——同日66点·得点差4点——記録——が定番です。I種は合計105点以上（うち論述25点以上）が基準でII種70点とは異なります。,本記事と間違いノート記事の違いは？,本記事は4分類深掘り·対策優先順位·7領域×分類の組み合わせ、mistake-notebook記事は4列記録フォーマット·解き直し日管理·terms/連携に特化します。例えば8/2（土）本記事——15問分類表——8/4（月）mistake-notebook——4列転記——の順が定番です。70点の詳細はpass-score記事——4段階演習はpast-questions-study記事——で確認してください。,,,mistake-notebook:間違いノート;past-questions-study:過去問·演習;pass-score:合格点;affiliate-problem-books:メンタルヘルス・マネジメント検定II種のおすすめ問題集3選【2026年度版·過去問】,誤答原因分析;4分類深掘り;メンタルヘルス・マネジメント検定II種の間違いノートの作り方;50問;70点
past-questions-latest-year,過去問活用,メンタルヘルス・マネジメント検定II種の最新年度過去問の活用法,メンタルヘルスII種の最新年度過去問活用法。版改定·70点判定を表に整理。メンタルヘルス・マネジメント検定II種の教材の版·年度更新・メンタルヘルス・マネジメント検定II種の年度別過去問の解き方連携も解説。,メンタルヘルス・マネジメント検定II種（ラインケア）の最新年度過去問の活用法は、直近1〜2実施回を50問相当通しで解き、版改定·制度変更箇所を公式テキスト第6版と照合したうえで70点判定する学習です。旧年度問題より最新年度を優先し、誤答はメンタルヘルス・マネジメント検定II種の教材の版·年度更新の記事で改定履歴を確認します。本記事では最新年度演習表をまとめ、版更新はメンタルヘルス・マネジメント検定II種の教材の版·年度更新·年度別全体像はメンタルヘルス・マネジメント検定II種の年度別過去問の解き方と役割分担します。公式情報は大阪商工会議所（https://www.mental-health.ne.jp/about/）の試験のご紹介です。,30,過去問;模試;復習,メンタルヘルス二種マスター編集部,資格学習サイトの編集チーム,公式情報確認担当,公開前に一次情報との照合を行う担当者,2026-06-06,試験のご紹介（公式）|https://www.mental-health.ne.jp/about/,手書きリライト 2026-06-06。自動prose差し替え 2026-06-04（要手書き）。過去問活用向けテンプレートから作成。公開前に本文・参照URL・関連リンクを差し替える。;retire_redirect:study-plan,本記事を読むと、たとえば最新年度50問·65点·旧版記載5問誤答の場合に、版改定箇所の照合手順と70点合格判定の基準が分かり、最新出題傾向に合わせた学習計画が立てられます。,試験のご紹介（公式）で最新テキスト版·実施回を確認する;最新年度50問を通しで解き35問正解を目標に記録する;旧版記載の誤答をメンタルヘルス・マネジメント検定II種の教材の版·年度更新の記事で照合する;改定章から20問追加で正答率70％以上を目指す,試験要項・公式ページ更新時に本文と参照元を見直す。,2026-06-06,2026-06-29,2026-06-06,archived,2026-06-12: archived（guide retire·study-planへ統合）,最新年度過去問の優先順位（50問·70点判定）,最新年度過去問の活用法の理解度は、関連する演習問題で確認するのが効率的です。1問解くごとに「根拠はテキストのどの章か」をメモすると、復習時に該当ページへすぐ戻れます。 同じ問題を時間を空けて解き直し、言い換え選択肢でも正解できるかまで確認してください。二回連続正解でも、条件を1語変えた肢で誤答する場合は、用語の定義がまだ曖昧なサインです。「最新年度過去問の優先順位（50問·70点判定）」では。最新年度過去問の活用法について公式テキストの該当章を開き、条文の主体・期限・数値を演習問題とセットで押さえて定着を確認します。数値・日程は試験のご紹介（公式）の最新要項で必ず照合してください。,版改定·公式テキスト第6版との照合表,独学を始める前に、試験のご紹介（公式）で受験資格・試験日程・出題範囲（7領域）・合格基準をメモしてください。最新年度過去問の活用法の学習計画は、公式テキストの章立てと一致させると、過去問の分野ラベルとも対応づけやすくなります。 ブログやSNSの「最新情報」は、必ず大阪商工会議所のページと照合してから採用してください。申込期限や受験料は年度ごとに変わるため、カレンダーに締切を入れてから教材を開く習慣が有効です。,70点合格判定の基準と次の学習,合格率・合格点は試験のご紹介（公式）の統計・要項で確認します。数字だけで難易度を判断せず、自分の演習得点と弱点分野を合わせて見積もってください。 最新年度過去問の活用法の学習時間は、7領域のバランスと仕事の繁忙期を考慮して設定します。「70点合格判定の基準と次の学習」では。最新年度過去問の活用法について公式テキストの該当章を開き、条文の主体・期限・数値を演習問題とセットで押さえて定着を確認します。数値・日程は試験のご紹介（公式）の最新要項で必ず照合してください。,最新年度と旧年度の使い分け表,数値・日程・合格基準は年度で更新されるため、学習前と申込前には試験のご紹介（公式）の最新案内を確認してください。演習で最新年度過去問の活用法に関する設問を解いたら。正解理由と誤答肢の違いを短くメモし、用語解説・比較表・よくある誤答タブで似た論点を比較表で整理すると定着しやすくなります。 関連記事は役割が重ならないよう、概要→形式→学習計画の順で読むと迷いにくくなります。数値・日程・合格基準は年度で更新されるため、学習前と申込前には大阪商工会議所の最新案内を確認してください。,関連ガイドとの使い分け,数値・日程・合格基準は年度で更新されるため、学習前と申込前には試験のご紹介（公式）の最新案内を確認してください。演習で最新年度過去問の活用法に関する設問を解いたら。正解理由と誤答肢の違いを短くメモし、用語解説・比較表・よくある誤答タブで似た論点を比較表で整理すると定着しやすくなります。 関連記事は役割が重ならないよう、概要→形式→学習計画の順で読むと迷いにくくなります。数値・日程・合格基準は年度で更新されるため、学習前と申込前には大阪商工会議所の最新案内を確認してください。,,,,,最新年度過去問はいつ解くべきですか？,「最新年度過去問はいつ解くべきですか」はメンタルヘルス・マネジメント検定II種の公式テキスト該当章と試験のご紹介（公式）で確認するのが確実です。最新年度過去問の活用法では、条文の要件（誰が・いつ・何を）を演習問題とセットで押さえてください。,最新年度で65点だった場合はどうしますか？,「最新年度で65点だった場合はどうしますか」はメンタルヘルス・マネジメント検定II種の公式テキスト該当章と試験のご紹介（公式）で確認するのが確実です。最新年度過去問の活用法では、条文の要件（誰が・いつ・何を）を演習問題とセットで押さえてください。,本記事とメンタルヘルス・マネジメント検定II種の年度別過去問の解き方はどう使い分けますか？,過去問・演習問題は出題傾向把握と弱点発見に有効です。解きっぱなしにせず、用語解説へ戻る解き直しをセットにします。数値・主体・手順は大阪商工会議所の最新案内と照合してください。 最新年度過去問の活用法の論点は演習と試験のご紹介（公式）の要項で確認してください。,,,material-update-cycle:版·年度更新;past-questions-by-year:年度別過去問;textbook-selection:テキスト選び;pass-score:合格点,最新年度;版改定;70点判定;第6版;50問
mock-exam-how-to,過去問活用,メン管II種·模試活用法【50問3回·48h弱点·70点】,メンタルヘルス・マネジメント検定II種（ラインケア）の模試の活用法。50問120分·70点·中長期計画を表に整理し、演習量記事との2列比較で具体例解説します。,模試は本番直前の腕試しと思われがちですが、学習の中盤から計画的に使うことで実力が伸びます。メンタルヘルス・マネジメント検定II種（ラインケア）は50問・120分・100点満点中70点が合格ライン。本記事では、50問の模試を3回に分けて受ける計画の立て方、7領域ごとの正答率や解き終えた時刻の記録、模試後48時間以内に弱点を解き直すコツを解説します。演習量の見積もりはdrill-volume-guide記事、時間配分の練習はtimed-practice記事へ。日程は大阪商工会議所の公式サイトで確認しましょう。,30,過去問;模試;復習,メンタルヘルス二種マスター編集部,資格学習サイトの編集チーム,公式情報確認担当,公開前に一次情報との照合を行う担当者,2026-06-13,試験のご紹介（公式）|https://www.mental-health.ne.jp/about/,手書きリライト 2026-06-12。v2,本記事を読むと、50問模試の実施回数·タイミングが分かり、たとえば「7/19 33問→8/30 34問→9/6 弱点20問」まで今日から再現でき、演習量記事との使い分けも表で把握できます。,学習カレンダーに50問模試2〜3回（7月·8月）を入れる;模試ごとに50問到達時刻·35問正解数を記録する;55％未満の領域1つを特定し20問解き直す;drill-volume-guide記事で演習量スケジュールを確認する;timed-practice記事で50問11:00到達を確認する,試験要項・公式ページ更新時に本文と参照元を見直す。,2026-06-13,2026-06-29,2026-06-13,published,2026-06-12: 編集合格（手書きリライト·具体例·v2）,50問120分模試の中長期計画表（70点·7領域）,"II種ラインケアの模試は50問·120分·35問正解以上が合格ラインです。残り12週なら2〜3回が目安です。 | 時期 | 模試 | 目標 |
| --- | --- | --- |
| 7/19 | 50問1回目 | 33問 |
| 8/30 | 50問2回目 | 34問 |
| 9/6前 | 弱点解き直し | 70％ |
| 直前 | exam-last-minute | 36問 | たとえば7/19（土）初回50問——33問正解——8/30（土）2回目——34問——が定番です。I種は合計105点以上（うち論述25点以上）と混同しないでください。",模試の実施タイミングと時間配分記録表,"模試は50問到達時刻·正解数·7領域別正答率を必ず記録します。時間配分の癖を早期に修正します。 | 時刻（10:00開始） | 目安 |
| --- | --- |
| 11:00 | 50問到達 |
| 11:30 | 38問到達 |
| 11:45 | 見直し開始 |
| 12:00 | 提出 | 例えば8/30（土）50問——34問·25問到達11:05——9/6（土）timed-practice——ペース確認——が定番です。2.4分/問（144秒）を意識してください。",模試後48時間の弱点分析と解き直し表,"模試後48時間以内に誤答20問を解き直します。7領域のうち正答率55％未満を1領域選び、用語10語＋演習20問に絞ります。 | 手順 | 内容 | 目標 |
| --- | --- | --- |
| 1 | 誤答リスト | 当日 |
| 2 | 55％未満領域 | 1領域 |
| 3 | terms/10語 | 主体確認 |
| 4 | 同分野20問 | 60％ | たとえば8/30（土）模試33問——個別配慮50％——9/1（月）用語10語——9/3（水）演習20問——が定番です。",q/演習で50問模試を組み立てる方法表,"50問一括機能がなければq/演習で50問相当を組み立てます。7領域から均等に抽出します。 | 方法 | 内容 | 記録 |
| --- | --- | --- |
| 一括 | q/演習50問 | 正解·時刻 |
| 分割 | 50問×2·10分休憩 | 各50問到達 |
| 領域 | 7領域均等 | 領域別正答率 |
| 代替 | ichimon+演習 | 本番前のみ | 例えば7/19（土）10:00·25問——11:10·25問——合計120分·33問以上——各セッション25問到達——を記録してください。",drill-volume-guide記事との2列比較表,"演習量逆算と模試中長期計画は2記事で分担します。drill-volume-guide記事は段階別問題量·7領域最低数·12週逆算スケジュール、本記事は50問模試2〜3回·到達時刻記録·模試後48h弱点解き直し·q/演習50問組み立てに特化します。 | 論点 | 演習量 | 模試（本記事） |
| --- | --- | --- |
| 焦点 | 週次問題数 | 50問通し |
| 時期 | 全体逆算 | 7〜8月集中 |
| 成果物 | 量の表 | 模試記録 |
| 出口 | 本記事へ | exam-last-minuteへ | たとえば6/21（日）drill-volume-guide——週20問——7/19（土）本記事——50問1回目——8/30（土）2回目——の順が定番です。週次演習だけでは120分通しの体感が不足します。",,,,,模試は何回受けるべきですか？,残り12週なら50問120分·2〜3回が定番です。例えば6/11（木）残り12週——7/19（土）1回目33問——8/30（土）2回目34問——直前1週間はexam-last-minute記事——50問通し1回——を目指してください。50問120分·70点以上·7領域がII種の形式です。,模試で66点だった場合はどうしますか？,55％未満の領域1つを特定し、48時間以内に同分野20問を解き直します。たとえば8/30（土）模試33問——相談対応55％——9/1（月）用語10語——9/3（水）演習20問——追加してください。時間配分はtimed-practice記事——70点戦略はpass-score記事——で確認します。,本記事と演習量記事の違いは？,drill-volume-guide記事は段階別問題量·7領域最低数·12週逆算、本記事は50問模試2〜3回·到達時刻記録·模試後48h弱点解き直しに特化します。例えば7/19（土）本記事——50問1回目——8/30（土）2回目——の順が定番です。直前1週間はexam-last-minute記事——解き方はpast-questions-study記事——で確認してください。,,,drill-volume-guide:演習量;timed-practice:時間計り演習;pass-score:合格点;affiliate-problem-books:メンタルヘルス・マネジメント検定II種のおすすめ問題集3選【2026年度版·過去問】,50問120分;70点;模試計画;7領域;メンタルヘルス・マネジメント検定II種の直前模試の受け方
ichimon-practice,過去問活用,メンタルヘルス・マネジメント検定II種の一問一答の活用法,メンタルヘルスII種の一問一答活用法。q/ichimon/と50問本番の役割分担を表に整理。メンタルヘルス二種の過去問・演習問題の効果的な使い方・メンタルヘルス・マネジメント検定II種の模試の活用法連携も解説。,一問一答と本番形式の演習は、それぞれ役割が違います。両方を使い分けると効率よく力がつきます。メンタルヘルス・マネジメント検定II種（ラインケア）は四択一の50問を120分で解き、100点満点中70点以上で合格。本記事では、○×形式の一問一答で定義・主体・数値を素早く確認し、四択の本番形式で引っ掛けに慣れるという分担の仕方を整理します。演習全体の進め方や50問模試の活用は関連記事へ。受験資格などの公式情報は実施団体である大阪商工会議所のサイトでご確認ください。,30,過去問;模試;復習,メンタルヘルス二種マスター編集部,資格学習サイトの編集チーム,公式情報確認担当,公開前に一次情報との照合を行う担当者,2026-06-06,試験のご紹介（公式）|https://www.mental-health.ne.jp/about/,手書きリライト 2026-06-06。自動prose差し替え 2026-06-04（要手書き）。過去問活用向けテンプレートから作成。公開前に本文・参照URL・関連リンクを差し替える。;retire_redirect:study-plan,本記事を読むと、たとえばq/ichimon/75％·50問形式60％の場合に、一問一答と50問本番演習の使い分け·週次サイクルが分かり、70点合格の得点設計ができます。,q/ichimon/を週20問·7領域タグ付きで解く;一問一答の誤答用語をterms/で主体確認する;q/演習10問·四択一を週2回解き正答率を記録する;7日後に一問一答誤答10問を解き直す,試験要項・公式ページ更新時に本文と参照元を見直す。,2026-06-06,2026-06-29,2026-06-06,published,2026-06-12: archived（guide retire·study-planへ統合）,一問一答と50問本番形式の役割分担,一問一答は、用語や論点を1問単位で素早く確認するためのインプット補助です。○×や短答で知識の穴を洗い出し、最終的な仕上げは50問・120分の本番形式演習で行う、という役割分担を意識すると効率的です。一問一答だけで合否が決まるわけではなく、本番は複数領域が混ざった50問を時間内に解く力が必要なため、両者を学習段階に応じて使い分けてください。初期は一問一答中心、仕上げ期は通し演習中心が目安です。,q/ichimon/の週次サイクル（7領域タグ）,一問一答は、7領域のタグで分野を絞り、週ごとに対象領域を回すと体系的に進みます。誤答した設問はブックマークし、翌日・1週間後に解き直す間隔反復を組み合わせると、知識が定着します。1日にまとめて大量に解くより、毎日少しずつ複数領域に触れるほうが忘却を防げます。週末に正答率を振り返り、低い領域へ翌週の比重を移すと、弱点を計画的につぶせます。毎日触れる習慣がつくと、直前期の負担も大きく減ります。,50問本番形式演習への接続表,一問一答で各論点を押さえたら、50問の通し演習に接続して「時間配分」と「分野横断の出題」に慣れます。1問単位では解けても、通しでは時間に追われて取りこぼすことがあるため、本番形式での得点を最終指標にしてください。通し演習で間違えた箇所は、再び一問一答に戻って該当論点を確認すると、知識の穴をピンポイントで埋められ、インプットと本番形式が往復で強化されます。この往復が、知識を得点力に変える近道です。,一問一答の頻出誤答と解き直し,一問一答で誤答が多くなりやすいのは、意味の似た用語の区別や、制度の数値の取り違えです。誤答した設問は「なぜ誤りか」を一文でメモし、関連する用語解説で背景を確認してから解き直すと、同種の誤りを減らせます。間違いの傾向（特定領域に集中しているか、数値か用語か）を記録しておくと、復習の優先順位が明確になり、限られた時間で効果的に弱点を補強できます。誤答の傾向が見えたら、その領域の用語解説に戻って重点補強してください。,関連ガイドとの使い分け,本記事は一問一答の使い方に特化しています。学習全体の計画は勉強法、個々の用語の意味は用語解説、仕上げの通し演習は過去問・実践演習の各記事と役割を分けています。一問一答はあくまで知識確認の入口なので、これらの記事と組み合わせ、最終的には本番形式の演習で「時間内に50問を70点取る」状態に仕上げることを目標にしてください。最終目標を常に本番形式の得点に置くと、学習の軸がぶれません。,,,,,一問一答だけで本番50問に間に合いますか？,一問一答は知識の定着・弱点発見に有効ですが、それだけでは不十分です。本番は4択50問・120分なので、仕上げに通し演習で時間配分と4択形式に慣れておくと、35問正解の合格ラインに届きやすくなります。一問一答と本番形式の演習を組み合わせるのが効果的です。,q/ichimon/の正答率は何％を目指せばよいですか？,合格ラインは100点満点中70点（50問中35問正解）なので、一問一答では本番の余裕を見て正答率80〜90％を目安にしましょう。間違えた問題は用語解説に戻り、確実に潰してから本番に臨んでください。一問一答は弱点の早期発見にも役立ちます。,本記事とメンタルヘルス・マネジメント検定II種の模試の活用法はどう使い分けますか？,読了後は、一問一答の活用法の関連する演習を5問以上解き、間違えた選択肢を用語解説で確認してから関連ガイドへ進んでください。1週間後の解き直し日をカレンダーに入れると定着しやすくなります。数値・主体・手順は大阪商工会議所の最新案内と照合してください。,,,past-questions-study:演習の使い方;mock-exam-how-to:模試活用法;past-questions-review-cycle:解き直し;pass-score:合格点,一問一答;q/ichimon/;50問本番;役割分担;70点
drill-volume-guide,過去問活用,メン管II種·演習量の目安【50問·7領域·70点】,メンタルヘルス・マネジメント検定II種（ラインケア）の演習問題量の目安。50問·7領域·70点·q/演習逆算を表に整理し、過去問·演習記事との2列比較で具体例解説します。,演習はどれくらいの量をこなせばいいのか、見当がつかず不安になるものです。メンタルヘルス・マネジメント検定II種（ラインケア）は50問・120分・100点満点中70点が合格ラインで、出題は7領域。本記事では、本番から逆算して必要な演習量を割り出す考え方を示します。領域タグ付きの10問から始め、最終的に50問中35問正解を目標に段階的に増やす進め方や、領域ごとの最低問題数、12週間の配分が分かります。解き方の4段階サイクルはpast-questions-study記事を、試験概要は大阪商工会議所の公式情報へ。,30,過去問;模試;復習,メンタルヘルス二種マスター編集部,資格学習サイトの編集チーム,公式情報確認担当,公開前に一次情報との照合を行う担当者,2026-06-13,試験のご紹介（公式）|https://www.mental-health.ne.jp/about/,手書きリライト 2026-06-12。v2,本記事を読むと、演習量の逆算·7領域別最低数が分かり、たとえば「6/21 週20問→7/19 50問通し→8/30 50問模試35問」まで今日から再現でき、過去問·演習記事との使い分けも表で把握できます。,q/演習10問で7領域タグと正答率を記録する;領域別に最低10問·弱点は20問追加を目安にする;7/19（土）50問通し·正答率60％以上を記録する;8/30（土）50問本番形式1回·35問正解を目指す;past-questions-study記事で4段階演習サイクルを確認する,試験要項・公式ページ更新時に本文と参照元を見直す。,2026-06-13,2026-06-29,2026-06-13,published,2026-06-12: 編集合格（手書きリライト·具体例·v2）,演習問題量の全体像（50問·7領域·70点）,"II種ラインケアの演習は本番の50問·120分·70点以上に合わせて段階的に増やします。q/演習の7領域タグが基準です。 | 段階 | 問題数 | 目標 |
| --- | --- | --- |
| 初期 | 10問/週 | 領域把握 |
| 中期 | 50問通し | 60％以上 |
| 直前 | 50問通し | 35問正解 |
| 弱点 | +20問/領域 | 55％未満を補強 | たとえば6/21（日）q/演習10問——7領域タグ——週2回——が定番です。I種は合計105点以上（うち論述25点以上）の演習量と混同しないでください。",7領域別の最低演習数表,"各領域は最低10問·弱点は20問追加が目安です。q/演習の領域フィルタを使います。 | 領域 | 最低 | 弱点追加 |
| --- | --- | --- |
| ①意義·役割 | 10問 | 20問 |
| ②基礎知識 | 10問 | 20問 |
| ③環境評価 | 10問 | 20問 |
| ④個別配慮 | 15問 | 20問 |
| ⑤相談対応 | 15問 | 20問 |
| ⑥社内推進 | 10問 | 20問 |
| ⑦法令 | 15問 | 20問 | 例えば7/5（土）演習30問——相談対応55％——7/12（土）同領域20問——60％以上——が定番です。",12週逆算の演習量スケジュール表,"残り12週の演習量逆算例です。日付は試験日程に合わせて調整してください。 | 週 | 時期 | 演習量 |
| --- | --- | --- |
| 1〜4週 | 6月 | 10問×週2·計80問 |
| 5〜8週 | 7月 | 10問×週2·計80問 |
| 9週 | 7/19 | 50問通し1回 |
| 10〜11週 | 8月 | 弱点20問·解き直し |
| 12週 | 8/30 | 50問通し1回 | たとえば7/19（土）25問通し·15問——8/30（土）50問本番形式——35問正解——を目指してください。",q/演習の使い方と正答率の記録表,"q/演習は領域タグ·ブックマーク·解説付きで解き、正答率を週次記録します。 | 記録項目 | 目安 | 判断 |
| --- | --- | --- |
| 週次正答率 | 60％以上 | 次領域へ |
| 領域別 | 55％未満 | 20問追加 |
| 50問通し | 35問以上 | 合格圏 |
| 誤答 | ブックマーク | 7日後解き直し | 例えば8/30（土）50問·34問——9/6（土）弱点2領域×20問——9/13（土）再50問·35問——が定番です。2.4分/問（144秒）を意識してください。",past-questions-study記事との2列比較表,"演習量と解き方·復習サイクルは2記事で分担します。past-questions-study記事は4段階演習サイクル·誤答分析·解き直し手順、本記事は段階別問題量·7領域別最低数·12週逆算スケジュールに特化します。 | 論点 | 過去問·演習 | 演習量（本記事） |
| --- | --- | --- |
| 焦点 | 解き方·手順 | 問題数·逆算 |
| 時期 | 演習開始後 | 量設計前 |
| 成果物 | 誤答ノート | 量の表 |
| 出口 | 本記事へ | study-planへ | たとえば6/21（日）本記事——演習量表——6/28（土）past-questions-study——4段階サイクル——8/30（土）50問通し——の順が定番です。量だけ決めて解き方を確認しないと復習が浅くなります。",,,,,演習は最低何問解けばよいですか？,7領域合計で最低80問·本番前に50問通し1回が目安です。例えば6/11（木）残り12週——6〜7月に領域別80問——8/30（土）50問本番形式——35問正解——を目指してください。50問120分·70点以上·7領域がII種の形式です。解き方はpast-questions-study記事——が正本です。,q/演習の正答率が55％未満の領域はどうしますか？,同領域20問を追加で解き直すのが定番です。たとえば7/5（土）演習30問——法令50％——7/12（土）同領域20問——誤答ブックマーク——7/19（土）解き直し——60％以上——を目指してください。合計105点以上（うち論述25点以上）はI種の基準でII種70点とは異なります。,本記事と過去問·演習記事の違いは？,本記事は演習問題量の逆算·7領域別目安·12週スケジュール、past-questions-study記事は4段階演習サイクル·誤答分析·解き直し手順に特化します。例えば6/21（日）本記事——演習量表——6/28（土）past-questions-study——誤答記録——の順が定番です。70点の詳細はpass-score記事——12週全体はstudy-plan記事——で確認してください。,,,past-questions-study:過去問·演習;pass-score:合格点;study-plan:勉強法;affiliate-problem-books:メンタルヘルス・マネジメント検定II種のおすすめ問題集3選【2026年度版·過去問】,50問;7領域;70点;q/演習;段階的増量
timed-practice,過去問活用,メン管II種·時間計り演習【2.4分/問·50問11:00】,メンタルヘルス・マネジメント検定II種（ラインケア）の時間を計った演習。50問120分·2.4分/問を表に整理し、時間配分記事との2列比較で具体例解説します。,II種（ラインケア）の本番は50問を120分で解き、100点満点中70点で合格します。単純計算で1問あたり約2.4分。この時間感覚を学習の中盤から体に染み込ませておかないと、本番で「最後まで解ききれない」という事態に陥りがちです。本記事では、25問・50問という区切りごとの到達時刻を記録し、ペースの遅れをどこで察知して立て直すかを具体的に解説します。1問あたりの時間の詰め方そのものはtime-limit-strategyの記事に譲ります。試験時間や問題数は受験のたびに念のため公式の受験要項でご確認ください。,30,過去問;模試;復習,メンタルヘルス二種マスター編集部,資格学習サイトの編集チーム,公式情報確認担当,公開前に一次情報との照合を行う担当者,2026-06-13,試験のご紹介（公式）|https://www.mental-health.ne.jp/about/,手書きリライト 2026-06-12。v2,本記事を読むと、時間計り演習の到達時刻·ペース判断が分かり、たとえば「7/19 50問11:00→8/30 50問35問」まで今日から再現でき、時間配分記事との使い分けも表で把握できます。,50問到達時刻·35問正解数を毎回記録する;7/19（土）50問·60分·11:00到達を目指す;8/30（土）50問120分本番形式·35問正解を目指す;time-limit-strategy記事で144秒段階練習を確認する;drill-volume-guide記事で演習量スケジュールを確認する,試験要項・公式ページ更新時に本文と参照元を見直す。,2026-06-13,2026-06-29,2026-06-13,published,2026-06-12: 編集合格（手書きリライト·具体例·v2）,時間計り演習の全体像（50問120分·2.4分/問·70点）,"II種ラインケアの時間計り演習は50問·120分·1問144秒（2.4分）が骨格です。25問到達11:00·35問正解以上が目標です。 | 項目 | 目安 |
| --- | --- |
| 問題数 | 50問 |
| 時間 | 120分 |
| 1問 | 144秒（2.4分） |
| 合格 | 35問正解 | たとえば8/30（土）10:00開始——25問到達11:00——35問正解——が本番ペースです。I種は合計105点以上（うち論述25点以上）の配分と混同しないでください。",2.4分/問のペース配分表（50問·120分）,"120分÷50問＝1問144秒（2.4分）が目安です。長文事例は180〜240秒かかるため、短問を先に確実に取ります。 | 到達 | 時刻（10:00開始） | 累計問数 |
| --- | --- | --- |
| 25問 | 10:30 | 25問 |
| 50問 | 11:00 | 50問 |
| 38問 | 11:30 | 38問 |
| 見直し | 11:45 | 40問以上 | 例えば7/19（土）10:00·25問——11:05到達（5分遅れ）——7/26（土）短問優先10問——8/30（土）11:00到達——が定番です。",25問→50問の段階的導入表（12週逆算）,"時間計り演習は25問から50問本番形式へ拡張します。到達時刻と正解数を毎回記録します。 | 段階 | 時期 | 目標 |
| --- | --- | --- |
| 25問 | 7月 | 30分·80％ |
| 50問 | 7/19 | 60分·11:00到達 |
| 50問 | 8/30 | 120分·35問正解 |
| 直前 | 9/6前 | 35問確認 | たとえば7/19（土）25問·16問——11:10到達——7/26（土）誤答9問——8/30（土）50問35問——が定番です。",ペース遅れ時の判断表（3分超·マーク·後回し）,"11:00時点で20問以下ならペース遅れです。3分超で迷う問題はマークして短問優先で35問確保します。 | 状況 | 判断 | 対策 |
| --- | --- | --- |
| 11:00·40問以下 | 遅れ | 短問優先 |
| 3分超迷い | マーク | 後回し |
| 11:30·30問以下 | 危険 | 見直し15分確保 |
| 11:45〜12:00 | 見直し | 35問確保 | 例えば8/30（土）50問——11:00時点19問——最終33問——9/6（土）time-limit-strategy——段階練習——再挑戦——が定番です。",time-limit-strategy記事との2列比較表,"時計到達演習と144秒段階練習は2記事で分担します。time-limit-strategy記事は144秒ペース·12問→50問段階·3分超削り方·捨て問候補、本記事は10:00開始の到達時刻·25問11:00·50問120分計測·ペース遅れ判断に特化します。 | 論点 | 時間配分 | 時間計り（本記事） |
| --- | --- | --- |
| 焦点 | 144秒·段階3段 | 到達時刻·11:00 |
| 時期 | ペース定着 | 中期模試計測 |
| 成果物 | 3分超リスト | 到達時刻表 |
| 出口 | 本記事へ | exam-last-minuteへ | たとえば6/28（土）time-limit-strategy——12問30分——7/19（土）本記事——25問11:00——8/30（土）50問35問——の順が定番です。段階練習だけでは本番時刻感覚が不足します。",,,,,50問120分は1問何分で解けばよいですか？,120分÷50問＝1問2.4分（144秒）が目安です。例えば10:00開演——25問到達11:00——40問到達11:36——11:45〜12:00見直し——が定番です。7/19（土）から25問·60分で11:00到達を練習してください。50問120分·70点以上·7領域がII種の形式です。144秒段階練習はtime-limit-strategy記事——が正本です。,25問で11:05到達（5分遅れ）のときはどうしますか？,短問優先·3分超マークの2点を次回から意識します。たとえば7/19（土）50問·11:05——7/26（土）長文2問を最後——8/30（土）50問——11:00到達·35問正解——を目指してください。合計105点以上（うち論述25点以上）はI種の基準でII種70点とは異なります。,本記事と時間配分記事の違いは？,time-limit-strategy記事は144秒ペース·12問→50問段階·3分超削り方、本記事は10:00開始の到達時刻·25問11:00·50問120分計測·ペース遅れ判断に特化します。例えば6/28（土）time-limit-strategy——7/19（土）本記事——25問11:00——の順が定番です。70点の詳細はpass-score記事——直前1週間はexam-last-minute記事——で確認してください。,,,time-limit-strategy:時間配分;drill-volume-guide:演習量;pass-score:合格点;affiliate-problem-books:メンタルヘルス・マネジメント検定II種のおすすめ問題集3選【2026年度版·過去問】,時間計り演習;50問120分;2.4分/問;70点;7領域
simulation-exam-schedule,過去問活用,メンタルヘルス・マネジメント検定II種の模試日程と学習計画,メンタルヘルスII種の模試日程と学習計画。50問120分演習の逆算を表に整理。メンタルヘルス・マネジメント検定II種の独学の週間・月間スケジュール・メンタルヘルス・マネジメント検定II種の直前模試の受け方連携も解説。,本記事では模試日程逆算表をまとめ、週間·月間全体はメンタルヘルス・マネジメント検定II種の独学の週間・月間スケジュール·直前模試手順はメンタルヘルス・マネジメント検定II種の直前模試の受け方と役割分担します。公式情報は大阪商工会議所（https://www.mental-health.ne.jp/about/）の試験のご紹介です。,30,過去問;模試;復習,メンタルヘルス二種マスター編集部,資格学習サイトの編集チーム,公式情報確認担当,公開前に一次情報との照合を行う担当者,2026-06-06,試験のご紹介（公式）|https://www.mental-health.ne.jp/about/,手書きリライト 2026-06-06。自動prose差し替え 2026-06-04（要手書き）。過去問活用向けテンプレートから作成。公開前に本文・参照URL・関連リンクを差し替える。;retire_redirect:study-plan,本記事では模試日程逆算表をまとめ、週間·月間全体はメンタルヘルス・マネジメント検定II種の独学の週間・月間スケジュール·直前模試手順はメンタルヘルス・マネジメント検定II種の直前模試の受け方と役割分担します。公式情報は大阪商工会議所（https://www.mental-health.ne.jp/about/）の試験のご紹介です。,試験日から逆算した模試3回の日程をカレンダー登録する;50問120分の本番形式で模試を実施する;模試後に7領域の正答率を記録する;55％未満の領域1つに20問追加で解き直す;メンタルヘルス・マネジメント検定II種の直前模試の受け方で直前模試手順を確認する,試験要項・公式ページ更新時に本文と参照元を見直す。,2026-06-06,2026-06-29,2026-06-06,archived,2026-06-12: archived（guide retire p1·study-planへ統合）,模試日程逆算の全体像（50問120分）,数値・日程・合格基準は年度で更新されるため、学習前と申込前には試験のご紹介（公式）の最新案内を確認してください。演習で模試日程と学習計画に関する設問を解いたら。正解理由と誤答肢の違いを短くメモし、用語解説・比較表・よくある誤答タブで似た論点を比較表で整理すると定着しやすくなります。 演習10問を解き、解説で参照条文を公式テキストで開いて読み返してください。数値・日程・合格基準は年度で更新されるため、学習前と申込前には大阪商工会議所の最新案内を確認してください。,18週モデルの模試日程表,数値・日程・合格基準は年度で更新されるため、学習前と申込前には試験のご紹介（公式）の最新案内を確認してください。演習で模試日程と学習計画に関する設問を解いたら。正解理由と誤答肢の違いを短くメモし、用語解説・比較表・よくある誤答タブで似た論点を比較表で整理すると定着しやすくなります。 表をノートに転記したら、演習10問で理解を確認し、誤答は公式テキスト該当章で読み直してください。数値・日程・合格基準は年度で更新されるため、学習前と申込前には大阪商工会議所の最新案内を確認してください。,模試当日の50問120分ペース表,試験直前は新しい参考書を増やさず、模試日程と学習計画で何度も迷った分野と頻出用語に絞ります。7領域のうち得点率が低い領域を1つ選び、用語10語＋演習20問程度をセットで見直すのが目安です。 前日は暗記の詰め込みより、睡眠と当日の持ち物・会場確認を優先してください。数値（面接指導の時間、ストレスチェックの対象人数など）は早見表タブで最終確認すると安心です。「模試当日の50問120分ペース表」では。模試日程と学習計画について公式テキストの該当章を開き、条文の主体・期限・数値を演習問題とセットで押さえて定着を確認します。数値・日程は試験のご紹介（公式）の最新要項で必ず照合してください。,模試後の弱点分析と20問追加,数値・日程・合格基準は年度で更新されるため、学習前と申込前には試験のご紹介（公式）の最新案内を確認してください。演習で模試日程と学習計画に関する設問を解いたら。正解理由と誤答肢の違いを短くメモし、用語解説・比較表・よくある誤答タブで似た論点を比較表で整理すると定着しやすくなります。 演習10問を解き、解説で参照条文を公式テキストで開いて読み返してください。数値・日程・合格基準は年度で更新されるため、学習前と申込前には大阪商工会議所の最新案内を確認してください。,関連ガイドとの使い分け,数値・日程・合格基準は年度で更新されるため、学習前と申込前には試験のご紹介（公式）の最新案内を確認してください。演習で模試日程と学習計画に関する設問を解いたら。正解理由と誤答肢の違いを短くメモし、用語解説・比較表・よくある誤答タブで似た論点を比較表で整理すると定着しやすくなります。 関連記事は役割が重ならないよう、概要→形式→学習計画の順で読むと迷いにくくなります。数値・日程・合格基準は年度で更新されるため、学習前と申込前には大阪商工会議所の最新案内を確認してください。,,,,,模試は何回·いつ実施すればよいですか？,「模試は何回·いつ実施すればよいですか」はメンタルヘルス・マネジメント検定II種の公式テキスト該当章と試験のご紹介（公式）で確認するのが確実です。模試日程と学習計画では、条文の要件（誰が・いつ・何を）を演習問題とセットで押さえてください。,模試68点なら合格できますか？,「模試68点なら合格できますか」はメンタルヘルス・マネジメント検定II種の公式テキスト該当章と試験のご紹介（公式）で確認するのが確実です。模試日程と学習計画では、条文の要件（誰が・いつ・何を）を演習問題とセットで押さえてください。,本記事とメンタルヘルス・マネジメント検定II種の直前模試の受け方はどう使い分けますか？,読了後は、模試日程と学習計画の関連する演習を5問以上解き、間違えた選択肢を用語解説で確認してから関連ガイドへ進んでください。1週間後の解き直し日をカレンダーに入れると定着しやすくなります。数値・主体・手順は大阪商工会議所の最新案内と照合してください。,,,self-study-schedule:独学スケジュール;pass-score:合格点;exam-schedule:試験日程,50問120分;模試3回;8週前逆算;35問正解;mock連携
glossary-study-method,用語ハブ活用法,メンタルヘルス・マネジメント検定II種の用語集の活用法,メンタルヘルスII種の用語暗記·間隔反復公式情報。terms/巡回·Day0→3→7サイクルを表に整理。メンタルヘルス・マネジメント検定II種の用語解説の活用法・メンタルヘルス・マネジメント検定II種の重要用語の押さえ方連携も解説。,メンタルヘルス・マネジメント検定II種（ラインケア）の用語集の活用法（暗記·間隔反復）は、50問·四択一·70点以上·7領域で657語相当の用語を演習と接続して定着させる復習サイクルの公式情報です。terms/ハブの使い方はメンタルヘルス・マネジメント検定II種の用語解説の活用法の記事、7領域別必須語リストはメンタルヘルス・マネジメント検定II種の重要用語の押さえ方と役割分担します。公式情報は大阪商工会議所（https://www.mental-health.ne.jp/about/）の試験のご紹介です。,35,用語集;知識整理,メンタルヘルス二種マスター編集部,資格学習サイトの編集チーム,公式情報確認担当,公開前に一次情報との照合を行う担当者,2026-06-06,試験のご紹介（公式）|https://www.mental-health.ne.jp/about/,手書きリライト 2026-06-06。自動prose差し替え 2026-06-04（要手書き）。用語ハブ活用法向けテンプレートから作成。公開前に本文・参照URL・関連リンクを差し替える。;retire_redirect:glossary-how-to,本記事を読むと、たとえば演習10問·用語混同5問中2問正解の場合に、間隔反復サイクル表とterms/巡回順序·メンタルヘルス・マネジメント検定II種の用語解説の活用法・メンタルヘルス・マネジメント検定II種の重要用語の押さえ方との使い分けが分かり、50問70点の用語弱点を計画的に潰せます。,Day0→3→7間隔反復サイクル表を1枚にまとめる;演習10問の誤答用語10語をterms/で定義確認する;7領域ハブを巡回し領域別に新規5語·復習5語を割り当てる;メンタルヘルス・マネジメント検定II種の用語解説の活用法の記事でterms/·比較表の使い方を確認する;7日後に同分野10問を解き直し正答率70％以上を目指す,試験要項・公式ページ更新時に本文と参照元を見直す。,2026-06-06,2026-06-29,2026-06-06,archived,2026-06-12: archived（guide retire·glossary-how-toへ統合）,用語暗記·間隔反復の全体像（657語相当·50問·7領域）,演習で分からなかった語句は、用語解説タブで定義・試験論点・よくある誤解まで確認します。関連用語から2件以上読むと、用語集の活用法の設問で並べられた選択肢の意図が見えやすくなります。 用語だけ暗記しても事例問題は解けないため、演習→用語→演習の往復を1セットとして回してください。「用語暗記·間隔反復の全体像（657語相当·50問·7領域）」では。用語集の活用法について公式テキストの該当章を開き、条文の主体・期限・数値を演習問題とセットで押さえて定着を確認します。数値・日程は試験のご紹介（公式）の最新要項で必ず照合してください。,Day0→3→7サイクル表（新規·復習·演習解き直し）,用語集の活用法の理解度は、関連する演習問題で確認するのが効率的です。1問解くごとに「根拠はテキストのどの章か」をメモすると、復習時に該当ページへすぐ戻れます。 同じ問題を時間を空けて解き直し、言い換え選択肢でも正解できるかまで確認してください。二回連続正解でも、条件を1語変えた肢で誤答する場合は、用語の定義がまだ曖昧なサインです。「Day0→3→7サイクル表（新規·復習·演習解き直し）」では。用語集の活用法について公式テキストの該当章を開き、条文の主体・期限・数値を演習問題とセットで押さえて定着を確認します。数値・日程は試験のご紹介（公式）の最新要項で必ず照合してください。用語一覧は /terms/ から分野別に開き、比較表で関連論点を整理してください。,terms/巡回と領域別暗記順序表（7領域ハブ）,数値・日程・合格基準は年度で更新されるため、学習前と申込前には試験のご紹介（公式）の最新案内を確認してください。演習で用語集の活用法に関する設問を解いたら。正解理由と誤答肢の違いを短くメモし、用語解説・比較表・よくある誤答タブで似た論点を比較表で整理すると定着しやすくなります。 表をノートに転記したら、演習10問で理解を確認し、誤答は公式テキスト該当章で読み直してください。数値・日程・合格基準は年度で更新されるため、学習前と申込前には大阪商工会議所の最新案内を確認してください。,用語暗記の頻出誤答表（丸暗記·一度きり·主体混同）,演習で分からなかった語句は、用語解説タブで定義・試験論点・よくある誤解まで確認します。関連用語から2件以上読むと、用語集の活用法の設問で並べられた選択肢の意図が見えやすくなります。 用語だけ暗記しても事例問題は解けないため、演習→用語→演習の往復を1セットとして回してください。「用語暗記の頻出誤答表（丸暗記·一度きり·主体混同）」では。用語集の活用法について公式テキストの該当章を開き、条文の主体・期限・数値を演習問題とセットで押さえて定着を確認します。数値・日程は試験のご紹介（公式）の最新要項で必ず照合してください。,関連ガイドとの使い分け,数値・日程・合格基準は年度で更新されるため、学習前と申込前には試験のご紹介（公式）の最新案内を確認してください。演習で用語集の活用法に関する設問を解いたら。正解理由と誤答肢の違いを短くメモし、用語解説・比較表・よくある誤答タブで似た論点を比較表で整理すると定着しやすくなります。 関連記事は役割が重ならないよう、概要→形式→学習計画の順で読むと迷いにくくなります。数値・日程・合格基準は年度で更新されるため、学習前と申込前には大阪商工会議所の最新案内を確認してください。,,,,,657語相当を全部暗記する必要がありますか？,「657語相当を全部暗記する必要がありますか」はメンタルヘルス・マネジメント検定II種の公式テキスト該当章と試験のご紹介（公式）で確認するのが確実です。用語集の活用法では、条文の要件（誰が・いつ・何を）を演習問題とセットで押さえてください。,本記事とメンタルヘルス・マネジメント検定II種の用語解説の活用法はどう使い分けますか？,「本記事とメンタルヘルス・マネジメント検定II種の用語解説の活用法はどう使い分けますか」はメンタルヘルス・マネジメント検定II種の公式テキスト該当章と試験のご紹介（公式）で確認するのが確実です。用語集の活用法では、条文の要件（誰が・いつ・何を）を演習問題とセットで押さえてください。,メンタルヘルス・マネジメント検定II種の重要用語の押さえ方は用語暗記にどう使いますか？,読了後は、用語集の活用法の関連する演習を5問以上解き、間違えた選択肢を用語解説で確認してから関連ガイドへ進んでください。1週間後の解き直し日をカレンダーに入れると定着しやすくなります。数値・主体・手順は大阪商工会議所の最新案内と照合してください。,,,glossary-how-to:用語ハブ;important-terms-list:必須語;confusing-terms:混同語;subjects:出題範囲,用語暗記;間隔反復;657語相当;terms/巡回;50問70点
important-terms-list,用語ハブ活用法,メンタルヘルス・マネジメント検定II種の重要用語の押さえ方,メンタルヘルスII種の重要用語押さえ方公式情報。7領域別必須語リストを表に整理。メンタルヘルス・マネジメント検定II種の用語の重要度の見方・メンタルヘルス・マネジメント検定II種の用語と過去問の併用連携も解説。,II種（ラインケア）は四択一の50問・70点で合格ですが、出題範囲には膨大な専門用語が含まれ、やみくもに覚えようとすると消化しきれません。大切なのは、7つの領域ごとに「まず押さえるべき必須語」から優先して固めていく順序です。本記事では、その学習の進め方を全体像として整理します。用語の重要度の見分け方、過去問との組み合わせ方、暗記の回し方は、それぞれ別記事で詳しく扱います。出題範囲の最新情報は、実施団体である大阪商工会議所の公式サイト(https://www.mental-health.ne.jp/about/)で確認できます。,35,用語集;知識整理,メンタルヘルス二種マスター編集部,資格学習サイトの編集チーム,公式情報確認担当,公開前に一次情報との照合を行う担当者,2026-06-06,試験のご紹介（公式）|https://www.mental-health.ne.jp/about/,手書きリライト 2026-06-06。自動prose差し替え 2026-06-04（要手書き）。用語ハブ活用法向けテンプレートから作成。公開前に本文・参照URL・関連リンクを差し替える。;retire_redirect:glossary-how-to,本記事を読むと、たとえば演習10問·全領域60％未満の場合に、7領域別必須語リスト表とメンタルヘルス・マネジメント検定II種の用語の重要度の見方・メンタルヘルス・マネジメント検定II種の用語と過去問の併用との使い分けが分かり、50問70点の優先学習順が決められます。,7領域別必須語リスト表を1枚にまとめる;演習10問の弱点領域から必須語10語を選びterms/で確認する;メンタルヘルス・マネジメント検定II種の用語の重要度の見方の記事で重要度A/B/Cの見方を確認する;メンタルヘルス・マネジメント検定II種の用語と過去問の併用の記事で過去問連動語10語を確認する;7日後に同分野10問を解き直し正答率70％以上を目指す,試験要項・公式ページ更新時に本文と参照元を見直す。,2026-06-06,2026-06-29,2026-06-06,published,2026-06-12: archived（guide retire·glossary-how-toへ統合）,7領域別必須用語の全体像（657語から優先·50問·70点）,用語は数が多いため、すべてを同じ重みで覚えるのは非効率です。まず7領域ごとに「頻出かつ得点に直結する用語」へ優先順位をつけ、核となる語から押さえます。優先度の判断は、公式テキストで強調されている箇所と、演習での出現頻度を基準にすると客観的です。重要語を先に固めてから周辺語に広げると、限られた時間でも得点に効く知識から積み上げられ、学習の手応えも得やすくなります。,領域①②必須語リスト表（制度·ストレスチェック·事業場内）,領域①②では、メンタルヘルスケアの意義や関連制度、ストレスチェック、事業場内の推進体制に関する用語が中心です。制度名・関係者の役割・数値要件（実施頻度や規模要件など）をセットで覚えると、四択での取り違えを防げます。特に制度の「目的」と「手順」は混同しやすいので、誰が・いつ・何をするのかを一文で言えるようにしておくと、応用的な設問にも対応できます。制度の趣旨から押さえると、細かい数値も記憶に残りやすくなります。,領域③④必須語リスト表（環境改善·個別配慮·PDCA）,領域③④では、職場環境の改善や個別の配慮、PDCAなど、施策を継続的に回す枠組みの用語が問われます。各用語が「どの段階の・誰の活動か」を対応づけて整理すると、似た概念の混同を避けられます。改善活動は流れ（計画→実施→評価→改善）で問われやすいため、用語を単独で覚えるより、一連のプロセスの中に位置づけて理解するほうが、設問の文脈に強くなります。プロセスの流れに沿って覚えると、応用的な出題にも対応できます。,領域⑤⑥⑦必須語リスト表（休復職·相談·健康保持）,領域⑤⑥⑦では、休職・復職支援、相談対応、健康の保持増進に関わる用語が中心です。手順（職場復帰支援の5ステップなど）や、相談窓口・専門職（産業医など）の役割は出題されやすいため、流れと主体を結びつけて覚えてください。誰が・どの段階で関わるかを取り違えると失点につながるので、登場人物と手順を1枚の図にまとめて、演習で繰り返し確認すると定着します。図にまとめておくと、本番でも手順を思い出しやすくなります。,関連ガイドとの使い分け,本記事は用語の優先順位づけと押さえ方に特化しています。個々の語の正確な定義は用語解説、知識の確認は一問一答、学習全体の計画は勉強法の各記事と役割を分けています。用語は覚えること自体が目的ではなく、設問で正しく使い分けられて初めて得点になります。優先語を押さえたら一問一答で運用を確認し、間違えた語を用語解説に戻って復習する往復を習慣にしてください。この往復を続けると、覚えた用語が確実に得点へ結びつきます。,,,,,657語から何語を優先すればよいですか？,全657語を均等に覚える必要はありません。過去問で頻出の法令・制度名、ストレスやメンタルヘルスの基礎用語を優先しましょう。70点（35問正解）が合格ラインなので、まず頻出語を確実にし、余力で周辺語を広げるのが効率的です。,本記事とメンタルヘルス・マネジメント検定II種の用語の重要度の見方はどう使い分けますか？,本記事は具体的にどの用語を押さえるかを示す記事で、重要度の見方の記事は優先順位の付け方の考え方を解説します。まず重要度の見方で判断基準をつかみ、本記事で実際の用語を覚える、という順で使い分けると効果的です。,メンタルヘルス・マネジメント検定II種の用語と過去問の併用は必須語学習にどう使いますか？,過去問・演習問題は出題傾向把握と弱点発見に有効です。解きっぱなしにせず、用語解説へ戻る解き直しをセットにします。数値・主体・手順は大阪商工会議所の最新案内と照合してください。 重要用語の押さえ方の論点は演習と試験のご紹介（公式）の要項で確認してください。,,,terms-importance-levels:重要度;terms-with-past-questions:過去問併用;glossary-study-method:用語暗記;subjects:出題範囲,重要用語;7領域別;必須語;657語相当;50問70点
confusing-terms,用語ハブ活用法,メンタルヘルス・マネジメント検定II種の混同しやすい用語,メンタルヘルスII種の混同しやすい用語。ラインケア·産業医·相談窓口を表に整理。メンタルヘルス・マネジメント検定II種の用語解説の活用法・メンタルヘルス・マネジメント検定II種の関連用語での回遊連携も解説。,メンタルヘルス・マネジメント検定II種（ラインケア）の混同しやすい用語は、50問·四択一で主体·定義·手順が入れ替わって出題される論点の公式情報です。管理監督者·産業医·相談窓口·ラインケア·事業場内/外ケアの線引き表を本記事で整理し、用語ハブ全体の使い方はメンタルヘルス・マネジメント検定II種の用語解説の活用法·関連用語の回遊はメンタルヘルス・マネジメント検定II種の関連用語での回遊と役割分担します。公式情報は大阪商工会議所（https://www.mental-health.ne.jp/about/）の試験のご紹介です。,35,用語集;知識整理,メンタルヘルス二種マスター編集部,資格学習サイトの編集チーム,公式情報確認担当,公開前に一次情報との照合を行う担当者,2026-06-06,試験のご紹介（公式）|https://www.mental-health.ne.jp/about/,手書きリライト 2026-06-06。自動prose差し替え 2026-06-04（要手書き）。用語ハブ活用法向けテンプレートから作成。公開前に本文・参照URL・関連リンクを差し替える。;retire_redirect:glossary-how-to,本記事を読むと、たとえば演習10問·主体混同5問すべて誤答の場合に、ラインケア·産業医·相談窓口の混同語一覧表とメンタルヘルス・マネジメント検定II種の用語解説の活用法・メンタルヘルス・マネジメント検定II種の関連用語での回遊との使い分けが分かり、7領域の得点源として整理できます。,混同語10組の主体·定義表を1枚にまとめる;演習10問·主体混同分野を解き誤答理由を記録する;terms/で誤答5語の定義·関連用語2件以上を確認する;メンタルヘルス・マネジメント検定II種の用語解説の活用法の記事で657語相当ハブの使い方を確認する;7日後に同10問を解き直し正答率70％以上を目指す,試験要項・公式ページ更新時に本文と参照元を見直す。,2026-06-06,2026-06-29,2026-06-06,archived,2026-06-12: archived（guide retire·glossary-how-toへ統合）,混同しやすい用語の全体像（50問·主体·定義·7領域）,演習で分からなかった語句は、用語解説タブで定義・試験論点・よくある誤解まで確認します。関連用語から2件以上読むと、混同しやすい用語の設問で並べられた選択肢の意図が見えやすくなります。 用語だけ暗記しても事例問題は解けないため、演習→用語→演習の往復を1セットとして回してください。「混同しやすい用語の全体像（50問·主体·定義·7領域）」では。混同しやすい用語について公式テキストの該当章を開き、条文の主体・期限・数値を演習問題とセットで押さえて定着を確認します。数値・日程は試験のご紹介（公式）の最新要項で必ず照合してください。,ラインケア·管理監督者·4つのケアの混同語表,管理監督者は、混同しやすい用語の場面で「早期発見・傾聴・安全配慮・記録・専門職連携・職場環境改善」のバランスを取る主体として問われます。医学的診断や治療判断は医師の領域であり、管理監督者単独では行いません。 演習では「何をすべきか／すべきでないか」の二択に見える問題でも、プライバシー保護と業務上必要な情報共有の線引きがポイントになることが多いです。「ラインケア·管理監督者·4つのケアの混同語表」では。混同しやすい用語について公式テキストの該当章を開き、条文の主体・期限・数値を演習問題とセットで押さえて定着を確認します。数値・日程は試験のご紹介（公式）の最新要項で必ず照合してください。用語一覧は /terms/ から分野別に開き、比較表で関連論点を整理してください。,産業医·保健師·相談窓口の主体混同表,数値・日程・合格基準は年度で更新されるため、学習前と申込前には試験のご紹介（公式）の最新案内を確認してください。演習で混同しやすい用語に関する設問を解いたら。正解理由と誤答肢の違いを短くメモし、用語解説・比較表・よくある誤答タブで似た論点を比較表で整理すると定着しやすくなります。 表をノートに転記したら、演習10問で理解を確認し、誤答は公式テキスト該当章で読み直してください。数値・日程・合格基準は年度で更新されるため、学習前と申込前には大阪商工会議所の最新案内を確認してください。,事業場内ケア·事業場外ケア·EAPの混同語表,数値・日程・合格基準は年度で更新されるため、学習前と申込前には試験のご紹介（公式）の最新案内を確認してください。演習で混同しやすい用語に関する設問を解いたら。正解理由と誤答肢の違いを短くメモし、用語解説・比較表・よくある誤答タブで似た論点を比較表で整理すると定着しやすくなります。 表をノートに転記したら、演習10問で理解を確認し、誤答は公式テキスト該当章で読み直してください。数値・日程・合格基準は年度で更新されるため、学習前と申込前には大阪商工会議所の最新案内を確認してください。,関連ガイドとの使い分け,数値・日程・合格基準は年度で更新されるため、学習前と申込前には試験のご紹介（公式）の最新案内を確認してください。演習で混同しやすい用語に関する設問を解いたら。正解理由と誤答肢の違いを短くメモし、用語解説・比較表・よくある誤答タブで似た論点を比較表で整理すると定着しやすくなります。 関連記事は役割が重ならないよう、概要→形式→学習計画の順で読むと迷いにくくなります。数値・日程・合格基準は年度で更新されるため、学習前と申込前には大阪商工会議所の最新案内を確認してください。,,,,,混同しやすい用語は何から覚えればよいですか？,「混同しやすい用語は何から覚えればよいですか」はメンタルヘルス・マネジメント検定II種の公式テキスト該当章と試験のご紹介（公式）で確認するのが確実です。混同しやすい用語では、条文の要件（誰が・いつ・何を）を演習問題とセットで押さえてください。,本記事とメンタルヘルス・マネジメント検定II種の用語解説の活用法はどう使い分けますか？,「本記事とメンタルヘルス・マネジメント検定II種の用語解説の活用法はどう使い分けますか」はメンタルヘルス・マネジメント検定II種の公式テキスト該当章と試験のご紹介（公式）で確認するのが確実です。混同しやすい用語では、条文の要件（誰が・いつ・何を）を演習問題とセットで押さえてください。,メンタルヘルス・マネジメント検定II種の関連用語での回遊は混同語対策にどう使いますか？,読了後は、混同しやすい用語の関連する演習を5問以上解き、間違えた選択肢を用語解説で確認してから関連ガイドへ進んでください。1週間後の解き直し日をカレンダーに入れると定着しやすくなります。数値・主体・手順は大阪商工会議所の最新案内と照合してください。,,,glossary-how-to:用語解説活用;related-terms-navigation:関連用語回遊;line-care:ラインケア;occupational-physician:産業医,混同語;ラインケア;産業医;相談窓口;主体線引き
related-terms-navigation,用語ハブ活用法,メンタルヘルス・マネジメント検定II種の関連用語での回遊,メンタルヘルスII種の関連用語回遊公式情報。terms/リンク·2件以上回遊を表に整理。メンタルヘルス・マネジメント検定II種の用語集の活用法・メンタルヘルス・マネジメント検定II種の混同しやすい用語連携も解説。,メンタルヘルス・マネジメント検定II種（ラインケア）の関連用語での回遊は、50問·四択一·70点以上·7領域で657語相当の用語ハブterms/から1語を起点に関連用語2件以上をリンクで読み進め、主体·定義·手順の網理解を深める学習手順の公式情報です。暗記·間隔反復はメンタルヘルス・マネジメント検定II種の用語集の活用法の記事、混同語一覧はメンタルヘルス・マネジメント検定II種の混同しやすい用語と役割分担します。公式情報は大阪商工会議所（https://www.mental-health.ne.jp/about/）の試験のご紹介です。,35,用語集;知識整理,メンタルヘルス二種マスター編集部,資格学習サイトの編集チーム,公式情報確認担当,公開前に一次情報との照合を行う担当者,2026-06-06,試験のご紹介（公式）|https://www.mental-health.ne.jp/about/,手書きリライト 2026-06-06。自動prose差し替え 2026-06-04（要手書き）。用語ハブ活用法向けテンプレートから作成。公開前に本文・参照URL・関連リンクを差し替える。;retire_redirect:glossary-how-to,メンタルヘルス・マネジメント検定II種（ラインケア）の関連用語での回遊は、50問·四択一·70点以上·7領域で657語相当の用語ハブterms/から1語を起点に関連用語2件以上をリンクで読み進め、主体·定義·手順の網理解を深める学習手順の公式情報です。暗記·間隔反復はメンタルヘルス・マネジメント検定II種の用語集の活用法の記事、混同語一覧はメンタルヘルス・マネジメント検定II種の混同しやすい用語と役割分担します。公式情報は大阪商工会議所（https://www.mental-health.ne.jp/about/）の試験のご紹介です。,関連用語2件以上回遊手順表を1枚にまとめる;演習10問の誤答用語からterms/起点語5語を選ぶ;各語から関連用語2件以上をリンクで読む;メンタルヘルス・マネジメント検定II種の用語集の活用法の記事でDay0→3→7サイクルを確認する;7日後に同分野10問を解き直し正答率70％以上を目指す,試験要項・公式ページ更新時に本文と参照元を見直す。,2026-06-06,2026-06-29,2026-06-06,archived,2026-06-12: archived（guide retire·glossary-how-toへ統合）,関連用語回遊の全体像（terms/·657語·50問·7領域）,演習で分からなかった語句は、用語解説タブで定義・試験論点・よくある誤解まで確認します。関連用語から2件以上読むと、関連用語での回遊の設問で並べられた選択肢の意図が見えやすくなります。 用語だけ暗記しても事例問題は解けないため、演習→用語→演習の往復を1セットとして回してください。「関連用語回遊の全体像（terms/·657語·50問·7領域）」では。関連用語での回遊について公式テキストの該当章を開き、条文の主体・期限・数値を演習問題とセットで押さえて定着を確認します。数値・日程は試験のご紹介（公式）の最新要項で必ず照合してください。,関連用語2件以上回遊の手順表（起点→リンク→比較）,演習で分からなかった語句は、用語解説タブで定義・試験論点・よくある誤解まで確認します。関連用語から2件以上読むと、関連用語での回遊の設問で並べられた選択肢の意図が見えやすくなります。 用語だけ暗記しても事例問題は解けないため、演習→用語→演習の往復を1セットとして回してください。「関連用語2件以上回遊の手順表（起点→リンク→比較）」では。関連用語での回遊について公式テキストの該当章を開き、条文の主体・期限・数値を演習問題とセットで押さえて定着を確認します。数値・日程は試験のご紹介（公式）の最新要項で必ず照合してください。,領域別·関連用語リンク活用法表（7領域ハブ）,演習で分からなかった語句は、用語解説タブで定義・試験論点・よくある誤解まで確認します。関連用語から2件以上読むと、関連用語での回遊の設問で並べられた選択肢の意図が見えやすくなります。 用語だけ暗記しても事例問題は解けないため、演習→用語→演習の往復を1セットとして回してください。「領域別·関連用語リンク活用法表（7領域ハブ）」では。関連用語での回遊について公式テキストの該当章を開き、条文の主体・期限・数値を演習問題とセットで押さえて定着を確認します。数値・日程は試験のご紹介（公式）の最新要項で必ず照合してください。,関連用語回遊の頻出誤答表（1語のみ·丸読み·主体混同）,演習で分からなかった語句は、用語解説タブで定義・試験論点・よくある誤解まで確認します。関連用語から2件以上読むと、関連用語での回遊の設問で並べられた選択肢の意図が見えやすくなります。 用語だけ暗記しても事例問題は解けないため、演習→用語→演習の往復を1セットとして回してください。「関連用語回遊の頻出誤答表（1語のみ·丸読み·主体混同）」では。関連用語での回遊について公式テキストの該当章を開き、条文の主体・期限・数値を演習問題とセットで押さえて定着を確認します。数値・日程は試験のご紹介（公式）の最新要項で必ず照合してください。,関連ガイドとの使い分け,数値・日程・合格基準は年度で更新されるため、学習前と申込前には試験のご紹介（公式）の最新案内を確認してください。演習で関連用語での回遊に関する設問を解いたら。正解理由と誤答肢の違いを短くメモし、用語解説・比較表・よくある誤答タブで似た論点を比較表で整理すると定着しやすくなります。 関連記事は役割が重ならないよう、概要→形式→学習計画の順で読むと迷いにくくなります。数値・日程・合格基準は年度で更新されるため、学習前と申込前には大阪商工会議所の最新案内を確認してください。,,,,,関連用語回遊は何語から始めればよいですか？,「関連用語回遊は何語から始めればよいですか」はメンタルヘルス・マネジメント検定II種の公式テキスト該当章と試験のご紹介（公式）で確認するのが確実です。関連用語での回遊では、条文の要件（誰が・いつ・何を）を演習問題とセットで押さえてください。,本記事とメンタルヘルス・マネジメント検定II種の用語集の活用法はどう使い分けますか？,「本記事とメンタルヘルス・マネジメント検定II種の用語集の活用法はどう使い分けますか」はメンタルヘルス・マネジメント検定II種の公式テキスト該当章と試験のご紹介（公式）で確認するのが確実です。関連用語での回遊では、条文の要件（誰が・いつ・何を）を演習問題とセットで押さえてください。,メンタルヘルス・マネジメント検定II種の混同しやすい用語は回遊学習にどう使いますか？,読了後は、関連用語での回遊の関連する演習を5問以上解き、間違えた選択肢を用語解説で確認してから関連ガイドへ進んでください。1週間後の解き直し日をカレンダーに入れると定着しやすくなります。数値・主体・手順は大阪商工会議所の最新案内と照合してください。,,,glossary-study-method:用語暗記法;confusing-terms:混同語;glossary-how-to:用語ハブ;subjects:出題範囲,関連用語回遊;terms/リンク;2件以上;657語相当;50問70点
terms-with-past-questions,用語ハブ活用法,メンタルヘルス・マネジメント検定II種の用語と過去問の併用,メンタルヘルスII種の用語過去問併用公式情報。terms/→演習→解き直しを表に整理。メンタルヘルス・マネジメント検定II種の用語解説の活用法・メンタルヘルス二種の過去問・演習問題の効果的な使い方連携も解説。,メンタルヘルス・マネジメント検定II種（ラインケア）の用語と過去問の併用は、50問·四択一·70点以上·7領域でterms/用語解説で定義確認→q/演習で実戦→7日後解き直しの3段階を回す学習順序の公式情報です。用語ハブの使い方はメンタルヘルス・マネジメント検定II種の用語解説の活用法の記事、演習全体像·4段階サイクルはメンタルヘルス二種の過去問・演習問題の効果的な使い方と役割分担します。公式情報は大阪商工会議所（https://www.mental-health.ne.jp/about/）の試験のご紹介です。,35,用語集;知識整理,メンタルヘルス二種マスター編集部,資格学習サイトの編集チーム,公式情報確認担当,公開前に一次情報との照合を行う担当者,2026-06-06,試験のご紹介（公式）|https://www.mental-health.ne.jp/about/,手書きリライト 2026-06-06。自動prose差し替え 2026-06-04（要手書き）。用語ハブ活用法向けテンプレートから作成。公開前に本文・参照URL・関連リンクを差し替える。;retire_redirect:glossary-how-to,本記事を読むと、たとえば演習10問·用語混同5問中2問正解の場合に、terms/→演習→解き直しの3段階表とメンタルヘルス・マネジメント検定II種の用語解説の活用法・メンタルヘルス二種の過去問・演習問題の効果的な使い方との使い分けが分かり、用語弱点を演習で定着できます。,terms/→演習→7日後解き直しの3段階表を1枚にまとめる;演習10問の誤答用語5語をterms/で定義·主体確認する;メンタルヘルス・マネジメント検定II種の用語解説の活用法の記事で比較表·関連用語の読み方を確認する;7日後に同分野10問を解き直し正答率70％以上を目指す;メンタルヘルス二種の過去問・演習問題の効果的な使い方の記事で演習4段階サイクルを確認する,試験要項・公式ページ更新時に本文と参照元を見直す。,2026-06-06,2026-06-29,2026-06-06,archived,2026-06-12: archived（guide retire p2·glossary-how-toへ統合）,用語と過去問併用の全体像（terms/·演習·7日後·50問）,用語と過去問の併用の理解度は、関連する演習問題で確認するのが効率的です。1問解くごとに「根拠はテキストのどの章か」をメモすると、復習時に該当ページへすぐ戻れます。 同じ問題を時間を空けて解き直し、言い換え選択肢でも正解できるかまで確認してください。二回連続正解でも、条件を1語変えた肢で誤答する場合は、用語の定義がまだ曖昧なサインです。「用語と過去問併用の全体像（terms/·演習·7日後·50問）」では。用語と過去問の併用について公式テキストの該当章を開き、条文の主体・期限・数値を演習問題とセットで押さえて定着を確認します。数値・日程は試験のご紹介（公式）の最新要項で必ず照合してください。,terms/用語解説の読み方表（定義·試験論点·よくある誤解）,演習で分からなかった語句は、用語解説タブで定義・試験論点・よくある誤解まで確認します。関連用語から2件以上読むと、用語と過去問の併用の設問で並べられた選択肢の意図が見えやすくなります。 用語だけ暗記しても事例問題は解けないため、演習→用語→演習の往復を1セットとして回してください。「terms/用語解説の読み方表（定義·試験論点·よくある誤解）」では。用語と過去問の併用について公式テキストの該当章を開き、条文の主体・期限・数値を演習問題とセットで押さえて定着を確認します。数値・日程は試験のご紹介（公式）の最新要項で必ず照合してください。,演習との接続表（誤答用語·7領域タグ·解き直し）,用語と過去問の併用の理解度は、関連する演習問題で確認するのが効率的です。1問解くごとに「根拠はテキストのどの章か」をメモすると、復習時に該当ページへすぐ戻れます。 同じ問題を時間を空けて解き直し、言い換え選択肢でも正解できるかまで確認してください。二回連続正解でも、条件を1語変えた肢で誤答する場合は、用語の定義がまだ曖昧なサインです。「演習との接続表（誤答用語·7領域タグ·解き直し）」では。用語と過去問の併用について公式テキストの該当章を開き、条文の主体・期限・数値を演習問題とセットで押さえて定着を確認します。数値・日程は試験のご紹介（公式）の最新要項で必ず照合してください。用語一覧は /terms/ から分野別に開き、比較表で関連論点を整理してください。,用語過去問併用の頻出誤答表（演習のみ·用語のみ·解き直しなし）,用語と過去問の併用の理解度は、関連する演習問題で確認するのが効率的です。1問解くごとに「根拠はテキストのどの章か」をメモすると、復習時に該当ページへすぐ戻れます。 同じ問題を時間を空けて解き直し、言い換え選択肢でも正解できるかまで確認してください。二回連続正解でも、条件を1語変えた肢で誤答する場合は、用語の定義がまだ曖昧なサインです。「用語過去問併用の頻出誤答表（演習のみ·用語のみ·解き直しなし）」では。用語と過去問の併用について公式テキストの該当章を開き、条文の主体・期限・数値を演習問題とセットで押さえて定着を確認します。数値・日程は試験のご紹介（公式）の最新要項で必ず照合してください。用語一覧は /terms/ から分野別に開き、比較表で関連論点を整理してください。,関連ガイドとの使い分け,数値・日程・合格基準は年度で更新されるため、学習前と申込前には試験のご紹介（公式）の最新案内を確認してください。演習で用語と過去問の併用に関する設問を解いたら。正解理由と誤答肢の違いを短くメモし、用語解説・比較表・よくある誤答タブで似た論点を比較表で整理すると定着しやすくなります。 関連記事は役割が重ならないよう、概要→形式→学習計画の順で読むと迷いにくくなります。数値・日程・合格基準は年度で更新されるため、学習前と申込前には大阪商工会議所の最新案内を確認してください。,,,,,用語学習と演習はどちらから始めますか？,「用語学習と演習はどちらから始めますか」はメンタルヘルス・マネジメント検定II種の公式テキスト該当章と試験のご紹介（公式）で確認するのが確実です。用語と過去問の併用では、条文の要件（誰が・いつ・何を）を演習問題とセットで押さえてください。,本記事とメンタルヘルス・マネジメント検定II種の用語解説の活用法はどう使い分けますか？,「本記事とメンタルヘルス・マネジメント検定II種の用語解説の活用法はどう使い分けますか」はメンタルヘルス・マネジメント検定II種の公式テキスト該当章と試験のご紹介（公式）で確認するのが確実です。用語と過去問の併用では、条文の要件（誰が・いつ・何を）を演習問題とセットで押さえてください。,メンタルヘルス二種の過去問・演習問題の効果的な使い方は用語併用にどう使いますか？,過去問・演習問題は出題傾向把握と弱点発見に有効です。解きっぱなしにせず、用語解説へ戻る解き直しをセットにします。数値・主体・手順は大阪商工会議所の最新案内と照合してください。 用語と過去問の併用の論点は演習と試験のご紹介（公式）の要項で確認してください。,,,glossary-how-to:用語ハブ;past-questions-study:演習全体像;pass-score:合格点,用語過去問併用;terms/確認;演習解き直し;7領域;50問70点
terms-importance-levels,用語ハブ活用法,メンタルヘルス・マネジメント検定II種の用語の重要度の見方,メンタルヘルスII種の用語重要度公式情報。A/B/C判定·頻出語を表に整理。メンタルヘルス・マネジメント検定II種の重要用語の押さえ方・メンタルヘルス・マネジメント検定II種の用語集の活用法連携も解説。,メンタルヘルス・マネジメント検定II種（ラインケア）の用語の重要度の見方は、50問·四択一·70点以上·7領域で657語相当からA（必須）·B（推奨）·C（余裕時）に仕分ける判定基準の公式情報です。7領域別必須語リストはメンタルヘルス・マネジメント検定II種の重要用語の押さえ方の記事、暗記·間隔反復サイクルはメンタルヘルス・マネジメント検定II種の用語集の活用法と役割分担します。公式情報は大阪商工会議所（https://www.mental-health.ne.jp/about/）の試験のご紹介です。,35,用語集;知識整理,メンタルヘルス二種マスター編集部,資格学習サイトの編集チーム,公式情報確認担当,公開前に一次情報との照合を行う担当者,2026-06-06,試験のご紹介（公式）|https://www.mental-health.ne.jp/about/,手書きリライト 2026-06-06。自動prose差し替え 2026-06-04（要手書き）。用語ハブ活用法向けテンプレートから作成。公開前に本文・参照URL・関連リンクを差し替える。;retire_redirect:glossary-how-to,本記事を読むと、たとえば演習10問·用語8問中3問正解の場合に、A/B/C重要度判定表とメンタルヘルス・マネジメント検定II種の重要用語の押さえ方・メンタルヘルス・マネジメント検定II種の用語集の活用法との使い分けが分かり、657語から優先順位が決まります。,A/B/C重要度判定表を1枚にまとめる;演習10問の誤答用語をA級候補に分類する;メンタルヘルス・マネジメント検定II種の重要用語の押さえ方の記事で7領域別必須語を確認する;A級10語をterms/で定義·主体を確認する;7日後に同分野10問を解き直し正答率70％以上を目指す,試験要項・公式ページ更新時に本文と参照元を見直す。,2026-06-06,2026-06-29,2026-06-06,archived,2026-06-12: archived（guide retire p2·glossary-how-toへ統合）,用語重要度A/B/Cの全体像（657語相当·7領域·50問）,演習で分からなかった語句は、用語解説タブで定義・試験論点・よくある誤解まで確認します。関連用語から2件以上読むと、用語の重要度の見方の設問で並べられた選択肢の意図が見えやすくなります。 用語だけ暗記しても事例問題は解けないため、演習→用語→演習の往復を1セットとして回してください。「用語重要度A/B/Cの全体像（657語相当·7領域·50問）」では。用語の重要度の見方について公式テキストの該当章を開き、条文の主体・期限・数値を演習問題とセットで押さえて定着を確認します。数値・日程は試験のご紹介（公式）の最新要項で必ず照合してください。,A級（必須）判定基準表（頻出·主体·7領域核）,数値・日程・合格基準は年度で更新されるため、学習前と申込前には試験のご紹介（公式）の最新案内を確認してください。演習で用語の重要度の見方に関する設問を解いたら。正解理由と誤答肢の違いを短くメモし、用語解説・比較表・よくある誤答タブで似た論点を比較表で整理すると定着しやすくなります。 表をノートに転記したら、演習10問で理解を確認し、誤答は公式テキスト該当章で読み直してください。数値・日程・合格基準は年度で更新されるため、学習前と申込前には大阪商工会議所の最新案内を確認してください。,B級·C級の判定と学習配分表（演習誤答·章読了後）,用語の重要度の見方の理解度は、関連する演習問題で確認するのが効率的です。1問解くごとに「根拠はテキストのどの章か」をメモすると、復習時に該当ページへすぐ戻れます。 同じ問題を時間を空けて解き直し、言い換え選択肢でも正解できるかまで確認してください。二回連続正解でも、条件を1語変えた肢で誤答する場合は、用語の定義がまだ曖昧なサインです。「B級·C級の判定と学習配分表（演習誤答·章読了後）」では。用語の重要度の見方について公式テキストの該当章を開き、条文の主体・期限・数値を演習問題とセットで押さえて定着を確認します。数値・日程は試験のご紹介（公式）の最新要項で必ず照合してください。用語一覧は /terms/ から分野別に開き、比較表で関連論点を整理してください。,用語重要度の頻出誤答表（全語暗記·級なし·主体無視）,演習で分からなかった語句は、用語解説タブで定義・試験論点・よくある誤解まで確認します。関連用語から2件以上読むと、用語の重要度の見方の設問で並べられた選択肢の意図が見えやすくなります。 用語だけ暗記しても事例問題は解けないため、演習→用語→演習の往復を1セットとして回してください。「用語重要度の頻出誤答表（全語暗記·級なし·主体無視）」では。用語の重要度の見方について公式テキストの該当章を開き、条文の主体・期限・数値を演習問題とセットで押さえて定着を確認します。数値・日程は試験のご紹介（公式）の最新要項で必ず照合してください。,関連ガイドとの使い分け,数値・日程・合格基準は年度で更新されるため、学習前と申込前には試験のご紹介（公式）の最新案内を確認してください。演習で用語の重要度の見方に関する設問を解いたら。正解理由と誤答肢の違いを短くメモし、用語解説・比較表・よくある誤答タブで似た論点を比較表で整理すると定着しやすくなります。 関連記事は役割が重ならないよう、概要→形式→学習計画の順で読むと迷いにくくなります。数値・日程・合格基準は年度で更新されるため、学習前と申込前には大阪商工会議所の最新案内を確認してください。,,,,,657語から何語を優先すればよいですか？,「657語から何語を優先すればよいですか」はメンタルヘルス・マネジメント検定II種の公式テキスト該当章と試験のご紹介（公式）で確認するのが確実です。用語の重要度の見方では、条文の要件（誰が・いつ・何を）を演習問題とセットで押さえてください。,本記事とメンタルヘルス・マネジメント検定II種の重要用語の押さえ方はどう使い分けますか？,「本記事とメンタルヘルス・マネジメント検定II種の重要用語の押さえ方はどう使い分けますか」はメンタルヘルス・マネジメント検定II種の公式テキスト該当章と試験のご紹介（公式）で確認するのが確実です。用語の重要度の見方では、条文の要件（誰が・いつ・何を）を演習問題とセットで押さえてください。,メンタルヘルス・マネジメント検定II種の用語集の活用法は重要度学習にどう使いますか？,読了後は、用語の重要度の見方の関連する演習を5問以上解き、間違えた選択肢を用語解説で確認してから関連ガイドへ進んでください。1週間後の解き直し日をカレンダーに入れると定着しやすくなります。数値・主体・手順は大阪商工会議所の最新案内と照合してください。,,,glossary-how-to:用語ハブ;subjects:出題範囲,用語重要度;A/B/C;657語相当;7領域;50問70点
numbers-and-deadlines,用語ハブ活用法,メンタルヘルス・マネジメント検定II種の数字・期限のまとめ方,メンタルヘルスII種の数値·期限一覧公式情報。50問120分70点·36協定·ストレスチェック数値を表に整理。メンタルヘルス・マネジメント検定II種の計算ドリル・メンタルヘルス・マネジメント検定II種の公式・計算式の覚え方連携も解説。,メンタルヘルス・マネジメント検定II種（ラインケア）の数字·期限のまとめ方は、50問·120分·70点以上·7領域で頻出する試験形式数値·ストレスチェック50人基準·36協定上限·申込期限等を1枚の一覧表に集約する正本です。数値の覚え方はメンタルヘルス・マネジメント検定II種の公式・計算式の覚え方の記事、週次ドリルはメンタルヘルス・マネジメント検定II種の計算ドリルと役割分担します。公式情報は大阪商工会議所（https://www.mental-health.ne.jp/about/）の試験のご紹介です。,35,用語集;知識整理,メンタルヘルス二種マスター編集部,資格学習サイトの編集チーム,公式情報確認担当,公開前に一次情報との照合を行う担当者,2026-06-06,試験のご紹介（公式）|https://www.mental-health.ne.jp/about/,手書きリライト 2026-06-06。自動prose差し替え 2026-06-04（要手書き）。用語ハブ活用法向けテンプレートから作成。公開前に本文・参照URL・関連リンクを差し替える。;retire_redirect:glossary-how-to,本記事を読むと、たとえば演習10問·数値5問中2問正解の場合に、50問120分70点·36協定·ストレスチェック数値の一覧表とメンタルヘルス・マネジメント検定II種の計算ドリル・メンタルヘルス・マネジメント検定II種の公式・計算式の覚え方との使い分けが分かり、数値設問で得点できます。,数値·期限一覧表（50問120分70点·50人·36協定）を1枚にまとめる;演習10問·数値設問を解き誤答理由を4分類で記録する;49人/50人·60点/70点の境界数値を表で暗記する;メンタルヘルス・マネジメント検定II種の公式・計算式の覚え方の記事で数値暗記手順を確認する;7日後に同分野10問を解き直し正答率70％以上を目指す,試験要項・公式ページ更新時に本文と参照元を見直す。,2026-06-06,2026-06-29,2026-06-06,archived,2026-06-12: archived（guide retire·glossary-how-toへ統合）,数値·期限一覧の全体像（50問·120分·70点·7領域）,数値・日程・合格基準は年度で更新されるため、学習前と申込前には試験のご紹介（公式）の最新案内を確認してください。演習で数字・期限のまとめ方に関する設問を解いたら。正解理由と誤答肢の違いを短くメモし、用語解説・比較表・よくある誤答タブで似た論点を比較表で整理すると定着しやすくなります。 表をノートに転記したら、演習10問で理解を確認し、誤答は公式テキスト該当章で読み直してください。数値・日程・合格基準は年度で更新されるため、学習前と申込前には大阪商工会議所の最新案内を確認してください。,試験形式数値表（50問·120分·70点·四択一）,数値・日程・合格基準は年度で更新されるため、学習前と申込前には試験のご紹介（公式）の最新案内を確認してください。演習で数字・期限のまとめ方に関する設問を解いたら。正解理由と誤答肢の違いを短くメモし、用語解説・比較表・よくある誤答タブで似た論点を比較表で整理すると定着しやすくなります。 表をノートに転記したら、演習10問で理解を確認し、誤答は公式テキスト該当章で読み直してください。数値・日程・合格基準は年度で更新されるため、学習前と申込前には大阪商工会議所の最新案内を確認してください。,ストレスチェック·36協定の頻出数値表,ストレスチェック制度では、職場のストレス要因の把握と、高ストレス者への面接指導が要点です。管理監督者は結果の取り扱い（個人情報・フィードバック方法）を理解しておく必要があります。 数字・期限のまとめ方に関連する数値（50人以上の事業場など）は数値早見表で確認し、数値・日程・合格基準は年度で更新されるため。学習前と申込前には試験のご紹介（公式）の最新案内を確認してください。用語一覧は /terms/ から分野別に開き、比較表で関連論点を整理してください。,期限·手続きの頻出数値表（申込·面接指導·再検査）,数値・日程・合格基準は年度で更新されるため、学習前と申込前には試験のご紹介（公式）の最新案内を確認してください。演習で数字・期限のまとめ方に関する設問を解いたら。正解理由と誤答肢の違いを短くメモし、用語解説・比較表・よくある誤答タブで似た論点を比較表で整理すると定着しやすくなります。 表をノートに転記したら、演習10問で理解を確認し、誤答は公式テキスト該当章で読み直してください。数値・日程・合格基準は年度で更新されるため、学習前と申込前には大阪商工会議所の最新案内を確認してください。,関連ガイドとの使い分け,数値・日程・合格基準は年度で更新されるため、学習前と申込前には試験のご紹介（公式）の最新案内を確認してください。演習で数字・期限のまとめ方に関する設問を解いたら。正解理由と誤答肢の違いを短くメモし、用語解説・比較表・よくある誤答タブで似た論点を比較表で整理すると定着しやすくなります。 関連記事は役割が重ならないよう、概要→形式→学習計画の順で読むと迷いにくくなります。数値・日程・合格基準は年度で更新されるため、学習前と申込前には大阪商工会議所の最新案内を確認してください。,,,,,II種で暗記すべき数値·期限の優先順位は何ですか？,「II種で暗記すべき数値·期限の優先順位は何ですか」はメンタルヘルス・マネジメント検定II種の公式テキスト該当章と試験のご紹介（公式）で確認するのが確実です。数字・期限のまとめ方では、条文の要件（誰が・いつ・何を）を演習問題とセットで押さえてください。,本記事とメンタルヘルス・マネジメント検定II種の公式・計算式の覚え方はどう使い分けますか？,「本記事とメンタルヘルス・マネジメント検定II種の公式・計算式の覚え方はどう使い分けますか」はメンタルヘルス・マネジメント検定II種の公式テキスト該当章と試験のご紹介（公式）で確認するのが確実です。数字・期限のまとめ方では、条文の要件（誰が・いつ・何を）を演習問題とセットで押さえてください。,メンタルヘルス・マネジメント検定II種の計算ドリルは数値一覧学習にどう使いますか？,読了後は、数字・期限のまとめ方の関連する演習を5問以上解き、間違えた選択肢を用語解説で確認してから関連ガイドへ進んでください。1週間後の解き直し日をカレンダーに入れると定着しやすくなります。数値・主体・手順は大阪商工会議所の最新案内と照合してください。,,,calculation-drill:計算ドリル;formula-memorization:公式覚え方;field-law-calculation:領域①数値;pass-score:合格点,数値一覧;50問120分70点;36協定;ストレスチェック;期限
formula-memorization,用語ハブ活用法,メンタルヘルス・マネジメント検定II種の公式・計算式の覚え方,メンタルヘルスII種の公式·計算式覚え方公式情報。II種は計算少·数値暗記を表に整理。メンタルヘルス・マネジメント検定II種の計算ドリル・メンタルヘルス・マネジメント検定II種の基礎・役割の数値問題連携も解説。,メンタルヘルス・マネジメント検定II種（ラインケア）の公式·計算式の覚え方は、50問中の数値·制度設問を条文·制度の数値暗記で回収する方法の公式情報です。II種は宅建等と比べ複雑な計算式が少なく、36協定·50人基準等の境界数値理解が中心です。数値ドリル練習はメンタルヘルス・マネジメント検定II種の計算ドリルの記事、領域①数値論点はメンタルヘルス・マネジメント検定II種の基礎・役割の数値問題と役割分担します。公式情報は大阪商工会議所（https://www.mental-health.ne.jp/about/）の試験のご紹介です。,35,用語集;知識整理,メンタルヘルス二種マスター編集部,資格学習サイトの編集チーム,公式情報確認担当,公開前に一次情報との照合を行う担当者,2026-06-06,試験のご紹介（公式）|https://www.mental-health.ne.jp/about/,手書きリライト 2026-06-06。自動prose差し替え 2026-06-04（要手書き）。用語ハブ活用法向けテンプレートから作成。公開前に本文・参照URL・関連リンクを差し替える。;retire_redirect:study-plan,本記事を読むと、たとえば演習10問·数値4問中2問正解の場合に、II種向け公式·数値の覚え方表とメンタルヘルス・マネジメント検定II種の計算ドリル・メンタルヘルス・マネジメント検定II種の基礎・役割の数値問題との使い分けが分かり、数値設問で得点できます。,II種頻出数値表（36協定·50人基準·50問70点）を1枚にまとめる;演習10問·数値設問を解き誤答理由を記録する;49人/50人·60点/70点の境界設問を暗記する;メンタルヘルス・マネジメント検定II種の計算ドリルの記事で数値ドリル練習サイクルを確認する;メンタルヘルス・マネジメント検定II種の基礎・役割の数値問題の記事で領域①数値論点を確認する,試験要項・公式ページ更新時に本文と参照元を見直す。,2026-06-06,2026-06-29,2026-06-06,archived,2026-06-12: archived（guide retire·study-planへ統合）,II種の公式·数値の特徴（計算少なめ·制度理解中心）,独学を始める前に、試験のご紹介（公式）で受験資格・試験日程・出題範囲（7領域）・合格基準をメモしてください。公式・計算式の覚え方の学習計画は、公式テキストの章立てと一致させると、過去問の分野ラベルとも対応づけやすくなります。 ブログやSNSの「最新情報」は、必ず大阪商工会議所のページと照合してから採用してください。申込期限や受験料は年度ごとに変わるため、カレンダーに締切を入れてから教材を開く習慣が有効です。用語一覧は /terms/ から分野別に開き、比較表で関連論点を整理してください。,頻出数値の暗記表（36協定·50人基準·70点）,数値・日程・合格基準は年度で更新されるため、学習前と申込前には試験のご紹介（公式）の最新案内を確認してください。演習で公式・計算式の覚え方に関する設問を解いたら。正解理由と誤答肢の違いを短くメモし、用語解説・比較表・よくある誤答タブで似た論点を比較表で整理すると定着しやすくなります。 表をノートに転記したら、演習10問で理解を確認し、誤答は公式テキスト該当章で読み直してください。数値・日程・合格基準は年度で更新されるため、学習前と申込前には大阪商工会議所の最新案内を確認してください。,数値暗記の手順表（用語→条文→演習→解き直し）,公式・計算式の覚え方の理解度は、関連する演習問題で確認するのが効率的です。1問解くごとに「根拠はテキストのどの章か」をメモすると、復習時に該当ページへすぐ戻れます。 同じ問題を時間を空けて解き直し、言い換え選択肢でも正解できるかまで確認してください。二回連続正解でも、条件を1語変えた肢で誤答する場合は、用語の定義がまだ曖昧なサインです。「数値暗記の手順表（用語→条文→演習→解き直し）」では。公式・計算式の覚え方について公式テキストの該当章を開き、条文の主体・期限・数値を演習問題とセットで押さえて定着を確認します。数値・日程は試験のご紹介（公式）の最新要項で必ず照合してください。用語一覧は /terms/ から分野別に開き、比較表で関連論点を整理してください。,II種に出にくい計算式と混同防止表,数値・日程・合格基準は年度で更新されるため、学習前と申込前には試験のご紹介（公式）の最新案内を確認してください。演習で公式・計算式の覚え方に関する設問を解いたら。正解理由と誤答肢の違いを短くメモし、用語解説・比較表・よくある誤答タブで似た論点を比較表で整理すると定着しやすくなります。 表をノートに転記したら、演習10問で理解を確認し、誤答は公式テキスト該当章で読み直してください。数値・日程・合格基準は年度で更新されるため、学習前と申込前には大阪商工会議所の最新案内を確認してください。,関連ガイドとの使い分け,数値・日程・合格基準は年度で更新されるため、学習前と申込前には試験のご紹介（公式）の最新案内を確認してください。演習で公式・計算式の覚え方に関する設問を解いたら。正解理由と誤答肢の違いを短くメモし、用語解説・比較表・よくある誤答タブで似た論点を比較表で整理すると定着しやすくなります。 関連記事は役割が重ならないよう、概要→形式→学習計画の順で読むと迷いにくくなります。数値・日程・合格基準は年度で更新されるため、学習前と申込前には大阪商工会議所の最新案内を確認してください。,,,,,II種に覚えるべき公式·数値は何ですか？,試験のご紹介（公式）（大阪商工会議所）で最新情報を確認してください。受験要項・テキスト改訂・合格発表は公式ページを確認してください。公式・計算式の覚え方に関する数値や期限も、非公式まとめではなく公式資料と照合してください。,本記事とメンタルヘルス・マネジメント検定II種の計算ドリルはどう使い分けますか？,「本記事とメンタルヘルス・マネジメント検定II種の計算ドリルはどう使い分けますか」はメンタルヘルス・マネジメント検定II種の公式テキスト該当章と試験のご紹介（公式）で確認するのが確実です。公式・計算式の覚え方では、条文の要件（誰が・いつ・何を）を演習問題とセットで押さえてください。,メンタルヘルス・マネジメント検定II種の基礎・役割の数値問題は公式覚え方にどう使いますか？,読了後は、公式・計算式の覚え方の関連する演習を5問以上解き、間違えた選択肢を用語解説で確認してから関連ガイドへ進んでください。1週間後の解き直し日をカレンダーに入れると定着しやすくなります。数値・主体・手順は大阪商工会議所の最新案内と照合してください。,,,calculation-drill:計算ドリル;field-law-calculation:基礎·役割数値;numbers-and-deadlines:数値·期限;pass-score:合格点,公式覚え方;数値暗記;計算少なめ;36協定;50人基準
calculation-drill,用語ハブ活用法,メンタルヘルス・マネジメント検定II種の計算ドリル,メンタルヘルスII種の計算ドリル。II種は計算少なめ·36協定·数値を表に整理。メンタルヘルス・マネジメント検定II種の基礎・役割の数値問題・メンタルヘルス・マネジメント検定II種のストレスチェック制度連携も解説。,メンタルヘルス・マネジメント検定II種（ラインケア）の計算ドリルは、50問中の数値·制度設問を36協定·ストレスチェック50人基準·50問120分70点など頻出数値で集中的に解く練習の公式情報です。II種は宅建等と比べ計算設問が少なめで、条文·制度の数値理解が中心です。領域①数値論点はメンタルヘルス・マネジメント検定II種の基礎・役割の数値問題の記事、ストレスチェック制度はメンタルヘルス・マネジメント検定II種のストレスチェック制度と役割分担します。公式情報は大阪商工会議所（https://www.mental-health.ne.jp/about/）の試験のご紹介です。,35,用語集;知識整理,メンタルヘルス二種マスター編集部,資格学習サイトの編集チーム,公式情報確認担当,公開前に一次情報との照合を行う担当者,2026-06-06,試験のご紹介（公式）|https://www.mental-health.ne.jp/about/,手書きリライト 2026-06-06。自動prose差し替え 2026-06-04（要手書き）。用語ハブ活用法向けテンプレートから作成。公開前に本文・参照URL・関連リンクを差し替える。;retire_redirect:study-plan,本記事を読むと、たとえば演習10問·数値4問中2問正解の場合に、II種向け計算ドリルの範囲·36協定·ストレスチェック数値の練習順序とメンタルヘルス・マネジメント検定II種の基礎・役割の数値問題との使い分けが分かり、数値設問で得点できます。,36協定·50人基準·50問70点の数値表を1枚にまとめる;演習10問·数値設問を解き誤答理由を記録する;49人/50人·60点/70点の境界設問を10問解き直す;メンタルヘルス・マネジメント検定II種の基礎・役割の数値問題の記事で領域①数値を確認する;メンタルヘルス・マネジメント検定II種のストレスチェック制度の記事で50人以上制度を確認する,試験要項・公式ページ更新時に本文と参照元を見直す。,2026-06-06,2026-06-29,2026-06-06,archived,2026-06-12: archived（guide retire·study-planへ統合）,II種計算ドリルの全体像（数値少なめ·制度理解中心）,数値・日程・合格基準は年度で更新されるため、学習前と申込前には試験のご紹介（公式）の最新案内を確認してください。演習で計算ドリルに関する設問を解いたら。正解理由と誤答肢の違いを短くメモし、用語解説・比較表・よくある誤答タブで似た論点を比較表で整理すると定着しやすくなります。 演習10問を解き、解説で参照条文を公式テキストで開いて読み返してください。数値・日程・合格基準は年度で更新されるため、学習前と申込前には大阪商工会議所の最新案内を確認してください。,36協定·時間外労働上限の数値ドリル表,数値・日程・合格基準は年度で更新されるため、学習前と申込前には試験のご紹介（公式）の最新案内を確認してください。演習で計算ドリルに関する設問を解いたら。正解理由と誤答肢の違いを短くメモし、用語解説・比較表・よくある誤答タブで似た論点を比較表で整理すると定着しやすくなります。 表をノートに転記したら、演習10問で理解を確認し、誤答は公式テキスト該当章で読み直してください。数値・日程・合格基準は年度で更新されるため、学習前と申込前には大阪商工会議所の最新案内を確認してください。,ストレスチェック·50人基準の数値ドリル表,ストレスチェック制度では、職場のストレス要因の把握と、高ストレス者への面接指導が要点です。管理監督者は結果の取り扱い（個人情報・フィードバック方法）を理解しておく必要があります。 計算ドリルに関連する数値（50人以上の事業場など）は数値早見表で確認し、数値・日程・合格基準は年度で更新されるため。学習前と申込前には試験のご紹介（公式）の最新案内を確認してください。用語一覧は /terms/ から分野別に開き、比較表で関連論点を整理してください。,数値ドリルの週次練習計画表（10問/週·7日後解き直し）,解き直しは、当日・3日後・1週間後の間隔を空けると記憶の定着を確認しやすくなります。ブラウザの復習機能やブックマーク一覧を「計算ドリル関連」でフィルタし、優先順位を付けてください。 2回連続で正解できても、解説を読まずに選んだ問題は三回目も解き直し対象にします。「なぜ正解か」を言語化できるまでが、本番レベルの理解です。「数値ドリルの週次練習計画表（10問/週·7日後解き直し）」では。計算ドリルについて公式テキストの該当章を開き、条文の主体・期限・数値を演習問題とセットで押さえて定着を確認します。数値・日程は試験のご紹介（公式）の最新要項で必ず照合してください。用語一覧は /terms/ から分野別に開き、比較表で関連論点を整理してください。,関連ガイドとの使い分け,数値・日程・合格基準は年度で更新されるため、学習前と申込前には試験のご紹介（公式）の最新案内を確認してください。演習で計算ドリルに関する設問を解いたら。正解理由と誤答肢の違いを短くメモし、用語解説・比較表・よくある誤答タブで似た論点を比較表で整理すると定着しやすくなります。 関連記事は役割が重ならないよう、概要→形式→学習計画の順で読むと迷いにくくなります。数値・日程・合格基準は年度で更新されるため、学習前と申込前には大阪商工会議所の最新案内を確認してください。,,,,,II種に計算問題はどの程度出ますか？,「II種に計算問題はどの程度出ますか」はメンタルヘルス・マネジメント検定II種の公式テキスト該当章と試験のご紹介（公式）で確認するのが確実です。計算ドリルでは、条文の要件（誰が・いつ・何を）を演習問題とセットで押さえてください。,36協定の数値はどこで確認すればよいですか？,「36協定の数値はどこで確認すればよいですか」はメンタルヘルス・マネジメント検定II種の公式テキスト該当章と試験のご紹介（公式）で確認するのが確実です。計算ドリルでは、条文の要件（誰が・いつ・何を）を演習問題とセットで押さえてください。,本記事とメンタルヘルス・マネジメント検定II種の基礎・役割の数値問題はどう使い分けますか？,読了後は、計算ドリルの関連する演習を5問以上解き、間違えた選択肢を用語解説で確認してから関連ガイドへ進んでください。1週間後の解き直し日をカレンダーに入れると定着しやすくなります。数値・主体・手順は大阪商工会議所の最新案内と照合してください。,,,field-law-calculation:基礎·役割数値;stress-check:ストレスチェック;numbers-and-deadlines:数値·期限;pass-score:合格点,計算ドリル;36協定;50人基準;数値少なめ;50問70点
rate-and-percentage,用語ハブ活用法,メンタルヘルス・マネジメント検定II種の割合·パーセント問題,メンタルヘルスII種の割合·パーセント公式情報。II種は少なめ·ストレスチェック実施率を表に整理。メンタルヘルス・マネジメント検定II種の計算ドリル・メンタルヘルス・マネジメント検定II種の数値問題の引っかけ連携も解説。,メンタルヘルス・マネジメント検定II種（ラインケア）の割合·パーセント問題は、50問·120分·70点以上·7領域のうちI種ほど多くは出ないものの、ストレスチェック実施率·高ストレス者割合·36協定関連の比率計算が問われる論点の公式情報です。数値ドリルはメンタルヘルス・マネジメント検定II種の計算ドリルの記事、近い数値肢の判断はメンタルヘルス・マネジメント検定II種の数値問題の引っかけと役割分担します。公式情報は大阪商工会議所（https://www.mental-health.ne.jp/about/）の試験のご紹介です。,35,用語集;知識整理,メンタルヘルス二種マスター編集部,資格学習サイトの編集チーム,公式情報確認担当,公開前に一次情報との照合を行う担当者,2026-06-06,試験のご紹介（公式）|https://www.mental-health.ne.jp/about/,手書きリライト 2026-06-06。自動prose差し替え 2026-06-04（要手書き）。用語ハブ活用法向けテンプレートから作成。公開前に本文・参照URL・関連リンクを差し替える。;retire_redirect:glossary-how-to,本記事を読むと、たとえば演習10問·割合3問中1問正解の場合に、II種向け割合·パーセント典型表とメンタルヘルス・マネジメント検定II種の計算ドリル・メンタルヘルス・マネジメント検定II種の数値問題の引っかけとの使い分けが分かり、数値設問で得点源を確保できます。,割合·パーセント典型パターン表（実施率·高ストレス者割合）を1枚にまとめる;演習10問·割合設問を解き分母·単位の誤答理由を記録する;ストレスチェック実施率の計算手順を表で暗記する;メンタルヘルス・マネジメント検定II種の計算ドリルの記事で週次数値ドリルを確認する;7日後に同分野10問を解き直し正答率70％以上を目指す,試験要項・公式ページ更新時に本文と参照元を見直す。,2026-06-06,2026-06-29,2026-06-06,archived,2026-06-12: archived（guide retire·glossary-how-toへ統合）,割合·パーセント問題の全体像（II種は少なめ·50問·7領域）,数値・日程・合格基準は年度で更新されるため、学習前と申込前には試験のご紹介（公式）の最新案内を確認してください。演習で割合·パーセント問題に関する設問を解いたら。正解理由と誤答肢の違いを短くメモし、用語解説・比較表・よくある誤答タブで似た論点を比較表で整理すると定着しやすくなります。 演習10問を解き、解説で参照条文を公式テキストで開いて読み返してください。数値・日程・合格基準は年度で更新されるため、学習前と申込前には大阪商工会議所の最新案内を確認してください。,II種で出る割合·パーセント典型パターン表,数値・日程・合格基準は年度で更新されるため、学習前と申込前には試験のご紹介（公式）の最新案内を確認してください。演習で割合·パーセント問題に関する設問を解いたら。正解理由と誤答肢の違いを短くメモし、用語解説・比較表・よくある誤答タブで似た論点を比較表で整理すると定着しやすくなります。 表をノートに転記したら、演習10問で理解を確認し、誤答は公式テキスト該当章で読み直してください。数値・日程・合格基準は年度で更新されるため、学習前と申込前には大阪商工会議所の最新案内を確認してください。,ストレスチェック実施率の計算表（50人以上·集団分析）,ストレスチェック制度では、職場のストレス要因の把握と、高ストレス者への面接指導が要点です。管理監督者は結果の取り扱い（個人情報・フィードバック方法）を理解しておく必要があります。 割合·パーセント問題に関連する数値（50人以上の事業場など）は数値早見表で確認し、数値・日程・合格基準は年度で更新されるため。学習前と申込前には試験のご紹介（公式）の最新案内を確認してください。用語一覧は /terms/ から分野別に開き、比較表で関連論点を整理してください。,割合·パーセントの頻出誤答表（分母·単位·引っ掛け）,数値・日程・合格基準は年度で更新されるため、学習前と申込前には試験のご紹介（公式）の最新案内を確認してください。演習で割合·パーセント問題に関する設問を解いたら。正解理由と誤答肢の違いを短くメモし、用語解説・比較表・よくある誤答タブで似た論点を比較表で整理すると定着しやすくなります。 表をノートに転記したら、演習10問で理解を確認し、誤答は公式テキスト該当章で読み直してください。数値・日程・合格基準は年度で更新されるため、学習前と申込前には大阪商工会議所の最新案内を確認してください。,関連ガイドとの使い分け,数値・日程・合格基準は年度で更新されるため、学習前と申込前には試験のご紹介（公式）の最新案内を確認してください。演習で割合·パーセント問題に関する設問を解いたら。正解理由と誤答肢の違いを短くメモし、用語解説・比較表・よくある誤答タブで似た論点を比較表で整理すると定着しやすくなります。 関連記事は役割が重ならないよう、概要→形式→学習計画の順で読むと迷いにくくなります。数値・日程・合格基準は年度で更新されるため、学習前と申込前には大阪商工会議所の最新案内を確認してください。,,,,,II種で割合·パーセント問題はどの程度出ますか？,「II種で割合·パーセント問題はどの程度出ますか」はメンタルヘルス・マネジメント検定II種の公式テキスト該当章と試験のご紹介（公式）で確認するのが確実です。割合·パーセント問題では、条文の要件（誰が・いつ・何を）を演習問題とセットで押さえてください。,本記事とメンタルヘルス・マネジメント検定II種の計算ドリルはどう使い分けますか？,「本記事とメンタルヘルス・マネジメント検定II種の計算ドリルはどう使い分けますか」はメンタルヘルス・マネジメント検定II種の公式テキスト該当章と試験のご紹介（公式）で確認するのが確実です。割合·パーセント問題では、条文の要件（誰が・いつ・何を）を演習問題とセットで押さえてください。,ストレスチェック実施率の計算で押さえる分母は？,読了後は、割合·パーセント問題の関連する演習を5問以上解き、間違えた選択肢を用語解説で確認してから関連ガイドへ進んでください。1週間後の解き直し日をカレンダーに入れると定着しやすくなります。数値・主体・手順は大阪商工会議所の最新案内と照合してください。,,,calculation-drill:計算ドリル;numeric-trap-choices:数値引っ掛け;numbers-and-deadlines:数値一覧;pass-score:合格点,割合·パーセント;ストレスチェック実施率;II種は少なめ;分母·単位;50問70点
numeric-trap-choices,用語ハブ活用法,メンタルヘルス・マネジメント検定II種の数値問題の引っかけ,メンタルヘルスII種の数値引っ掛け公式情報。49/50人·60/70点等の近い数値肢を表に整理。メンタルヘルス・マネジメント検定II種の基礎・役割の数値問題・メンタルヘルス・マネジメント検定II種の相談・連携・復職の数値連携も解説。,メンタルヘルス・マネジメント検定II種（ラインケア）の数値問題の引っかけは、50問·四択一で49人/50人·60点/70点·719/720時間等の1差の選択肢が正誤を分ける境界判断の公式情報です。数値一覧はメンタルヘルス・マネジメント検定II種の数字・期限のまとめ方の記事、領域①数値はメンタルヘルス・マネジメント検定II種の基礎・役割の数値問題·領域⑤⑥⑦数値はメンタルヘルス・マネジメント検定II種の相談・連携・復職の数値と役割分担します。公式情報は大阪商工会議所（https://www.mental-health.ne.jp/about/）の試験のご紹介です。,35,用語集;知識整理,メンタルヘルス二種マスター編集部,資格学習サイトの編集チーム,公式情報確認担当,公開前に一次情報との照合を行う担当者,2026-06-06,試験のご紹介（公式）|https://www.mental-health.ne.jp/about/,手書きリライト 2026-06-06。自動prose差し替え 2026-06-04（要手書き）。用語ハブ活用法向けテンプレートから作成。公開前に本文・参照URL・関連リンクを差し替える。;retire_redirect:glossary-how-to,本記事を読むと、たとえば演習10問·数値4問中1問正解·49/50人誤答の場合に、近い数値肢の見分け方表とメンタルヘルス・マネジメント検定II種の基礎・役割の数値問題・メンタルヘルス・マネジメント検定II種の相談・連携・復職の数値との使い分けが分かり、引っ掛けで失点しません。,境界数値表（49/50人·60/70点·719/720時間）を1枚にまとめる;演習10問·数値設問を解き近接選択肢を記録する;誤答選択肢と正解数値の差を1行メモする;メンタルヘルス・マネジメント検定II種の数字・期限のまとめ方の記事で数値一覧を照合する;7日後に同分野10問を解き直し正答率70％以上を目指す,試験要項・公式ページ更新時に本文と参照元を見直す。,2026-06-06,2026-06-29,2026-06-06,archived,2026-06-12: archived（guide retire·glossary-how-toへ統合）,数値引っ掛け選択肢の全体像（近い数値·境界判断·50問）,数値・日程・合格基準は年度で更新されるため、学習前と申込前には試験のご紹介（公式）の最新案内を確認してください。演習で数値問題の引っかけに関する設問を解いたら。正解理由と誤答肢の違いを短くメモし、用語解説・比較表・よくある誤答タブで似た論点を比較表で整理すると定着しやすくなります。 演習10問を解き、解説で参照条文を公式テキストで開いて読み返してください。数値・日程・合格基準は年度で更新されるため、学習前と申込前には大阪商工会議所の最新案内を確認してください。,49人/50人·60点/70点の境界引っ掛け表,数値・日程・合格基準は年度で更新されるため、学習前と申込前には試験のご紹介（公式）の最新案内を確認してください。演習で数値問題の引っかけに関する設問を解いたら。正解理由と誤答肢の違いを短くメモし、用語解説・比較表・よくある誤答タブで似た論点を比較表で整理すると定着しやすくなります。 表をノートに転記したら、演習10問で理解を確認し、誤答は公式テキスト該当章で読み直してください。数値・日程・合格基準は年度で更新されるため、学習前と申込前には大阪商工会議所の最新案内を確認してください。,36協定·時間数値の近接選択肢表（719/720·99/100）,数値・日程・合格基準は年度で更新されるため、学習前と申込前には試験のご紹介（公式）の最新案内を確認してください。演習で数値問題の引っかけに関する設問を解いたら。正解理由と誤答肢の違いを短くメモし、用語解説・比較表・よくある誤答タブで似た論点を比較表で整理すると定着しやすくなります。 表をノートに転記したら、演習10問で理解を確認し、誤答は公式テキスト該当章で読み直してください。数値・日程・合格基準は年度で更新されるため、学習前と申込前には大阪商工会議所の最新案内を確認してください。,数値引っ掛けの見分け方表（条文確認·一覧照合·解き直し）,独学を始める前に、試験のご紹介（公式）で受験資格・試験日程・出題範囲（7領域）・合格基準をメモしてください。数値問題の引っかけの学習計画は、公式テキストの章立てと一致させると、過去問の分野ラベルとも対応づけやすくなります。 ブログやSNSの「最新情報」は、必ず大阪商工会議所のページと照合してから採用してください。申込期限や受験料は年度ごとに変わるため、カレンダーに締切を入れてから教材を開く習慣が有効です。用語一覧は /terms/ から分野別に開き、比較表で関連論点を整理してください。,関連ガイドとの使い分け,数値・日程・合格基準は年度で更新されるため、学習前と申込前には試験のご紹介（公式）の最新案内を確認してください。演習で数値問題の引っかけに関する設問を解いたら。正解理由と誤答肢の違いを短くメモし、用語解説・比較表・よくある誤答タブで似た論点を比較表で整理すると定着しやすくなります。 関連記事は役割が重ならないよう、概要→形式→学習計画の順で読むと迷いにくくなります。数値・日程・合格基準は年度で更新されるため、学習前と申込前には大阪商工会議所の最新案内を確認してください。,,,,,数値問題で最も多い引っ掛けパターンは何ですか？,「数値問題で最も多い引っ掛けパターンは何ですか」はメンタルヘルス・マネジメント検定II種の公式テキスト該当章と試験のご紹介（公式）で確認するのが確実です。数値問題の引っかけでは、条文の要件（誰が・いつ・何を）を演習問題とセットで押さえてください。,本記事とメンタルヘルス・マネジメント検定II種の数字・期限のまとめ方はどう使い分けますか？,「本記事とメンタルヘルス・マネジメント検定II種の数字・期限のまとめ方はどう使い分けますか」はメンタルヘルス・マネジメント検定II種の公式テキスト該当章と試験のご紹介（公式）で確認するのが確実です。数値問題の引っかけでは、条文の要件（誰が・いつ・何を）を演習問題とセットで押さえてください。,メンタルヘルス・マネジメント検定II種の基礎・役割の数値問題は数値引っ掛け対策にどう使いますか？,読了後は、数値問題の引っかけの関連する演習を5問以上解き、間違えた選択肢を用語解説で確認してから関連ガイドへ進んでください。1週間後の解き直し日をカレンダーに入れると定着しやすくなります。数値・主体・手順は大阪商工会議所の最新案内と照合してください。,,,numbers-and-deadlines:数値一覧;field-law-calculation:領域①数値;field-limit-calculation:領域⑤⑥⑦数値;pass-score:合格点,数値引っ掛け;49/50人;境界判断;四択一;50問70点
review-cycle-spaced,復習・苦手克服,メン管II種·間隔反復復習【24h·7日·30日·70点】,メンタルヘルス・マネジメント検定II種（ラインケア）の間隔を空けた復習。24h·7日·30日サイクルを表に整理し、ブックマーク復習記事との2列比較で具体例解説します。,覚えたつもりの内容も、復習のタイミングを誤ればあっという間に抜け落ちます。II種（ラインケア）の学習では、24時間後・7日後・30日後という3段階で間隔を空けて見直す方法が、記憶の定着に効果的です。本記事では、演習・用語・テキストをこの3つの周期にどう乗せて一元管理するか、そして30日後に正答率が伸び悩む領域をどう補強するかを具体的に説明します。ブックマーク機能を使った当日・翌日の解き直し手順はbookmark-review-methodの記事を参照してください。,36,復習;苦手克服,メンタルヘルス二種マスター編集部,資格学習サイトの編集チーム,公式情報確認担当,公開前に一次情報との照合を行う担当者,2026-06-13,試験のご紹介（公式）|https://www.mental-health.ne.jp/about/,手書きリライト 2026-06-12。v2,本記事を読むと、間隔反復の24h·7日·30日周期表が分かり、たとえば「6/21 10問4問誤答→6/22 24h→6/28 7日後→7/21 30日後」まで今日から再現でき、ブックマーク復習記事との使い分けも表で把握できます。,24h·7日·30日の3段階解き直し日をカレンダーに登録する;演習·用語·テキスト読了を同じ間隔反復表で管理する;7日後正答率55％未満なら同分野20問を追加する;30日後も55％未満ならテキスト該当章へ戻る;bookmark-review-method記事でq/24h·7日手順を確認する,試験要項・公式ページ更新時に本文と参照元を見直す。,2026-06-13,2026-06-29,2026-06-13,published,2026-06-12: 編集合格（手書きリライト·具体例·v2）,間隔反復の全体像（24h·7日·30日·50問·70点·7領域）,"II種ラインケアの間隔反復は演習·用語·テキスト読了すべてに24時間·7日·30日を適用します。50問·120分·70点以上·7領域が前提です。 | 間隔 | 対象 | 目的 |
| --- | --- | --- |
| 24時間後 | 全誤答·新学習 | 鮮度確認 |
| 7日後 | 24h再誤答 | 70％目標 |
| 30日後 | 7日再誤答 | 定着確認 |
| 55％未満 | 同分野20問 | 弱点追加 | たとえば6/21（日）演習10問·4問誤答——6/22（月）24h——6/28（土）7日後——7/21（月）30日後——が定番です。I種は合計105点以上（うち論述25点以上）と混同しないでください。",24時間後の間隔反復手順表（演習·用語·テキスト）,"24時間後は誤答理由が鮮度を保つうちに用語確認→解き直し→1行メモの3ステップが定番です。q/手順はbookmark-review-methodと併用します。 | ステップ | 内容 | 時間 |
| --- | --- | --- |
| 1 | 誤答用語をterms/確認 | 15分 |
| 2 | 設問を解き直し | 20分 |
| 3 | 正解理由1行メモ | 5分 |
| 目標 | 24h正答率 | 70％以上 | 例えば6/21（日）22:00·10問·4問誤答——6/22（月）22:00·用語15分——解き直し20分·4問中3問——が定番です。2.4分/問（144秒）を意識してください。",7日後の再確認と弱点20問追加表,"7日後の解き直しで正答率55％未満なら同分野20問を追加します。2回連続55％未満はテキスト該当章へ戻ります。 | 7日後正答率 | 判断 | 追加 |
| --- | --- | --- |
| 80％以上 | 定着 | 次分野へ |
| 60〜79％ | 概ねOK | 誤答1問再確認 |
| 55％未満 | 弱点 | 同分野20問 |
| 40％以下 | 基礎不足 | テキスト該当章 | たとえば6/28（土）7日後·4問中2問——50％——7/5（土）同分野20問——週2回——7/12（土）再確認——が定番です。",30日後の定着確認と50問再演習表,"30日後に7日再誤答を解き直し、定着を確認します。80％以上なら次50問模試へ進みます。 | 30日後正答率 | 判断 | 次 |
| --- | --- | --- |
| 80％以上 | 定着 | 50問模試 |
| 60〜79％ | 概ねOK | 誤答5問再確認 |
| 55％未満 | 弱点 | テキスト該当章 |
| 40％以下 | 基礎不足 | 分野別20問 | 例えば7/21（月）30日後·10問中6問——60％——7/26（土）同分野20問——8/30（土）50問模試35問——目標——が定番です。",bookmark-review-method記事との2列比較表,"学習全体の間隔反復とq/ブックマーク解き直しは2記事で分担します。本記事は24h·7日·30日·演習·用語·テキスト統合·30日後定着確認·55％未満20問追加、bookmark-review-method記事はq/演習の24h·7日解き直し·ブックマーク管理·設問単位手順に特化します。 | 論点 | 間隔反復（本記事） | ブックマーク |
| --- | --- | --- |
| 焦点 | 24h·7日·30日 | q/24h·7日 |
| 単位 | 演習·用語·テキスト | 設問ID |
| 成果物 | 3段階周期表 | 解き直し表 |
| 出口 | 同記事へ | mistake-notebookへ | たとえば6/21（日）本記事——3段階表——6/22（月）bookmark-review-method——q/24h手順——6/28（土）7日後——mistake-notebook——4列転記——の順が定番です。30日周期なしで7日だけでは定着が浅くなります。",,,,,間隔反復は24h·7日·30日のどれが重要ですか？,24h·7日·30日の3段階すべてが定番です。例えば6/21（日）演習10問·4問誤答——6/22（月）24h解き直し——6/28（土）7日後再確認——7/21（月）30日後定着——してください。50問120分·70点以上·7領域がII種の形式です。q/手順はbookmark-review-method記事——が正本です。,本記事とブックマーク復習記事の違いは？,本記事は学習全体の24h·7日·30日間隔反復·演習·用語·テキスト統合、bookmark-review-method記事はq/演習ブックマークの24h·7日個別手順·55％未満20問追加に特化します。たとえば6/21（日）本記事——3段階表——6/22（月）bookmark-review-method——q/24h手順——の順が定番です。合計105点以上（うち論述25点以上）はI種の基準でII種70点とは異なります。,30日後も正答率55％未満の場合はどうしますか？,テキスト該当章を読み直し、同分野20問を2週集中するのが定番です。例えば7/21（月）30日後·10問中4問——40％——7/26（土）該当章1周——8/2（土）演習40問——8/30（土）50問模試35問——を目指してください。70点の詳細はpass-score記事——4列記録はmistake-notebook記事——で確認してください。,,,bookmark-review-method:ブックマーク復習;mistake-notebook:間違いノート;pass-score:合格点,間隔反復;24時間後;7日後;30日後;50問70点
mistake-notebook,復習・苦手克服,メン管II種·間違いノート【4分類·4列·7日解き直し】,メンタルヘルス・マネジメント検定II種（ラインケア）の間違いノート。誤答4分類·4列記録·解き直し日表を整理し、ブックマーク復習記事との2列比較で具体例解説します。,間違えた問題をただ赤ペンで直すだけでは、同じミスを繰り返します。II種（ラインケア）対策で効くのは、誤答を「用語の混同」「対応する主体の取り違え」「数値の誤り」「手順の勘違い」の4タイプに仕分けて記録する間違いノートです。本記事では、この4分類を1枚で管理できるシートの作り方と、解き直し日をどう書き込んで回していくかを紹介します。自分のミスの傾向が見えてくると、弱点補強がぐっと効率的になります。当日・翌日の解き直しの段取りはbookmark-review-methodの記事をどうぞ。,36,復習;苦手克服,メンタルヘルス二種マスター編集部,資格学習サイトの編集チーム,公式情報確認担当,公開前に一次情報との照合を行う担当者,2026-06-13,試験のご紹介（公式）|https://www.mental-health.ne.jp/about/,手書きリライト 2026-06-12。v2,本記事を読むと、間違いノートの4列フォーマット·4分類記録が分かり、たとえば「6/21 10問5問誤答→4列転記→terms/3語→6/28 7日後70％」まで今日から再現でき、ブックマーク復習記事との使い分けも表で把握できます。,間違いノート4列シート（設問·分類·用語·解き直し日）を1枚作成する;演習10問の誤答を4分類で件数集計し最多分類を記録する;誤答用語をglossary-how-to·terms/で48時間以内に確認する;7日後に同分野10問を解き直し正答率70％以上を目指す;bookmark-review-method記事で24h·7日解き直し手順を確認する,試験要項・公式ページ更新時に本文と参照元を見直す。,2026-06-13,2026-06-29,2026-06-13,published,2026-06-12: 編集合格（手書きリライト·具体例·v2）,間違いノート4列の全体像（4分類·50問·70点·7領域）,"II種ラインケアの間違いノートは演習の誤答を4列で記録し、7日後解き直しで定着を確認する学習の骨格です。50問·120分·70点以上·7領域が前提です。 | 列 | 内容 | 例 |
| --- | --- | --- |
| 設問番号 | q/演習ID | Q12 |
| 4分類 | 用語·主体等 | 用語混同 |
| 用語 | terms/リンク | 産業医 |
| 解き直し日 | 7日後 | 6/28（土） | たとえば6/21（日）演習10問·5問誤答·用語混同3問·主体2問——6/22（月）4列シート転記——6/28（土）7日後解き直し——が定番です。I種は合計105点以上（うち論述25点以上）と混同しないでください。",誤答4分類ごとの記録ルール表,"各分類の記録項目と48時間以内の対策を表にまとめます。最多分類から優先してterms/確認します。 | 分類 | 記録項目 | 48時間対策 |
| --- | --- | --- |
| 用語混同 | 定義·主体 | terms/10語 |
| 主体 | 医師·管理監督者 | 主体比較表 |
| 数値 | 50人·70点 | 公式テキスト |
| 手順 | 5ステップ順序 | 該当章 | 例えば6/21（日）演習10問·誤答5問中用語混同3問——6/22（月）terms/3語——6/28（土）同3問解き直し2問——が定番です。2.4分/問（144秒）を意識してください。",解き直し日管理表（当日·3日後·7日後）,"間違いノートは解き直し日をカレンダーに登録し、当日·3日後·7日後で想起を確認します。 | 間隔 | 作業 | 目標 |
| --- | --- | --- |
| 当日 | 4列転記 | 分類完了 |
| 3日後 | 想起テスト | 用語想起 |
| 7日後 | 演習解き直し | 70％ |
| 次週 | 新規誤答追加 | 週10問 | たとえば6/21（日）誤答5問記録——6/24（水）3日後想起——6/28（土）5問解き直し4問——80％——7/5（土）次の演習10問——が定番です。",terms/連携と7領域タグ付き記録表,"4列シートの用語列はglossary-how-to·terms/とリンクさせ、7領域タグで弱点領域を集計します。 | 領域 | 週次目標 | 記録上限 |
| --- | --- | --- |
| 各領域 | 正答率60％以上 | 5問以下 |
| 弱点 | 55％未満→20問 | 10問以下 |
| 用語混同 | 48h内terms/ | 10語/週 |
| 50問演習 | 35問以上 | 15問以下 | 例えば7/5（土）50問·法令55％——間違いノート8問——7/6（日）terms/8語——7/12（土）同分野20問——7日後5問以下——が定番です。",bookmark-review-method記事との2列比較表,"4列間違いノートとq/ブックマーク解き直しは2記事で分担します。本記事は4列シート·4分類記録·用語terms/連携·7日後解き直し日管理、bookmark-review-method記事はq/演習の24h·7日解き直し·ブックマーク管理·55％未満20問追加に特化します。 | 論点 | 間違いノート（本記事） | ブックマーク |
| --- | --- | --- |
| 焦点 | 4列·4分類 | 24h·7日 |
| 単位 | 分類·用語 | 設問ID |
| 成果物 | 4列シート | 解き直し表 |
| 出口 | 同記事へ | glossary-how-toへ | たとえば6/21（日）本記事——4列転記——6/22（月）bookmark-review-method——24h解き直し——6/28（土）7日後再確認——8/30（土）50問通し後——再転記——の順が定番です。4列記録なしで解き直しだけでは弱点分類が残りません。",,,,,間違いノートの4列は何を書けばよいですか？,設問番号·4分類（用語混同·主体·数値·手順）·用語（terms/リンク）·解き直し日（7日後）を記録します。例えば6/21（日）演習10問·5問誤答·用語混同3問——6/22（月）4列シート転記——terms/3語48時間以内——6/28（土）同5問解き直し4問——80％——を目指してください。50問120分·70点以上·7領域がII種の形式です。,4分類で用語混同が最多の場合はどう深掘りしますか？,用語混同が最多ならterms/10語を48時間以内に定義·主体を確認します。たとえば6/21（日）誤答5問中3問用語混同——6/22（月）glossary-how-to——比較表2組——6/28（土）同3問解き直し——2問以上——が定番です。55％未満なら同分野20問追加。合計105点以上（うち論述25点以上）はI種の基準でII種70点とは異なります。,本記事とブックマーク復習記事の違いは？,本記事は4列シート·4分類記録·用語terms/連携、bookmark-review-method記事はq/演習の24時間·7日解き直し·ブックマーク管理·55％未満20問追加に特化します。例えば6/21（日）本記事——4列転記——6/22（月）bookmark-review-method——24h解き直し——6/28（土）7日後再確認——の順が定番です。70点の詳細はpass-score記事——用語確認はglossary-how-to記事——で確認してください。,,,bookmark-review-method:ブックマーク復習;glossary-how-to:用語解説;pass-score:合格点,間違いノート;誤答4分類;4列記録;解き直し日;50問70点
note-taking-method,復習・苦手克服,メンタルヘルス・マネジメント検定II種のノートの取り方,メンタルヘルスII種のノート取り方公式情報。テキスト章立て·7領域タグを表に整理。メンタルヘルス・マネジメント検定II種の独学の始め方連携も解説。,メンタルヘルス・マネジメント検定II種（ラインケア）のノートの取り方は、50問·120分·70点以上·7領域で公式テキストの章立てと7領域タグを1対1で対応づけ、演習の誤答をノートに追記する学習記録の公式情報です。独学の第1週計画はメンタルヘルス・マネジメント検定II種の独学の始め方の記事、間違いノート記録はメンタルヘルス・マネジメント検定II種の間違いノートの作り方と役割分担します。公式情報は大阪商工会議所（https://www.mental-health.ne.jp/about/）の試験のご紹介です。,36,復習;苦手克服,メンタルヘルス二種マスター編集部,資格学習サイトの編集チーム,公式情報確認担当,公開前に一次情報との照合を行う担当者,2026-06-06,試験のご紹介（公式）|https://www.mental-health.ne.jp/about/,手書きリライト 2026-06-06。自動prose差し替え 2026-06-04（要手書き）。復習・苦手克服向けテンプレートから作成。公開前に本文・参照URL・関連リンクを差し替える。;retire_redirect:study-plan,本記事を読むと、たとえば第1章読了·演習10問·領域①60％の場合に、テキスト章立てノート·7領域タグ表とメンタルヘルス・マネジメント検定II種の独学の始め方・メンタルヘルス・マネジメント検定II種の間違いノートの作り方との使い分けが分かり、インプットと演習が接続します。,公式テキスト目次と7領域の対応ノートを1冊にまとめる;各章の読了日·演習正答率·7領域タグを章ごとに記録する;誤答用語·主体をノート右欄に追記する;7日後に同章の演習10問を解き直し正答率70％以上を目指す,試験要項・公式ページ更新時に本文と参照元を見直す。,2026-06-06,2026-06-29,2026-06-06,archived,2026-06-12: archived（guide retire·study-planへ統合）,ノート取りの全体像（テキスト章立て·7領域タグ·50問）,数値・日程・合格基準は年度で更新されるため、学習前と申込前には試験のご紹介（公式）の最新案内を確認してください。演習でノートの取り方に関する設問を解いたら。正解理由と誤答肢の違いを短くメモし、用語解説・比較表・よくある誤答タブで似た論点を比較表で整理すると定着しやすくなります。 演習10問を解き、解説で参照条文を公式テキストで開いて読み返してください。数値・日程・合格基準は年度で更新されるため、学習前と申込前には大阪商工会議所の最新案内を確認してください。,公式テキスト7章と7領域の対応ノート表,独学を始める前に、試験のご紹介（公式）で受験資格・試験日程・出題範囲（7領域）・合格基準をメモしてください。ノートの取り方の学習計画は、公式テキストの章立てと一致させると、過去問の分野ラベルとも対応づけやすくなります。 ブログやSNSの「最新情報」は、必ず大阪商工会議所のページと照合してから採用してください。申込期限や受験料は年度ごとに変わるため、カレンダーに締切を入れてから教材を開く習慣が有効です。,章ごとの演習正答率記録表（7領域タグ別）,ノートの取り方の理解度は、関連する演習問題で確認するのが効率的です。1問解くごとに「根拠はテキストのどの章か」をメモすると、復習時に該当ページへすぐ戻れます。 同じ問題を時間を空けて解き直し、言い換え選択肢でも正解できるかまで確認してください。二回連続正解でも、条件を1語変えた肢で誤答する場合は、用語の定義がまだ曖昧なサインです。「章ごとの演習正答率記録表（7領域タグ別）」では。ノートの取り方について公式テキストの該当章を開き、条文の主体・期限・数値を演習問題とセットで押さえて定着を確認します。数値・日程は試験のご紹介（公式）の最新要項で必ず照合してください。,ノート右欄の誤答追記ルール表（用語·主体·解き直し日）,解き直しは、当日・3日後・1週間後の間隔を空けると記憶の定着を確認しやすくなります。ブラウザの復習機能やブックマーク一覧を「ノートの取り方関連」でフィルタし、優先順位を付けてください。 2回連続で正解できても、解説を読まずに選んだ問題は三回目も解き直し対象にします。「なぜ正解か」を言語化できるまでが、本番レベルの理解です。「ノート右欄の誤答追記ルール表（用語·主体·解き直し日）」では。ノートの取り方について公式テキストの該当章を開き、条文の主体・期限・数値を演習問題とセットで押さえて定着を確認します。数値・日程は試験のご紹介（公式）の最新要項で必ず照合してください。,関連ガイドとの使い分け,数値・日程・合格基準は年度で更新されるため、学習前と申込前には試験のご紹介（公式）の最新案内を確認してください。演習でノートの取り方に関する設問を解いたら。正解理由と誤答肢の違いを短くメモし、用語解説・比較表・よくある誤答タブで似た論点を比較表で整理すると定着しやすくなります。 関連記事は役割が重ならないよう、概要→形式→学習計画の順で読むと迷いにくくなります。数値・日程・合格基準は年度で更新されるため、学習前と申込前には大阪商工会議所の最新案内を確認してください。,,,,,ノートは何を書けば試験対策になりますか？,「ノートは何を書けば試験対策になりますか」はメンタルヘルス・マネジメント検定II種の公式テキスト該当章と試験のご紹介（公式）で確認するのが確実です。ノートの取り方では、条文の要件（誰が・いつ・何を）を演習問題とセットで押さえてください。,本記事とメンタルヘルス・マネジメント検定II種の独学の始め方はどう使い分けますか？,独学でも対策可能です。公式テキスト＋演習問題＋用語解説の3点セットで進め、弱点は比較表・よくある誤答タブで補強してください。数値・主体・手順は大阪商工会議所の最新案内と照合してください。,メンタルヘルス・マネジメント検定II種の間違いノートの作り方はノート取りにどう使いますか？,読了後は、ノートの取り方の関連する演習を5問以上解き、間違えた選択肢を用語解説で確認してから関連ガイドへ進んでください。1週間後の解き直し日をカレンダーに入れると定着しやすくなります。数値・主体・手順は大阪商工会議所の最新案内と照合してください。,,,self-study-start:独学の始め方;mistake-notebook:間違いノート;subjects:出題範囲;pass-score:合格点,ノート取り;章立て;7領域タグ;演習接続;50問70点
almost-correct-review,復習・苦手克服,メンタルヘルス・マネジメント検定II種の惜しい問題の見直し方,メンタルヘルスII種の惜しい問題見直し。2択残り·最終判断を表に整理。メンタルヘルス・マネジメント検定II種の過去問の誤答原因分析・メンタルヘルス・マネジメント検定II種の間違いノートの作り方連携も解説。,メンタルヘルス・マネジメント検定II種（ラインケア）の惜しい問題の見直し方は、50問通し演習で4択を2択まで絞ったあと最終1問の正誤を決める2択残り対策の公式情報です。誤答4分類の深掘りはメンタルヘルス・マネジメント検定II種の過去問の誤答原因分析の記事、4列記録フォーマットはメンタルヘルス・マネジメント検定II種の間違いノートの作り方と役割分担します。公式情報は大阪商工会議所（https://www.mental-health.ne.jp/about/）の試験のご紹介です。,36,復習;苦手克服,メンタルヘルス二種マスター編集部,資格学習サイトの編集チーム,公式情報確認担当,公開前に一次情報との照合を行う担当者,2026-06-06,試験のご紹介（公式）|https://www.mental-health.ne.jp/about/,手書きリライト 2026-06-06。自動prose差し替え 2026-06-04（要手書き）。復習・苦手克服向けテンプレートから作成。公開前に本文・参照URL・関連リンクを差し替える。;retire_redirect:study-plan,本記事を読むと、たとえば50問·68点·2択残り12問中6問誤答の場合に、2択判断表·最終1問の決め方とメンタルヘルス・マネジメント検定II種の過去問の誤答原因分析・メンタルヘルス・マネジメント検定II種の間違いノートの作り方との使い分けが分かり、70点ラインに届く見直しが決まります。,50問通し後に2択残り設問を件数集計する;2択残り各問の「残った2選択肢」をメンタルヘルス・マネジメント検定II種の間違いノートの作り方に記録する;用語定義·主体·数値の3観点で最終判断表を作成する;7日後に2択残り12問を解き直し70％以上を目指す;メンタルヘルス・マネジメント検定II種の過去問の誤答原因分析の記事で4分類深掘りを確認する,試験要項・公式ページ更新時に本文と参照元を見直す。,2026-06-06,2026-06-29,2026-06-06,archived,2026-06-12: archived（guide retire·study-planへ統合）,惜しい問題·2択残りの全体像（68点→70点の2問）,数値・日程・合格基準は年度で更新されるため、学習前と申込前には試験のご紹介（公式）の最新案内を確認してください。演習で惜しい問題の見直し方に関する設問を解いたら。正解理由と誤答肢の違いを短くメモし、用語解説・比較表・よくある誤答タブで似た論点を比較表で整理すると定着しやすくなります。 演習10問を解き、解説で参照条文を公式テキストで開いて読み返してください。数値・日程・合格基準は年度で更新されるため、学習前と申込前には大阪商工会議所の最新案内を確認してください。,2択残りの最終判断表（用語·主体·数値の3観点）,演習で分からなかった語句は、用語解説タブで定義・試験論点・よくある誤解まで確認します。関連用語から2件以上読むと、惜しい問題の見直し方の設問で並べられた選択肢の意図が見えやすくなります。 用語だけ暗記しても事例問題は解けないため、演習→用語→演習の往復を1セットとして回してください。「2択残りの最終判断表（用語·主体·数値の3観点）」では。惜しい問題の見直し方について公式テキストの該当章を開き、条文の主体・期限・数値を演習問題とセットで押さえて定着を確認します。数値・日程は試験のご紹介（公式）の最新要項で必ず照合してください。,2択残り記録フォーマット（メンタルヘルス・マネジメント検定II種の間違いノートの作り方連携）,数値・日程・合格基準は年度で更新されるため、学習前と申込前には試験のご紹介（公式）の最新案内を確認してください。演習で惜しい問題の見直し方に関する設問を解いたら。正解理由と誤答肢の違いを短くメモし、用語解説・比較表・よくある誤答タブで似た論点を比較表で整理すると定着しやすくなります。 関連記事は役割が重ならないよう、概要→形式→学習計画の順で読むと迷いにくくなります。数値・日程・合格基準は年度で更新されるため、学習前と申込前には大阪商工会議所の最新案内を確認してください。,2択残りの頻出パターン表（主体·数値·手順）,数値・日程・合格基準は年度で更新されるため、学習前と申込前には試験のご紹介（公式）の最新案内を確認してください。演習で惜しい問題の見直し方に関する設問を解いたら。正解理由と誤答肢の違いを短くメモし、用語解説・比較表・よくある誤答タブで似た論点を比較表で整理すると定着しやすくなります。 表をノートに転記したら、演習10問で理解を確認し、誤答は公式テキスト該当章で読み直してください。数値・日程・合格基準は年度で更新されるため、学習前と申込前には大阪商工会議所の最新案内を確認してください。,関連ガイドとの使い分け,数値・日程・合格基準は年度で更新されるため、学習前と申込前には試験のご紹介（公式）の最新案内を確認してください。演習で惜しい問題の見直し方に関する設問を解いたら。正解理由と誤答肢の違いを短くメモし、用語解説・比較表・よくある誤答タブで似た論点を比較表で整理すると定着しやすくなります。 関連記事は役割が重ならないよう、概要→形式→学習計画の順で読むと迷いにくくなります。数値・日程・合格基準は年度で更新されるため、学習前と申込前には大阪商工会議所の最新案内を確認してください。,,,,,2択残り12問中6問誤答の場合の見直し手順は？,「2択残り12問中6問誤答の場合の見直し手順は」はメンタルヘルス・マネジメント検定II種の公式テキスト該当章と試験のご紹介（公式）で確認するのが確実です。惜しい問題の見直し方では、条文の要件（誰が・いつ・何を）を演習問題とセットで押さえてください。,惜しい問題と完全誤答はどう使い分けますか？,「惜しい問題と完全誤答はどう使い分けますか」はメンタルヘルス・マネジメント検定II種の公式テキスト該当章と試験のご紹介（公式）で確認するのが確実です。惜しい問題の見直し方では、条文の要件（誰が・いつ・何を）を演習問題とセットで押さえてください。,本記事とメンタルヘルス・マネジメント検定II種の間違いノートの作り方はどう使い分けますか？,読了後は、惜しい問題の見直し方の関連する演習を5問以上解き、間違えた選択肢を用語解説で確認してから関連ガイドへ進んでください。1週間後の解き直し日をカレンダーに入れると定着しやすくなります。数値・主体・手順は大阪商工会議所の最新案内と照合してください。,,,past-questions-wrong-reasons:誤答原因分析;mistake-notebook:間違いノート;past-questions-first-attempt:初回4分類;pass-score:合格点,惜しい問題;2択残り;最終判断;50問;70点
plateau-breakthrough,復習・苦手克服,メンタルヘルスマネジメント検定II種の伸び悩み突破法｜2週間停滞を弱点20問で70点へ,メンタルヘルス・マネジメント検定II種（ラインケア）の伸び悩み突破法。模試の正答率が2週間停滞したら、弱点1領域20問追加・誤答4分類・解き直しで70点ラインを超える手順を解説します。,勉強しているのに点数が動かない——II種（ラインケア）対策で誰もが一度はぶつかる停滞期です。50問の模試で2週間ほど正答率が横ばいなら、それは伸び悩みのサイン。打開のカギは、手を広げるのではなく、最も弱い1領域に絞って問題を集中投下することです。本記事では、伸び悩みの見極め方から、弱点領域への2週間集中、誤答の4分類による解き直しまで、70点ラインを越えるための4週間のサイクルを示します。模試の点数や領域別の分析手順はpast-questions-score-analysisの記事を参考にしてください。,36,復習;苦手克服,メンタルヘルス二種マスター編集部,資格学習サイトの編集チーム,公式情報確認担当,公開前に一次情報との照合を行う担当者,2026-06-13,試験のご紹介（公式）|https://www.mental-health.ne.jp/about/,手書きリライト 2026-06-12。v2,本記事を読むと、伸び悩み判定と弱点20問追加手順が分かり、たとえば「8/2 66点→8/16 停滞→8/23 弱点20問→9/6 35問」まで今日から再現でき、点数分析記事との使い分けも表で把握できます。,7領域正答率を2週ごとに更新し伸び悩みを判定する;55％未満の弱点1領域に週20問を2週集中する;誤答理由を4分類で記録し7日後解き直す;past-questions-score-analysis記事で点数·領域表を確認する;9/6（土）50問模試35問正解を最終目標に置く,試験要項・公式ページ更新時に本文と参照元を見直す。,2026-06-13,2026-06-29,2026-06-13,published,2026-06-12: 編集合格（手書きリライト·具体例·v2）,伸び悩み判定の基準表（2週+0％·55％未満·66点停滞）,"II種ラインケアの伸び悩みは50問模試得点が2週間変化なし、または7領域の最低正答率が55％未満で判定します。50問·120分·70点以上·7領域が前提です。 | 判断 | 条件 | 対策 |
| --- | --- | --- |
| 順調 | 週+3〜5％ | 現計画継続 |
| 要注意 | 2週横ばい | 弱点確認 |
| 伸び悩み | 2週+0％ | 弱点20問 |
| 危険 | 55％未満 | 週20問×2週 | たとえば8/2（土）50問·33問——8/16（土）も66点·2週+0％——8/23（土）弱点20問追加——が定番です。I種は合計105点以上（うち論述25点以上）と混同しないでください。",弱点1領域20問追加の配分表（2週集中）,"伸び悩み時は55％未満の領域1つを特定し、週20問を2週集中します。2領域以上55％未満は最低領域から着手します。 | 正答率 | 優先 | 演習量 | 期間 |
| --- | --- | --- | --- |
| 55％未満 | 最優先 | 週20問 | 2週 |
| 55〜69％ | 通常 | 週10問 | 1週 |
| 70％以上 | 維持 | 週5問 | 継続 |
| 全領域70％ | 模試 | 50問 | 1回 | 例えば8/16（土）·領域③52％——領域⑤58％——8/23〜8/30領域③40問——優先——が定番です。2.4分/問（144秒）を意識してください。",誤答4分類と7日後解き直し表（伸び悩み時）,"伸び悩みの誤答は用語混同·主体·数値·手順の4分類で記録し7日後解き直します。past-questions-wrong-reasonsと併用します。 | 分類 | 例 | 対策 |
| --- | --- | --- |
| 用語混同 | 似た用語 | terms/ |
| 主体 | 役割逆 | 主体表 |
| 手順 | 順序誤り | 該当章 |
| 数値 | 49/50人 | 公式テキスト | たとえば8/23（土）弱点20問·主体8問——8/30（土）7日後6問——75％——9/6（土）残り14問——追加——が定番です。",70点突破の4週間サイクル表（模試→弱点→再模試）,"伸び悩み突破は50問模試→弱点20問×2週→再模試70点の4週間サイクルが定番です。66点から70点は2問回収です。 | 週 | 学習 | 目標 |
| --- | --- | --- |
| 1週目 | 50問模試 | 66点記録 |
| 2週目 | 弱点20問×2 | 70％ |
| 3週目 | 弱点20問×2 | 70％ |
| 4週目 | 50問模試 | 70点 | 例えば8/2（土）模試66点——8/23〜8/30弱点40問——9/6（土）50問35問——9/13（土）誤答10問解き直し——が定番です。",past-questions-score-analysis記事との2列比較表,"伸び悩み突破と50問点数分析は2記事で分担します。本記事は2週停滞判定·弱点20問2週集中·4分類解き直し·4週間突破サイクル、past-questions-score-analysis記事は正答数·7領域正答率·得点差·70点判定·模試推移記録に特化します。 | 論点 | 伸び悩み（本記事） | 点数分析 |
| --- | --- | --- |
| 焦点 | 2週+0％突破 | 66点·得点差 |
| 単位 | 弱点20問×2週 | 50問通し |
| 成果物 | 4週サイクル | 得点差表 |
| 出口 | 同記事へ | past-questions-by-fieldへ | たとえば8/2（土）past-questions-score-analysis——66点表——8/16（土）2週+0％——本記事——弱点20問——9/6（土）再50問35問——確認——の順が定番です。点数表なしで弱点演習だけでは停滞原因が特定できません。",,,,,2週間得点が伸びないときはどうすればよいですか？,伸び悩みと判断し、55％未満の弱点1領域に週20問を2週集中するのが定番です。例えば8/2（土）50問·33問——8/16（土）も66点——8/23（土）領域③40問——9/6（土）50問35問——を目指してください。50問120分·70点以上·7領域がII種の形式です。,66点から70点に上げる最短ルートは？,5問回収で70点です。弱点1領域20問×2週→50問模試再挑戦が定番です。たとえば8/23〜8/30弱点40問——9/6（土）50問模試·34問——9/13（土）誤答10問解き直し——1問回収——を目指してください。合計105点以上（うち論述25点以上）はI種の基準でII種70点とは異なります。,本記事と点数分析記事の違いは？,本記事は2週伸び悩み·弱点20問追加·70点突破策、past-questions-score-analysis記事は50問·7領域別·得点差表·模試推移記録に特化します。例えば8/2（土）点数分析——66点表——8/16（土）伸び悩み判定——本記事——弱点20問——の順が定番です。70点の詳細はpass-score記事——4分類深掘りはpast-questions-wrong-reasons記事——で確認してください。,,,past-questions-score-analysis:点数分析;past-questions-wrong-reasons:誤答原因分析;pass-score:合格点,伸び悩み;2週停滞;弱点20問;70点突破;7領域
final-week-prep,直前・当日,メンタルヘルス・マネジメント検定II種の直前1週間の対策,メンタルヘルスII種の直前1週間対策。10月5〜11日の日別スケジュール表·50問70点。メンタルヘルス・マネジメント検定II種の直前対策との役割分担も解説。,メンタルヘルス・マネジメント検定II種（ラインケア）の直前1週間は、日別スケジュール表で弱点復習·50問演習·体調準備を並行します。本記事では1週間スケジュール表をまとめ、チェックリスト詳細はメンタルヘルス・マネジメント検定II種の直前対策と役割分担します。,70,直前対策;試験当日,メンタルヘルス二種マスター編集部,資格学習サイトの編集チーム,公式情報確認担当,公開前に一次情報との照合を行う担当者,2026-06-06,試験のご紹介（公式）|https://www.mental-health.ne.jp/about/,手書きリライト 2026-06-06。自動prose差し替え 2026-06-04（要手書き）。直前・当日向けテンプレートから作成。公開前に本文・参照URL・関連リンクを差し替える。;retire_redirect:final-day-checklist,本記事を読むと、たとえば10月5日〜11日の各日に「7領域棚卸し」「50問模試」「持ち物準備」をいつ入れるべきかが表で分かり、メンタルヘルス・マネジメント検定II種の直前対策のチェック項目と重複なく直前計画が立てられます。,10月5日に7領域正答率を1枚の表に記録する;10月7日に50問120分の本番形式模試を1回実施する;10月8〜10日に弱点3領域20問ずつ解き直す;10月11日21:00までに持ち物·会場を確定する;メンタルヘルス・マネジメント検定II種の直前対策で最終チェックリストを実行する,試験要項・公式ページ更新時に本文と参照元を見直す。,2026-06-06,2026-06-29,2026-06-06,archived,2026-06-12: archived（guide retire·final-day-checklistへ統合）,直前1週間対策の全体像（スケジュール表）,試験直前は新しい参考書を増やさず、直前1週間の対策で何度も迷った分野と頻出用語に絞ります。7領域のうち得点率が低い領域を1つ選び、用語10語＋演習20問程度をセットで見直すのが目安です。 前日は暗記の詰め込みより、睡眠と当日の持ち物・会場確認を優先してください。数値（面接指導の時間、ストレスチェックの対象人数など）は早見表タブで最終確認すると安心です。「直前1週間対策の全体像（スケジュール表）」では。直前1週間の対策について公式テキストの該当章を開き、条文の主体・期限・数値を演習問題とセットで押さえて定着を確認します。数値・日程は試験のご紹介（公式）の最新要項で必ず照合してください。,10月5日〜11日の日別タスク表,数値・日程・合格基準は年度で更新されるため、学習前と申込前には試験のご紹介（公式）の最新案内を確認してください。演習で直前1週間の対策に関する設問を解いたら。正解理由と誤答肢の違いを短くメモし、用語解説・比較表・よくある誤答タブで似た論点を比較表で整理すると定着しやすくなります。 表をノートに転記したら、演習10問で理解を確認し、誤答は公式テキスト該当章で読み直してください。数値・日程・合格基準は年度で更新されるため、学習前と申込前には大阪商工会議所の最新案内を確認してください。,7領域·50問演習の1週間への組み込み,直前1週間の対策の理解度は、関連する演習問題で確認するのが効率的です。1問解くごとに「根拠はテキストのどの章か」をメモすると、復習時に該当ページへすぐ戻れます。 同じ問題を時間を空けて解き直し、言い換え選択肢でも正解できるかまで確認してください。二回連続正解でも、条件を1語変えた肢で誤答する場合は、用語の定義がまだ曖昧なサインです。「7領域·50問演習の1週間への組み込み」では。直前1週間の対策について公式テキストの該当章を開き、条文の主体・期限・数値を演習問題とセットで押さえて定着を確認します。数値・日程は試験のご紹介（公式）の最新要項で必ず照合してください。,メンタルヘルス・マネジメント検定II種の直前対策との役割分担,試験直前は新しい参考書を増やさず、直前1週間の対策で何度も迷った分野と頻出用語に絞ります。7領域のうち得点率が低い領域を1つ選び、用語10語＋演習20問程度をセットで見直すのが目安です。 前日は暗記の詰め込みより、睡眠と当日の持ち物・会場確認を優先してください。数値（面接指導の時間、ストレスチェックの対象人数など）は早見表タブで最終確認すると安心です。「メンタルヘルス・マネジメント検定II種の直前対策との役割分担」では。直前1週間の対策について公式テキストの該当章を開き、条文の主体・期限・数値を演習問題とセットで押さえて定着を確認します。数値・日程は試験のご紹介（公式）の最新要項で必ず照合してください。,1週間後の当日準備への接続,試験直前は新しい参考書を増やさず、直前1週間の対策で何度も迷った分野と頻出用語に絞ります。7領域のうち得点率が低い領域を1つ選び、用語10語＋演習20問程度をセットで見直すのが目安です。 前日は暗記の詰め込みより、睡眠と当日の持ち物・会場確認を優先してください。数値（面接指導の時間、ストレスチェックの対象人数など）は早見表タブで最終確認すると安心です。 演習10問を解き、解説で参照条文を公式テキストで開いて読み返してください。数値・日程・合格基準は年度で更新されるため、学習前と申込前には大阪商工会議所の最新案内を確認してください。,,,,,直前1週間の日別計画はどう立てますか？,「直前1週間の日別計画はどう立てますか」はメンタルヘルス・マネジメント検定II種の公式テキスト該当章と試験のご紹介（公式）で確認するのが確実です。直前1週間の対策では、条文の要件（誰が・いつ・何を）を演習問題とセットで押さえてください。,本記事とメンタルヘルス・マネジメント検定II種の直前対策はどう違いますか？,「本記事とメンタルヘルス・マネジメント検定II種の直前対策はどう違いますか」はメンタルヘルス・マネジメント検定II種の公式テキスト該当章と試験のご紹介（公式）で確認するのが確実です。直前1週間の対策では、条文の要件（誰が・いつ・何を）を演習問題とセットで押さえてください。,1週間表に50問模試は必須ですか？,読了後は、直前1週間の対策の関連する演習を5問以上解き、間違えた選択肢を用語解説で確認してから関連ガイドへ進んでください。1週間後の解き直し日をカレンダーに入れると定着しやすくなります。数値・主体・手順は大阪商工会議所の最新案内と照合してください。,,,exam-last-minute:1週間チェック;final-scope-narrowing:範囲絞り込み;final-mock-last-run:直前模試;final-day-checklist:前日チェック,1週間表;50問120分;7領域;70点合格;last-minute連携
final-day-checklist,直前・当日,メン管II種·前日チェック【21:00·就寝·7:00起床】,メンタルヘルス・マネジメント検定II種（ラインケア）の試験前日チェック。持ち物·会場·受験票·睡眠を表に整理し、直前対策記事との2列比較で具体例解説します。,試験前日に新しいことを詰め込もうとしても、かえって不安が増すだけです。II種（ラインケア）の前日にやるべきは、持ち物・会場・受験票の確認と、十分な睡眠の確保。この日の過ごし方が当日のコンディションを左右します。本記事では、夜のうちにカバンを準備し、無理なく就寝・起床するための前日タイムラインを具体的に提案します。試験1週間前までに済ませておきたい弱点の総復習はexam-last-minuteの記事を先に。集合時間や持ち物は受験票と要項で最終確認してください。,70,直前対策;試験当日,メンタルヘルス二種マスター編集部,資格学習サイトの編集チーム,公式情報確認担当,公開前に一次情報との照合を行う担当者,2026-06-13,試験のご紹介（公式）|https://www.mental-health.ne.jp/about/,手書きリライト 2026-06-06。自動prose差し替え 2026-06-04（要手書き）。直前・当日向けテンプレートから作成。公開前に本文・参照URL・関連リンクを差し替える。,本記事を読むと、前日チェックタイムラインが分かり、たとえば「9/5 21:00カバン→22:00就寝→9/6 8:30到着→120分·38問」まで今日から再現でき、直前対策記事との使い分けも表で把握できます。,9/5 18:00までに弱点10問のみ解き直し（新規暗記なし）;9/5 21:00にexam-day-items記事7点をカバンへ;受験票の氏名·会場·集合時間を申込と照合する;22:00就寝·7:00起床のリマインダーを設定する;9/6はexam-day-flow記事どおり集合30分前到着,試験要項・公式ページ更新時に本文と参照元を見直す。,2026-06-13,2026-06-29,2026-06-13,published,2026-06-12: 編集合格（手書きリライト·具体例·v2）,前日タイムライン：18:00〜22:00,"前日の正本は受験票·要項·exam-day-items·exam-day-flow各記事です。下表は9/5（金）前日の定番タイムラインです。

前日の準備は、受験票・受験要項に加え、持ち物や当日の流れに関する記事が拠り所になります。夕方から夜にかけて、持ち物の準備・翌日の動線の確認・早めの就寝という流れで整えておくと、当日の朝を落ち着いて迎えられます。無理な詰め込みは避けます。

| 時刻 | 作業 | 記事 |
| --- | --- | --- |
| 18:00 | 弱点10問のみ | exam-last-minute |
| 19:00 | 会場動線確認 | exam-venue-and-region |
| 21:00 | 持ち物7点 | exam-day-items |
| 22:00 | 就寝 | 本記事 |
| 翌7:00 | 起床 | 本記事 |",前日8点：最終確認リスト,"21:00までに次の8点を紙1枚で完遂します。

前日の夜（21時ごろ）までに、受験票・身分証明書・筆記用具・時計など必要な持ち物を紙のリストで確認し、カバンにそろえておきます。当日の朝に慌てて準備すると忘れ物が起きやすいため、前夜のうちに一度そろえて確認しておくのが安全です。

| # | 項目 | 確認 |
| --- | --- | --- |
| 1 | 受験票 | 氏名·会場·時間 |
| 2 | 身分証 | 表記一致 |
| 3 | 筆記用具 | 要項色·予備 |
| 4 | 時計 | 非電子式 |
| 5 | 動線 | 90分·8:30到着 |
| 6 | スマホ | 電源OFFルール |
| 7 | 弁当·飲料 | 会場規定 |
| 8 | 目覚まし | 7:00起床 |",学習停止線：前日にやらないこと,"前日は新規暗記·通し演習·7章読み直しを止めます。

試験の前日は、新しい範囲の暗記や50問の通し演習、章の読み直しといった負荷の高い学習は避けます。前日に無理をすると睡眠不足や不安につながりやすいため、これまでの復習の総点検と、体調を整えることに絞るほうが、当日の力を発揮しやすくなります。

| やる | やらない |
| --- | --- |
| 弱点10問解き直し | 新章インプット |
| 70点·捨て問確認 | 50問通し |
| 持ち物·睡眠 | 徹夜 |
| 動線確認 | 長時間SNS |",当日朝：7:00〜8:30到着,"翌朝は5分の最終確認と余裕を持った出発が定番です。

試験当日の朝は、持ち物の最終確認を短時間で済ませ、余裕を持って出発できるようにしておきます。前日までに持ち物と動線をそろえておけば、当日朝は5分程度の確認で済みます。会場には集合時間より前に到着できるよう、時間に余裕を持って行動します。

| 時刻 | 作業 |
| --- | --- |
| 7:00 | 起床·水分 |
| 7:15 | 受験票·身分証5分確認 |
| 7:30 | 出発 |
| 8:30 | 会場到着（集合30分前例） |
| 9:00 | 受付（受験票記載） |",exam-last-minute記事との2列比較表,"試験1週間前と前日は2記事で分担します。exam-last-minute記事は1週間前·弱点領域·通し演習、本記事は前日·持ち物·睡眠·当日朝に特化します。

exam-last-minute記事は試験1週間前の弱点補強・通し演習を扱い、本記事は前日の持ち物・睡眠・当日朝の動きを扱います。1週間前と前日で準備の役割を分けているため、時期に合わせて読み分けると、直前期を落ち着いて過ごせます。

| 論点 | 直前対策記事 | 本記事（前日） |
| --- | --- | --- |
| 焦点 | 弱点·通し70点 | 持ち物·睡眠 |
| 時期 | 試験1週間前 | 前日〜当日朝 |
| 成果物 | 弱点10問記録 | 8点✓·就寝 |
| 出口 | 本記事へ | exam-day-flowへ | 前日に50問通しすると睡眠が削れます。",,,,,試験前日に勉強すべきですか？,試験の前日は、新しい範囲の暗記や50問の通し演習は避け、正答率の低い問題を数問だけ解き直す程度にとどめるのがおすすめです。前日に無理をすると睡眠不足や不安につながりやすいため、これまでの復習の総点検と体調管理を優先します。,前日21:00に何をしますか？,受験票・身分証明書・筆記用具など必要な持ち物をカバンに入れ、翌日の動線や目覚ましの設定まで最終確認します。前日の夜にひととおりそろえておくことで、当日朝の忘れ物や慌ただしさを防ぎ、落ち着いて会場に向かえます。,本記事と直前対策記事の違いは？,exam-last-minute記事は、試験1週間前の弱点補強・7領域の点検・50問の通し演習を扱います。本記事は、前日の持ち物準備・睡眠・当日朝の動きを扱うため、1週間前と前日で準備の役割を分けて読めます。,,,exam-day-items:持ち物;exam-day-flow:当日の流れ;exam-last-minute:直前対策;affiliate-problem-books:メンタルヘルス・マネジメント検定II種のおすすめ問題集3選【2026年度版·過去問】;affiliate-textbooks-recommend:メンタルヘルス・マネジメント検定II種のおすすめテキスト3選【2026年度版·独学】,前日21:00;持ち物7点;受験票;50問120分;items連携
final-scope-narrowing,直前・当日,メンタルヘルス・マネジメント検定II種の直前の範囲絞り込み,メンタルヘルスII種の直前範囲絞り込み。7領域·弱点3領域·70点=70問を表に整理。メンタルヘルス・マネジメント検定II種の直前1週間の対策・メンタルヘルス・マネジメント検定II種の直前対策連携も解説。,たとえば10月12日（日）10:00開始·50問120分なら、10月5日（日）に7領域の正答率を棚卸しし、55％未満3領域に用語30語＋演習60問を集中する逆算が目安です。本記事では70点＝35問正解の絞り込み表をまとめ、1週間計画はメンタルヘルス・マネジメント検定II種の直前1週間の対策·メンタルヘルス・マネジメント検定II種の直前対策と役割分担します。,70,直前対策;試験当日,メンタルヘルス二種マスター編集部,資格学習サイトの編集チーム,公式情報確認担当,公開前に一次情報との照合を行う担当者,2026-06-06,試験のご紹介（公式）|https://www.mental-health.ne.jp/about/,手書きリライト 2026-06-06。自動prose差し替え 2026-06-04（要手書き）。直前・当日向けテンプレートから作成。公開前に本文・参照URL・関連リンクを差し替える。;retire_redirect:final-day-checklist,本記事を読むと、たとえば演習50問中36問正解でも「相談対応」「個別配慮」「推進」の3領域が55％未満ならどの領域から20問ずつ解き直すべきかが分かり、50問120分で70点を確保する直前の優先順位が立てられます。,7領域の正答率を1枚の表に記録する;55％未満の弱点3領域を特定する;弱点3領域に用語30語＋演習60問を割り当てる;70点＝35問正解の捨て基準を再確認する;メンタルヘルス・マネジメント検定II種の直前1週間の対策の1週間表と併用する,試験要項・公式ページ更新時に本文と参照元を見直す。,2026-06-06,2026-06-29,2026-06-06,archived,2026-06-12: archived（guide retire·final-day-checklistへ統合）,直前の範囲絞り込みの全体像,試験直前は新しい参考書を増やさず、直前の範囲絞り込みで何度も迷った分野と頻出用語に絞ります。7領域のうち得点率が低い領域を1つ選び、用語10語＋演習20問程度をセットで見直すのが目安です。 前日は暗記の詰め込みより、睡眠と当日の持ち物・会場確認を優先してください。数値（面接指導の時間、ストレスチェックの対象人数など）は早見表タブで最終確認すると安心です。「直前の範囲絞り込みの全体像」では。直前の範囲絞り込みについて公式テキストの該当章を開き、条文の主体・期限・数値を演習問題とセットで押さえて定着を確認します。数値・日程は試験のご紹介（公式）の最新要項で必ず照合してください。,7領域の正答率棚卸し表,数値・日程・合格基準は年度で更新されるため、学習前と申込前には試験のご紹介（公式）の最新案内を確認してください。演習で直前の範囲絞り込みに関する設問を解いたら。正解理由と誤答肢の違いを短くメモし、用語解説・比較表・よくある誤答タブで似た論点を比較表で整理すると定着しやすくなります。 表をノートに転記したら、演習10問で理解を確認し、誤答は公式テキスト該当章で読み直してください。数値・日程・合格基準は年度で更新されるため、学習前と申込前には大阪商工会議所の最新案内を確認してください。,弱点3領域の優先順位づけ,数値・日程・合格基準は年度で更新されるため、学習前と申込前には試験のご紹介（公式）の最新案内を確認してください。演習で直前の範囲絞り込みに関する設問を解いたら。正解理由と誤答肢の違いを短くメモし、用語解説・比較表・よくある誤答タブで似た論点を比較表で整理すると定着しやすくなります。 演習10問を解き、解説で参照条文を公式テキストで開いて読み返してください。数値・日程・合格基準は年度で更新されるため、学習前と申込前には大阪商工会議所の最新案内を確認してください。,70点＝35問正解の捨て基準,数値・日程・合格基準は年度で更新されるため、学習前と申込前には試験のご紹介（公式）の最新案内を確認してください。演習で直前の範囲絞り込みに関する設問を解いたら。正解理由と誤答肢の違いを短くメモし、用語解説・比較表・よくある誤答タブで似た論点を比較表で整理すると定着しやすくなります。 演習10問を解き、解説で参照条文を公式テキストで開いて読み返してください。数値・日程・合格基準は年度で更新されるため、学習前と申込前には大阪商工会議所の最新案内を確認してください。,関連ガイドとの使い分け,数値・日程・合格基準は年度で更新されるため、学習前と申込前には試験のご紹介（公式）の最新案内を確認してください。演習で直前の範囲絞り込みに関する設問を解いたら。正解理由と誤答肢の違いを短くメモし、用語解説・比較表・よくある誤答タブで似た論点を比較表で整理すると定着しやすくなります。 関連記事は役割が重ならないよう、概要→形式→学習計画の順で読むと迷いにくくなります。数値・日程・合格基準は年度で更新されるため、学習前と申込前には大阪商工会議所の最新案内を確認してください。,,,,,直前は何領域に絞るべきですか？,「直前は何領域に絞るべきですか」はメンタルヘルス・マネジメント検定II種の公式テキスト該当章と試験のご紹介（公式）で確認するのが確実です。直前の範囲絞り込みでは、条文の要件（誰が・いつ・何を）を演習問題とセットで押さえてください。,70点と35問正解の関係は？,「70点と35問正解の関係は」はメンタルヘルス・マネジメント検定II種の公式テキスト該当章と試験のご紹介（公式）で確認するのが確実です。直前の範囲絞り込みでは、条文の要件（誰が・いつ・何を）を演習問題とセットで押さえてください。,範囲絞り込みと1週間計画はどう使い分けますか？,読了後は、直前の範囲絞り込みの関連する演習を5問以上解き、間違えた選択肢を用語解説で確認してから関連ガイドへ進んでください。1週間後の解き直し日をカレンダーに入れると定着しやすくなります。数値・主体・手順は大阪商工会議所の最新案内と照合してください。,,,final-week-prep:直前1週間;exam-last-minute:1週間チェック;pass-score:合格点;final-mock-last-run:直前模試,7領域;弱点3領域;70点70問;55％基準;week-prep連携
final-sleep-and-health,直前・当日,メンタルヘルス・マネジメント検定II種の直前の睡眠と健康管理,メンタルヘルスII種の直前睡眠·健康管理。22:00就寝·7:00起床·50問120分の体力維持を表に整理。メンタルヘルス・マネジメント試験公式情報も確認。,メンタルヘルス・マネジメント検定II種（ラインケア）の直前期は、50問120分を集中力で乗り切るため睡眠·体調管理が得点に直結します。本記事では直前の睡眠·健康管理表をまとめ、前日チェックはメンタルヘルス・マネジメント検定II種の試験前日チェックリスト·当日動線はメンタルヘルス・マネジメント検定II種の試験当日の流れと役割分担します。,70,直前対策;試験当日,メンタルヘルス二種マスター編集部,資格学習サイトの編集チーム,公式情報確認担当,公開前に一次情報との照合を行う担当者,2026-06-06,試験のご紹介（公式）|https://www.mental-health.ne.jp/about/,手書きリライト 2026-06-06。自動prose差し替え 2026-06-04（要手書き）。直前・当日向けテンプレートから作成。公開前に本文・参照URL・関連リンクを差し替える。;retire_redirect:final-day-checklist,本記事を読むと、たとえば試験1週間前から23:00就寝を22:00に前倒しすべきか、38℃以上発熱時に欠席判断をいつすべきかが分かり、50問120分の本番で集中力を維持する体調計画が立てられます。,10月5日から22:00就寝·7:00起床のリズムを固定する;10月11日21:00以降は学習を止める;38℃以上発熱時の欠席基準を要項で確認する;カフェインは15:00以降控える;メンタルヘルス・マネジメント検定II種の試験前日チェックリストで前日睡眠準備を確認する,試験要項・公式ページ更新時に本文と参照元を見直す。,2026-06-06,2026-06-29,2026-06-06,archived,2026-06-12: archived（guide retire·final-day-checklistへ統合）,直前の睡眠·健康管理の全体像,試験直前は新しい参考書を増やさず、直前の睡眠と健康管理で何度も迷った分野と頻出用語に絞ります。7領域のうち得点率が低い領域を1つ選び、用語10語＋演習20問程度をセットで見直すのが目安です。 前日は暗記の詰め込みより、睡眠と当日の持ち物・会場確認を優先してください。数値（面接指導の時間、ストレスチェックの対象人数など）は早見表タブで最終確認すると安心です。,試験1週間前からの睡眠リズム表,試験直前は睡眠を削りすぎないことが得点維持に効きます。暗記の詰め込みより、誤答ノートの確認と持ち物・会場の準備を優先してください。 直前の睡眠と健康管理で不安な領域は、用語10語だけピックアップして見直す程度に留めるとメンタル面も安定しやすいです。「試験1週間前からの睡眠リズム表」では。直前の睡眠と健康管理について公式テキストの該当章を開き、条文の主体・期限・数値を演習問題とセットで押さえて定着を確認します。数値・日程は試験のご紹介（公式）の最新要項で必ず照合してください。,学習時間と体調のバランス,試験直前は睡眠を削りすぎないことが得点維持に効きます。暗記の詰め込みより、誤答ノートの確認と持ち物・会場の準備を優先してください。 直前の睡眠と健康管理で不安な領域は、用語10語だけピックアップして見直す程度に留めるとメンタル面も安定しやすいです。「学習時間と体調のバランス」では。直前の睡眠と健康管理について公式テキストの該当章を開き、条文の主体・期限・数値を演習問題とセットで押さえて定着を確認します。数値・日程は試験のご紹介（公式）の最新要項で必ず照合してください。,前日22:00就寝·当日7:00起床の逆算,試験直前は新しい参考書を増やさず、直前の睡眠と健康管理で何度も迷った分野と頻出用語に絞ります。7領域のうち得点率が低い領域を1つ選び、用語10語＋演習20問程度をセットで見直すのが目安です。 前日は暗記の詰め込みより、睡眠と当日の持ち物・会場確認を優先してください。数値（面接指導の時間、ストレスチェックの対象人数など）は早見表タブで最終確認すると安心です。,発熱·体調不良時の判断基準,試験直前は睡眠を削りすぎないことが得点維持に効きます。暗記の詰め込みより、誤答ノートの確認と持ち物・会場の準備を優先してください。 直前の睡眠と健康管理で不安な領域は、用語10語だけピックアップして見直す程度に留めるとメンタル面も安定しやすいです。「発熱·体調不良時の判断基準」では。直前の睡眠と健康管理について公式テキストの該当章を開き、条文の主体・期限・数値を演習問題とセットで押さえて定着を確認します。数値・日程は試験のご紹介（公式）の最新要項で必ず照合してください。,,,,,直前1週間の睡眠は何時就寝が目安ですか？,「直前1週間の睡眠は何時就寝が目安ですか」はメンタルヘルス・マネジメント検定II種の公式テキスト該当章と試験のご紹介（公式）で確認するのが確実です。直前の睡眠と健康管理では、条文の要件（誰が・いつ・何を）を演習問題とセットで押さえてください。,38℃発熱時は受験すべきですか？,「38℃発熱時は受験すべきですか」はメンタルヘルス・マネジメント検定II種の公式テキスト該当章と試験のご紹介（公式）で確認するのが確実です。直前の睡眠と健康管理では、条文の要件（誰が・いつ・何を）を演習問題とセットで押さえてください。,睡眠管理と前日チェックはどう使い分けますか？,読了後は、直前の睡眠と健康管理の関連する演習を5問以上解き、間違えた選択肢を用語解説で確認してから関連ガイドへ進んでください。1週間後の解き直し日をカレンダーに入れると定着しやすくなります。数値・主体・手順は大阪商工会議所の最新案内と照合してください。,,,final-day-checklist:前日チェック;exam-day-flow:当日の流れ;final-week-prep:直前1週間;exam-day-troubleshooting:当日トラブル,22:00就寝;7:00起床;50問120分;体調管理;発熱判断
final-mock-last-run,直前・当日,メンタルヘルス・マネジメント検定II種の直前模試の受け方,メンタルヘルスII種の直前模試50問120分·70点。メンタルヘルス・マネジメント検定II種の時間を計った演習・メンタルヘルス・マネジメント検定II種の模試の活用法連携·site q/演習も解説。,たとえば10月12日（日）10:00開始なら、10月7日（火）10:00〜12:00に50問演習し、50問到達12:00·35問正解（70点）を記録する逆算が目安です。本記事では直前模試の手順を表にまとめ、メンタルヘルス・マネジメント検定II種の時間を計った演習・メンタルヘルス・マネジメント検定II種の模試の活用法·site q/演習との連携も解説します。,70,直前対策;試験当日,メンタルヘルス二種マスター編集部,資格学習サイトの編集チーム,公式情報確認担当,公開前に一次情報との照合を行う担当者,2026-06-06,試験のご紹介（公式）|https://www.mental-health.ne.jp/about/,手書きリライト 2026-06-06。自動prose差し替え 2026-06-04（要手書き）。直前・当日向けテンプレートから作成。公開前に本文・参照URL・関連リンクを差し替える。;retire_redirect:final-day-checklist,本記事を読むと、たとえば試験5日前に50問120分の模試をどこで解くか（メンタルヘルス・マネジメント検定II種の時間を計った演習の記事かsite q/演習50問）と、36問正解時の弱点20問の解き直しタイミングが分かり、70点ラインの最終確認ができます。,試験5日前に50問120分の本番形式模試を1回実施する;50問到達時刻·35問正解数を記録する;55％未満の領域1つを特定し20問解き直す;メンタルヘルス・マネジメント検定II種の時間を計った演習・メンタルヘルス・マネジメント検定II種の模試の活用法の手順を参照する;site q/演習で50問が足りなければ50問×2で代替する,試験要項・公式ページ更新時に本文と参照元を見直す。,2026-06-06,2026-06-29,2026-06-06,archived,2026-06-12: archived（guide retire·final-day-checklistへ統合）,直前模試50問120分の全体像,試験直前は新しい参考書を増やさず、直前模試の受け方で何度も迷った分野と頻出用語に絞ります。7領域のうち得点率が低い領域を1つ選び、用語10語＋演習20問程度をセットで見直すのが目安です。 前日は暗記の詰め込みより、睡眠と当日の持ち物・会場確認を優先してください。数値（面接指導の時間、ストレスチェックの対象人数など）は早見表タブで最終確認すると安心です。「直前模試50問120分の全体像」では。直前模試の受け方について公式テキストの該当章を開き、条文の主体・期限・数値を演習問題とセットで押さえて定着を確認します。数値・日程は試験のご紹介（公式）の最新要項で必ず照合してください。,模試実施タイミングと合格ライン70点,合格率・合格点は試験のご紹介（公式）の統計・要項で確認します。数字だけで難易度を判断せず、自分の演習得点と弱点分野を合わせて見積もってください。 直前模試の受け方の学習時間は、7領域のバランスと仕事の繁忙期を考慮して設定します。「模試実施タイミングと合格ライン70点」では。直前模試の受け方について公式テキストの該当章を開き、条文の主体・期限・数値を演習問題とセットで押さえて定着を確認します。数値・日程は試験のご紹介（公式）の最新要項で必ず照合してください。,関連ガイドとの使い分け,数値・日程・合格基準は年度で更新されるため、学習前と申込前には試験のご紹介（公式）の最新案内を確認してください。演習で直前模試の受け方に関する設問を解いたら。正解理由と誤答肢の違いを短くメモし、用語解説・比較表・よくある誤答タブで似た論点を比較表で整理すると定着しやすくなります。 関連記事は役割が重ならないよう、概要→形式→学習計画の順で読むと迷いにくくなります。数値・日程・合格基準は年度で更新されるため、学習前と申込前には大阪商工会議所の最新案内を確認してください。,site q/演習で50問を組み立てる方法,直前模試の受け方の理解度は、関連する演習問題で確認するのが効率的です。1問解くごとに「根拠はテキストのどの章か」をメモすると、復習時に該当ページへすぐ戻れます。 同じ問題を時間を空けて解き直し、言い換え選択肢でも正解できるかまで確認してください。二回連続正解でも、条件を1語変えた肢で誤答する場合は、用語の定義がまだ曖昧なサインです。「site q/演習で50問を組み立てる方法」では。直前模試の受け方について公式テキストの該当章を開き、条文の主体・期限・数値を演習問題とセットで押さえて定着を確認します。数値・日程は試験のご紹介（公式）の最新要項で必ず照合してください。,模試後の弱点20問の解き直し,解き直しは、当日・3日後・1週間後の間隔を空けると記憶の定着を確認しやすくなります。ブラウザの復習機能やブックマーク一覧を「直前模試の受け方関連」でフィルタし、優先順位を付けてください。 2回連続で正解できても、解説を読まずに選んだ問題は三回目も解き直し対象にします。「なぜ正解か」を言語化できるまでが、本番レベルの理解です。「模試後の弱点20問の解き直し」では。直前模試の受け方について公式テキストの該当章を開き、条文の主体・期限・数値を演習問題とセットで押さえて定着を確認します。数値・日程は試験のご紹介（公式）の最新要項で必ず照合してください。,,,,,直前模試はいつ受けるべきですか？,「直前模試はいつ受けるべきですか」はメンタルヘルス・マネジメント検定II種の公式テキスト該当章と試験のご紹介（公式）で確認するのが確実です。直前模試の受け方では、条文の要件（誰が・いつ・何を）を演習問題とセットで押さえてください。,50問模試はどこで解けますか？,「50問模試はどこで解けますか」はメンタルヘルス・マネジメント検定II種の公式テキスト該当章と試験のご紹介（公式）で確認するのが確実です。直前模試の受け方では、条文の要件（誰が・いつ・何を）を演習問題とセットで押さえてください。,模試で66点だった場合はどうしますか？,読了後は、直前模試の受け方の関連する演習を5問以上解き、間違えた選択肢を用語解説で確認してから関連ガイドへ進んでください。1週間後の解き直し日をカレンダーに入れると定着しやすくなります。数値・主体・手順は大阪商工会議所の最新案内と照合してください。,,,timed-practice:時間を計った演習;mock-exam-how-to:模試の活用法;pass-score:合格点;final-scope-narrowing:範囲絞り込み,50問120分;70点合格;5日前;メンタルヘルス・マネジメント検定II種の時間を計った演習;q演習
exam-day-items,直前・当日,メン管II種·持ち物【7点·前日21:00·受験票】,メンタルヘルス・マネジメント検定II種（ラインケア）の試験当日持ち物。受験票·身分証·筆記用具7点を表に整理し、当日の流れ記事との2列比較で具体例解説します。,せっかく準備してきても、当日の持ち物に不備があれば受付で手間取り、最悪の場合は受験できないこともあります。II種（ラインケア）では受験票・身分証・筆記用具といった必需品を、前夜のうちに揃えておくのが鉄則です。本記事では、忘れてはならない持ち物7点と、前夜にカバンへ詰めるまでの準備の流れを整理します。とくに身分証の氏名表記は申込内容と一致しているか確認しておきたいところです。当日の到着から解答までの動きはexam-day-flowの記事で、持ち物の最終的な正解は受験票と要項でご確認ください。,70,直前対策;試験当日,メンタルヘルス二種マスター編集部,資格学習サイトの編集チーム,公式情報確認担当,公開前に一次情報との照合を行う担当者,2026-06-13,試験のご紹介（公式）|https://www.mental-health.ne.jp/about/,手書きリライト 2026-06-06。自動prose差し替え 2026-06-04（要手書き）。直前・当日向けテンプレートから作成。公開前に本文・参照URL・関連リンクを差し替える。,本記事を読むと、持ち物7点チェックが分かり、たとえば「9/5 21:00カバン準備→9/6 8:30到着→受付スムーズ」まで今日から再現でき、当日の流れ記事との使い分けも表で把握できます。,要項·受験票で持ち物リストを印刷·保存する;前日21:00までに持ち物7点をカバンに入れる;身分証の氏名表記を申込時と照合する;スマートフォン電源OFF·保管ルールを要項で確認する;exam-day-flow記事で集合時間·到着30分前を確認する,試験要項・公式ページ更新時に本文と参照元を見直す。,2026-06-13,2026-06-29,2026-06-13,published,2026-06-12: 編集合格（手書きリライト·具体例·v2）,持ち物7点：要項·受験票が正本,"持ち物の正本は大阪商工会議所の受験要項·受験票·会場案内です。下表は一般的な7点で、申込前に要項で上書き確認してください。

持ち物は、大阪商工会議所の受験要項・受験票・会場案内が正本です。受験票・身分証明書・指定された筆記用具・時計などが基本になりますが、内容は公開試験ごとに確認します。会場によって注意事項が異なる場合もあるため、当日案内も含めて事前に確認します。

| # | 項目 | 確認ポイント |
| --- | --- | --- |
| 1 | 受験票 | 氏名·会場·集合時間 |
| 2 | 身分証 | 申込表記と一致 |
| 3 | 筆記用具 | 要項指定色·本数 |
| 4 | 時計 | 非電子式（要項） |
| 5 | マスク等 | 要項·会場規定 |
| 6 | 弁当·飲料 | 会場可否 |
| 7 | 交通系·現金 | 動線·精算 |",前日21:00：カバンリハーサル手順,"前日21:00までにカバンへ7点を入れ、朝の取りこぼしを防ぎます。

前日の夜までに、受験票・身分証明書・筆記用具など必要な持ち物をカバンに入れておくと、当日朝の忘れ物を防げます。当日になって慌てて準備すると入れ忘れが起きやすいため、前夜のうちに一度そろえて確認しておくのが安全です。

| 順番 | 作業 | 記録 |
| --- | --- | --- |
| 1 | リスト印刷 | 要項·受験票 |
| 2 | 7点チェック | 紙に✓ |
| 3 | カバン配置 | 受験票最上段 |
| 4 | 身分証照合 | 表記一致 |
| 5 | 翌朝確認 | 5分 |",禁止·注意：スマホ·電子機器·筆記色,"会場によって禁止品·筆記色が異なる場合があります。要項·受験票·当日案内が正本です。

スマートフォンや電子機器の扱い、使用できる筆記具の色などは、会場によってルールが異なる場合があります。受験要項・受験票・当日の会場案内が正本となるため、思い込みで判断せず、事前に確認しておきます。禁止品を持ち込まないよう注意します。

| 項目 | よくあるルール | 確認先 |
| --- | --- | --- |
| スマホ | 電源OFF·保管 | 要項 |
| 電子時計 | 不可の場合あり | 要項 |
| 筆記色 | 黒·青等指定 | 要項 |
| 消しゴム | 指定形状 | 会場案内 |",持ち物不備が120分に与える影響,"受付遅延は50問120分を直接圧迫します。持ち物は当日の流れより先に終えます。

持ち物の不備による受付の遅れは、50問・120分の解答時間を直接圧迫します。当日の流れを確認するより先に、まず持ち物の準備を終えておくことで、当日は解答に集中できます。受験票と身分証明書は特に忘れないよう最優先で準備します。

| 不備 | 影響 | 防止 |
| --- | --- | --- |
| 受験票忘れ | 受付不可 | 前日21:00 |
| 身分証不一致 | 確認遅延 | 表記照合 |
| 筆記不足 | 借り受け不可 | 予備1本 |
| 遅刻 | 解答時間減 | 30分前到着 |",exam-day-flow記事との2列比較表,"持ち物確認と当日タイムラインは2記事で分担します。本記事は7点·前日21:00·カバン準備、exam-day-flow記事は到着〜120分〜退場に特化します。

本記事は持ち物7点・前日21時のカバン準備を扱い、exam-day-flow記事は到着から120分の解答、退場までの当日タイムラインを扱います。持ち物の準備と当日の流れを分けて確認しておくと、当日を落ち着いて迎えられます。

| 論点 | 本記事（持ち物） | 当日の流れ記事 |
| --- | --- | --- |
| 焦点 | 7点·前日準備 | タイムライン·120分 |
| 時期 | 前日21:00 | 当日 |
| 成果物 | 7点✓リスト | 中間目標表 |
| 出口 | 当日の流れへ | pass-scoreへ | 持ち物だけ確認して集合時間を見落とすのが典型ミスです。",,,,,試験当日の必須持ち物は何ですか？,受験票・身分証明書・受験要項で指定された筆記用具が基本です。持ち物の詳細は受験要項と受験票が正本となるため、公開試験ごとに内容を確認し、思い込みで判断せず案内どおりにそろえてください。会場によって注意事項が異なる場合もあるため、当日案内も併せて確認します。,前日いつまでに準備すればよいですか？,前日の夜（21時ごろ)までに、受験票・身分証明書・筆記用具など必要な持ち物をカバンに入れておくのが定番です。当日の朝は、出発前に5分ほどで最終確認を済ませられるようにしておくと、入れ忘れや朝の慌ただしさを防げます。,本記事と当日の流れ記事の違いは？,本記事は、持ち物の内容と前日までの準備を扱います。exam-day-flow記事は、試験当日の到着・受付・120分の解答・退場までの流れを扱うため、持ち物の準備と当日の動きを分けて確認できます。まず持ち物を先にそろえておくと、当日は流れに集中できます。,,,exam-day-flow:当日の流れ;final-day-checklist:前日チェックリスト;schedule:日程·受験料·持ち物概要,持ち物7点;前日21:00;50問120分;受験票正本;guide連携
exam-day-flow,直前・当日,メン管II種·当日の流れ【到着〜120分〜退場】,メンタルヘルス・マネジメント検定II種（ラインケア）の試験当日の流れ。会場到着から50問120分·退場までを表に整理し、持ち物記事との2列比較で具体例解説します。,当日の流れを事前に頭に入れておくと、会場での緊張がぐっと和らぎます。II種（ラインケア）は四択一の50問を120分で解き、70点以上で合格する試験です。本記事では、会場到着から受付、120分の解答、そして退場までを一連のタイムラインとして追い、各場面で気をつけたいポイントを解説します。持ち物の準備は前日までにexam-day-itemsの記事で済ませておくのが安心です。集合時間や受付手順は受験票と要項で必ず確認してください。,70,直前対策;試験当日,メンタルヘルス二種マスター編集部,資格学習サイトの編集チーム,公式情報確認担当,公開前に一次情報との照合を行う担当者,2026-06-13,試験のご紹介（公式）|https://www.mental-health.ne.jp/about/,手書きリライト 2026-06-06。自動prose差し替え 2026-06-04（要手書き）。直前・当日向けテンプレートから作成。公開前に本文・参照URL・関連リンクを差し替える。,本記事を読むと、当日タイムラインが分かり、たとえば「9/5前日確認→9/6集合30分前→120分·38問目標→退場」まで今日から再現でき、持ち物記事との使い分けも表で把握できます。,受験票で集合時間·会場名を1行メモする;exam-venue-and-region記事で交通動線を前日確認する;exam-day-items記事で持ち物7点を前日完遂する;120分の中間目標（60分50問等）を暗記する;final-day-checklist記事で前日最終確認する,試験要項・公式ページ更新時に本文と参照元を見直す。,2026-06-13,2026-06-29,2026-06-13,published,2026-06-12: 編集合格（手書きリライト·具体例·v2）,当日タイムライン：到着〜退場,"当日手順の正本は受験票·要項·会場での案内です。下表は一般的な流れで、集合時間は受験票で上書き確認してください。

当日の手順の正本は、受験票・受験要項・会場での案内です。下表は一般的な流れをまとめたものですが、集合時間や受付の締切は会場によって異なるため、必ず受験票の記載で上書きして確認してください。到着から退場までの流れを把握しておきます。

| 時刻例 | 段階 | 作業 |
| --- | --- | --- |
| 集合30分前 | 到着 | 会場·トイレ確認 |
| 集合時間 | 受付 | 受験票·身分証 |
| 開始 | 説明 | 注意事項 |
| 0-120分 | 解答 | 50問·四択一 |
| 終了 | 退場 | 持ち物回収 |",120分·50問：当日の中間目標,"本番120分はexam-format-overview記事·time-limit-strategy記事の中間目標表どおりに進めます。

本番の120分は、時間配分の目安に沿って進めます。たとえば、全50問を解くには1問あたり約144秒（2.4分）が目安になり、途中の経過時間で解答数が計画に届いているかを確認します。遅れている場合は、時間のかかる問題を後回しにしてペースを立て直します。

| 経過 | 目標問数 | 判断 |
| --- | --- | --- |
| 30分 | 25問 | 遅れ注意 |
| 60分 | 50問 | ペース確認 |
| 90分 | 38問 | 捨て問検討 |
| 105分 | 48問 | 見直し準備 |
| 120分 | 50問 | 塗り·番号確認 |",受付〜開始：遅刻防止の前日準備,"受付遅延は120分を圧迫します。前日に動線·持ち物を終えます。

受付の遅れは、120分の解答時間を圧迫します。前日までに交通手段・所要時間・持ち物を確認しておき、当日は余裕を持って会場に到着できるようにします。初めて行く会場の場合は、乗り換えや出口の位置も事前に調べておくと安心です。

| タイミング | 作業 | 記事 |
| --- | --- | --- |
| 2週前 | 会場·受験票 | exam-venue-and-region |
| 1週前 | 動線·所要時間 | 本記事 |
| 前日 | 持ち物7点 | exam-day-items |
| 前日 | 最終チェック | final-day-checklist |",解答中〜退場：ケアレス防止,"当日の失点は知識より塗りミス·番号ズレ·時間切れに偏りやすいです。

当日の失点は、知識そのものよりも、マークのずれ・解答番号の取り違え・時間切れといったケアレスミスに偏りがちです。解答欄と問題番号がずれていないかを区切りごとに確認し、見直しの時間を残す配分にしておくと、こうしたミスによる失点を防げます。

| リスク | 防止 | 記録 |
| --- | --- | --- |
| 塗りミス | 見直し15分 | 番号確認 |
| 番号ズレ | 10問ごと確認 | メモ |
| 時間切れ | 捨て問 | pass-score |
| 体調 | 前日睡眠 | final-day-checklist |",exam-day-items記事との2列比較表,"当日の流れと持ち物確認は2記事で分担します。本記事は到着〜120分解答〜退場、持ち物記事は受験票·身分証等7点·前日リハーサルに特化します。

本記事は到着から120分の解答、退場までの当日の流れを扱い、exam-day-items記事は受験票・身分証明書などの持ち物7点と前日リハーサルを扱います。当日の動きと持ち物の準備を分けて押さえておくと、抜け漏れなく当日を迎えられます。

| 論点 | 本記事（当日の流れ） | 持ち物記事 |
| --- | --- | --- |
| 焦点 | タイムライン·120分 | 持ち物7点 |
| 時期 | 前日〜当日 | 前日完遂 |
| 成果物 | 中間目標表 | 7点チェック |
| 出口 | pass-scoreへ | 本記事へ | 持ち物不備で受付遅延すると120分が圧迫されます。",,,,,試験当日は何時に会場へ行けばよいですか？,集合時間の30分前ごろの到着を目安にすると、余裕を持って受付や準備ができます。正確な集合時間は受験票・受験要項が正本です。初めて行く会場の場合は、交通手段や乗り換えを事前に確認し、遅刻しないよう早めに出発します。,120分の時間配分はどうしますか？,経過時間ごとの中間目標を決めておくと、ペースを保ちやすくなります。たとえば30分で25問、60分で50問、90分で見直しといった目安です。1問あたり約144秒（2.4分）を基準に、時間のかかる長文問題は早めに切り上げて先に進みます。,本記事と持ち物記事はどう使い分けますか？,持ち物に関する記事は、前日までに必要なものをそろえる準備を扱います。本記事は、試験当日の到着から受付・解答・退場までの流れを扱うため、事前の準備と当日の動きを分けて押さえられます。当日は解答に集中できるよう準備を先に終えます。,,,exam-day-items:持ち物;pass-score:合格点;time-limit-strategy:時間配分の戦略,50問120分;会場到着;受付〜退場;70点合格;guide連携
exam-day-time-allocation,直前・当日,メンタルヘルス・マネジメント検定II種の試験当日の時間配分,メンタルヘルスII種の50問120分の時間配分。1問144秒·70点=35問正解の得点戦略を表に整理。試験当日の流れと注意点との連携も解説します。,メンタルヘルス・マネジメント検定II種（ラインケア）の試験当日は、50問·120分·四択一·70点以上（35問正解）という形式で進行します。たとえば10月12日（日）10:00開始なら、1問144秒ペースで25問到達が11:00·50問到達が12:00が目安です。本記事では時間配分表をまとめ、持ち物·当日流れは試験当日の流れと注意点・メンタルヘルス・マネジメント検定II種の試験当日の流れと役割分担します。公式情報は大阪商工会議所の受験要項です。,70,直前対策;試験当日,メンタルヘルス二種マスター編集部,資格学習サイトの編集チーム,公式情報確認担当,公開前に一次情報との照合を行う担当者,2026-06-06,試験のご紹介（公式）|https://www.mental-health.ne.jp/about/,手書きリライト 2026-06-06。自動prose差し替え 2026-06-04（要手書き）。直前・当日向けテンプレートから作成。公開前に本文・参照URL・関連リンクを差し替える。;retire_redirect:final-day-checklist,本記事を読むと、たとえば10:00開演·11:00時点で40問しか解けていない場合に短い問題を優先する判断基準が分かり、50問120分で70点を確保するペース配分ができます。,50問÷120分＝1問144秒の配分表を1枚にまとめる;13問·25問·50問到達の目安時刻をメモする;3分超で迷う問題はマークして後回しにする;最後15分を見直し専用時間として確保する;試験当日の流れと注意点で70点戦略を併せて確認する,試験要項・公式ページ更新時に本文と参照元を見直す。,2026-06-06,2026-06-29,2026-06-06,archived,2026-06-12: archived（guide retire·final-day-checklistへ統合）,50問120分の基本ペース（1問144秒）,数値・日程・合格基準は年度で更新されるため、学習前と申込前には試験のご紹介（公式）の最新案内を確認してください。演習で試験当日の時間配分に関する設問を解いたら。正解理由と誤答肢の違いを短くメモし、用語解説・比較表・よくある誤答タブで似た論点を比較表で整理すると定着しやすくなります。 演習10問を解き、解説で参照条文を公式テキストで開いて読み返してください。数値・日程・合格基準は年度で更新されるため、学習前と申込前には大阪商工会議所の最新案内を確認してください。,到達問数と目安時刻の対応表,数値・日程・合格基準は年度で更新されるため、学習前と申込前には試験のご紹介（公式）の最新案内を確認してください。演習で試験当日の時間配分に関する設問を解いたら。正解理由と誤答肢の違いを短くメモし、用語解説・比較表・よくある誤答タブで似た論点を比較表で整理すると定着しやすくなります。 表をノートに転記したら、演習10問で理解を確認し、誤答は公式テキスト該当章で読み直してください。数値・日程・合格基準は年度で更新されるため、学習前と申込前には大阪商工会議所の最新案内を確認してください。,70点（35問正解）の得点戦略,数値・日程・合格基準は年度で更新されるため、学習前と申込前には試験のご紹介（公式）の最新案内を確認してください。演習で試験当日の時間配分に関する設問を解いたら。正解理由と誤答肢の違いを短くメモし、用語解説・比較表・よくある誤答タブで似た論点を比較表で整理すると定着しやすくなります。 演習10問を解き、解説で参照条文を公式テキストで開いて読み返してください。数値・日程・合格基準は年度で更新されるため、学習前と申込前には大阪商工会議所の最新案内を確認してください。,長文事例と短問の使い分け,数値・日程・合格基準は年度で更新されるため、学習前と申込前には試験のご紹介（公式）の最新案内を確認してください。演習で試験当日の時間配分に関する設問を解いたら。正解理由と誤答肢の違いを短くメモし、用語解説・比較表・よくある誤答タブで似た論点を比較表で整理すると定着しやすくなります。 関連記事は役割が重ならないよう、概要→形式→学習計画の順で読むと迷いにくくなります。数値・日程・合格基準は年度で更新されるため、学習前と申込前には大阪商工会議所の最新案内を確認してください。,関連ガイドとの使い分け,数値・日程・合格基準は年度で更新されるため、学習前と申込前には試験のご紹介（公式）の最新案内を確認してください。演習で試験当日の時間配分に関する設問を解いたら。正解理由と誤答肢の違いを短くメモし、用語解説・比較表・よくある誤答タブで似た論点を比較表で整理すると定着しやすくなります。 関連記事は役割が重ならないよう、概要→形式→学習計画の順で読むと迷いにくくなります。数値・日程・合格基準は年度で更新されるため、学習前と申込前には大阪商工会議所の最新案内を確認してください。,,,,,50問120分は1問何秒で解けばよいですか？,「50問120分は1問何秒で解けばよいですか」はメンタルヘルス・マネジメント検定II種の公式テキスト該当章と試験のご紹介（公式）で確認するのが確実です。試験当日の時間配分では、条文の要件（誰が・いつ・何を）を演習問題とセットで押さえてください。,時間が足りなくなったらどう判断しますか？,「時間が足りなくなったらどう判断しますか」はメンタルヘルス・マネジメント検定II種の公式テキスト該当章と試験のご紹介（公式）で確認するのが確実です。試験当日の時間配分では、条文の要件（誰が・いつ・何を）を演習問題とセットで押さえてください。,時間配分と70点戦略はどこで確認しますか？,読了後は、試験当日の時間配分の関連する演習を5問以上解き、間違えた選択肢を用語解説で確認してから関連ガイドへ進んでください。1週間後の解き直し日をカレンダーに入れると定着しやすくなります。数値・主体・手順は大阪商工会議所の最新案内と照合してください。,,,exam-day-guide:当日の注意点;exam-day-flow:当日の流れ;pass-score:合格点;time-management:時間管理,1問144秒;50問120分;35問正解;見直し15分;guide連携
mental-prep-exam-day,直前・当日,メンタルヘルス・マネジメント検定II種の試験当日のメンタル対策,メンタルヘルスII種の試験当日メンタル対策。50問120分の緊張対処·集中維持を表に整理。試験当日の流れと注意点・メンタルヘルス・マネジメント検定II種の試験当日のトラブル対応連携も解説。,メンタルヘルス・マネジメント検定II種（ラインケア）の試験当日は、50問·四択一·120分·70点以上を集中力で乗り切るメンタル管理が得点に直結します。本記事では当日のメンタル対策表をまとめ、時間配分·70点戦略は試験当日の流れと注意点·トラブル対応はメンタルヘルス・マネジメント検定II種の試験当日のトラブル対応と役割分担します。公式情報は大阪商工会議所（https://www.mental-health.ne.jp/about/）の受験要項です。,70,直前対策;試験当日,メンタルヘルス二種マスター編集部,資格学習サイトの編集チーム,公式情報確認担当,公開前に一次情報との照合を行う担当者,2026-06-06,試験のご紹介（公式）|https://www.mental-health.ne.jp/about/,手書きリライト 2026-06-06。自動prose差し替え 2026-06-04（要手書き）。直前・当日向けテンプレートから作成。公開前に本文・参照URL・関連リンクを差し替える。;retire_redirect:final-day-checklist,本記事を読むと、たとえば10月12日10:00開始の本番で50問到達時に焦りが出たときの呼吸法·3分超で迷う問題の切り上げ判断が分かり、50問120分で70点を確保する当日の心構えが整います。,7:00起床後に深呼吸3回·35問正解目標を1行メモする;9:00会場到着後に机の配置·時計位置を確認する;50問到達12:00のペース感を心の中で確認する;3分超の迷いはマークして後回しにする;試験当日の流れと注意点で時間配分·メンタルヘルス・マネジメント検定II種の試験当日のトラブル対応でトラブル手順を事前確認する,試験要項・公式ページ更新時に本文と参照元を見直す。,2026-06-06,2026-06-29,2026-06-06,archived,2026-06-12: archived（guide retire·final-day-checklistへ統合）,試験当日メンタル対策の全体像,試験直前は新しい参考書を増やさず、試験当日のメンタル対策で何度も迷った分野と頻出用語に絞ります。7領域のうち得点率が低い領域を1つ選び、用語10語＋演習20問程度をセットで見直すのが目安です。 前日は暗記の詰め込みより、睡眠と当日の持ち物・会場確認を優先してください。数値（面接指導の時間、ストレスチェックの対象人数など）は早見表タブで最終確認すると安心です。,開演前の緊張対処（7:00〜10:00）,数値・日程・合格基準は年度で更新されるため、学習前と申込前には試験のご紹介（公式）の最新案内を確認してください。演習で試験当日のメンタル対策に関する設問を解いたら。正解理由と誤答肢の違いを短くメモし、用語解説・比較表・よくある誤答タブで似た論点を比較表で整理すると定着しやすくなります。 演習10問を解き、解説で参照条文を公式テキストで開いて読み返してください。数値・日程・合格基準は年度で更新されるため、学習前と申込前には大阪商工会議所の最新案内を確認してください。,50問120分の集中維持とペース確認,独学を始める前に、試験のご紹介（公式）で受験資格・試験日程・出題範囲（7領域）・合格基準をメモしてください。試験当日のメンタル対策の学習計画は、公式テキストの章立てと一致させると、過去問の分野ラベルとも対応づけやすくなります。 ブログやSNSの「最新情報」は、必ず大阪商工会議所のページと照合してから採用してください。申込期限や受験料は年度ごとに変わるため、カレンダーに締切を入れてから教材を開く習慣が有効です。,途中で焦り·手が止まったときの対処,数値・日程・合格基準は年度で更新されるため、学習前と申込前には試験のご紹介（公式）の最新案内を確認してください。演習で試験当日のメンタル対策に関する設問を解いたら。正解理由と誤答肢の違いを短くメモし、用語解説・比較表・よくある誤答タブで似た論点を比較表で整理すると定着しやすくなります。 演習10問を解き、解説で参照条文を公式テキストで開いて読み返してください。数値・日程・合格基準は年度で更新されるため、学習前と申込前には大阪商工会議所の最新案内を確認してください。,試験当日の流れと注意点・メンタルヘルス・マネジメント検定II種の試験当日のトラブル対応との役割分担,試験直前は新しい参考書を増やさず、試験当日のメンタル対策で何度も迷った分野と頻出用語に絞ります。7領域のうち得点率が低い領域を1つ選び、用語10語＋演習20問程度をセットで見直すのが目安です。 前日は暗記の詰め込みより、睡眠と当日の持ち物・会場確認を優先してください。数値（面接指導の時間、ストレスチェックの対象人数など）は早見表タブで最終確認すると安心です。,,,,,試験当日に緊張を和らげるには？,「試験当日に緊張を和らげるには」はメンタルヘルス・マネジメント検定II種の公式テキスト該当章と試験のご紹介（公式）で確認するのが確実です。試験当日のメンタル対策では、条文の要件（誰が・いつ・何を）を演習問題とセットで押さえてください。,50問到達時に焦ったらどうしますか？,「50問到達時に焦ったらどうしますか」はメンタルヘルス・マネジメント検定II種の公式テキスト該当章と試験のご紹介（公式）で確認するのが確実です。試験当日のメンタル対策では、条文の要件（誰が・いつ・何を）を演習問題とセットで押さえてください。,メンタル対策とトラブル対応はどう使い分けますか？,読了後は、試験当日のメンタル対策の関連する演習を5問以上解き、間違えた選択肢を用語解説で確認してから関連ガイドへ進んでください。1週間後の解き直し日をカレンダーに入れると定着しやすくなります。数値・主体・手順は大阪商工会議所の最新案内と照合してください。,,,exam-day-guide:当日の注意点;exam-day-troubleshooting:当日トラブル;exam-day-flow:当日の流れ;final-sleep-and-health:直前の体調,50問120分;35問正解;深呼吸;guide連携;集中維持
exam-day-troubleshooting,直前・当日,メンタルヘルス・マネジメント検定II種の試験当日のトラブル対応,メンタルヘルスII種の試験当日トラブル対応。会場迷い·体調不良·マークミスを表に整理。メンタルヘルス・マネジメント検定II種の試験当日の流れとの連携も解説します。,メンタルヘルス・マネジメント検定II種（ラインケア）の試験当日は、会場迷い·体調不良·マークミスが典型トラブルです。本記事ではトラブル対応を表にまとめ、当日の流れはメンタルヘルス・マネジメント検定II種の試験当日の流れ·持ち物はメンタルヘルス・マネジメント検定II種の試験当日の持ち物と役割分担します。,70,直前対策;試験当日,メンタルヘルス二種マスター編集部,資格学習サイトの編集チーム,公式情報確認担当,公開前に一次情報との照合を行う担当者,2026-06-06,試験のご紹介（公式）|https://www.mental-health.ne.jp/about/,手書きリライト 2026-06-06。自動prose差し替え 2026-06-04（要手書き）。直前・当日向けテンプレートから作成。公開前に本文・参照URL・関連リンクを差し替える。;retire_redirect:final-day-checklist,本記事を読むと、たとえば10月12日8:45に会場入口が分からなくなった場合の監督者·会場連絡先の確認手順と、11:50にマークミスに気づいた場合の修正判断が分かります。,会場名称·入口·Googleマップを前日に確認する;38℃以上発熱時の欠席·再受験規定を要項で確認する;マークミス防止の消しゴム·予備筆記用具を準備する;体調不良時の会場連絡先を受験票にメモする;メンタルヘルス・マネジメント検定II種の試験当日の流れで9:00到着の逆算表を作成する,試験要項・公式ページ更新時に本文と参照元を見直す。,2026-06-06,2026-06-29,2026-06-06,archived,2026-06-12: archived（guide retire·final-day-checklistへ統合）,試験当日の典型トラブル3分類,試験直前は新しい参考書を増やさず、試験当日のトラブル対応で何度も迷った分野と頻出用語に絞ります。7領域のうち得点率が低い領域を1つ選び、用語10語＋演習20問程度をセットで見直すのが目安です。 前日は暗記の詰め込みより、睡眠と当日の持ち物・会場確認を優先してください。数値（面接指導の時間、ストレスチェックの対象人数など）は早見表タブで最終確認すると安心です。,会場迷い·遅刻リスクへの対応,数値・日程・合格基準は年度で更新されるため、学習前と申込前には試験のご紹介（公式）の最新案内を確認してください。演習で試験当日のトラブル対応に関する設問を解いたら。正解理由と誤答肢の違いを短くメモし、用語解説・比較表・よくある誤答タブで似た論点を比較表で整理すると定着しやすくなります。 表をノートに転記したら、演習10問で理解を確認し、誤答は公式テキスト該当章で読み直してください。数値・日程・合格基準は年度で更新されるため、学習前と申込前には大阪商工会議所の最新案内を確認してください。,体調不良時の判断基準,試験直前は睡眠を削りすぎないことが得点維持に効きます。暗記の詰め込みより、誤答ノートの確認と持ち物・会場の準備を優先してください。 試験当日のトラブル対応で不安な領域は、用語10語だけピックアップして見直す程度に留めるとメンタル面も安定しやすいです。 演習10問を解き、解説で参照条文を公式テキストで開いて読み返してください。数値・日程・合格基準は年度で更新されるため、学習前と申込前には大阪商工会議所の最新案内を確認してください。,マークミス防止と試験中の修正,数値・日程・合格基準は年度で更新されるため、学習前と申込前には試験のご紹介（公式）の最新案内を確認してください。演習で試験当日のトラブル対応に関する設問を解いたら。正解理由と誤答肢の違いを短くメモし、用語解説・比較表・よくある誤答タブで似た論点を比較表で整理すると定着しやすくなります。 演習10問を解き、解説で参照条文を公式テキストで開いて読み返してください。数値・日程・合格基準は年度で更新されるため、学習前と申込前には大阪商工会議所の最新案内を確認してください。,関連ガイドとの使い分け,数値・日程・合格基準は年度で更新されるため、学習前と申込前には試験のご紹介（公式）の最新案内を確認してください。演習で試験当日のトラブル対応に関する設問を解いたら。正解理由と誤答肢の違いを短くメモし、用語解説・比較表・よくある誤答タブで似た論点を比較表で整理すると定着しやすくなります。 関連記事は役割が重ならないよう、概要→形式→学習計画の順で読むと迷いにくくなります。数値・日程・合格基準は年度で更新されるため、学習前と申込前には大阪商工会議所の最新案内を確認してください。,,,,,会場に迷ったらどうすればよいですか？,「会場に迷ったらどうすればよいですか」はメンタルヘルス・マネジメント検定II種の公式テキスト該当章と試験のご紹介（公式）で確認するのが確実です。試験当日のトラブル対応では、条文の要件（誰が・いつ・何を）を演習問題とセットで押さえてください。,試験中に体調が悪くなったらどうしますか？,「試験中に体調が悪くなったらどうしますか」はメンタルヘルス・マネジメント検定II種の公式テキスト該当章と試験のご紹介（公式）で確認するのが確実です。試験当日のトラブル対応では、条文の要件（誰が・いつ・何を）を演習問題とセットで押さえてください。,マークミスに気づいたらいつ修正すべきですか？,読了後は、試験当日のトラブル対応の関連する演習を5問以上解き、間違えた選択肢を用語解説で確認してから関連ガイドへ進んでください。1週間後の解き直し日をカレンダーに入れると定着しやすくなります。数値・主体・手順は大阪商工会議所の最新案内と照合してください。,,,exam-day-flow:当日の流れ;exam-day-items:持ち物;exam-day-guide:当日の注意点;exam-last-minute:直前チェック,会場迷い;体調不良;マークミス;9:00到着;flow連携
after-pass-procedure,注意点・更新,メン管II種·合格後手続き【交付→報告→活用·70点】,メンタルヘルス・マネジメント検定II種（ラインケア）の合格後の手続き。合格証·社内報告·登録の違いを表に整理し、合格発表確認記事との2列比較で具体例解説します。,70点を超えて合格してからも、いくつか踏むべき手順があります。II種（ラインケア）では、合格発表の確認から合格証の交付、職場への報告、そして現場での活用へと段階的に進めていくのが自然な流れです。本記事では、その順序を整理しながら、合格証の表記をどう照合するか、国家資格の登録とは何が違うのか、社内へどう報告するかといった疑問に答えます。合否や交付時期そのものの確認方法はpass-announcement-guideの記事へ。手続きの詳細は試験のご紹介や受験要項、合格発表案内で確認してください。,12,誤解;制度変更;合格後,メンタルヘルス二種マスター編集部,資格学習サイトの編集チーム,公式情報確認担当,公開前に一次情報との照合を行う担当者,2026-06-13,試験のご紹介（公式）|https://www.mental-health.ne.jp/about/,手書きリライト 2026-06-06。自動prose差し替え 2026-06-04（要手書き）。注意点・更新向けテンプレートから作成。公開前に本文・参照URL・関連リンクを差し替える。,本記事を読むと、合格後手続きの順序が分かり、たとえば「6/16 合否確認→6/20 表記照合→7/1 社内報告」まで今日から再現でき、合格発表確認記事との使い分けも表で把握できます。,pass-announcement-guide記事で合否·交付方法を要項から確認する;合格証のII種ラインケア表記を申込情報と照合する;7/1までに社内報告·研修記録への反映を完了する;registration-after-pass記事で登録·免許の違いを確認する;不合格時の再受験申込期間をexam-schedule記事で逆算する,試験要項・公式ページ更新時に本文と参照元を見直す。,2026-06-13,2026-06-29,2026-06-13,published,2026-06-12: 編集合格（手書きリライト·具体例·v2）,合格後手続きの全体像（発表→交付→報告→活用）,"II種ラインケア合格後の手続きは大阪商工会議所の公開試験案内·受験要項が正本です。50問·70点以上合格の記録を順序どおり確認します。

合格後の手続きに関する情報は、大阪商工会議所の公開試験案内・受験要項が正本です。手続きの流れや必要書類は変わることがあるため、本記事は全体像の整理にとどめ、実際の手続きは最新の公式情報で確認します。発表から交付・報告・活用までを順に見ていきます。

| 段階 | 時期 | 確認内容 |
| --- | --- | --- |
| 合格発表 | 試験後2〜3週 | Web等 |
| 合格証交付 | 発表後1〜2週 | 郵送·Web |
| 社内報告 | 交付後1週 | 人事·安全衛生 |
| 現場活用 | 継続 | 管理監督者 | 他資格の合格基準（問数·配点）と混同しないでください。",合格証の確認項目表（II種ラインケア·氏名一致）,"合格証には氏名·試験名·コース名·合格年月日が記載されます。II種ラインケアであることを申込情報と照合します。

合格証には氏名・試験名・コース名・合格年月日などが記載されます。II種（ラインケアコース）であることや氏名の表記を、申込情報や社内提出用の記録と照合しておくと、後の手続きで齟齬が生じにくくなります。記載項目のチェックポイントを確認します。

| 項目 | チェック | 不一致時 |
| --- | --- | --- |
| 試験名 | II種·ラインケア | 要項問合せ |
| 氏名 | 身分証一致 | 再発行 |
| 合格日 | 発表と一致 | 要項確認 |
| 再発行 | 要項手続 | 大阪商工会議所 |",登録·免許の違い表（II種は国家資格登録なし）,"メンタルヘルス·マネジメント検定II種は衛生管理者のような国家資格登録制度とは異なります。registration-after-pass記事で詳細を確認します。

メンタルヘルス・マネジメント検定II種は、衛生管理者のような国家資格の登録制度とは異なり、合格後に登録や免許の申請を行う必要はありません。合格証の交付や社内での報告が中心になります。詳しい違いは、登録・免許について扱う記事で確認できます。

| 試験 | 登録·免許 | 合格証の用途 |
| --- | --- | --- |
| II種ラインケア | なし | 研修修了証明 |
| I種 | 論述あり | 合計105点以上（うち論述25点以上） |
| 衛生管理者 | 国家登録 | 第二種30問300点(合格180点) |
| III種 | 要項確認 | 別コース |",社内報告·研修記録への反映手順表,"多くの事業場では合格後に人事·安全衛生担当へ報告し、研修履歴·管理監督者能力開発記録に反映します。社内規程を先に確認します。

多くの事業場では、合格後に人事や安全衛生の担当へ報告し、研修の履歴や管理監督者の能力開発の記録に反映します。ただし、報告の要否や提出物、期限は会社の規程によって異なります。まず社内の規程を確認したうえで、必要な報告や記録の手続きを進めます。

| 報告先 | 提出物 | 期限例 |
| --- | --- | --- |
| 人事 | 合格証写し | 7/1（火） |
| 安全衛生 | 体制図更新 | 7/12（土） |
| 直属上司 | 報告メモ | 交付後3日 |",pass-announcement-guide記事との2列比較表,"合格発表の確認と合格後手続きは2記事で分担します。pass-announcement-guide記事は合否確認·交付時期·氏名照合·II種表記チェック、本記事は手続き順序·合格証照合·登録の違い·社内報告·現場活用に特化します。

pass-announcement-guide記事は、合否の確認・合格証の交付時期・氏名やII種ラインケアの表記の照合を扱います。本記事は、合格後の手続きの順序・合格証の照合・登録との違い・社内報告・現場での活用を扱うため、発表の確認と合格後の手続きを分けて押さえられます。

| 論点 | 合格発表確認 | 合格後手続き（本記事） |
| --- | --- | --- |
| 焦点 | 合否·交付 | 順序·報告 |
| 時期 | 発表当日 | 交付後1週 |
| 成果物 | 合否メモ | 手続き表 |
| 出口 | 本記事へ | registration-after-passへ | 合否確認を飛ばすと交付後の社内手続が遅れます。",,,,,合格証はいつ·どの方法で受け取れますか？,合格証の交付時期や方法（郵送・Web表示など）は、受験した公開試験回の受験要項・合格発表案内が正本です。手続きは変わることがあるため、本記事は全体像の整理にとどめ、実際の受け取り方法は最新の公式情報で確認してください。,II種合格後に登録や免許の申請は必要ですか？,II種は、衛生管理者のような国家資格の登録制度とは異なり、合格後に登録や免許の申請を行う必要はありません。合格証の交付や社内での報告が中心になります。I種・III種や他の資格の手続きと混同しないよう、自分が合格した区分の扱いを確認します。,本記事と合格発表確認記事の違いは？,pass-announcement-guide記事は、合否の確認・合格証の交付時期・氏名やII種ラインケアの表記の照合を扱います。本記事は、合格後の手続きの順序・合格証の照合・登録との違い・社内報告を扱うため、発表の確認と手続きの流れを分けて押さえられます。,,,pass-announcement-guide:合格発表;registration-after-pass:登録·免許;pass-score:合格点,合格後手続き;合格証;II種ラインケア;社内報告;要項正本
pass-announcement-guide,注意点・更新,メン管II種·合格発表確認【合否·70点·II種ラインケア】,メンタルヘルス・マネジメント検定II種（ラインケア）の合格発表の確認方法。合否·合格証·氏名照合を表に整理し、合格後手続き記事との2列比較で具体例解説します。,試験が終わると気になるのが合否の確認方法です。II種（ラインケア）は70点以上で合格となり、結果は受験要項に記載された手順で確認します。本記事では、合否のチェックから合格証の交付時期、そして「II種ラインケア」の表記や氏名に誤りがないかの照合まで、1枚のチェック表にまとめて確認できるよう整理しました。合格後の手続きの順序や社内報告についてはafter-pass-procedureの記事をどうぞ。発表日時や確認方法は、試験のご紹介・受験要項・合格発表案内で最新の情報をご確認ください。,12,誤解;制度変更;合格後,メンタルヘルス二種マスター編集部,資格学習サイトの編集チーム,公式情報確認担当,公開前に一次情報との照合を行う担当者,2026-06-13,試験のご紹介（公式）|https://www.mental-health.ne.jp/about/,手書きリライト 2026-06-06。自動prose差し替え 2026-06-04（要手書き）。注意点・更新向けテンプレートから作成。公開前に本文・参照URL・関連リンクを差し替える。,本記事を読むと、合格発表の確認手順が分かり、たとえば「6/15 9時合否→6/16 交付メモ→6/20 表記照合」まで今日から再現でき、合格後手続き記事との使い分けも表で把握できます。,受験要項·合格発表案内で合否確認方法を確認する;合格発表日に大阪商工会議所サイトで合否·正答数を記録する;合格証のII種ラインケア表記を申込情報と照合する;after-pass-procedure記事で合格後手続き順序を確認する;不合格時はexam-schedule記事で次回申込期間を逆算する,試験要項・公式ページ更新時に本文と参照元を見直す。,2026-06-13,2026-06-29,2026-06-13,published,2026-06-12: 編集合格（手書きリライト·具体例·v2）,合格発表確認の全体像（合否→交付→照合）,"II種ラインケアの合格発表は大阪商工会議所の要項·合格発表案内が正本です。50問·70点以上合格の記録を順序どおり確認します。

合格発表に関する情報は、大阪商工会議所の受験要項・合格発表の案内が正本です。発表の時期や確認方法は回ごとに異なる場合があるため、最新の公式情報で確認します。合否の確認から合格証の受領、記載内容の照合までを順に押さえていきます。

| 段階 | 時期目安 | 確認内容 |
| --- | --- | --- |
| 合否確認 | 試験後2〜3週 | Web等 |
| 合格証交付 | 発表後1〜2週 | 郵送·Web |
| 表記照合 | 交付後3日 | II種ラインケア |
| 社内報告 | 交付後1週 | after-pass-procedure | 他資格の合格基準（問数·配点）と混同しないでください。",合否確認手順表（Web·受験番号·確認期限）,"合否確認は要項記載のWebサイト·受験番号·確認期限に従います。不合格時は次回申込期間を同日にカレンダー登録します。

合否の確認は、受験要項に記載されたWebサイト・受験番号・確認期限に従って行います。確認方法や時期は公開試験の回によって異なるため、必ず要項で確認します。不合格だった場合に備えて、次回の申込期間を同じタイミングでカレンダーに登録しておくと安心です。

| 手順 | 内容 | 記録 |
| --- | --- | --- |
| 1 | 要項で確認方法 | URL |
| 2 | 受験番号準備 | メモ |
| 3 | 発表日に合否確認 | 正答数 |
| 4 | 不合格時次回申込 | exam-schedule |",合格証の確認項目表（II種ラインケア·氏名·合格日）,"合格証には氏名·試験名·コース名·合格年月日が記載されます。II種ラインケアであることを申込時の表記と照合します。

合格証には氏名・試験名・コース名・合格年月日などが記載されます。II種（ラインケアコース）であることや氏名・合格日を、申込時の表記と照合しておくと安心です。記載に不一致があった場合は、公式の問い合わせ先へ早めに確認します。

| 項目 | チェック | 不一致時 |
| --- | --- | --- |
| 試験名 | II種·ラインケア | 要項問合せ |
| 氏名 | 身分証·申込一致 | 再発行 |
| 合格日 | 発表と一致 | 要項確認 |
| 再発行 | 要項手続 | 大阪商工会議所 |",合格発表後の頻出誤解表（登録·免許·I種混同）,"合格発表直後に登録·免許申請が必要と誤解しやすい点を整理します。registration-after-pass記事で詳細を確認します。

合格発表の直後は、登録や免許の申請が必要だと誤解しやすいものです。II種は国家資格の登録制度とは異なり、そうした申請は不要です。合格証の交付や社内報告が中心になります。登録・免許に関する詳しい違いは、専用の記事で確認しておくと混乱を防げます。

| 誤解 | 正解 | 確認先 |
| --- | --- | --- |
| 国家登録必要 | II種は不要 | registration-after-pass |
| I種と同手続 | 合計105点以上(うち論述25点以上)別 | pass-score |
| 衛生管理者免許 | 第二種30問300点(合格180点)別 | 混同禁止 |
| III種手続流用 | 不可 | 要項 |",after-pass-procedure記事との2列比較表,"合格発表の確認と合格後手続きは2記事で分担します。本記事は合否確認·交付時期·氏名照合·II種表記チェック、after-pass-procedure記事は手続き順序·合格証照合·登録の違い·社内報告·現場活用に特化します。

本記事は、合否の確認・合格証の交付時期・氏名やII種ラインケアの表記の照合を扱います。after-pass-procedure記事は、合格後の手続きの順序・合格証の照合・登録との違い・社内報告・現場での活用を扱うため、発表の確認と合格後の手続きを分けて押さえられます。

| 論点 | 合格発表確認（本記事） | 合格後手続き |
| --- | --- | --- |
| 焦点 | 合否·交付 | 順序·報告 |
| 時期 | 発表当日 | 交付後1週 |
| 成果物 | 合否メモ | 手続き表 |
| 出口 | after-pass-procedureへ | registration-after-passへ | 合否確認を飛ばすと交付後の社内手続が遅れます。",,,,,合格発表はいつ·どこで確認しますか？,合否の確認方法や時期は、受験した公開試験回の受験要項・合格発表案内が正本です。50問・120分・100点満点中70点以上・7領域がII種の合格基準です。不合格だった場合に備えて、次回の申込期間もあわせて確認しておくと、切り替えがスムーズです。,合格証の表記で確認すべき点は？,II種（ラインケアコース）であること、氏名、合格年月日の3点を、申込時の情報と照合するのが基本です。記載に不一致があった場合は、思い込みで判断せず、大阪商工会議所の公式の問い合わせ先へ早めに確認します。,本記事と合格後手続き記事の違いは？,本記事は、合格発表の確認・合否のチェック・合格証の確認・II種ラインケアの表記の照合を扱います。after-pass-procedure記事は、合格後の手続きの順序・社内報告・現場での活用を扱うため、発表の確認と合格後の手続きを分けて押さえられます。,,,after-pass-procedure:合格後手続き;registration-after-pass:登録·免許;pass-score:合格点,合格発表;合否確認;合格証;II種ラインケア;氏名照合
registration-after-pass,注意点・更新,メン管II種·登録·免許【II種不要·70点·比較表】,メンタルヘルス・マネジメント検定II種（ラインケア）の合格後の登録·免許。II種は国家登録不要を表に整理し、合格後手続き記事との2列比較で具体例解説します。,「合格したら登録や免許の手続きが必要では」と考える方は少なくありませんが、II種（ラインケア）に国家資格のような登録制度はありません。合格後は合格証の交付を受け、それを社内研修の記録などに活かすのが中心となります。本記事では、登録が不要である理由を整理しつつ、I種や衛生管理者との位置づけの違い、合格証をどう使えるのかを比較表で分かりやすく説明します。交付後の手続きや社内報告の進め方はafter-pass-procedureの記事へ。制度の詳細は試験のご紹介と受験要項で確認できます。,12,誤解;制度変更;合格後,メンタルヘルス二種マスター編集部,資格学習サイトの編集チーム,公式情報確認担当,公開前に一次情報との照合を行う担当者,2026-06-13,試験のご紹介（公式）|https://www.mental-health.ne.jp/about/,手書きリライト 2026-06-06。自動prose差し替え 2026-06-04（要手書き）。注意点・更新向けテンプレートから作成。公開前に本文・参照URL・関連リンクを差し替える。,本記事を読むと、II種の登録·免許の要否が分かり、たとえば「6/16 登録不要確認→6/20 表記照合→7/1 社内報告」まで今日から再現でき、合格後手続き記事との使い分けも表で把握できます。,II種·I種·衛生管理者の登録免許比較表を1枚にまとめる;合格証のII種ラインケア表記を申込情報と照合する;after-pass-procedure記事で合格後手続き順序を確認する;pass-announcement-guide記事で合否·交付確認手順を確認する;社内規程で別途求められる研修要件を人事に確認する,試験要項・公式ページ更新時に本文と参照元を見直す。,2026-06-13,2026-06-29,2026-06-13,published,2026-06-12: 編集合格（手書きリライト·具体例·v2）,合格後登録·免許の全体像（II種は国家登録なし）,"II種ラインケア合格後に国家資格登録·免許申請は不要です。合格証交付·社内報告·研修記録反映が中心です。50問·70点以上合格が前提です。

II種（ラインケアコース）は、合格後に国家資格の登録や免許申請を行う必要はありません。合格証の交付、社内での報告、研修記録への反映などが中心になります。国家資格のような登録手続きと混同しないよう、II種の位置づけを正しく理解しておきます。

| 段階 | II種 | 確認先 |
| --- | --- | --- |
| 合格発表 | 要項·Web | pass-announcement-guide |
| 合格証 | 交付·照合 | 要項 |
| 登録 | 不要 | 本記事 |
| 社内報告 | 規程次第 | after-pass-procedure | 他資格の合格基準（問数·配点）と混同しないでください。",II種·I種·衛生管理者の登録免許比較表,"合格後の登録·免許は試験種別で大きく異なります。I種·III種·衛生管理者の手続きを流用しないでください。

合格後の登録や免許は、試験の区分によって扱いが大きく異なります。II種は国家資格の登録制度とは異なり、登録や免許の申請は不要です。I種・III種や、衛生管理者などの別の資格の手続きをそのまま当てはめないよう、自分が合格した区分の扱いを確認します。

| 試験 | 登録·免許 | 合格基準 |
| --- | --- | --- |
| II種ラインケア | なし | 70点/100点(50問) |
| I種 | 論述あり | 合計105点以上（うち論述25点以上） |
| 衛生管理者 | 国家登録 | 第二種30問300点(合格180点) |
| III種 | 要項確認 | 別コース |",合格証の用途·社内制度との関係表,"II種合格証は社内研修の修了証明·管理監督者能力開発記録への反映に使われます。会社独自の研修要件とは別手続の場合があります。

II種の合格証は、社内研修の修了証明や、管理監督者としての能力開発の記録への反映などに使われることがあります。ただし、会社独自の研修要件とは別の手続きになる場合もあるため、社内での取り扱いは人事・研修担当に確認します。

| 用途 | 内容 | 確認先 |
| --- | --- | --- |
| 修了証明 | 合格証写し | 人事 |
| 能力開発 | 研修記録 | 社内規程 |
| 別研修 | 会社指定 | 安全衛生 |
| 再発行 | 要項手続 | 大阪商工会議所 |",合格後登録の頻出誤解表（I種·III種·衛生管理者混同）,"合格直後の頻出誤解は国家登録申請が必要·I種と同手続·衛生管理者免許と同一という3点です。

合格の直後に生じやすい誤解として、①国家資格の登録申請が必要だと思い込む、②I種と同じ手続きだと考える、③衛生管理者の免許と同一だと考える、の3点があります。II種にはこうした登録手続きはなく、合格証の交付と社内報告が中心になります。

| 誤解 | 正解 | 確認先 |
| --- | --- | --- |
| 国家登録必要 | II種は不要 | 本記事 |
| I種と同手続 | 合計105点以上(うち論述25点以上)別 | pass-score |
| 衛生管理者免許 | 第二種30問300点(合格180点)別 | 混同禁止 |
| III種手続流用 | 不可 | 要項 |",after-pass-procedure記事との2列比較表,"登録·免許の違いと合格後手続きは2記事で分担します。本記事はII種登録不要·I種·衛生管理者比較·合格証の用途、after-pass-procedure記事は手続き順序·合格証照合·社内報告·現場活用に特化します。

本記事は、II種は登録が不要であることや、I種・衛生管理者との違い、合格証の用途を扱います。after-pass-procedure記事は、合格後の手続きの順序・合格証の照合・社内報告・現場での活用を扱うため、登録の要否と実際の手続きの流れを分けて押さえられます。

| 論点 | 登録·免許（本記事） | 合格後手続き |
| --- | --- | --- |
| 焦点 | 登録不要·比較 | 順序·報告 |
| 時期 | 交付前後 | 交付後1週 |
| 成果物 | 比較表 | 手続き表 |
| 出口 | after-pass-procedureへ | pass-announcement-guideへ | 登録申請を探すと手続きが遅れます。",,,,,II種合格後に登録や免許の申請は必要ですか？,II種は、衛生管理者のような国家資格の登録制度とは異なり、合格後に登録や免許の申請を行う必要はありません。合格証の交付や社内での報告が中心になります。国家資格の登録手続きと混同しないよう、位置づけを正しく理解しておきます。,本記事と合格後手続き記事の違いは？,本記事は、登録・免許の要否の違いや、II種は登録が不要であること、他の区分との比較を扱います。after-pass-procedure記事は、合格後の手続きの順序・社内報告・合格証の照合を扱うため、登録の要否と実際の手続きの流れを分けて押さえられます。,I種と混同しない確認ポイントは？,II種は、100点満点中70点・50問という形式で、合格後の登録は不要です。一方、I種は論述式を含む別の基準で、対象や難易度も異なります。また衛生管理者は国家資格で登録が必要です。区分ごとの違いを整理しておくと、手続きの混同を防げます。,ありません。メンタルヘルス・マネジメント検定II種（ラインケア）は合格すると有効期限がなく、資格の更新手続きや再受験は不要です。国家資格のような登録・更新制度がないため、合格証はそのまま社内研修の記録などに活用できます（合格証の交付など正確な手続きは大阪商工会議所の公式情報が正本）。,II種の資格に有効期限や更新はありますか？,after-pass-procedure:合格後手続き;pass-announcement-guide:合格発表;pass-score:合格点;exam-purpose-and-career:試験目的とキャリア,登録·免許;II種は不要;合格証;I種混同禁止;要項正本
career-after-qualification,注意点・更新,メンタルヘルス・マネジメント検定II種の合格後のキャリア,メンタルヘルスII種の合格後キャリア。管理監督者としての活用·ラインケア実務を表に整理。メンタルヘルス・マネジメント検定II種の合格後の手続き・メンタルヘルス・マネジメント検定II種連携も解説。,メンタルヘルス・マネジメント検定II種（ラインケア）の合格後のキャリアは、50問·7領域で学んだ管理監督者の知識を現場のラインケア実務に接続する活用の公式情報です。合格証交付·社内報告の手順はメンタルヘルス・マネジメント検定II種の合格後の手続きの記事、4つのケア全体像はメンタルヘルス・マネジメント検定II種と役割分担します。公式情報は大阪商工会議所（https://www.mental-health.ne.jp/about/）の試験のご紹介です。,12,誤解;制度変更;合格後,メンタルヘルス二種マスター編集部,資格学習サイトの編集チーム,公式情報確認担当,公開前に一次情報との照合を行う担当者,2026-06-06,試験のご紹介（公式）|https://www.mental-health.ne.jp/about/,手書きリライト 2026-06-06。自動prose差し替え 2026-06-04（要手書き）。注意点・更新向けテンプレートから作成。公開前に本文・参照URL・関連リンクを差し替える。;retire_redirect:study-plan,本記事を読むと、たとえば7月5日合格証交付後に管理監督者として何から始めるか迷う場合、ラインケア活用手順表とメンタルヘルス・マネジメント検定II種の合格後の手続き・メンタルヘルス・マネジメント検定II種との使い分けが分かり、70点合格の知識を現場実践に向けて整理できます。,合格証交付後1週以内に社内報告·研修記録へ反映する;4つのケア表をメンタルヘルス・マネジメント検定II種の記事で再確認する;月1回の面談振り返りカレンダーを作成する;メンタルヘルス・マネジメント検定II種の合格後の手続きの記事で手続き漏れを確認する;メンタルヘルス・マネジメント検定II種の相談·紹介の流れの記事で5ステップを現場手順に落とす,試験要項・公式ページ更新時に本文と参照元を見直す。,2026-06-06,2026-06-29,2026-06-06,archived,2026-06-12: archived（guide retire·study-planへ統合）,合格後キャリアの全体像（管理監督者·ラインケア·50問70点）,管理監督者は、合格後のキャリアの場面で「早期発見・傾聴・安全配慮・記録・専門職連携・職場環境改善」のバランスを取る主体として問われます。医学的診断や治療判断は医師の領域であり、管理監督者単独では行いません。 演習では「何をすべきか／すべきでないか」の二択に見える問題でも、プライバシー保護と業務上必要な情報共有の線引きがポイントになることが多いです。「合格後キャリアの全体像（管理監督者·ラインケア·50問70点）」では。合格後のキャリアについて公式テキストの該当章を開き、条文の主体・期限・数値を演習問題とセットで押さえて定着を確認します。数値・日程は試験のご紹介（公式）の最新要項で必ず照合してください。,現場でのラインケア活用手順表（4つのケア→日常行動）,数値・日程・合格基準は年度で更新されるため、学習前と申込前には試験のご紹介（公式）の最新案内を確認してください。演習で合格後のキャリアに関する設問を解いたら。正解理由と誤答肢の違いを短くメモし、用語解説・比較表・よくある誤答タブで似た論点を比較表で整理すると定着しやすくなります。 表をノートに転記したら、演習10問で理解を確認し、誤答は公式テキスト該当章で読み直してください。数値・日程・合格基準は年度で更新されるため、学習前と申込前には大阪商工会議所の最新案内を確認してください。,管理監督者としての役割分担表（産業医·カウンセラー連携）,管理監督者は、合格後のキャリアの場面で「早期発見・傾聴・安全配慮・記録・専門職連携・職場環境改善」のバランスを取る主体として問われます。医学的診断や治療判断は医師の領域であり、管理監督者単独では行いません。 演習では「何をすべきか／すべきでないか」の二択に見える問題でも、プライバシー保護と業務上必要な情報共有の線引きがポイントになることが多いです。「管理監督者としての役割分担表（産業医·カウンセラー連携）」では。合格後のキャリアについて公式テキストの該当章を開き、条文の主体・期限・数値を演習問題とセットで押さえて定着を確認します。数値・日程は試験のご紹介（公式）の最新要項で必ず照合してください。,合格後の学習·更新サイクル表（継続研修·再受験）,合格率・合格点は試験のご紹介（公式）の統計・要項で確認します。数字だけで難易度を判断せず、自分の演習得点と弱点分野を合わせて見積もってください。 合格後のキャリアの学習時間は、7領域のバランスと仕事の繁忙期を考慮して設定します。「合格後の学習·更新サイクル表（継続研修·再受験）」では。合格後のキャリアについて公式テキストの該当章を開き、条文の主体・期限・数値を演習問題とセットで押さえて定着を確認します。数値・日程は試験のご紹介（公式）の最新要項で必ず照合してください。,関連ガイドとの使い分け,数値・日程・合格基準は年度で更新されるため、学習前と申込前には試験のご紹介（公式）の最新案内を確認してください。演習で合格後のキャリアに関する設問を解いたら。正解理由と誤答肢の違いを短くメモし、用語解説・比較表・よくある誤答タブで似た論点を比較表で整理すると定着しやすくなります。 関連記事は役割が重ならないよう、概要→形式→学習計画の順で読むと迷いにくくなります。数値・日程・合格基準は年度で更新されるため、学習前と申込前には大阪商工会議所の最新案内を確認してください。,,,,,合格後すぐに管理監督者として何を始めればよいですか？,「合格後すぐに管理監督者として何を始めればよいですか」はメンタルヘルス・マネジメント検定II種の公式テキスト該当章と試験のご紹介（公式）で確認するのが確実です。合格後のキャリアでは、条文の要件（誰が・いつ・何を）を演習問題とセットで押さえてください。,合格証はキャリアアップの必須条件になりますか？,「合格証はキャリアアップの必須条件になりますか」はメンタルヘルス・マネジメント検定II種の公式テキスト該当章と試験のご紹介（公式）で確認するのが確実です。合格後のキャリアでは、条文の要件（誰が・いつ・何を）を演習問題とセットで押さえてください。,本記事とメンタルヘルス・マネジメント検定II種の合格後の手続きはどう使い分けますか？,読了後は、合格後のキャリアの関連する演習を5問以上解き、間違えた選択肢を用語解説で確認してから関連ガイドへ進んでください。1週間後の解き直し日をカレンダーに入れると定着しやすくなります。数値・主体・手順は大阪商工会議所の最新案内と照合してください。,,,after-pass-procedure:合格後手続き;line-care:ラインケア;consultation-referral:相談·紹介;pass-score:合格点,合格後キャリア;管理監督者;ラインケア実務;50問70点;現場活用
fail-retry-plan,注意点・更新,メンタルヘルス・マネジメント検定II種の不合格からの再受験計画,メンタルヘルスII種の不合格再受験計画公式情報。7領域弱点·演習60問配分を表に整理。メンタルヘルス・マネジメント検定II種の不合格からの再受験・メンタルヘルス・マネジメント検定II種の再受験の日程調整連携も解説。,メンタルヘルス・マネジメント検定II種（ラインケア）の不合格からの再受験計画は、不合格発表後に弱点3領域へ演習60問を週次配分する復習スケジュールの公式情報です。7領域弱点·70点ギャップ分析はメンタルヘルス・マネジメント検定II種の不合格からの再受験の記事、再受験日程逆算はメンタルヘルス・マネジメント検定II種の再受験の日程調整と役割分担します。公式情報は大阪商工会議所（https://www.mental-health.ne.jp/about/）の受験要項です。,12,誤解;制度変更;合格後,メンタルヘルス二種マスター編集部,資格学習サイトの編集チーム,公式情報確認担当,公開前に一次情報との照合を行う担当者,2026-06-06,試験のご紹介（公式）|https://www.mental-health.ne.jp/about/,手書きリライト 2026-06-06。自動prose差し替え 2026-06-04（要手書き）。注意点・更新向けテンプレートから作成。公開前に本文・参照URL・関連リンクを差し替える。;retire_redirect:study-plan,本記事を読むと、たとえば9月不合格·68点·領域③50％で何から復習すべきか迷う場合、弱点60問の週次配分表とメンタルヘルス・マネジメント検定II種の不合格からの再受験・メンタルヘルス・マネジメント検定II種の再受験の日程調整との使い分けが分かり、再受験の演習計画が立てられます。,不合格発表後1週以内に7領域正答率を1枚に記録する;55％未満の弱点領域3つを特定する;弱点60問·週10問×6週の配分表を作成する;メンタルヘルス・マネジメント検定II種の不合格からの再受験の記事で70点ギャップ表を確認する;メンタルヘルス・マネジメント検定II種の再受験の日程調整の記事で再受験日程を逆算する,試験要項・公式ページ更新時に本文と参照元を見直す。,2026-06-06,2026-06-29,2026-06-06,archived,2026-06-12: archived（guide retire·study-planへ統合）,不合格後の再受験計画の全体像（60問·7領域·70点）,合格率・合格点は試験のご紹介（公式）の統計・要項で確認します。数字だけで難易度を判断せず、自分の演習得点と弱点分野を合わせて見積もってください。 不合格からの再受験計画の学習時間は、7領域のバランスと仕事の繁忙期を考慮して設定します。「不合格後の再受験計画の全体像（60問·7領域·70点）」では。不合格からの再受験計画について公式テキストの該当章を開き、条文の主体・期限・数値を演習問題とセットで押さえて定着を確認します。数値・日程は試験のご紹介（公式）の最新要項で必ず照合してください。,弱点3領域の特定表（55％未満·得点差回収）,数値・日程・合格基準は年度で更新されるため、学習前と申込前には試験のご紹介（公式）の最新案内を確認してください。演習で不合格からの再受験計画に関する設問を解いたら。正解理由と誤答肢の違いを短くメモし、用語解説・比較表・よくある誤答タブで似た論点を比較表で整理すると定着しやすくなります。 表をノートに転記したら、演習10問で理解を確認し、誤答は公式テキスト該当章で読み直してください。数値・日程・合格基準は年度で更新されるため、学習前と申込前には大阪商工会議所の最新案内を確認してください。,演習60問の週次配分表（10問×6週·弱点集中）,不合格からの再受験計画の理解度は、関連する演習問題で確認するのが効率的です。1問解くごとに「根拠はテキストのどの章か」をメモすると、復習時に該当ページへすぐ戻れます。 同じ問題を時間を空けて解き直し、言い換え選択肢でも正解できるかまで確認してください。二回連続正解でも、条件を1語変えた肢で誤答する場合は、用語の定義がまだ曖昧なサインです。「演習60問の週次配分表（10問×6週·弱点集中）」では。不合格からの再受験計画について公式テキストの該当章を開き、条文の主体・期限・数値を演習問題とセットで押さえて定着を確認します。数値・日程は試験のご紹介（公式）の最新要項で必ず照合してください。,60問配分と50問模試の連動表（70点判定）,数値・日程・合格基準は年度で更新されるため、学習前と申込前には試験のご紹介（公式）の最新案内を確認してください。演習で不合格からの再受験計画に関する設問を解いたら。正解理由と誤答肢の違いを短くメモし、用語解説・比較表・よくある誤答タブで似た論点を比較表で整理すると定着しやすくなります。 表をノートに転記したら、演習10問で理解を確認し、誤答は公式テキスト該当章で読み直してください。数値・日程・合格基準は年度で更新されるため、学習前と申込前には大阪商工会議所の最新案内を確認してください。,関連ガイドとの使い分け,数値・日程・合格基準は年度で更新されるため、学習前と申込前には試験のご紹介（公式）の最新案内を確認してください。演習で不合格からの再受験計画に関する設問を解いたら。正解理由と誤答肢の違いを短くメモし、用語解説・比較表・よくある誤答タブで似た論点を比較表で整理すると定着しやすくなります。 関連記事は役割が重ならないよう、概要→形式→学習計画の順で読むと迷いにくくなります。数値・日程・合格基準は年度で更新されるため、学習前と申込前には大阪商工会議所の最新案内を確認してください。,,,,,不合格後の弱点60問はどう配分すればよいですか？,「不合格後の弱点60問はどう配分すればよいですか」はメンタルヘルス・マネジメント検定II種の公式テキスト該当章と試験のご紹介（公式）で確認するのが確実です。不合格からの再受験計画では、条文の要件（誰が・いつ・何を）を演習問題とセットで押さえてください。,本記事とメンタルヘルス・マネジメント検定II種の不合格からの再受験はどう使い分けますか？,「本記事とメンタルヘルス・マネジメント検定II種の不合格からの再受験はどう使い分けますか」はメンタルヘルス・マネジメント検定II種の公式テキスト該当章と試験のご紹介（公式）で確認するのが確実です。不合格からの再受験計画では、条文の要件（誰が・いつ・何を）を演習問題とセットで押さえてください。,再受験日程と60問配分はどう連動させますか？,読了後は、不合格からの再受験計画の関連する演習を5問以上解き、間違えた選択肢を用語解説で確認してから関連ガイドへ進んでください。1週間後の解き直し日をカレンダーに入れると定着しやすくなります。数値・主体・手順は大阪商工会議所の最新案内と照合してください。,,,retake-exam-guide:再受験弱点;retake-schedule-adjustment:日程調整;retake-strategy:再受験戦略;pass-score:合格点,再受験計画;弱点60問;7領域;70点;週次配分
retake-strategy,注意点・更新,メン管II種·再受験戦略【弱点優先·70点·方針転換】,メンタルヘルス・マネジメント検定II種（ラインケア）の再受験の戦略。弱点領域優先·学習方針転換を表に整理し、勉強法記事との2列比較で具体例解説します。,あと一歩で届かなかったとき、同じやり方をもう一度繰り返しても結果は変わりにくいものです。II種（ラインケア）の再受験で大切なのは、まず7領域それぞれの正答率を見直して最も弱い領域を特定し、前回とは違う学習方針へ切り替えること。試験形式そのもの（50問・120分・70点合格・7領域）は初回と変わりません。本記事では、弱点を優先しながら70点までの差をどう埋めていくか、再挑戦の全体設計を提案します。基礎からの12週間プランはstudy-planの記事を、申込の詳細は試験のご紹介や受験要項を確認してください。,12,誤解;制度変更;合格後,メンタルヘルス二種マスター編集部,資格学習サイトの編集チーム,公式情報確認担当,公開前に一次情報との照合を行う担当者,2026-06-13,試験のご紹介（公式）|https://www.mental-health.ne.jp/about/,手書きリライト 2026-06-06。自動prose差し替え 2026-06-04（要手書き）。注意点・更新向けテンプレートから作成。公開前に本文・参照URL・関連リンクを差し替える。,本記事を読むと、再受験の全体戦略が分かり、たとえば「9/27 正答率表→10/4 弱点20問×2週→11/15 模試35問」まで今日から再現でき、勉強法記事との使い分けも表で把握できます。,7領域正答率·得点差を1枚に記録し弱点1領域を特定する;common-mistakes記事で誤答3分類を見直し方針転換点を決める;pass-score記事で70点ギャップ回収表を確認する;study-plan記事を再受験用12週表に書き換える;exam-schedule記事で次回申込期間を逆算する,試験要項・公式ページ更新時に本文と参照元を見直す。,2026-06-13,2026-06-29,2026-06-13,published,2026-06-12: 編集合格（手書きリライト·具体例·v2）,再受験戦略の全体像（弱点優先·70点·7領域）,"II種ラインケアの再受験は不合格発表後に7領域別正答率を洗い出し、55％未満の弱点1領域を最優先に学習方針を転換する全体設計です。

再受験では、不合格の発表後に7つの領域別の正答率を洗い出し、正答率が特に低い領域を最優先で対策する全体設計が有効です。前回と同じ勉強法を漫然と繰り返すのではなく、どこで失点したかを分析し、学習の方針を転換することが合格への近道です。

| 段階 | 内容 | 記事 |
| --- | --- | --- |
| 分析 | 7領域正答率 | pass-score |
| 戦略 | 方針転換 | 本記事 |
| 配分 | 12週弱点版 | study-plan |
| 日程 | 申込逆算 | exam-schedule | I種の合計105点以上（うち論述25点以上）と混同しないでください。",7領域弱点優先順位表（55％未満·週20問×2週）,"再受験戦略の核心は55％未満の領域1つを最優先に週20問を2週集中することです。2領域以上55％未満は最低領域から着手します。

再受験戦略の核心は、正答率55％未満の領域を1つに絞り、週20問を2週間ほど集中して解くことです。55％未満の領域が複数ある場合は、最も低い領域から着手します。手を広げすぎず、弱点を1つずつ確実につぶしていくのが効率的です。

| 正答率 | 優先 | 演習量 | 期間 |
| --- | --- | --- | --- |
| 55％未満 | 最優先 | 週20問 | 2週 |
| 55〜69％ | 通常 | 週10問 | 1週 |
| 70％以上 | 維持 | 週5問 | 継続 |
| 全領域70％ | 模試 | 50問 | 1回 |",学習方針転換の3パターン表（同じ方法の繰り返し禁止）,"再受験で失敗しやすいのは前回と同じ学習法の繰り返しです。誤答分類から転換パターンを選びます。

再受験で失敗しやすいのは、前回と同じ学習法を繰り返してしまうことです。誤答を役割混同・診断越境・情報共有の観点で分類し、原因に応じて学習法を転換します。インプット中心だった人は演習を増やす、など、前回の弱点に合わせて方法を変えます。

| 前回の問題 | 転換 | 記事 |
| --- | --- | --- |
| 過去問のみ | 4段階サイクル | past-questions-study |
| 用語混同多 | terms/回遊 | glossary-how-to |
| 役割混同多 | 3分類解き直し | common-mistakes |
| 全領域均等 | 弱点優先12週 | study-plan |",再受験の頻出誤答表（同計画·均等配分·日程未確認）,"再受験戦略の頻出誤答は前回と同じ計画の繰り返し·全領域均等配分·申込期限未確認·70点ギャップ未計算が典型です。

再受験の頻出誤答は、①前回と同じ計画をそのまま繰り返す、②全領域に均等に時間を配分する、③申込期限を確認していない、④70点までの得点差を計算していない、が典型です。正解は、弱点への集中配分と、合格ラインまでの差を意識した計画です。

| 誤答 | 正解 | 確認先 |
| --- | --- | --- |
| 同計画繰返 | 方針転換 | 本記事 |
| 全領域均等 | 弱点優先 | study-plan |
| 日程未確認 | 申込逆算 | exam-schedule |
| ギャップ未計 | 得点差表 | pass-score |",study-plan記事との2列比較表,"初受験の勉強法と再受験戦略は2記事で分担します。study-plan記事は12週·7章週次サイクル·初受験向け通し演習、本記事は不合格後の弱点1領域優先·学習方針転換·70点ギャップ回収に特化します。

study-plan記事は12週・7章の週次サイクルという初受験向けの勉強法を扱い、本記事は不合格後の弱点1領域優先・学習方針の転換・70点までの得点差回収という再受験に特化した戦略を扱います。初回と再受験で設計が異なるため、状況に応じて読み分けます。

| 論点 | 勉強法（study-plan） | 再受験戦略（本記事） |
| --- | --- | --- |
| 対象 | 初受験 | 不合格後 |
| 配分 | 7章均等 | 弱点優先 |
| 起点 | 試験日逆算 | 正答率表 |
| 出口 | pass-scoreへ | exam-scheduleへ | 初受験表をそのまま繰り返すと弱点が回収できません。",,,,,再受験で最初に決めるべきことは何ですか？,7つの領域ごとの正答率から、正答率が55％未満の弱点領域を1つ特定し、前回とは異なる学習方針に切り替えることです。前回と同じ勉強法を漫然と繰り返すのではなく、どの領域でどのように失点したかの分析を出発点にすると、合格ラインまでの道筋を立てやすくなります。,本記事と勉強法記事の違いは？,study-plan記事は、初受験向けの12週・7章の週次サイクルを扱います。本記事は、不合格の発表後に弱点の1領域を優先し、学習方針を転換して合格ラインまでの得点差を回収する、再受験に特化した戦略を扱います。,68点から70点への再受験最短ルートは？,70点まであと2問を確実に取り返す設計にします。正答率が最も低い1領域に週20問を2週間ほど集中して割り当て、そのうえで50問の通し模試で本番形式を確認してから再挑戦するのが効率的です。手を広げず弱点に絞ります。,,,study-plan:勉強法;pass-score:合格点;common-mistakes:よくある誤答,再受験戦略;弱点領域優先;学習方針転換;70点合格;7領域
retake-schedule-adjustment,注意点・更新,メンタルヘルス・マネジメント検定II種の再受験の日程調整,メンタルヘルスII種の再受験日程調整。次回申込·7領域弱点復習を表に整理。メンタルヘルス・マネジメント検定II種の欠席・再受験の手続き・メンタルヘルス・マネジメント検定II種の不合格からの再受験計画連携も解説。,メンタルヘルス・マネジメント検定II種（ラインケア）の再受験は、不合格発表後すぐに次回公開試験の申込期間を要項で確認し、50問·70点合格に向けた7領域弱点復習と日程を並行調整する作業です。本記事では再受験の日程調整表をまとめ、欠席·手続はメンタルヘルス・マネジメント検定II種の欠席・再受験の手続き·弱点復習計画はメンタルヘルス・マネジメント検定II種の不合格からの再受験計画と役割分担します。公式情報は大阪商工会議所（https://www.mental-health.ne.jp/about/）の受験要項です。,12,誤解;制度変更;合格後,メンタルヘルス二種マスター編集部,資格学習サイトの編集チーム,公式情報確認担当,公開前に一次情報との照合を行う担当者,2026-06-06,試験のご紹介（公式）|https://www.mental-health.ne.jp/about/,手書きリライト 2026-06-06。自動prose差し替え 2026-06-04（要手書き）。注意点・更新向けテンプレートから作成。公開前に本文・参照URL・関連リンクを差し替える。;retire_redirect:study-plan,本記事を読むと、たとえば9月不合格·68点（34問正解）で12月再受験を検討している場合に、いつ申込·いつ50問模試·何週間弱点復習を入れるかを日付で逆算でき、50問120分·70点合格の再挑戦計画が立てられます。,不合格発表後1週間以内に次回要項の申込期間をカレンダー登録する;7領域の正答率を55％未満の領域から特定する;再受験日から逆算した50問模試日程を1枚に書く;メンタルヘルス・マネジメント検定II種の欠席・再受験の手続きの記事で欠席·手続を確認する;メンタルヘルス・マネジメント検定II種の不合格からの再受験計画の記事で弱点復習60問の配分を確認する,試験要項・公式ページ更新時に本文と参照元を見直す。,2026-06-06,2026-06-29,2026-06-06,archived,2026-06-12: archived（guide retire·study-planへ統合）,再受験日程調整の全体像（要項正本）,独学を始める前に、試験のご紹介（公式）で受験資格・試験日程・出題範囲（7領域）・合格基準をメモしてください。再受験の日程調整の学習計画は、公式テキストの章立てと一致させると、過去問の分野ラベルとも対応づけやすくなります。 ブログやSNSの「最新情報」は、必ず大阪商工会議所のページと照合してから採用してください。申込期限や受験料は年度ごとに変わるため、カレンダーに締切を入れてから教材を開く習慣が有効です。,不合格発表後1週間の日程登録表,合格率・合格点は試験のご紹介（公式）の統計・要項で確認します。数字だけで難易度を判断せず、自分の演習得点と弱点分野を合わせて見積もってください。 再受験の日程調整の学習時間は、7領域のバランスと仕事の繁忙期を考慮して設定します。「不合格発表後1週間の日程登録表」では。再受験の日程調整について公式テキストの該当章を開き、条文の主体・期限・数値を演習問題とセットで押さえて定着を確認します。数値・日程は試験のご紹介（公式）の最新要項で必ず照合してください。,再受験日から逆算する50問模試日程,数値・日程・合格基準は年度で更新されるため、学習前と申込前には試験のご紹介（公式）の最新案内を確認してください。演習で再受験の日程調整に関する設問を解いたら。正解理由と誤答肢の違いを短くメモし、用語解説・比較表・よくある誤答タブで似た論点を比較表で整理すると定着しやすくなります。 演習10問を解き、解説で参照条文を公式テキストで開いて読み返してください。数値・日程・合格基準は年度で更新されるため、学習前と申込前には大阪商工会議所の最新案内を確認してください。,メンタルヘルス・マネジメント検定II種の欠席・再受験の手続き・メンタルヘルス・マネジメント検定II種の不合格からの再受験計画との役割分担,合格率・合格点は試験のご紹介（公式）の統計・要項で確認します。数字だけで難易度を判断せず、自分の演習得点と弱点分野を合わせて見積もってください。 再受験の日程調整の学習時間は、7領域のバランスと仕事の繁忙期を考慮して設定します。「メンタルヘルス・マネジメント検定II種の欠席・再受験の手続き・メンタルヘルス・マネジメント検定II種の不合格からの再受験計画との役割分担」では。再受験の日程調整について公式テキストの該当章を開き、条文の主体・期限・数値を演習問題とセットで押さえて定着を確認します。数値・日程は試験のご紹介（公式）の最新要項で必ず照合してください。,再受験時の7領域弱点と70点ライン,数値・日程・合格基準は年度で更新されるため、学習前と申込前には試験のご紹介（公式）の最新案内を確認してください。演習で再受験の日程調整に関する設問を解いたら。正解理由と誤答肢の違いを短くメモし、用語解説・比較表・よくある誤答タブで似た論点を比較表で整理すると定着しやすくなります。 演習10問を解き、解説で参照条文を公式テキストで開いて読み返してください。数値・日程・合格基準は年度で更新されるため、学習前と申込前には大阪商工会議所の最新案内を確認してください。,,,,,再受験の日程はいつ決めればよいですか？,「再受験の日程はいつ決めればよいですか」はメンタルヘルス・マネジメント検定II種の公式テキスト該当章と試験のご紹介（公式）で確認するのが確実です。再受験の日程調整では、条文の要件（誰が・いつ・何を）を演習問題とセットで押さえてください。,再受験までに50問模試は何回必要ですか？,「再受験までに50問模試は何回必要ですか」はメンタルヘルス・マネジメント検定II種の公式テキスト該当章と試験のご紹介（公式）で確認するのが確実です。再受験の日程調整では、条文の要件（誰が・いつ・何を）を演習問題とセットで押さえてください。,本記事とメンタルヘルス・マネジメント検定II種の不合格からの再受験計画はどう使い分けますか？,読了後は、再受験の日程調整の関連する演習を5問以上解き、間違えた選択肢を用語解説で確認してから関連ガイドへ進んでください。1週間後の解き直し日をカレンダーに入れると定着しやすくなります。数値・主体・手順は大阪商工会議所の最新案内と照合してください。,,,reschedule-and-absence:欠席·再受験手続;fail-retry-plan:不合格からの計画;exam-schedule:試験日程;exam-fees:受験料,日程逆算;7領域弱点;50問70点;absence連携;retry-plan連携
score-gap-analysis,注意点・更新,メンタルヘルスマネジメント検定II種の得点差分析｜70点まであと何点を領域別に回収,メンタルヘルス・マネジメント検定II種（ラインケア）の得点差分析。模試の正答数と70点合格ラインの差を7領域別に分解し、弱点1領域に週20問を集中して効率的に回収する方法を解説します。,模試の点数を眺めて一喜一憂するだけでは、合格には近づきません。II種（ラインケア）対策で効くのは、いまの実力と70点ラインとの差が「どの領域から生まれているか」を7つの領域に分解して見ることです。本記事では、その得点差を一覧化し、最も足りない1領域に週20問を集中投下して差を埋めていく設計を解説します。2週間続けても伸びないときの方針転換の判断基準も扱います。50問通しの点数を記録する方法はpast-questions-score-analysisの記事を参照してください。,12,誤解;制度変更;合格後,メンタルヘルス二種マスター編集部,資格学習サイトの編集チーム,公式情報確認担当,公開前に一次情報との照合を行う担当者,2026-06-13,試験のご紹介（公式）|https://www.mental-health.ne.jp/about/,手書きリライト 2026-06-12。v2,本記事を読むと、70点ギャップの分解·5点回収設計が分かり、たとえば「8/2 66点·差4点→8/9 弱点20問→8/30 35問」まで今日から再現でき、点数分析記事との使い分けも表で把握できます。,50問模試後に正答数·得点差·7領域正答率を1枚に記録する;得点差5点以内を目標に弱点1領域に週20問を集中する;2週間得点が伸びない場合はplateau-breakthrough記事を確認する;模試ごとに得点差表を更新し推移を記録する;past-questions-score-analysis記事で過去問点数表を確認する,試験要項・公式ページ更新時に本文と参照元を見直す。,2026-06-13,2026-06-29,2026-06-13,published,2026-06-12: 編集合格（手書きリライト·具体例·v2）,70点ギャップの全体像（score-gap·50問·7領域）,"II種ラインケアの得点差は50問模試の正答数と70点合格ラインの差として7領域別に分解します。50問·120分·70点以上·7領域が前提です。 | 項目 | 記録 | 目標 |
| --- | --- | --- |
| 正答数 | 33/50 | 35/50 |
| 得点差 | 4点 | 0点 |
| 最低領域 | 50％ | 70％ |
| 回収目標 | +5問 | 70点 | たとえば8/2（土）50問·33問——得点差4点——8/9（土）弱点20問——が定番です。I種合計105点以上（うち論述25点以上）と混同しないでください。",7領域別得点差分解表（弱点特定·優先順位）,"7領域別正答率55％未満を弱点とし、最も低い1領域に週20問を集中します。2領域以上55％未満は最低領域から着手します。 | 正答率 | 優先 | 演習量 | 回収 |
| --- | --- | --- | --- |
| 55％未満 | 最優先 | 週20問 | +5点 |
| 55〜69％ | 通常 | 週10問 | +2点 |
| 70％以上 | 維持 | 週5問 | 維持 |
| 全領域70％ | 模試 | 50問 | 70点 | 例えば8/2（土）50問·領域③50％·領域⑤58％——得点差6点——8/9（土）領域③20問——優先——が定番です。2.4分/問（144秒）を意識してください。",得点差5点以内の回収設計表,"70点合格ラインとの得点差を5点以内に縮める設計が定番です。弱点1領域の正答率70％以上で5問回収を目指します。 | 得点差 | 弱点領域 | 回収目標 |
| --- | --- | --- |
| 10点以上 | 2領域集中 | 各+5点 |
| 5〜9点 | 1領域集中 | +5点 |
| 1〜4点 | 誤答解き直し | +3点 |
| 0点 | 模試維持 | 70点維持 | たとえば8/30（土）50問·34問（68点）——得点差2点——9/6（土）誤答10問解き直し——35問——目標——が定番です。",2週停滞時の得点差対策表（伸び悩み判定）,"50問模試得点が2週間変化なしなら伸び悩みと判断し、plateau-breakthrough記事の弱点20問×2週対策を確認します。 | 判断 | 条件 | 対策 |
| --- | --- | --- |
| 順調 | 週+3〜5％ | 現計画継続 |
| 要注意 | 2週横ばい | 弱点確認 |
| 伸び悩み | 2週+0％ | 弱点20問×2週 |
| 危険 | 55％未満 | テキスト該当章 | 例えば8/2（土）50問·32問（64点）——8/16（土）も64点·2週+0％——8/23（土）plateau-breakthrough——弱点20問——確認——が定番です。",past-questions-score-analysis記事との2列比較表,"得点差の一般設計と50問過去問点数分析は2記事で分担します。本記事は70点ギャップ·7領域分解·得点回収設計·2週停滞判断（学習全体）、past-questions-score-analysis記事は50問通し·7領域正答率·得点差表·模試推移記録（過去問演習後）に特化します。 | 論点 | 得点差（本記事） | 点数分析 |
| --- | --- | --- |
| 焦点 | ギャップ回収設計 | 50問記録 |
| 単位 | 模試全体 | 通し演習後 |
| 成果物 | 回収設計表 | 得点差表 |
| 出口 | plateau-breakthroughへ | past-questions-by-fieldへ | たとえば8/2（土）本記事——64点·差6点表——同日past-questions-score-analysis——7領域記録——8/16（土）2週+0％——plateau-breakthrough——の順が定番です。記録なしで回収設計だけでは弱点領域が特定できません。",,,,,66点から70点に上げる最短ルートは？,得点差4点·誤答17問のうち2問を正解に変えれば70点です。例えば8/2（土）50問·33問——55％未満の弱点1領域に週20問を2週集中——8/30（土）50問35問——を目指してください。50問120分·70点以上·7領域がII種の形式です。過去問記録はpast-questions-score-analysis記事——が正本です。,本記事と点数分析記事の違いは？,本記事は得点差の一般論·70点ギャップ回収の学習全体設計·2週停滞判断、past-questions-score-analysis記事は過去問50問·7領域別·70点判定·模試推移に特化します。たとえば8/2（土）本記事——得点差6点表——8/30（土）past-questions-score-analysis——模試分析——確認——の順が定番です。合計105点以上（うち論述25点以上）はI種の基準でII種70点とは異なります。,2週間得点が伸びない場合はどう分析しますか？,伸び悩みと判断し、plateau-breakthrough記事の弱点20問×2週対策が定番です。例えば8/2（土）50問·32問——8/16（土）も64点——8/23（土）弱点1領域40問——9/6（土）50問35問——を目指してください。70点の詳細はpass-score記事——4分類深掘りはpast-questions-wrong-reasons記事——で確認してください。,,,past-questions-score-analysis:点数分析;plateau-breakthrough:伸び悩み突破;pass-score:合格点,得点差;70点ギャップ;領域別;score-gap;50問70点
exam-changes,注意点・更新,メンタルヘルス・マネジメント検定II種の試験制度の変更点,メンタルヘルスII種の試験制度変更点公式情報。版改定·要項更新を表に整理。メンタルヘルス・マネジメント検定II種の法改正の学習への影響・メンタルヘルス・マネジメント検定II種の教材の版·年度更新連携も解説。,II種（ラインケア）の50問・120分・70点合格・7領域という基本の形は、長く維持されています。ただし、それで安心はできません。受験要項の見直しや公式テキストの改版、関連法令の改正によって、出題範囲は少しずつ更新されていきます。本記事では、何が変わりやすく、何が変わらないのかを整理し、古い情報で対策してしまう落とし穴を避ける視点を提供します。法改正が学習に与える影響や教材の版・年度更新は、それぞれ別記事で詳しく扱います。最新の制度は、大阪商工会議所の受験要項(https://www.mental-health.ne.jp/about/)で確認してください。,12,誤解;制度変更;合格後,メンタルヘルス二種マスター編集部,資格学習サイトの編集チーム,公式情報確認担当,公開前に一次情報との照合を行う担当者,2026-06-06,試験のご紹介（公式）|https://www.mental-health.ne.jp/about/,手書きリライト 2026-06-06。自動prose差し替え 2026-06-04（要手書き）。注意点・更新向けテンプレートから作成。公開前に本文・参照URL・関連リンクを差し替える。;retire_redirect:syllabus-how-to-read,本記事を読むと、たとえば第5版テキストのみ所持·要項第6版指定の場合に、試験制度変更点チェック表とメンタルヘルス・マネジメント検定II種の法改正の学習への影響・メンタルヘルス・マネジメント検定II種の教材の版·年度更新との使い分けが分かり、50問70点の学習を最新版に合わせられます。,試験のご紹介（公式）で最新受験要項を開く;50問120分70点7領域の基本形式を要項で再確認する;第5/6版差分表を1枚にまとめる;メンタルヘルス・マネジメント検定II種の法改正の学習への影響の記事で法改正影響表を確認する;メンタルヘルス・マネジメント検定II種の教材の版·年度更新の記事で版·年度更新チェックを実行する,試験要項・公式ページ更新時に本文と参照元を見直す。,2026-06-06,2026-06-29,2026-06-06,published,2026-06-12: archived（guide retire·syllabus-how-to-readへ統合）,試験制度変更点の確認タイミング（要項·50問70点）,試験制度の変更点は、学習を始める前と申込の直前の2回確認すると安全です。大阪商工会議所の公式案内で、受験資格・試験日程・出題範囲（7領域）・合格基準（70点）を一覧にメモし、手元の公式テキストの版も合わせて控えておきます。ブログやSNSの「最新情報」は必ず公式の一次情報で裏取りしてください。50問・120分・70点という基本形式は維持されている前提で、運用面の細部だけを年度ごとに更新するのが効率的です。,受験要項の変更確認表（50問·120分·70点·7領域）,受験要項で特に変わりやすいのは、試験日程・申込期間・受験料・受験会場などの運用面です。前回受験時のメモや過去記事に載っている固定値はそのまま使わず、最新の要項PDFに記載された数値で必ず上書きしてください。出題形式（50問・120分・70点以上・7領域）の骨格は安定しているため、変更点の確認作業はこうした運用情報に絞ると、短時間で漏れなく済ませられます。確認した内容は1枚にまとめ、申込直前に再点検すると安心です。,公式テキスト版改定と出題範囲の変更表,出題範囲は、公式テキストの版改定によって実質的に変わります。まず手元のテキストの版を奥付で確認し、最新版との差分（追加・削除された章や用語、図表の更新）を1枚の表にまとめておくと、古い情報のまま学習してしまう事故を防げます。改定が入った領域は新しい論点が出題されやすいため、該当箇所を優先的に演習で確認し、正答の根拠を必ず公式テキストの本文で裏取りしてください。,法改正·制度改定の学習への影響表（メンタルヘルス・マネジメント検定II種の法改正の学習への影響連携）,メンタルヘルス関連の法改正（ストレスチェック制度や労働時間規制など）は、領域によって出題内容に反映されます。改正があった年度は、該当領域の条文・数値・制度名を重点的に確認し、演習で関連する設問を解いて正誤の理由を短くメモすると定着します。改正前の古い数値のまま覚えていないかも点検してください。改正の具体的な中身と学習への効き方は、法改正の学習への影響の記事で詳しく扱います。,関連ガイドとの使い分け,本記事は「何が・どこが変わったか」を素早く確認することに特化しています。公式テキストの版差分の追い方は教材の年度更新、法改正の中身と出題への効き方は法改正の影響、要項そのものの読み方は要項の読み方の各記事と役割を分けています。目的に応じて使い分け、いずれの場合も確認の正本は公式の一次情報（受験要項PDF・公式テキスト）に置き、二次情報は裏取りの参考程度にとどめてください。,,,,,試験制度は毎年大きく変わりますか？,出題形式（大阪商工会議所実施・4択50問・120分・70点合格）が毎年大きく変わることはありません。ただし公式テキストの改訂や法改正で内容が更新されるため、受験回に対応した最新版テキストと公式案内を必ず確認してください。,第5版テキストのままで受験できますか？,試験は受験回時点の最新版公式テキストに準拠して出題されます。旧版では改訂・法改正による変更点が反映されておらず失点リスクがあるため、最新版での学習をおすすめします。改訂状況は大阪商工会議所の案内で確認してください。,本記事とメンタルヘルス・マネジメント検定II種の法改正の学習への影響はどう使い分けますか？,読了後は、試験制度の変更点の関連する演習を5問以上解き、間違えた選択肢を用語解説で確認してから関連ガイドへ進んでください。1週間後の解き直し日をカレンダーに入れると定着しやすくなります。数値・主体・手順は大阪商工会議所の最新案内と照合してください。,,,legal-revision-impact:法改正影響;material-update-cycle:版·年度更新;textbook-selection:テキスト選び;official-info-sources:公式情報,制度変更;版改定;要項正本;第5/6版;7領域
legal-revision-impact,注意点・更新,メンタルヘルス・マネジメント検定II種の法改正の学習への影響,メンタルヘルスII種の法改正·学習影響公式情報。ストレスチェック·36協定を表に整理。メンタルヘルス・マネジメント検定II種の試験制度の変更点・メンタルヘルス・マネジメント検定II種の教材の版·年度更新連携も解説。,メンタルヘルス分野は法令と密接に結びついているため、法改正の動きは試験対策に直結します。II種（ラインケア）では、労働安全衛生法やストレスチェック制度、36協定といった改正が、7領域の出題範囲にどう反映されるかを押さえておく必要があります。本記事では、こうした法改正が学習内容に与える影響を整理し、どこを優先して確認すべきかを示します。試験制度や要項の変更点、教材の版・年度更新については、それぞれ別記事で扱います。最新情報は大阪商工会議所の公式サイト(https://www.mental-health.ne.jp/about/)でご確認ください。,12,誤解;制度変更;合格後,メンタルヘルス二種マスター編集部,資格学習サイトの編集チーム,公式情報確認担当,公開前に一次情報との照合を行う担当者,2026-06-06,試験のご紹介（公式）|https://www.mental-health.ne.jp/about/,手書きリライト 2026-06-06。自動prose差し替え 2026-06-04（要手書き）。注意点・更新向けテンプレートから作成。公開前に本文・参照URL・関連リンクを差し替える。;retire_redirect:syllabus-how-to-read,本記事を読むと、たとえば演習10問·ストレスチェック5問中2問正解の場合に、法改正影響表·ストレスチェック·36協定の学習優先順位とメンタルヘルス・マネジメント検定II種の試験制度の変更点・メンタルヘルス・マネジメント検定II種の教材の版·年度更新との使い分けが分かり、改定条文に合わせた70点対策が決まります。,法改正影響表（ストレスチェック·36協定·安全配慮）を1枚にまとめる;演習10問·法令·制度分野を解き誤答理由を4分類で記録する;メンタルヘルス・マネジメント検定II種のストレスチェック制度の記事で50人基準·面接指導体制を再確認する;メンタルヘルス・マネジメント検定II種の試験制度の変更点の記事で受験要項·版改定の変更点を照合する;7日後に同分野10問を解き直し正答率70％以上を目指す,試験要項・公式ページ更新時に本文と参照元を見直す。,2026-06-06,2026-06-29,2026-06-06,published,2026-06-12: archived（guide retire·syllabus-how-to-readへ統合）,法改正の学習影響の全体像（ストレスチェック·36協定·7領域）,法改正が学習に影響するのは主に、ストレスチェック制度（労働安全衛生法）と長時間労働対策（36協定・時間外労働の上限規制）に関わる領域です。改正の有無は領域⑥⑦を中心に出題へ反映されるため、まず「どの制度が・いつ・どう変わったか」を公式情報で押さえ、7領域のどこに効くかを対応づけます。改正点は条文・数値・制度名の3点をセットで控えておくと、演習で問われたときに迷いません。,ストレスチェック制度改正と出題への反映表,ストレスチェック制度は、常時50人以上の労働者を使用する事業場に年1回の実施を義務づける制度です。実施者・対象者・高ストレス者への医師による面接指導の流れは頻出のため、制度の目的と手順を条文ベースで確認してください。実施頻度や規模要件などの数値は取り違えやすいので、正確に覚えます。改正で運用が変わった点があれば、公式テキストの該当章と照らして上書きしてください。,36協定·過重労働防止の改正影響表（領域⑦·数値）,時間外・休日労働は36協定で上限が定められ、原則は月45時間・年360時間、特別条項を結んでも年720時間などの上限があります。過重労働と健康障害（脳・心臓疾患）の関係や、医師による面接指導の申出基準（時間外おおむね月80時間など）は領域⑦で問われやすい論点です。似た数値が複数あるため、何の基準が何時間かを表で整理し、演習で取り違えがないか確認してください。,法改正反映後の学習優先順位表（条文·演習·解き直し）,改正が入った年度は、①改正された条文・数値、②関連する公式テキストの該当章、③過去問・演習の該当設問、の順で当たると効率的です。まず一次情報で正しい数値を確定し、テキストで背景を理解し、最後に演習で運用に落とし込みます。改正前の古い数値で覚えていないか、演習で誤答した箇所を翌日と1週間後に解き直して上書きすると、知識が安定して定着します。解き直しの日付を記録しておくと、間隔反復が習慣化しやすくなります。,関連ガイドとの使い分け,本記事は法改正が「学習にどう効くか」に特化しています。制度変更全般の確認は試験制度の変更点、個々の用語の意味は用語解説、頻出論点の反復演習は一問一答の各記事と役割を分けています。法改正がからむ数値は年度で変わり得るため、必ず最新の公式情報で確認し、本記事や二次情報の数値はあくまで学習の見取り図として使ってください。迷ったら一次情報に戻る、という原則を徹底すると安全です。,,,,,法改正は試験のどの領域に影響しますか？,労働安全衛生法やストレスチェック制度など、法令・制度を扱う領域が法改正の影響を受けやすい部分です。改正があった年は数値や対象者・義務内容が変わることがあるため、最新版テキストで誰が・いつ・何をの要件を確認してください。,本記事とメンタルヘルス・マネジメント検定II種の試験制度の変更点はどう使い分けますか？,本記事は法改正が学習内容に与える影響を扱い、試験制度の変更点の記事は出題形式や受験要項の変更を扱います。制度面は変更点の記事で、学習内容の更新は本記事で確認する、と切り分けると整理しやすくなります。法改正の有無は最新の公式案内で確認しましょう。,メンタルヘルス・マネジメント検定II種の教材の版·年度更新は法改正学習にどう使いますか？,読了後は、法改正の学習への影響の関連する演習を5問以上解き、間違えた選択肢を用語解説で確認してから関連ガイドへ進んでください。1週間後の解き直し日をカレンダーに入れると定着しやすくなります。数値・主体・手順は大阪商工会議所の最新案内と照合してください。,,,exam-changes:制度変更;material-update-cycle:版·年度更新;stress-check:ストレスチェック;pass-score:合格点,法改正;ストレスチェック;36協定;学習影響;50問70点
syllabus-update-tracker,注意点・更新,メンタルヘルス・マネジメント検定II種のシラバス·出題範囲の更新追跡,メンタルヘルスII種のシラバス更新追跡公式情報。版改定·追加分を表に整理。メンタルヘルス・マネジメント検定II種の教材の版·年度更新・メンタルヘルス・マネジメント検定II種の出題範囲の改定履歴連携も解説。,メンタルヘルス・マネジメント検定II種（ラインケア）のシラバス·出題範囲の更新追跡は、50問·7領域の出題範囲が公式テキスト版改定·受験要項更新でいつ·どこが変わったかを学習中に継続チェックする手順の公式情報です。版·年度のチェックリストはメンタルヘルス・マネジメント検定II種の教材の版·年度更新の記事、改定履歴の時系列はメンタルヘルス・マネジメント検定II種の出題範囲の改定履歴と役割分担します。公式情報は大阪商工会議所（https://www.mental-health.ne.jp/about/）の試験のご紹介です。,12,誤解;制度変更;合格後,メンタルヘルス二種マスター編集部,資格学習サイトの編集チーム,公式情報確認担当,公開前に一次情報との照合を行う担当者,2026-06-06,試験のご紹介（公式）|https://www.mental-health.ne.jp/about/,手書きリライト 2026-06-06。自動prose差し替え 2026-06-04（要手書き）。注意点・更新向けテンプレートから作成。公開前に本文・参照URL・関連リンクを差し替える。;retire_redirect:syllabus-how-to-read,本記事を読むと、たとえば旧版記載2問誤答の場合に、シラバス更新の追跡チェック表とメンタルヘルス・マネジメント検定II種の教材の版·年度更新・メンタルヘルス・マネジメント検定II種の出題範囲の改定履歴との使い分けが分かり、50問70点の学習を最新版に合わせられます。,シラバス更新追跡チェック表を1枚にまとめる;q/演習10問で旧版記載の誤答を記録する;メンタルヘルス・マネジメント検定II種の出題範囲の改定履歴の記事で第5/6版改定履歴を確認する;改定箇所20問追加で正答率70％以上を目指す,試験要項・公式ページ更新時に本文と参照元を見直す。,2026-06-06,2026-06-29,2026-06-06,archived,2026-06-12: archived（guide retire p1·syllabus-how-to-readへ統合）,シラバス更新追跡の全体像（版改定·7領域·50問）,数値・日程・合格基準は年度で更新されるため、学習前と申込前には試験のご紹介（公式）の最新案内を確認してください。演習でシラバス·出題範囲の更新追跡に関する設問を解いたら。正解理由と誤答肢の違いを短くメモし、用語解説・比較表・よくある誤答タブで似た論点を比較表で整理すると定着しやすくなります。 演習10問を解き、解説で参照条文を公式テキストで開いて読み返してください。数値・日程・合格基準は年度で更新されるため、学習前と申込前には大阪商工会議所の最新案内を確認してください。,版改定追跡チェック表（第5版·第6版·該当章）,数値・日程・合格基準は年度で更新されるため、学習前と申込前には試験のご紹介（公式）の最新案内を確認してください。演習でシラバス·出題範囲の更新追跡に関する設問を解いたら。正解理由と誤答肢の違いを短くメモし、用語解説・比較表・よくある誤答タブで似た論点を比較表で整理すると定着しやすくなります。 表をノートに転記したら、演習10問で理解を確認し、誤答は公式テキスト該当章で読み直してください。数値・日程・合格基準は年度で更新されるため、学習前と申込前には大阪商工会議所の最新案内を確認してください。,更新追跡の3タイミング表（学習開始·購入·申込前）,数値・日程・合格基準は年度で更新されるため、学習前と申込前には試験のご紹介（公式）の最新案内を確認してください。演習でシラバス·出題範囲の更新追跡に関する設問を解いたら。正解理由と誤答肢の違いを短くメモし、用語解説・比較表・よくある誤答タブで似た論点を比較表で整理すると定着しやすくなります。 表をノートに転記したら、演習10問で理解を確認し、誤答は公式テキスト該当章で読み直してください。数値・日程・合格基準は年度で更新されるため、学習前と申込前には大阪商工会議所の最新案内を確認してください。,旧版記載·演習誤答の追跡対応表,シラバス·出題範囲の更新追跡の理解度は、関連する演習問題で確認するのが効率的です。1問解くごとに「根拠はテキストのどの章か」をメモすると、復習時に該当ページへすぐ戻れます。 同じ問題を時間を空けて解き直し、言い換え選択肢でも正解できるかまで確認してください。二回連続正解でも、条件を1語変えた肢で誤答する場合は、用語の定義がまだ曖昧なサインです。「旧版記載·演習誤答の追跡対応表」では。シラバス·出題範囲の更新追跡について公式テキストの該当章を開き、条文の主体・期限・数値を演習問題とセットで押さえて定着を確認します。数値・日程は試験のご紹介（公式）の最新要項で必ず照合してください。,関連ガイドとの使い分け,数値・日程・合格基準は年度で更新されるため、学習前と申込前には試験のご紹介（公式）の最新案内を確認してください。演習でシラバス·出題範囲の更新追跡に関する設問を解いたら。正解理由と誤答肢の違いを短くメモし、用語解説・比較表・よくある誤答タブで似た論点を比較表で整理すると定着しやすくなります。 関連記事は役割が重ならないよう、概要→形式→学習計画の順で読むと迷いにくくなります。数値・日程・合格基準は年度で更新されるため、学習前と申込前には大阪商工会議所の最新案内を確認してください。,,,,,シラバス更新はいつ確認すればよいですか？,「シラバス更新はいつ確認すればよいですか？」については、メンタルヘルス・マネジメント検定II種（ラインケア）のシラバス·出題範囲の更新追跡は。50問·7領域の出題範囲が公式テキスト版改定·受験要項更新でいつ·どこが変わったかを学習中に継続チェックする手順…。最新の公式要項と照合する。本記事の公式数値表で確認する。,本記事とメンタルヘルス・マネジメント検定II種の出題範囲の改定履歴はどう使い分けますか？,「本記事とメンタルヘルス・マネジメント検定II種の出題範囲の改定履歴はどう」は過去問演習で出題形式を把握し、正答後に用語解説で論点を復習する。過去問1問の正答理由をノートに記録して復習する。正答後は関連条文を開く。本記事関連の過去問1問で正答率を記録する。,旧版記載の演習誤答は追跡でどう扱いますか？,「旧版記載の演習誤答は追跡でどう扱いますか？」の整理後はq/演習10問で旧版記載の誤答を記録する。同テーマを1週間後に解き直して定着を確認する。混同しやすい近義語を比較表の左右に整理する。誤答肢は色分けして復習する。本記事の誤答肢を比較表に整理する。,,,subjects:出題範囲,シラバス更新;版改定;出題範囲;7領域;50問70点
official-info-update-habits,注意点・更新,メンタルヘルス・マネジメント検定II種の公式情報の更新確認習慣,メンタルヘルスII種の公式更新確認習慣公式情報。月1確認·チェックリストを表に整理。メンタルヘルス・マネジメント検定II種の試験制度の変更点・メンタルヘルス・マネジメント検定II種の教材の版·年度更新・メンタルヘルス・マネジメント検定II種の近年の出題トレンド連携も解説。,メンタルヘルス・マネジメント検定II種（ラインケア）の公式情報の更新確認習慣は、mental-health.ne.jp（試験のご紹介）を月1回以上チェックし、50問·70点·7領域·受験要項·版改定·出題トレンドの変更を学習計画に反映する正本です。確認先URL一覧はメンタルヘルス・マネジメント検定II種の公式情報の確認先の記事、版更新詳細はメンタルヘルス・マネジメント検定II種の教材の版·年度更新·制度変更はメンタルヘルス・マネジメント検定II種の試験制度の変更点·出題トレンドはメンタルヘルス・マネジメント検定II種の近年の出題トレンドと役割分担します。公式情報は大阪商工会議所（https://www.mental-health.ne.jp/about/）の試験のご紹介です。,12,誤解;制度変更;合格後,メンタルヘルス二種マスター編集部,資格学習サイトの編集チーム,公式情報確認担当,公開前に一次情報との照合を行う担当者,2026-06-06,試験のご紹介（公式）|https://www.mental-health.ne.jp/about/,手書きリライト 2026-06-06。自動prose差し替え 2026-06-04（要手書き）。注意点・更新向けテンプレートから作成。公開前に本文・参照URL・関連リンクを差し替える。;retire_redirect:syllabus-how-to-read,本記事を読むと、たとえば学習中に要項改定を見逃した場合に、月1公式チェック習慣表とメンタルヘルス・マネジメント検定II種の試験制度の変更点・メンタルヘルス・マネジメント検定II種の教材の版·年度更新・メンタルヘルス・マネジメント検定II種の近年の出題トレンドとの使い分けが分かり、最新情報に学習を合わせられます。,月1公式チェック習慣表（第1·15日）をカレンダー登録する;試験のご紹介（公式）で要項·日程の変更有無を確認する;改定検出時はメンタルヘルス・マネジメント検定II種の試験制度の変更点の記事で差分表を確認する;メンタルヘルス・マネジメント検定II種の教材の版·年度更新の記事で版·年度更新を照合する;メンタルヘルス・マネジメント検定II種の近年の出題トレンドの記事で出題トレンド変更を確認する,試験要項・公式ページ更新時に本文と参照元を見直す。,2026-06-06,2026-06-29,2026-06-06,archived,2026-06-12: archived（guide retire·syllabus-how-to-readへ統合）,公式更新確認習慣の全体像（月1·mental-health.ne.jp·50問70点）,独学を始める前に、試験のご紹介（公式）で受験資格・試験日程・出題範囲（7領域）・合格基準をメモしてください。公式情報の更新確認習慣の学習計画は、公式テキストの章立てと一致させると、過去問の分野ラベルとも対応づけやすくなります。 ブログやSNSの「最新情報」は、必ず大阪商工会議所のページと照合してから採用してください。申込期限や受験料は年度ごとに変わるため、カレンダーに締切を入れてから教材を開く習慣が有効です。,月1チェックリスト表（第1日·第15日·カレンダー登録）,"試験前日までに、試験のご紹介（公式）の受験要項と受験票で公式情報の更新確認習慣の内容を最終確認し、忘れ物がないよう前日のうちに以下をチェックしてください。 - 受験票（印刷したもの、または要項で認められた表示方法）
- HB程度の黒い鉛筆を2本以上（予備含む。シャープペンシル可否は要項で確認）
- 消しゴム（汚れ・欠けがないもの）
- 受験票に「身分証明書持参」とある場合は、有効期限内の写真付き身分証
- 会場名・住所・最寄り駅・会場入口（受験票の案内どおり）
- 試験開始時刻と受付開始時刻（多くの会場は開始30分前までに着席）
- 当日の交通手段・所要時間・予備経路（遅延時の連絡先も控える）
- 腕時計の持込可否（禁止の場合は会場の時計のみ使用）
- スマートフォン・タブレット・参考書・電卓・ノート・辞書など禁止物品を持ち込まない
- 前日就寝時刻・当日の起床時刻・朝食（体調管理） 学習面では新しい教材を増やさず、直近1週間の誤答ノートと頻出用語だけを30分以内で見直します。当日朝は持ち物をリスト通りにカバンへ入れ、出発前にもう一度中身を確認してください。",要項,独学を始める前に、試験のご紹介（公式）で受験資格・試験日程・出題範囲（7領域）・合格基準をメモしてください。公式情報の更新確認習慣の学習計画は、公式テキストの章立てと一致させると、過去問の分野ラベルとも対応づけやすくなります。 ブログやSNSの「最新情報」は、必ず大阪商工会議所のページと照合してから採用してください。申込期限や受験料は年度ごとに変わるため、カレンダーに締切を入れてから教材を開く習慣が有効です。,出題トレンド変更の反映表（メンタルヘルス・マネジメント検定II種の近年の出題トレンド連携）,数値・日程・合格基準は年度で更新されるため、学習前と申込前には試験のご紹介（公式）の最新案内を確認してください。演習で公式情報の更新確認習慣に関する設問を解いたら。正解理由と誤答肢の違いを短くメモし、用語解説・比較表・よくある誤答タブで似た論点を比較表で整理すると定着しやすくなります。 関連記事は役割が重ならないよう、概要→形式→学習計画の順で読むと迷いにくくなります。数値・日程・合格基準は年度で更新されるため、学習前と申込前には大阪商工会議所の最新案内を確認してください。,関連ガイドとの使い分け,数値・日程・合格基準は年度で更新されるため、学習前と申込前には試験のご紹介（公式）の最新案内を確認してください。演習で公式情報の更新確認習慣に関する設問を解いたら。正解理由と誤答肢の違いを短くメモし、用語解説・比較表・よくある誤答タブで似た論点を比較表で整理すると定着しやすくなります。 関連記事は役割が重ならないよう、概要→形式→学習計画の順で読むと迷いにくくなります。数値・日程・合格基準は年度で更新されるため、学習前と申込前には大阪商工会議所の最新案内を確認してください。,,,,,公式情報はどのくらいの頻度で確認すればよいですか？,試験のご紹介（公式）（大阪商工会議所）で最新情報を確認してください。受験要項・テキスト改訂・合格発表は公式ページを確認してください。公式情報の更新確認習慣に関する数値や期限も、非公式まとめではなく公式資料と照合してください。,本記事とメンタルヘルス・マネジメント検定II種の公式情報の確認先はどう使い分けますか？,「本記事とメンタルヘルス・マネジメント検定II種の公式情報の確認先はどう使い分けますか」はメンタルヘルス・マネジメント検定II種の公式テキスト該当章と試験のご紹介（公式）で確認するのが確実です。公式情報の更新確認習慣では、条文の要件（誰が・いつ・何を）を演習問題とセットで押さえてください。,メンタルヘルス・マネジメント検定II種の近年の出題トレンドは公式更新確認にどう使いますか？,読了後は、公式情報の更新確認習慣の関連する演習を5問以上解き、間違えた選択肢を用語解説で確認してから関連ガイドへ進んでください。1週間後の解き直し日をカレンダーに入れると定着しやすくなります。数値・主体・手順は大阪商工会議所の最新案内と照合してください。,,,exam-changes:制度変更;material-update-cycle:版·年度更新;new-topics-trend:出題トレンド;official-info-sources:公式情報,更新確認習慣;月1チェック;要項改定;版更新;50問70点
common-misconceptions,注意点・更新,メンタルヘルス・マネジメント検定II種のよくある誤解,メンタルヘルスII種のよくある誤解公式情報。I種/III種/衛生管理者混同·診断代行を表に整理。メンタルヘルス二種でよくある誤答パターン連携も解説。,メンタルヘルス・マネジメント検定II種（ラインケア）のよくある誤解は、50問·70点のII種をI種·III種·衛生管理者と混同したり、管理監督者が診断·休職勧奨＝解雇と誤解したりするパターンの正本整理です。試験誤答3パターンはメンタルヘルス二種でよくある誤答パターンの記事、コース間の形式比較はメンタルヘルス・マネジメント検定II種の類似資格との比較と役割分担します。公式情報は大阪商工会議所（https://www.mental-health.ne.jp/about/）の試験のご紹介です。,12,誤解;制度変更;合格後,メンタルヘルス二種マスター編集部,資格学習サイトの編集チーム,公式情報確認担当,公開前に一次情報との照合を行う担当者,2026-06-06,試験のご紹介（公式）|https://www.mental-health.ne.jp/about/,手書きリライト 2026-06-06。自動prose差し替え 2026-06-04（要手書き）。注意点・更新向けテンプレートから作成。公開前に本文・参照URL・関連リンクを差し替える。;retire_redirect:study-plan,本記事を読むと、たとえば演習20問·主体混同6問中2問正解の場合に、I種·III種·衛生管理者との混同防止表と診断代行·休職誤解の正解が分かり、メンタルヘルス二種でよくある誤答パターン・メンタルヘルス・マネジメント検定II種の類似資格との比較との使い分けも70点合格に向けて整理できます。,II種50問70点の形式を要項で再確認する;I種·III種·衛生管理者との混同表を暗記する;「管理監督者が診断」誤答を10問解き直す;メンタルヘルス二種でよくある誤答パターンの記事で3パターン分類を確認する;メンタルヘルス・マネジメント検定II種の類似資格との比較の記事で形式比較表を確認する,試験要項・公式ページ更新時に本文と参照元を見直す。,2026-06-06,2026-06-29,2026-06-06,archived,2026-06-12: archived（guide retire p2·study-planへ統合）,よくある誤解の全体像（II種50問70点を基準に）,数値・日程・合格基準は年度で更新されるため、学習前と申込前には試験のご紹介（公式）の最新案内を確認してください。演習でよくある誤解に関する設問を解いたら。正解理由と誤答肢の違いを短くメモし、用語解説・比較表・よくある誤答タブで似た論点を比較表で整理すると定着しやすくなります。 演習10問を解き、解説で参照条文を公式テキストで開いて読み返してください。数値・日程・合格基準は年度で更新されるため、学習前と申込前には大阪商工会議所の最新案内を確認してください。,I種·III種·衛生管理者との混同防止表（II種50問70点）,数値・日程・合格基準は年度で更新されるため、学習前と申込前には試験のご紹介（公式）の最新案内を確認してください。演習でよくある誤解に関する設問を解いたら。正解理由と誤答肢の違いを短くメモし、用語解説・比較表・よくある誤答タブで似た論点を比較表で整理すると定着しやすくなります。 表をノートに転記したら、演習10問で理解を確認し、誤答は公式テキスト該当章で読み直してください。数値・日程・合格基準は年度で更新されるため、学習前と申込前には大阪商工会議所の最新案内を確認してください。,診断代行·休職勧奨の誤解表（管理監督者の正しい行動）,管理監督者は、よくある誤解の場面で「早期発見・傾聴・安全配慮・記録・専門職連携・職場環境改善」のバランスを取る主体として問われます。医学的診断や治療判断は医師の領域であり、管理監督者単独では行いません。 演習では「何をすべきか／すべきでないか」の二択に見える問題でも、プライバシー保護と業務上必要な情報共有の線引きがポイントになることが多いです。「診断代行·休職勧奨の誤解表（管理監督者の正しい行動）」では。よくある誤解について公式テキストの該当章を開き、条文の主体・期限・数値を演習問題とセットで押さえて定着を確認します。数値・日程は試験のご紹介（公式）の最新要項で必ず照合してください。,誤解→正解の対応表（演習での見分け方）,よくある誤解の理解度は、関連する演習問題で確認するのが効率的です。1問解くごとに「根拠はテキストのどの章か」をメモすると、復習時に該当ページへすぐ戻れます。 同じ問題を時間を空けて解き直し、言い換え選択肢でも正解できるかまで確認してください。二回連続正解でも、条件を1語変えた肢で誤答する場合は、用語の定義がまだ曖昧なサインです。「誤解→正解の対応表（演習での見分け方）」では。よくある誤解について公式テキストの該当章を開き、条文の主体・期限・数値を演習問題とセットで押さえて定着を確認します。数値・日程は試験のご紹介（公式）の最新要項で必ず照合してください。,関連ガイドとの使い分け,数値・日程・合格基準は年度で更新されるため、学習前と申込前には試験のご紹介（公式）の最新案内を確認してください。演習でよくある誤解に関する設問を解いたら。正解理由と誤答肢の違いを短くメモし、用語解説・比較表・よくある誤答タブで似た論点を比較表で整理すると定着しやすくなります。 関連記事は役割が重ならないよう、概要→形式→学習計画の順で読むと迷いにくくなります。数値・日程・合格基準は年度で更新されるため、学習前と申込前には大阪商工会議所の最新案内を確認してください。,,,,,II種とI種は同じ試験ですか？,「II種とI種は同じ試験ですか」はメンタルヘルス・マネジメント検定II種の公式テキスト該当章と試験のご紹介（公式）で確認するのが確実です。よくある誤解では、条文の要件（誰が・いつ・何を）を演習問題とセットで押さえてください。,管理監督者はうつ病かどうか判断できますか？,「管理監督者はうつ病かどうか判断できますか」はメンタルヘルス・マネジメント検定II種の公式テキスト該当章と試験のご紹介（公式）で確認するのが確実です。よくある誤解では、条文の要件（誰が・いつ・何を）を演習問題とセットで押さえてください。,本記事とメンタルヘルス二種でよくある誤答パターンはどう使い分けますか？,読了後は、よくある誤解の関連する演習を5問以上解き、間違えた選択肢を用語解説で確認してから関連ガイドへ進んでください。1週間後の解き直し日をカレンダーに入れると定着しやすくなります。数値・主体・手順は大阪商工会議所の最新案内と照合してください。,,,common-mistakes:誤答パターン;line-care:ラインケア;pass-score:合格点,よくある誤解;I種混同;診断代行;50問70点;主体分担
pass-only-past-questions-myth,注意点・更新,メンタルヘルス・マネジメント検定II種の過去問だけで合格できる誤解,メンタルヘルスII種の過去問だけ神話公式情報。用語混同·主体誤答リスクを表に整理。メンタルヘルス・マネジメント検定II種のテキストと過去問の優先順位・メンタルヘルス二種の過去問・演習問題の効果的な使い方連携も解説。,メンタルヘルス・マネジメント検定II種（ラインケア）の過去問だけで合格できる誤解は、50問·120分·70点以上·7領域の試験で公式テキスト未読·過去問暗記のみでは用語混同·主体誤答が増え70点維持が難しくなる学習ミスの公式情報です。教材優先順位はメンタルヘルス・マネジメント検定II種のテキストと過去問の優先順位の記事、演習全体像はメンタルヘルス二種の過去問・演習問題の効果的な使い方と役割分担します。公式情報は大阪商工会議所（https://www.mental-health.ne.jp/about/）の試験のご紹介です。,12,誤解;制度変更;合格後,メンタルヘルス二種マスター編集部,資格学習サイトの編集チーム,公式情報確認担当,公開前に一次情報との照合を行う担当者,2026-06-06,試験のご紹介（公式）|https://www.mental-health.ne.jp/about/,手書きリライト 2026-06-06。自動prose差し替え 2026-06-04（要手書き）。注意点・更新向けテンプレートから作成。公開前に本文・参照URL・関連リンクを差し替える。;retire_redirect:study-plan,本記事を読むと、たとえば過去問50問のみ·56％·用語混同15問の場合に、過去問だけ神話のリスク表とメンタルヘルス・マネジメント検定II種のテキストと過去問の優先順位・メンタルヘルス二種の過去問・演習問題の効果的な使い方との使い分けが分かり、70点合格の正しい教材順序に切り替えられます。,過去問のみ学習の正答率·用語混同数を1枚に記録する;公式テキスト7章1周を8週以内に完了する;メンタルヘルス・マネジメント検定II種のテキストと過去問の優先順位の記事で3段階優先順位表を確認する;メンタルヘルス二種の過去問・演習問題の効果的な使い方の記事で演習4段階サイクルを確認する,試験要項・公式ページ更新時に本文と参照元を見直す。,2026-06-06,2026-06-29,2026-06-06,archived,2026-06-12: archived（guide retire·study-planへ統合）,過去問だけ神話の3リスク（用語混同·主体誤答·70点未達）,過去問だけで合格できる誤解の理解度は、関連する演習問題で確認するのが効率的です。1問解くごとに「根拠はテキストのどの章か」をメモすると、復習時に該当ページへすぐ戻れます。 同じ問題を時間を空けて解き直し、言い換え選択肢でも正解できるかまで確認してください。二回連続正解でも、条件を1語変えた肢で誤答する場合は、用語の定義がまだ曖昧なサインです。「過去問だけ神話の3リスク（用語混同·主体誤答·70点未達）」では。過去問だけで合格できる誤解について公式テキストの該当章を開き、条文の主体・期限・数値を演習問題とセットで押さえて定着を確認します。数値・日程は試験のご紹介（公式）の最新要項で必ず照合してください。,過去問のみ vs テキスト1周の正答率比較表,過去問だけで合格できる誤解の理解度は、関連する演習問題で確認するのが効率的です。1問解くごとに「根拠はテキストのどの章か」をメモすると、復習時に該当ページへすぐ戻れます。 同じ問題を時間を空けて解き直し、言い換え選択肢でも正解できるかまで確認してください。二回連続正解でも、条件を1語変えた肢で誤答する場合は、用語の定義がまだ曖昧なサインです。「過去問のみ vs テキスト1周の正答率比較表」では。過去問だけで合格できる誤解について公式テキストの該当章を開き、条文の主体・期限・数値を演習問題とセットで押さえて定着を確認します。数値・日程は試験のご紹介（公式）の最新要項で必ず照合してください。,用語混同·主体誤答の典型パターン表（領域別）,演習で分からなかった語句は、用語解説タブで定義・試験論点・よくある誤解まで確認します。関連用語から2件以上読むと、過去問だけで合格できる誤解の設問で並べられた選択肢の意図が見えやすくなります。 用語だけ暗記しても事例問題は解けないため、演習→用語→演習の往復を1セットとして回してください。「用語混同·主体誤答の典型パターン表（領域別）」では。過去問だけで合格できる誤解について公式テキストの該当章を開き、条文の主体・期限・数値を演習問題とセットで押さえて定着を確認します。数値・日程は試験のご紹介（公式）の最新要項で必ず照合してください。,過去問神話からの修正4週間プラン表,過去問だけで合格できる誤解の理解度は、関連する演習問題で確認するのが効率的です。1問解くごとに「根拠はテキストのどの章か」をメモすると、復習時に該当ページへすぐ戻れます。 同じ問題を時間を空けて解き直し、言い換え選択肢でも正解できるかまで確認してください。二回連続正解でも、条件を1語変えた肢で誤答する場合は、用語の定義がまだ曖昧なサインです。「過去問神話からの修正4週間プラン表」では。過去問だけで合格できる誤解について公式テキストの該当章を開き、条文の主体・期限・数値を演習問題とセットで押さえて定着を確認します。数値・日程は試験のご紹介（公式）の最新要項で必ず照合してください。,関連ガイドとの使い分け,数値・日程・合格基準は年度で更新されるため、学習前と申込前には試験のご紹介（公式）の最新案内を確認してください。演習で過去問だけで合格できる誤解に関する設問を解いたら。正解理由と誤答肢の違いを短くメモし、用語解説・比較表・よくある誤答タブで似た論点を比較表で整理すると定着しやすくなります。 関連記事は役割が重ならないよう、概要→形式→学習計画の順で読むと迷いにくくなります。数値・日程・合格基準は年度で更新されるため、学習前と申込前には大阪商工会議所の最新案内を確認してください。,,,,,過去問だけで70点合格できますか？,「過去問だけで70点合格できますか」はメンタルヘルス・マネジメント検定II種の公式テキスト該当章と試験のご紹介（公式）で確認するのが確実です。過去問だけで合格できる誤解では、条文の要件（誰が・いつ・何を）を演習問題とセットで押さえてください。,過去問56％から70点に上げるには？,「過去問56％から70点に上げるには」はメンタルヘルス・マネジメント検定II種の公式テキスト該当章と試験のご紹介（公式）で確認するのが確実です。過去問だけで合格できる誤解では、条文の要件（誰が・いつ・何を）を演習問題とセットで押さえてください。,本記事とメンタルヘルス・マネジメント検定II種のテキストと過去問の優先順位はどう使い分けますか？,過去問・演習問題は出題傾向把握と弱点発見に有効です。解きっぱなしにせず、用語解説へ戻る解き直しをセットにします。数値・主体・手順は大阪商工会議所の最新案内と照合してください。 過去問だけで合格できる誤解の論点は演習と試験のご紹介（公式）の要項で確認してください。,,,textbook-vs-past-questions:教材優先順位;past-questions-study:演習全体像;past-questions-first-attempt:初回解き方;pass-score:合格点,過去問神話;用語混同;テキスト1周;50問70点;70点維持
study-hours-myth,注意点・更新,メンタルヘルス・マネジメント検定II種の勉強時間の神話,メンタルヘルスII種の勉強時間神話公式情報。300時間目安·個人差を表に整理。メンタルヘルス・マネジメント検定II種の社会人向け学習計画・メンタルヘルス・マネジメント検定II種の仕事と勉強の両立連携も解説。,「300時間やれば必ず受かる」「1日10時間は必要」——II種（ラインケア）の勉強時間にまつわる、こうした数字を耳にしたことはないでしょうか。実はこれらに公式な根拠はなく、鵜呑みにすると学習計画がかえって歪んでしまいます。本記事では、勉強時間の目安をめぐる思い込みを解きほぐし、自分の状況に合った計画の立て方を考えます。社会人向けの週10時間プランや、仕事と両立する週3時間の進め方は、それぞれ別記事で詳しく紹介します。試験の概要は大阪商工会議所の公式サイト(https://www.mental-health.ne.jp/about/)で確認できます。,12,誤解;制度変更;合格後,メンタルヘルス二種マスター編集部,資格学習サイトの編集チーム,公式情報確認担当,公開前に一次情報との照合を行う担当者,2026-06-06,試験のご紹介（公式）|https://www.mental-health.ne.jp/about/,手書きリライト 2026-06-06。自動prose差し替え 2026-06-04（要手書き）。注意点・更新向けテンプレートから作成。公開前に本文・参照URL・関連リンクを差し替える。;retire_redirect:study-plan,本記事を読むと、たとえば「300時間必須」と聞いて不安な場合に、勉強時間神話の整理表とメンタルヘルス・マネジメント検定II種の社会人向け学習計画・メンタルヘルス・マネジメント検定II種の仕事と勉強の両立との使い分けが分かり、現実的な学習時間計画が立てられます。,勉強時間神話5項目表を1枚にまとめる;週10時間×18週＝180時間の逆算表を書く;演習10問·正答率を記録し時間と成果の相関を確認する;メンタルヘルス・マネジメント検定II種の社会人向け学習計画の記事で社会人週10時間計画を確認する;メンタルヘルス・マネジメント検定II種の仕事と勉強の両立の記事で週3時間最小ラインを確認する,試験要項・公式ページ更新時に本文と参照元を見直す。,2026-06-06,2026-06-29,2026-06-06,published,2026-06-12: archived（guide retire p1·study-planへ統合）,勉強時間神話の全体像（300時間·個人差·50問·70点）,「何時間やれば受かる」という勉強時間の目安はよく語られますが、個人差が大きく、そのまま当てにするのは危険です。合格は時間の総量ではなく、50問・70点（35問正解）に対する到達度（正答率）で決まります。本記事は、漠然とした時間神話を、演習の正答率という実測ベースの指標に置き換えます。時間を目標にすると「やった気」になりやすいため、成果で進捗を測る習慣をつけてください。毎週、正答率の推移を記録して進み具合を確認しましょう。,300時間目安の根拠と個人差表（経験·7領域·正答率）,よく言われる学習時間の目安は、実務経験・予備知識・1日に確保できる時間によって大きく変わります。同じ合計時間でも、演習中心で進めるか通読中心で進めるかで成果はまったく別物になります。合計時間ではなく、領域別の正答率を基準に進捗を測ってください。自分の現在地（どの領域が何%取れているか）を把握すれば、残りに必要な学習量を現実的に見積もれます。現在地が分かれば、不安は具体的な行動計画に変わります。,時間と成果の相関表（演習正答率·解き直し·模試）,学習の成果は、投入した時間の長さより「演習量と解き直しの質」に強く相関します。新しく解く問題数を増やすだけでなく、誤答した設問を翌日・1週間後に解き直す間隔反復を組み込むと、同じ時間でも定着が高まります。逆に、解きっぱなしで先に進むと、時間をかけても正答率が伸びにくくなります。時間ではなく「正しく解き直した回数」を成果の指標にしてください。解き直しの記録をつけると弱点が可視化され、対策しやすくなります。,頻出の時間神話誤答表（暗記偏重·演習不足·一気読み）,ありがちな時間の使い方の誤りは、①暗記偏重で演習不足、②直前の一気読み、③合計時間を達成しただけで安心、の3つです。いずれも本番形式（50問・120分）への適応が抜けがちで、知識はあるのに本番で点が伸びない原因になります。通し演習で時間配分まで含めて仕上げ、誤答の解き直しを習慣化すれば、こうした神話的な落とし穴を避けられます。知識の量より、本番形式での再現性を最終確認の基準にしてください。,関連ガイドとの使い分け,本記事は勉強「時間」の考え方に特化しています。具体的な週次計画の立て方は勉強法、得点の伸ばし方と弱点の見つけ方は得点差分析、効率的な復習の手順はブックマーク復習の各記事と役割を分けています。時間の不安を感じたら、合計時間を増やす前に、これらの記事で「何を・どう解き直すか」を見直すほうが、結果的に近道になります。時間を増やす前に、解き直しの質を見直すことを最初の選択肢にしましょう。,,,,,メンタルヘルス二種は何時間勉強すれば合格できますか？,一律の正解時間はありませんが、初学者で30〜50時間が一つの目安です。合格は4択50問で70点（35問正解）なので、時間数より公式テキストの通読と過去問演習を回した量が合否を分けます。自分の理解度に応じて調整してください。,本記事とメンタルヘルス・マネジメント検定II種の社会人向け学習計画はどう使い分けますか？,本記事は「何時間必要か」という総量の考え方を扱い、社会人向け学習計画の記事は限られた時間を週単位でどう配分するかを扱います。まず本記事で必要量の見当をつけ、計画記事でスケジュールに落とし込む流れで使い分けてください。,週3時間しか確保できない場合は合格できますか？,読了後は、勉強時間の神話の関連する演習を5問以上解き、間違えた選択肢を用語解説で確認してから関連ガイドへ進んでください。1週間後の解き直し日をカレンダーに入れると定着しやすくなります。数値・主体・手順は大阪商工会議所の最新案内と照合してください。,,,study-plan-working:社会人計画;study-plan:7章進め方;pass-score:合格点,勉強時間神話;300時間目安;個人差;週10時間;50問70点
eligibility-myths,注意点・更新,メンタルヘルス・マネジメント検定II種の受験資格の誤解,メンタルヘルスII種の受験資格の誤解を整理。「誰でも受けられる」「管理監督者＝医師」等のよくある誤解と正しい確認手順を表で解説します。メン試験公式情報も確認。,メンタルヘルス・マネジメント検定II種（ラインケア）の受験資格には、現場イメージと制度のズレから生じる誤解が多く見られます。本記事では受験資格の誤解を表に整理し、正しい確認手順はメンタルヘルス・マネジメント検定II種の受験資格と申込前チェックの記事と役割分担します。,12,誤解;制度変更;合格後,メンタルヘルス二種マスター編集部,資格学習サイトの編集チーム,公式情報確認担当,公開前に一次情報との照合を行う担当者,2026-06-06,試験のご紹介（公式）|https://www.mental-health.ne.jp/about/,手書きリライト 2026-06-06。自動prose差し替え 2026-06-04（要手書き）。注意点・更新向けテンプレートから作成。公開前に本文・参照URL・関連リンクを差し替える。;retire_redirect:study-plan,本記事を読むと、たとえば「ストレスチェック実施者なら誰でもII種を受けられる」という誤解を解き、要項表の該当行を特定する手順が分かり、申込前の資格確認ミスを防げます。,よくある誤解5つを自分の理解と照合する;要項のII種ラインケア行で正しい要件を確認する;メンタルヘルス・マネジメント検定II種の受験資格と申込前チェックの記事で申込前チェック5項目を実行する;管理監督者と産業医の役割分担を比較表で確認する;I種·III種·衛生管理者との混同がないかメモする,試験要項・公式ページ更新時に本文と参照元を見直す。,2026-06-06,2026-06-29,2026-06-06,archived,2026-06-12: archived（guide retire·study-planへ統合）,受験資格で起きる典型的な誤解,数値・日程・合格基準は年度で更新されるため、学習前と申込前には試験のご紹介（公式）の最新案内を確認してください。演習で受験資格の誤解に関する設問を解いたら。正解理由と誤答肢の違いを短くメモし、用語解説・比較表・よくある誤答タブで似た論点を比較表で整理すると定着しやすくなります。 演習10問を解き、解説で参照条文を公式テキストで開いて読み返してください。数値・日程・合格基準は年度で更新されるため、学習前と申込前には大阪商工会議所の最新案内を確認してください。,「誰でも受けられる」は本当か,数値・日程・合格基準は年度で更新されるため、学習前と申込前には試験のご紹介（公式）の最新案内を確認してください。演習で受験資格の誤解に関する設問を解いたら。正解理由と誤答肢の違いを短くメモし、用語解説・比較表・よくある誤答タブで似た論点を比較表で整理すると定着しやすくなります。 演習10問を解き、解説で参照条文を公式テキストで開いて読み返してください。数値・日程・合格基準は年度で更新されるため、学習前と申込前には大阪商工会議所の最新案内を確認してください。,管理監督者＝医師という混同,管理監督者は、受験資格の誤解の場面で「早期発見・傾聴・安全配慮・記録・専門職連携・職場環境改善」のバランスを取る主体として問われます。医学的診断や治療判断は医師の領域であり、管理監督者単独では行いません。 演習では「何をすべきか／すべきでないか」の二択に見える問題でも、プライバシー保護と業務上必要な情報共有の線引きがポイントになることが多いです。 演習10問を解き、解説で参照条文を公式テキストで開いて読み返してください。数値・日程・合格基準は年度で更新されるため、学習前と申込前には大阪商工会議所の最新案内を確認してください。,I種·III種·衛生管理者との取り違え,数値・日程・合格基準は年度で更新されるため、学習前と申込前には試験のご紹介（公式）の最新案内を確認してください。演習で受験資格の誤解に関する設問を解いたら。正解理由と誤答肢の違いを短くメモし、用語解説・比較表・よくある誤答タブで似た論点を比較表で整理すると定着しやすくなります。 演習10問を解き、解説で参照条文を公式テキストで開いて読み返してください。数値・日程・合格基準は年度で更新されるため、学習前と申込前には大阪商工会議所の最新案内を確認してください。,誤解を解く正しい確認手順,独学を始める前に、試験のご紹介（公式）で受験資格・試験日程・出題範囲（7領域）・合格基準をメモしてください。受験資格の誤解の学習計画は、公式テキストの章立てと一致させると、過去問の分野ラベルとも対応づけやすくなります。 ブログやSNSの「最新情報」は、必ず大阪商工会議所のページと照合してから採用してください。申込期限や受験料は年度ごとに変わるため、カレンダーに締切を入れてから教材を開く習慣が有効です。,,,,,ストレスチェック実施者なら誰でも受けられますか？,「ストレスチェック実施者なら誰でも受けられますか」はメンタルヘルス・マネジメント検定II種の公式テキスト該当章と試験のご紹介（公式）で確認するのが確実です。受験資格の誤解では、条文の要件（誰が・いつ・何を）を演習問題とセットで押さえてください。,管理監督者は診断や治療方針を決められますか？,「管理監督者は診断や治療方針を決められますか」はメンタルヘルス・マネジメント検定II種の公式テキスト該当章と試験のご紹介（公式）で確認するのが確実です。受験資格の誤解では、条文の要件（誰が・いつ・何を）を演習問題とセットで押さえてください。,III種とII種の受験資格は同じですか？,読了後は、受験資格の誤解の関連する演習を5問以上解き、間違えた選択肢を用語解説で確認してから関連ガイドへ進んでください。1週間後の解き直し日をカレンダーに入れると定着しやすくなります。数値・主体・手順は大阪商工会議所の最新案内と照合してください。,,,eligibility:受験資格チェック;exam-eligibility:受験資格詳細;education-requirement:学歴要件;line-care:ラインケア,よくある誤解;要項正本;管理監督者;混同防止;メンタルヘルス・マネジメント検定II種の受験資格と申込前チェック連携
difficulty-myths,注意点・更新,メンタルヘルス・マネジメント検定II種の難易度の誤解,メンタルヘルスII種の難易度誤解公式情報。70点·独学可·合格率神話を表に整理。メンタルヘルス・マネジメント検定II種の難易度・メンタルヘルス・マネジメント検定II種の合格率と難易度の見方連携も解説。,メンタルヘルス・マネジメント検定II種（ラインケア）の難易度の誤解は、「70点は高すぎる」「独学不可」「合格率が低いから受からない」等の現場イメージと試験形式のズレから生じる誤答の温床です。50問·120分·70点以上·7領域という形式の正しい読み方を本記事で整理し、難易度の定量分析はメンタルヘルス・マネジメント検定II種の難易度·合格率の統計読み方はメンタルヘルス・マネジメント検定II種の合格率と難易度の見方と役割分担します。公式情報は大阪商工会議所（https://www.mental-health.ne.jp/about/）の試験のご紹介です。,12,誤解;制度変更;合格後,メンタルヘルス二種マスター編集部,資格学習サイトの編集チーム,公式情報確認担当,公開前に一次情報との照合を行う担当者,2026-06-06,試験のご紹介（公式）|https://www.mental-health.ne.jp/about/,手書きリライト 2026-06-06。自動prose差し替え 2026-06-04（要手書き）。注意点・更新向けテンプレートから作成。公開前に本文・参照URL・関連リンクを差し替える。;retire_redirect:study-plan,本記事を読むと、たとえば「70点は高すぎて独学不可」と思い込んでいる場合に、誤解5パターン表とメンタルヘルス・マネジメント検定II種の難易度・メンタルヘルス・マネジメント検定II種の合格率と難易度の見方との使い分けが分かり、50問70点の現実的な学習計画が立てられます。,誤解5パターン表を読み自分の該当項目をチェックする;演習50問を解き正答率70％以上か記録する;メンタルヘルス・マネジメント検定II種の難易度の記事で7領域別難易度表を確認する;メンタルヘルス・マネジメント検定II種の合格率と難易度の見方の記事で合格率の母数·読み方を確認する;週10時間×12週の独学計画をカレンダーに登録する,試験要項・公式ページ更新時に本文と参照元を見直す。,2026-06-06,2026-06-29,2026-06-06,archived,2026-06-12: archived（guide retire·study-planへ統合）,難易度誤解5パターン表（70点·独学·合格率）,合格率・合格点は試験のご紹介（公式）の統計・要項で確認します。数字だけで難易度を判断せず、自分の演習得点と弱点分野を合わせて見積もってください。 難易度の誤解の学習時間は、7領域のバランスと仕事の繁忙期を考慮して設定します。「難易度誤解5パターン表（70点·独学·合格率）」では。難易度の誤解について公式テキストの該当章を開き、条文の主体・期限・数値を演習問題とセットで押さえて定着を確認します。数値・日程は試験のご紹介（公式）の最新要項で必ず照合してください。,「70点は高すぎる」誤解の検証表,数値・日程・合格基準は年度で更新されるため、学習前と申込前には試験のご紹介（公式）の最新案内を確認してください。演習で難易度の誤解に関する設問を解いたら。正解理由と誤答肢の違いを短くメモし、用語解説・比較表・よくある誤答タブで似た論点を比較表で整理すると定着しやすくなります。 表をノートに転記したら、演習10問で理解を確認し、誤答は公式テキスト該当章で読み直してください。数値・日程・合格基準は年度で更新されるため、学習前と申込前には大阪商工会議所の最新案内を確認してください。,「独学不可」誤解と学習時間目安表,数値・日程・合格基準は年度で更新されるため、学習前と申込前には試験のご紹介（公式）の最新案内を確認してください。演習で難易度の誤解に関する設問を解いたら。正解理由と誤答肢の違いを短くメモし、用語解説・比較表・よくある誤答タブで似た論点を比較表で整理すると定着しやすくなります。 表をノートに転記したら、演習10問で理解を確認し、誤答は公式テキスト該当章で読み直してください。数値・日程・合格基準は年度で更新されるため、学習前と申込前には大阪商工会議所の最新案内を確認してください。,合格率神話と演習得点の優先順位表,難易度の誤解の理解度は、関連する演習問題で確認するのが効率的です。1問解くごとに「根拠はテキストのどの章か」をメモすると、復習時に該当ページへすぐ戻れます。 同じ問題を時間を空けて解き直し、言い換え選択肢でも正解できるかまで確認してください。二回連続正解でも、条件を1語変えた肢で誤答する場合は、用語の定義がまだ曖昧なサインです。「合格率神話と演習得点の優先順位表」では。難易度の誤解について公式テキストの該当章を開き、条文の主体・期限・数値を演習問題とセットで押さえて定着を確認します。数値・日程は試験のご紹介（公式）の最新要項で必ず照合してください。,関連ガイドとの使い分け,数値・日程・合格基準は年度で更新されるため、学習前と申込前には試験のご紹介（公式）の最新案内を確認してください。演習で難易度の誤解に関する設問を解いたら。正解理由と誤答肢の違いを短くメモし、用語解説・比較表・よくある誤答タブで似た論点を比較表で整理すると定着しやすくなります。 関連記事は役割が重ならないよう、概要→形式→学習計画の順で読むと迷いにくくなります。数値・日程・合格基準は年度で更新されるため、学習前と申込前には大阪商工会議所の最新案内を確認してください。,,,,,70点は本当に取りやすい試験ですか？,「70点は本当に取りやすい試験ですか」はメンタルヘルス・マネジメント検定II種の公式テキスト該当章と試験のご紹介（公式）で確認するのが確実です。難易度の誤解では、条文の要件（誰が・いつ・何を）を演習問題とセットで押さえてください。,独学で合格できますか？,独学でも対策可能です。公式テキスト＋演習問題＋用語解説の3点セットで進め、弱点は比較表・よくある誤答タブで補強してください。数値・主体・手順は大阪商工会議所の最新案内と照合してください。,本記事とメンタルヘルス・マネジメント検定II種の難易度はどう使い分けますか？,読了後は、難易度の誤解の関連する演習を5問以上解き、間違えた選択肢を用語解説で確認してから関連ガイドへ進んでください。1週間後の解き直し日をカレンダーに入れると定着しやすくなります。数値・主体・手順は大阪商工会議所の最新案内と照合してください。,,,exam-difficulty:難易度;pass-rate:合格率;self-study-guide:独学ガイド;pass-score:合格点,難易度誤解;70点;独学可;合格率;50問120分
affiliate-textbooks-recommend,独学対策,メンタルヘルス・マネジメント検定II種のおすすめテキスト3選【2026年度版·独学】,メンタルヘルス・マネジメント検定II種のおすすめテキスト3選。公式第6版·TACスッキリ·サクッとわかるを7領域50問120分·70点前提で比較。12週逆算·購入順序·Amazon URL確定の具体例付き。,独学でII種（ラインケア）に挑むなら、最初のテキスト選びが学習効率を大きく左右します。出題の基準となるのは公式テキスト第6版ですが、初めて学ぶ1周目には、解説の読みやすいTACやナツメ社のテキスト&問題集も心強い味方になります。本記事では、公式第6版・スッキリわかる第2版・サクッとわかるの3冊を、章立て・演習量・予算という観点で比較します。50問・120分・70点合格という本番形式に照らして、自分に合う1冊を見つけてください。掲載価格は執筆時点(2026-06-12)のAmazon税込の参考値です。,26,独学;教材;学習計画;アフィリエイト,メンタルヘルス二種マスター編集部,資格学習サイトの編集チーム,公式情報確認担当,公開前に一次情報との照合を行う担当者,2026-06-16,試験のご紹介（公式）|https://www.mental-health.ne.jp/about/,手書きリライト 2026-06-12 v2。比較: 公式第6版(450258021X)·TACスッキリ(4813286305)·サクッとわかる(4816373098)。Amazon tag=ue083093-22·brief·画像取得済み·published。,本記事を読むと、3冊の向き不向きと公式テキスト併用の順序が分かり、たとえば「6/21演習10問·60％未満2領域→7/5公式第6版購入→8月第1周」まで購入判断と週8時間の配分を設計できます。,"6/14試験のご紹介（公式）で50問·120分·70点·7,480円を1行メモする;6/21演習10問で7領域別正答率を記録し60％未満を特定する;7/5（土）に本記事3冊からテキスト1冊を決め公式第6版を優先検討する;週8時間をテキスト4h+演習4hに固定し8月から50問120分通しを月1回入れる;textbook-selection記事で7領域と章立ての照合を行う",試験要項・公式ページ更新時に本文と参照元を見直す。,2026-06-16,2026-06-29,2026-06-16,published,2026-06-12: 全面リライト v2（3冊比較·Amazon dp確定·表紙画像·published）,6/14（日）：テキスト選びの3基準（正本·7領域·70点）,"II種ラインケアのテキストは、出題正本との章立て一致が最優先です。選ぶ前に試験のご紹介（公式）で50問120分·70点以上を確認し、次の3点で比較してください。たとえば6/12開始で週8時間なら、平日60分テキスト+日曜3時間演習が続きやすい配分です。 | 観点 | 確認内容 |
| --- | --- |
| 正本性 | 公式テキスト第6版と7領域の章対応 |
| 演習接続 | テキスト第1周後におすすめ問題集3選へつながるか |
| 予算 | 受験料7,480円とは別枠で段階投入できるか | 3冊同時購入は避け、要項確認と演習計測のあとに1冊決定してください。",3冊の比較表（価格·判型·向き不向き）,"比較表は「安い順」ではなく、正本との位置づけと学習スタイルで選んでください。執筆時点（2026-06-12）のAmazon税込参考です。購入前に販売ページで再確認が必要です。 | 順位 | 書名 | 税込参考 | 向いている人 |
| --- | --- | --- | --- |
| 1 | 公式テキスト第6版 | 3,630円 | 正本で7領域を体系的に学びたい人 |
| 2 | TACスッキリ第2版 | 2,200円 | イラスト解説で短時間に第1周したい人 |
| 3 | サクッとわかるII·III | 2,200円 | II·IIIを1冊で押さえたい人 | いずれも最終的には公式第6版との照合が必要です。TACとナツメ社を混在させず、1冊80％使い切ってから次へ進むのが定番です。",公式テキスト第6版：出題正本·7領域の基準冊,"メンタルヘルス・マネジメント検定試験公式テキスト Ⅱ種 ラインケアコース〔第6版〕（大阪商工会議所·中央経済社·A5判·Amazon税込参考3,630円）は、第41回公開試験以降の出題正本です。 向いている人：管理監督者として7領域を条文ベースで学びたい人、他社テキストの記述を照合する基準が欲しい人、過去問題集2025年度版と章立てを揃えたい人。 TAC·サクッとわかるとの使い分け：初学者が第1周の全体像を掴むならTAC、本番直前の正本確認は公式第6版、が役割分担の定番です。","TACスッキリ第2版：テキスト&問題集一体·2,200円","スッキリわかる メンタルヘルス・マネジメント検定試験Ⅱ種 テキスト&問題集 第2版（TAC出版·272頁·Amazon税込参考2,200円）は、イラスト解説と章末演習が1冊にまとまった効率重視型です。 向いている人：メンタルヘルス用語に初めて触れる管理職、通勤30分×週5で第1周を進めたい人、予算を2,000円台に抑えつつ演習量も確保したい人。6/21（日）の演習10問で60％未満が2領域以上なら、7月からスッキリで第1周→8月に公式第6版へ移行する判断も有効です。 公式第6版との使い分け：スッキリは理解の補助、合格の正本は公式第6版、と役割を分けて二重購入を同時に開かないでください。","サクッとわかるII·III：コンパクト1冊·2,200円","サクッとわかる! メンタルヘルス・マネジメント検定Ⅱ種·Ⅲ種テキスト&問題集（ナツメ社·256頁·Amazon税込参考2,200円）は、II種とIII種を1冊で学べるコンパクト教材です。 向いている人：II種合格後にIII種も視野に入れたい人、要点整理と模擬試験を短時間で回したい人、TAC以外の第3の選択肢を探している人。II種だけを目指す場合は、章立ての深さでは公式第6版かTACを優先してください。 TACとの使い分け：イラスト量と演習の厚みを重視するならTAC、II·III横断のコンパクトさを重視するならサクッとわかる、が目安です。",購入順序·問題集·50問通し（6〜9月例）,"テキストは「要項確認→演習計測→1冊決定→問題集追加」の順で段階投入します。6/12開始·試験9/6·週8時間の例です。 | 時期 | 購入·学習 | 演習 |
| --- | --- | --- |
| 6月 | 要項·3冊比較 | 6/21演習10問·7領域正答率1行 |
| 7月 | 7/5テキスト1冊·8/2問題集1冊 | 週15問·日曜30分記録 |
| 8月 | 公式第6版第1周 | 弱点領域20問/週 |
| 9/6（土）前 | — | 50問120分·70点以上を目標 | 問題集はおすすめ問題集3選から過去問2025年度版を優先。試験2週前からは新規購入を止め解き直しに集中してください。",次に読む：独学計画と問題集比較,"テキスト1冊が決まったら、次の記事へ進んでください。 ・独学の立ち上げ → [独学の始め方](../self-study-start/)
・章立て照合 → [テキストの選び方](../textbook-selection/)
・50問形式 → [試験形式](../exam-format-overview/)
・演習1冊 → [おすすめ問題集3選](../affiliate-problem-books/)
 収益リンクは比較表のAmazonボタンと本文下の関連リンクに集約しています。",公式テキストは必須ですか？,出題正本のため、最終的には公式テキスト第6版が必要です。たとえば7月はTACスッキリで第1周し、8月に公式第6版で7領域を照合する段階投入も現実的です。予算が厳しい場合も、試験6週前までには公式第6版を手元に置いてください。版情報は購入前にAmazon販売ページで確認できます。,初学者は何を最初に買えばよいですか？,まず受験要項で出題範囲を確認し、演習を少し解いて弱点の傾向が見えてから、まずは1冊にしぼって購入するのがおすすめです。最初から複数冊をそろえる必要はなく、試験日から逆算して、無理なく使い切れる量を選びます。,TACとサクッとわかるはどちらがよいですか？,II種だけを短期で学ぶならTACスッキリ、II·IIIを1冊で比較したいならサクッとわかる、が目安です。どちらも公式第6版の代替にはなりません。8月末までに公式第6版第1周40％を終え、9月の50問通しで70点ラインを確認してから最終判断すると迷いが減ります。価格は購入前に各Amazonリンク先で最新を確認してください。,,,self-study-start:独学の始め方;textbook-selection:テキストの選び方;exam-format-overview:試験形式;affiliate-problem-books:おすすめ問題集3選;study-plan:学習計画;affiliate-online-course-compare:オンライン講座比較;https://www.amazon.co.jp/dp/450258021X/ref=nosim?tag=ue083093-22;https://www.amazon.co.jp/dp/4813286305/ref=nosim?tag=ue083093-22;https://www.amazon.co.jp/dp/4816373098/ref=nosim?tag=ue083093-22,12週逆算;70点ライン;公式第6版;3冊比較;7領域;Amazon URL確定
affiliate-problem-books,独学対策,メンタルヘルス・マネジメント検定II種のおすすめ問題集3選【2026年度版·過去問】,メンタルヘルス・マネジメント検定II種のおすすめ問題集3選。過去問2025·能率協会重要ポイント·TACスッキリを50問120分·70点前提で比較。テキスト第1周後の演習1冊選びと12週逆算例を解説。,テキストを一通り読み終えたら、次は問題集で実戦力を鍛える段階です。II種の問題集は大きく「過去問形式」「要点＋演習」「テキスト併用型」の3タイプに分かれ、自分の弱点や学習スタイルに合わせて1冊選ぶのが定番です。本記事では、過去問題集2025年度版・改訂4版重要ポイント&問題集・TACスッキリ第2版の3冊を比較します。本番は50問を120分で解き70点以上で合格となるため、仕上げには50問通しで実力を測れる問題集が役立ちます。掲載価格は執筆時点(2026-06-12)のAmazon税込の参考値で、形式は要項でご確認ください。,26,独学;教材;学習計画;アフィリエイト,メンタルヘルス二種マスター編集部,資格学習サイトの編集チーム,公式情報確認担当,公開前に一次情報との照合を行う担当者,2026-06-16,試験のご紹介（公式）|https://www.mental-health.ne.jp/about/,手書きリライト 2026-06-12 v2。比較: 過去問2025(450255121X)·能率協会(4820729462)·TAC(4813286305)。Amazon tag=ue083093-22·published。,本記事を読むと、テキスト読了後に買う演習1冊の優先順位が分かり、たとえば「8月公式第1周40％→8/2過去問2025購入→9月50問通し36問」まで演習計画を設計できます。,公式テキスト第1周の進捗率を週次で記録する;8/2（土）までに本記事3冊から問題集1冊を決める;過去問2025は7領域ラベルと公式章の対応表を1枚にする;9月第1週に50問120分通しで70点以上を計測する;past-questions-study記事で解き直し40％をカレンダーに入れる,試験要項・公式ページ更新時に本文と参照元を見直す。,2026-06-16,2026-06-29,2026-06-16,published,2026-06-12: 全面リライト v2（3冊比較·Amazon dp確定·published）,問題集を買うタイミング：テキスト第1周40％以降,"問題集はテキストの置き換えではなく、演習量を確保する第2冊です。公式テキスト第1周が40％を超え、7領域の弱点が数値化してから購入すると消化が追いつきます。 | 信号 | 意味 |
| --- | --- |
| 第1周40％ | 問題集1冊の購入タイミング |
| 60％未満2領域 | 過去問2025で領域別演習を厚くする |
| 50問通し66点未満 | 解き直し週を2週確保する | 3冊同時購入は避け、おすすめテキスト3選で1冊と縦串で選んでください。",3冊の比較表（形式·価格·役割）,"執筆時点（2026-06-12）のAmazon税込参考です。購入前に販売ページで再確認してください。 | 順位 | 書名 | 税込参考 | 役割 |
| --- | --- | --- | --- |
| 1 | 過去問題集2025年度版 | 2,530円 | 本番形式の過去問演習 |
| 2 | 重要ポイント&問題集改訂4版 | 2,200円 | 要点整理+演習の短時間反復 |
| 3 | TACスッキリ第2版 | 2,200円 | テキスト併用型の章末演習 | 第1冊目は過去問2025、通勤で短問を増やすなら能率協会、テキストと同系列で進めたいならTAC、が定番の切り分けです。",過去問題集2025年度版：直近10回·7領域別,"メンタルヘルス・マネジメント検定試験 II種 ラインケアコース 過去問題集 2025年度版（中央経済社·256頁·Amazon税込参考2,530円）は、直近10回分を公式テキスト第5版以降の7領域で分類した定番過去問集です。 向いている人：本番に近い四択演習を厚くしたい人、公式第6版第1周後の演習1冊目を探している人、9月以降に50問通しの得点源を作りたい人。領域別正答率表とセットで週20問ずつ回すと70点ラインが見えやすくなります。",能率協会 重要ポイント&問題集：要点+演習一体,"改訂4版 メンタルヘルス・マネジメント検定試験II種 重要ポイント&問題集（日本能率協会マネジメントセンター·Amazon税込参考2,200円）は、頻出論点の整理と模擬問題が1冊にまとまった通勤向け教材です。 向いている人：移動時間で短問反復したい社会人、過去問の前段階で演習量を確保したい人、主体·手順の引っ掛けを表形式で整理したい人。過去問2025と併用する場合は、過去問を主・能率協会を補助にすると役割がぶれません。",TACスッキリ：テキスト記事と縦串の演習冊,スッキリわかる テキスト&問題集 第2版は、おすすめテキスト3選のTACと章立てが一致する演習冊です。テキスト未購入で演習だけ先に買うのは非推奨——テキスト記事でTACを選んだ場合の第2冊として使うのが効率的です。 過去問2025との使い分け：8月はTAC章末問題、9月は過去問2025の通し演習、という時期分担が12週逆算と整合します。購入前にAmazon販売ページで第2版表記と在庫を確認してください。,9月の50問通しと解き直しループ,"問題集導入後は、50問120分通し→誤答7領域タグ→7日後解き直し、のループです。 | 週 | 作業 |
| --- | --- |
| 月 | 過去問15問（記録） |
| 水 | 誤答5問を用語解説で確認 |
| 土 | 同15問解き直し |
| 月末 | 50問120分通し·70点計測 | 70点未満が2回続く領域だけ週25問に増やし、他領域は維持する配分がpass-score記事の捨て問戦略と整合します。",,,過去問だけで合格できますか？,演習量の確保には有効ですが、出題正本の理解には公式テキスト第6版が必要です。過去問2025はテキスト第1周後の演習1冊目として最適ですが、条文の主体·手順·数値は公式テキストで補強してください。50問通しで70点以上が2回取れれば合格圏の目安です。,問題集はいつ買えばよいですか？,公式テキストを一巡し、内容がある程度つかめてきた段階（学習の中盤ごろ）で、問題集を購入するのがおすすめです。同時に何冊も開くより、まず1冊を最後まで使い切ってから次に進むほうが定着します。価格は購入前に販売ページで最新の情報を確認してください。,能率協会と過去問2025の違いは？,過去問2025は実際の試験形式の過去問中心、能率協会は要点整理+模擬問題で短時間反復向きです。本番形式の演習量を最優先するなら過去問2025を先に、通勤学習で反復を増やすなら能率協会を補助に、と役割分担してください。どちらも公式第6版との照合が前提です。,,,past-questions-study:過去問の使い方;pass-score:合格点の目安;affiliate-textbooks-recommend:おすすめテキスト3選;exam-format-overview:試験形式;study-plan:学習計画;affiliate-online-course-compare:オンライン講座比較;https://www.amazon.co.jp/dp/450255121X/ref=nosim?tag=ue083093-22;https://www.amazon.co.jp/dp/4820729462/ref=nosim?tag=ue083093-22;https://www.amazon.co.jp/dp/4813286305/ref=nosim?tag=ue083093-22,過去問2025;70点ライン;演習1冊;7領域;Amazon URL確定
affiliate-online-course-compare,独学対策,メンタルヘルス・マネジメント検定II種のオンライン講座比較【動画·2026年度版】,メンタルヘルス・マネジメント検定II種のオンライン講座3選比較。スタディングII種·II+IIIダブル·Udemyを50問120分·70点前提で比較。独学テキストとの併用例を具体解説。,メンタルヘルス・マネジメント検定II種のオンライン講座は、動画で7領域を整理しつつ演習量を確保したい独学者向けです。本記事はスタディングII種2026·スタディングII+IIIダブル·Udemy完全対策の3講座を比較します。料金は各公式ページで最新を確認してください。通信講座比較記事は大学系·II+III通信向け、本記事は動画·買い切り中心です。,26,独学;教材;学習計画;アフィリエイト,メンタルヘルス二種マスター編集部,資格学習サイトの編集チーム,公式情報確認担当,公開前に一次情報との照合を行う担当者,2026-07-28,試験のご紹介（公式）|https://www.mental-health.ne.jp/about/,手書きリライト 2026-06-12 v2。比較: スタディングII種·スタディングII+III·Udemy。公式直リンク·published。 ASP未設定のためdraft（講座公式直リンクは導線対象外） afbスタディング設置 2026-07-28,本記事を読むと、動画講座3つの向き不向きが分かり、たとえば「II種のみ→スタディング単科·III種も視野→ダブルコース·予算抑制→Udemy」まで1講座の選び方を設計できます。,試験のご紹介（公式）で50問·120分·70点を1行メモする;3講座の無料情報·体験を各公式ページで確認する;II種のみならスタディング単科を第一候補にする;III種も視野ならダブルコースとキャリカレを比較する;affiliate-correspondence-courseで通信型の代替も確認する,試験要項・公式ページ更新時に本文と参照元を見直す。,2026-07-28,2026-06-29,2026-07-28,published,2026-07-28: afbスタディング設置・published（visit.php a=y7404W-g7355640_T）,オンライン講座を選ぶ3基準,"オンライン講座は、テキストで伸び悩む領域を動画で補強する用途が大きいです。 | 観点 | 確認内容 |
| --- | --- |
| 特化度 | II種のみかII+IIIか |
| 視聴環境 | スマホ·通勤で進められるか |
| 総額 | 受験料7,480円+教材費との兼ね合い | 講座だけで完結させず、おすすめテキスト3選と当サイト演習をセットにしてください。",3講座の比較表,"| 講座 | 提供者 | 特徴 |
| --- | --- | --- |
| II種合格2026 | スタディング | II種特化·動画+演習 |
| II+IIIダブル2026 | スタディング | 連続学習·2資格視野 |
| ラインケア完全対策 | Udemy | 買い切り動画·手軽に開始 | II種短期合格が最優先ならスタディング単科、買い切りで補助教材が欲しいならUdemy、II·III連続ならダブルコース、が定番です。",スタディングII種合格コース2026,スタディングのII種合格コースは、2026年度試験向けの動画·問題演習が中心です。スマホ視聴しやすく、独学テキストとの併用向きです。通信講座比較記事のスタディング項目と同一コースですが、本記事は動画学習の観点でUdemy·ダブルコースと比較します。契約前に公式LPでII種ラインケア7領域のカリキュラム表を確認し、おすすめテキスト3選で選んだ1冊と章対応が取れるかを照合してください。,スタディングII+IIIダブルチャレンジ2026,II種合格後にIII種まで視野に入れる場合の連続コースです。キャリカレのII·III通信講座と役割が近いため、動画中心ならスタディングダブル、通信カリキュラム重視ならキャリカレ、と比較して選んでください。II種のみ9月試験が最優先なら単科コースの方が学習が集中しやすく、ダブルはIII種取得まで半年以内の計画がある場合に検討するのが定番です。契約前に各公式LPで受講期間と総額を1行メモしてから比較表で選んでください。,Udemy：買い切り動画で要点補強,Udemyのメンタルヘルス・マネジメント検定II種ラインケア完全対策は、買い切り動画で要点を押さえる補助教材です。スタディングほどのカリキュラム一体型ではないため、公式第6版第1周の補助·弱点領域の再視聴向きと割り切ると使いやすいです。セール価格は変動するため、購入前にUdemyページで確認してください。メイン演習はおすすめ問題集3選と当サイト無料演習で確保する前提で使ってください。,独学·テキストとの併用,講座導入の順序は「テキスト1冊→演習計測→動画で弱点補強」です。9月の50問通しで70点未満が続く領域だけ動画を視聴し、それ以外は過去問解き直しに時間を配分してください。試験2週前からは新規講座コンテンツの追加を止め、誤答復習を優先します。週8時間を確保できている独学者は、講座なしでも70点ラインに届く場合が多いです。迷ったら通信講座比較記事で大学系通信との違いも併せて確認してください。,,,Udemyだけで足りますか？,補助教材としては有効ですが、出題正本の公式第6版と過去問演習は別途必要です。Udemyは弱点領域の動画復習、スタディングはカリキュラム一体型、と役割を分けてください。50問通しで70点以上が2回取れれば、Udemy単体でも合格圏の目安です。,II+IIIダブルコースはいつ選ぶ？,II種合格後にIII種を半年以内に取りたい場合に検討します。II種のみ9月試験なら単科コースの方が学習が集中しやすいです。通信型と比較する場合は通信講座比較記事も併読してください。II種の70点ラインが先に安定してからIII種計画に移るのが失敗しにくい順序です。,オンラインと通信の違いは？,本サイトでは、動画·スマホ視聴中心をオンライン講座、大学系通信·II+IIIパッケージを通信講座比較記事、で整理しています。スタディングは両記事に登場するため、学習スタイル（動画中心かカリキュラム表重視か）で選んでください。,,,correspondence-course-guide:通信講座の選び方;self-study-start:独学の始め方;study-plan:勉強法;affiliate-textbooks-recommend:おすすめテキスト;affiliate-problem-books:おすすめ問題集;affiliate-correspondence-course:通信講座の比較;https://t.afi-b.com/visit.php?a=y7404W-g7355640_T&p=b981480C:スタディング メンタルヘルス・マネジメント検定（afb）,動画比較;II+III;Udemy買い切り;70点ライン;独学併用
affiliate-correspondence-course,独学対策,メンタルヘルス・マネジメント検定II種の通信講座比較【2026年度版·独学併用】,メンタルヘルス・マネジメント検定II種の通信講座3社比較。スタディング·産業能率大学·キャリカレを50問120分·70点前提で比較。独学テキストとの併用例と選び方を具体解説。,メンタルヘルス・マネジメント検定II種の通信講座は、動画·カリキュラムで学習ペースを守りたい管理職向けの選択肢です。本記事はスタディング·産業能率大学総合研究所·キャリカレの3講座を、II種特化度·II+III対応·学習スタイルで比較します。受講料は各公式ページで最新を確認してください。例えば6/21（日）演習10問→7月資料確認→8月テキスト第1周、のあと週5時間未満が続くなら講座検討、が目安です。,26,独学;教材;学習計画;アフィリエイト,メンタルヘルス二種マスター編集部,資格学習サイトの編集チーム,公式情報確認担当,公開前に一次情報との照合を行う担当者,2026-06-16,試験のご紹介（公式）|https://www.mental-health.ne.jp/about/,手書きリライト 2026-06-12 v2。比較: スタディングII種2026·産業能率大学·キャリカレII+III。公式直リンク·published。 ASP未設定のためdraft（講座公式直リンクは導線対象外）,本記事を読むと、3講座の向き不向きと独学との役割分担が分かり、たとえば「週5時間止まり→7月スタディング比較→9月50問通し」まで通信講座1社の選び方を設計できます。,"6/14要項で50問·120分·70点·7,480円を1行メモする;6/21演習10問で7領域別正答率を記録する;7月第2週に3講座の公式ページでII種カリキュラムを照合する;週8時間確保できない場合のみ講座契約を検討する;affiliate-online-course-compareで動画中心の代替も比較する",試験要項・公式ページ更新時に本文と参照元を見直す。,2026-06-16,2026-06-29,2026-06-16,draft,2026-06-12: 全面リライト v2（3講座比較·直リンク確定·published）; 2026-07-28: afbスタディングURL反映（draft維持・他社ASP待ち）,通信講座を選ぶ3基準（II種特化·ペース·演習接続）,"通信講座はテキストの代替ではなく、週次ペースと動画解説で独学の抜けを埋める用途です。選ぶ前に次の3点で比較してください。 | 観点 | 確認内容 |
| --- | --- |
| II種特化 | ラインケア7領域のカリキュラムがあるか |
| 時間確保 | 週8時間未満が4週続くか |
| 教材接続 | おすすめテキスト3選·問題集3選と併用できるか | 講座導入前に独学2週+演習10問で本当に時間不足かを確認してください。",3講座の比較表,"料金·開講時期は各公式ページが正本です。申込前に必ず再確認してください。 | 講座 | 提供者 | 特徴 |
| --- | --- | --- |
| II種合格コース2026 | スタディング | II種特化·動画中心 |
| II種対策講座 | 産業能率大学 | 大学系通信研修 |
| II·III種講座 | キャリカレ | II+IIIを1講座で学習 | II種だけを目指すならスタディングか産業能率大学、III種も視野に入れるならキャリカレかオンライン講座のダブルコース、が定番の切り分けです。",スタディング：II種合格コース2026,スタディングのメンタルヘルス・マネジメント検定Ⅱ種合格コース（2026年度試験対応）は、動画とWeb教材でII種ラインケアに特化したオンライン学習コースです。 向いている人：スマホで通勤学習したい人、独学で週5時間未満が続く人、公式テキストと並行して動画解説が欲しい人。おすすめテキスト3選の公式第6版と併用し、講座は弱点領域の解説·ペース配分に使うと二重支出を防げます。,産業能率大学：II種対策通信研修,産業能率大学総合研究所のメンタルヘルス・マネジメント検定Ⅱ種対策講座は、大学系の通信研修として計画的に進めやすいコースです。 向いている人：社内研修と連動して学びたい管理職、通信のカリキュラム表で週次計画を固定したい人、スタディング以外の第2候補を探している人。申込前に公式ページで開講時期と受講料を確認してください。週8時間未満が4週続く場合のみ、独学との併用候補として検討するのが定番です。,キャリカレ：II·III種を1講座で,キャリカレのメンタルヘルス・マネジメント検定Ⅱ種·Ⅲ種講座は、II種合格後のIII種まで視野に入れた学習向けです。 向いている人：II·IIIを連続で取得したい人、通信で自分のペースを維持したい人。II種だけを短期合格したい場合は、スタディングII種特化コースの方がカリキュラムが絞りやすいです。9月試験のみを目標にするなら、まずおすすめテキスト3選で独学2週を試してから契約を判断してください。,独学との併用例（6〜9月）,"| 時期 | 独学 | 講座 |
| --- | --- | --- |
| 6月 | 要項·演習10問 | 3講座の公式ページ比較 |
| 7月 | テキスト1冊決定 | 週5時間未満なら契約検討 |
| 8月 | 公式第6版第1周 | 弱点領域の動画のみ視聴 |
| 9月 | 50問通し·70点計測 | 講座は解き直し補助に限定 | 動画中心で手軽に始めたい場合はオンライン講座比較記事も併読してください。",,,通信講座は必須ですか？,必須ではありません。週8時間確保でき、50問通しで70点以上が取れるなら独学+当サイト演習で足りる場合が多いです。週5時間未満が1ヶ月続く、かつ60％未満領域が2つ残るなら検討段階です。契約前に2週独学を試してください。,スタディングとキャリカレの違いは？,スタディングはII種特化の動画コース、キャリカレはII·IIIを1講座で学べる点が大きな違いです。II種のみ短期合格ならスタディング、III種まで視野に入れるならキャリカレかスタディングのダブルコース、と切り分けてください。,講座とテキストはどちらを先に？,テキスト（公式第6版）が先です。おすすめテキスト3選で1冊を決め、第1周を進めてから講座を追加するとカリキュラムと演習の重複が減ります。受講料と教材費は別予算で、9月以降は演習量を最優先してください。,,,correspondence-course-guide:通信講座の選び方;self-study-start:独学の始め方;study-plan:勉強法;affiliate-textbooks-recommend:おすすめテキスト;affiliate-online-course-compare:オンライン講座の比較;affiliate-problem-books:おすすめ問題集;https://t.afi-b.com/visit.php?a=y7404W-g7355640_T&p=b981480C:スタディング メンタルヘルス・マネジメント検定（afb）,12週逆算;70点ライン;3講座比較;独学併用;公式LP要確認
affiliate-cram-school,独学対策,メンタルヘルス・マネジメント検定II種の資格学校・通学講座の選び方,メンタルヘルス・マネジメント検定II種の資格学校・通学講座の選び方について、管理監督者試験で問われる論点と学習の進め方を解説。公式情報の確認ポイントと演習・用語解説の活用法をまとめます。,独学で合格を目指す場合は、教材を増やす前に出題範囲と復習の仕組みを決めておくことが大切です。,26,独学;教材;学習計画;アフィリエイト,メンタルヘルス二種マスター編集部,資格学習サイトの編集チーム,公式情報確認担当,公開前に一次情報との照合を行う担当者,2026-05-30,試験のご紹介（公式）|https://www.mental-health.ne.jp/about/,独学対策向けテンプレートから作成。公開前に本文・参照URL・関連リンクを差し替える。 ASP未設定のためdraft（講座公式直リンクは導線対象外）,本記事を読むと、メンタルヘルス・マネジメント検定II種の資格学校・通学講座の選び方について、公式テキストと試験のご紹介（公式）で押さえる論点と、演習→用語解説→1週間後の解き直しまでの復習順が具体的に分かります。,メンタルヘルス・マネジメント検定II種の資格学校・通学講座の選び方について【行動1】を公式要項と照合して確認する;メンタルヘルス・マネジメント検定II種の資格学校・通学講座の選び方について【行動2】を公式要項と照合して確認する;メンタルヘルス・マネジメント検定II種の資格学校・通学講座の選び方について【行動3】を公式要項と照合して確認する,試験要項・公式ページ更新時に本文と参照元を見直す。,2026-05-30,2026-06-29,2026-05-30,draft,ガイド記事テンプレート で 2026-05-30 作成。; ASPリンク未設定のため draft（非公開） (2026-06-03),独学前に公式情報を確認,独学を始める前に、試験のご紹介（公式）で受験資格・試験日程・出題範囲（7領域）・合格基準をメモしてください。資格学校・通学講座の選び方の学習計画は、公式テキストの章立てと一致させると、過去問の分野ラベルとも対応づけやすくなります。 ブログやSNSの「最新情報」は、必ず大阪商工会議所のページと照合してから採用してください。申込期限や受験料は年度ごとに変わるため、カレンダーに締切を入れてから教材を開く習慣が有効です。,教材・参考書の選び方,資格学校・通学講座の選び方向けには、大阪商工会議所発行の公式テキスト（ラインケアコース）を軸に置くのが基本です。問題集は年度・版の表記を確認し、7領域すべてをカバーしているかを目次でチェックしてください。 教材を増やしすぎるより、1冊を2周してから演習問題・一問一答で穴を見つける方が、管理監督者の実務イメージもつきやすくなります。演習で資格学校・通学講座の選び方に関する設問を解いたら。正解理由と誤答肢の違いを短くメモし、用語解説・比較表・よくある誤答タブで似た論点を比較表で整理すると定着しやすくなります。,過去問で現在地を確認,最初の過去問は、資格学校・通学講座の選び方に限定せず1回分を通しで解き、7領域のうちどこで迷ったかを記録します。たとえば「相談対応」と「法令」の問題を取り違えた、など分野名でメモすると復習が楽です。 得点より「どの用語が弱いか」を把握することが目的です。不正解の選択肢は、用語解説で定義と試験論点を確認してから同分野の演習へ戻ってください。「過去問で現在地を確認」では、資格学校・通学講座の選び方について公式テキストの該当章を開き、主体・期限・数値をメモしながら演習問題で定着を確認します。数値・日程は試験のご紹介（公式）の最新要項で必ず照合してください。,復習を計画に入れる,復習は「翌日・3日後・1週間後」の3回サイクルをカレンダーに先に入れておくと実行しやすくなります。資格学校・通学講座の選び方で間違えた問題は、正答番号ではなく「なぜ他の肢が違うか」まで言語化してから次へ進みます。 アプリのブックマークや復習機能に、分野タグ付きで残しておくと、直前期に資格学校・通学講座の選び方関連の弱点だけを絞り込めます。「復習を計画に入れる」では、資格学校・通学講座の選び方について公式テキストの該当章を開き、主体・期限・数値をメモしながら演習問題で定着を確認します。数値・日程は試験のご紹介（公式）の最新要項で必ず照合してください。,直前期の絞り込み,試験直前は新しい参考書を増やさず、資格学校・通学講座の選び方で何度も迷った分野と頻出用語に絞ります。7領域のうち得点率が低い領域を1つ選び、用語10語＋演習20問程度をセットで見直すのが目安です。 前日は暗記の詰め込みより、睡眠と当日の持ち物・会場確認を優先してください。数値（面接指導の時間、ストレスチェックの対象人数など）は早見表タブで最終確認すると安心です。,,,,,独学では何から始めればよいですか？,「独学では何から始めればよいですか」はメンタルヘルス・マネジメント検定II種の公式テキスト該当章と試験のご紹介（公式）で確認するのが確実です。資格学校・通学講座の選び方では、条文の要件（誰が・いつ・何を）を演習問題とセットで押さえてください。,過去問だけで足りますか？,試験では「資格学校・通学講座の選び方」が、管理監督者の行動として正しいか／主体を取り違えていないか、という形で四択出題されます。誤答肢は「一人で診断」「過度な情報開示」などが典型です。数値・主体・手順は大阪商工会議所の最新案内と照合してください。,「資格学校・通学講座の選び方」は独学でも対策できますか？,読了後は、資格学校・通学講座の選び方の関連する演習を5問以上解き、間違えた選択肢を用語解説で確認してから関連ガイドへ進んでください。1週間後の解き直し日をカレンダーに入れると定着しやすくなります。,,,study-plan:学習計画;glossary-how-to:用語ハブ活用法,独学前に公式情報を確認;教材・参考書の選び方;過去問で現在地を確認;復習を計画に入れる;直前期の絞り込み
affiliate-mock-exam-materials,過去問活用,メンタルヘルス・マネジメント検定II種の模試・予想問題の選び方,メンタルヘルス・マネジメント検定II種の模試・予想問題の選び方について、管理監督者試験で問われる論点と学習の進め方を解説。公式情報の確認ポイントと演習・用語解説の活用法をまとめます。,メンタルヘルス・マネジメント検定II種の模試・予想問題の選び方について、管理監督者が現場で迷いやすい論点と試験での出題パターンを整理する記事です。公式テキストと試験のご紹介（公式）を参照しながら、演習・用語解説で弱点を補強する進め方をまとめます。,30,過去問;模試;復習;アフィリエイト,メンタルヘルス二種マスター編集部,資格学習サイトの編集チーム,公式情報確認担当,公開前に一次情報との照合を行う担当者,2026-05-30,試験のご紹介（公式）|https://www.mental-health.ne.jp/about/,過去問活用向けテンプレートから作成。公開前に本文・参照URL・関連リンクを差し替える。,本記事を読むと、メンタルヘルス・マネジメント検定II種の模試・予想問題の選び方について、公式テキストと試験のご紹介（公式）で押さえる論点と、演習→用語解説→1週間後の解き直しまでの復習順が具体的に分かります。,メンタルヘルス・マネジメント検定II種の模試・予想問題の選び方について【行動1】を公式要項と照合して確認する;メンタルヘルス・マネジメント検定II種の模試・予想問題の選び方について【行動2】を公式要項と照合して確認する;メンタルヘルス・マネジメント検定II種の模試・予想問題の選び方について【行動3】を公式要項と照合して確認する,試験要項・公式ページ更新時に本文と参照元を見直す。,2026-05-30,2026-06-29,2026-05-30,draft,ガイド記事テンプレート で 2026-05-30 作成。; ASPリンク未設定のため draft（非公開） (2026-06-03),最初は年度別に解く,過去問はまず1つの実施回を通しで解き、7領域ごとの正答率をざっくり把握します。模試・予想問題の選び方に関連する分野の問題数が多い回を選ぶより、全体の出題バランスを見る方が初期分析には有効です。 解説を読む際は、管理監督者の行動として正しいか／法令上の主体が誰か、を必ず確認してください。同じ回を2周目以降は、時間を計って解くと本番のペース感がつかめます。「最初は年度別に解く」では、模試・予想問題の選び方について公式テキストの該当章を開き、主体・期限・数値をメモしながら演習問題で定着を確認します。数値・日程は試験のご紹介（公式）の最新要項で必ず照合してください。,模試・一問一答の位置づけ,一問一答は、通勤時間などの隙間に7領域を短時間で確認するのに向いています。模試形式の演習は、本番に近い問題数・時間配分の練習に使い、弱点が見えた分野は用語解説へ戻ります。 模試・予想問題の選び方の学習では、一問一答で「用語の定義」、四択演習で「事例判断」の両方を回すとバランスが取れます。「模試・一問一答の位置づけ」では、模試・予想問題の選び方について公式テキストの該当章を開き、主体・期限・数値をメモしながら演習問題で定着を確認します。数値・日程は試験のご紹介（公式）の最新要項で必ず照合してください。,間違いの理由を分類する,誤答の理由を「知識不足」「用語混同」「読み飛ばし」「主体の取り違え（管理監督者 vs 産業医）」に分類すると、次の対策が決まります。混同が多い場合は比較表タブを優先してください。 ノートの1行例：「第○問／相談対応／『記録の開示範囲』を混同」。この形式で模試・予想問題の選び方関連の誤答を溜めると、直前の解き直しが効率的になります。「間違いの理由を分類する」では、模試・予想問題の選び方について公式テキストの該当章を開き、主体・期限・数値をメモしながら演習問題で定着を確認します。数値・日程は試験のご紹介（公式）の最新要項で必ず照合してください。,解き直しのタイミング,解き直しは、当日・3日後・1週間後の間隔を空けると記憶の定着を確認しやすくなります。ブラウザの復習機能やブックマーク一覧を「模試・予想問題の選び方関連」でフィルタし、優先順位を付けてください。 2回連続で正解できても、解説を読まずに選んだ問題は三回目も解き直し対象にします。「なぜ正解か」を言語化できるまでが、本番レベルの理解です。「解き直しのタイミング」では、模試・予想問題の選び方について公式テキストの該当章を開き、主体・期限・数値をメモしながら演習問題で定着を確認します。数値・日程は試験のご紹介（公式）の最新要項で必ず照合してください。,用語・分野別学習へ戻る,演習で分からなかった語句は、用語解説タブで定義・試験論点・よくある誤解まで確認します。関連用語から2件以上読むと、模試・予想問題の選び方の設問で並べられた選択肢の意図が見えやすくなります。 用語だけ暗記しても事例問題は解けないため、演習→用語→演習の往復を1セットとして回してください。「用語・分野別学習へ戻る」では、模試・予想問題の選び方について公式テキストの該当章を開き、主体・期限・数値をメモしながら演習問題で定着を確認します。数値・日程は試験のご紹介（公式）の最新要項で必ず照合してください。,,,,,過去問だけで合格できますか？,「過去問だけで合格できますか」はメンタルヘルス・マネジメント検定II種の公式テキスト該当章と試験のご紹介（公式）で確認するのが確実です。模試・予想問題の選び方では、条文の要件（誰が・いつ・何を）を演習問題とセットで押さえてください。,復習では何を見ればよいですか？,試験では「模試・予想問題の選び方」が、管理監督者の行動として正しいか／主体を取り違えていないか、という形で四択出題されます。誤答肢は「一人で診断」「過度な情報開示」などが典型です。数値・主体・手順は大阪商工会議所の最新案内と照合してください。,「模試・予想問題の選び方」は独学でも対策できますか？,読了後は、模試・予想問題の選び方の関連する演習を5問以上解き、間違えた選択肢を用語解説で確認してから関連ガイドへ進んでください。1週間後の解き直し日をカレンダーに入れると定着しやすくなります。数値・主体・手順は大阪商工会議所の最新案内と照合してください。,,,study-plan:学習計画;glossary-how-to:用語ハブ活用法,最初は年度別に解く;模試・一問一答の位置づけ;間違いの理由を分類する;解き直しのタイミング;用語・分野別学習へ戻る
affiliate-free-vs-paid-study,独学対策,メンタルヘルス・マネジメント検定II種の無料と有料教材の使い分け,メンタルヘルス・マネジメント検定II種の無料と有料教材の使い分けについて、管理監督者試験で問われる論点と学習の進め方を解説。公式情報の確認ポイントと演習・用語解説の活用法をまとめます。,独学で合格を目指す場合は、教材を増やす前に出題範囲と復習の仕組みを決めておくことが大切です。,26,独学;教材;学習計画;アフィリエイト,メンタルヘルス二種マスター編集部,資格学習サイトの編集チーム,公式情報確認担当,公開前に一次情報との照合を行う担当者,2026-05-30,試験のご紹介（公式）|https://www.mental-health.ne.jp/about/,独学対策向けテンプレートから作成。公開前に本文・参照URL・関連リンクを差し替える。,本記事を読むと、メンタルヘルス・マネジメント検定II種の無料と有料教材の使い分けについて、公式テキストと試験のご紹介（公式）で押さえる論点と、演習→用語解説→1週間後の解き直しまでの復習順が具体的に分かります。,メンタルヘルス・マネジメント検定II種の無料と有料教材の使い分けについて【行動1】を公式要項と照合して確認する;メンタルヘルス・マネジメント検定II種の無料と有料教材の使い分けについて【行動2】を公式要項と照合して確認する;メンタルヘルス・マネジメント検定II種の無料と有料教材の使い分けについて【行動3】を公式要項と照合して確認する,試験要項・公式ページ更新時に本文と参照元を見直す。,2026-05-30,2026-06-29,2026-05-30,draft,ガイド記事テンプレート で 2026-05-30 作成。; ASPリンク未設定のため draft（非公開） (2026-06-03),独学前に公式情報を確認,独学を始める前に、試験のご紹介（公式）で受験資格・試験日程・出題範囲（7領域）・合格基準をメモしてください。無料と有料教材の使い分けの学習計画は、公式テキストの章立てと一致させると、過去問の分野ラベルとも対応づけやすくなります。 ブログやSNSの「最新情報」は、必ず大阪商工会議所のページと照合してから採用してください。申込期限や受験料は年度ごとに変わるため、カレンダーに締切を入れてから教材を開く習慣が有効です。,教材・参考書の選び方,無料と有料教材の使い分け向けには、大阪商工会議所発行の公式テキスト（ラインケアコース）を軸に置くのが基本です。問題集は年度・版の表記を確認し、7領域すべてをカバーしているかを目次でチェックしてください。 教材を増やしすぎるより、1冊を2周してから演習問題・一問一答で穴を見つける方が、管理監督者の実務イメージもつきやすくなります。演習で無料と有料教材の使い分けに関する設問を解いたら。正解理由と誤答肢の違いを短くメモし、用語解説・比較表・よくある誤答タブで似た論点を比較表で整理すると定着しやすくなります。,過去問で現在地を確認,最初の過去問は、無料と有料教材の使い分けに限定せず1回分を通しで解き、7領域のうちどこで迷ったかを記録します。たとえば「相談対応」と「法令」の問題を取り違えた、など分野名でメモすると復習が楽です。 得点より「どの用語が弱いか」を把握することが目的です。不正解の選択肢は、用語解説で定義と試験論点を確認してから同分野の演習へ戻ってください。「過去問で現在地を確認」では、無料と有料教材の使い分けについて公式テキストの該当章を開き、主体・期限・数値をメモしながら演習問題で定着を確認します。数値・日程は試験のご紹介（公式）の最新要項で必ず照合してください。,復習を計画に入れる,復習は「翌日・3日後・1週間後」の3回サイクルをカレンダーに先に入れておくと実行しやすくなります。無料と有料教材の使い分けで間違えた問題は、正答番号ではなく「なぜ他の肢が違うか」まで言語化してから次へ進みます。 アプリのブックマークや復習機能に、分野タグ付きで残しておくと、直前期に無料と有料教材の使い分け関連の弱点だけを絞り込めます。「復習を計画に入れる」では、無料と有料教材の使い分けについて公式テキストの該当章を開き、主体・期限・数値をメモしながら演習問題で定着を確認します。数値・日程は試験のご紹介（公式）の最新要項で必ず照合してください。,直前期の絞り込み,試験直前は新しい参考書を増やさず、無料と有料教材の使い分けで何度も迷った分野と頻出用語に絞ります。7領域のうち得点率が低い領域を1つ選び、用語10語＋演習20問程度をセットで見直すのが目安です。 前日は暗記の詰め込みより、睡眠と当日の持ち物・会場確認を優先してください。数値（面接指導の時間、ストレスチェックの対象人数など）は早見表タブで最終確認すると安心です。,,,,,独学では何から始めればよいですか？,「独学では何から始めればよいですか」はメンタルヘルス・マネジメント検定II種の公式テキスト該当章と試験のご紹介（公式）で確認するのが確実です。無料と有料教材の使い分けでは、条文の要件（誰が・いつ・何を）を演習問題とセットで押さえてください。,過去問だけで足りますか？,試験では「無料と有料教材の使い分け」が、管理監督者の行動として正しいか／主体を取り違えていないか、という形で四択出題されます。誤答肢は「一人で診断」「過度な情報開示」などが典型です。数値・主体・手順は大阪商工会議所の最新案内と照合してください。,「無料と有料教材の使い分け」は独学でも対策できますか？,読了後は、無料と有料教材の使い分けの関連する演習を5問以上解き、間違えた選択肢を用語解説で確認してから関連ガイドへ進んでください。1週間後の解き直し日をカレンダーに入れると定着しやすくなります。数値・主体・手順は大阪商工会議所の最新案内と照合してください。,,,study-plan:学習計画;glossary-how-to:用語ハブ活用法;https://www.amazon.co.jp/dp/450258021X/ref=nosim?tag=ue083093-22:公式テキスト第6版（Amazon）,独学前に公式情報を確認;教材・参考書の選び方;過去問で現在地を確認;復習を計画に入れる;直前期の絞り込み
affiliate-beginner-material-set,学習計画,メンタルヘルス・マネジメント検定II種の初学者向け教材セット,メンタルヘルス・マネジメント検定II種の初学者向け教材セットについて、管理監督者試験で問われる論点と学習の進め方を解説。公式情報の確認ポイントと演習・用語解説の活用法をまとめます。,メンタルヘルス・マネジメント検定II種の初学者向け教材セットについて、管理監督者が現場で迷いやすい論点と試験での出題パターンを整理する記事です。公式テキストと試験のご紹介（公式）を参照しながら、演習・用語解説で弱点を補強する進め方をまとめます。,25,学習計画;試験対策;アフィリエイト,メンタルヘルス二種マスター編集部,資格学習サイトの編集チーム,公式情報確認担当,公開前に一次情報との照合を行う担当者,2026-05-30,試験のご紹介（公式）|https://www.mental-health.ne.jp/about/,学習計画向けテンプレートから作成。公開前に本文・参照URL・関連リンクを差し替える。,本記事を読むと、メンタルヘルス・マネジメント検定II種の初学者向け教材セットについて、公式テキストと試験のご紹介（公式）で押さえる論点と、演習→用語解説→1週間後の解き直しまでの復習順が具体的に分かります。,メンタルヘルス・マネジメント検定II種の初学者向け教材セットについて【行動1】を公式要項と照合して確認する;メンタルヘルス・マネジメント検定II種の初学者向け教材セットについて【行動2】を公式要項と照合して確認する;メンタルヘルス・マネジメント検定II種の初学者向け教材セットについて【行動3】を公式要項と照合して確認する,試験要項・公式ページ更新時に本文と参照元を見直す。,2026-05-30,2026-06-29,2026-05-30,draft,ガイド記事テンプレート で 2026-05-30 作成。; ASPリンク未設定のため draft（非公開） (2026-06-03),全体像を分野に分ける,「全体像を分野に分ける」は初学者向け教材セットの論点の一つです。試験のご紹介（公式）の受験要項と公式テキストで整理すると、演習問題の解説と対応づけやすくなります。 数値・日程・合格基準は年度で更新されるため、学習前と申込前には試験のご紹介（公式）の最新案内を確認してください。演習で初学者向け教材セットに関する設問を解いたら。正解理由と誤答肢の違いを短くメモし、用語解説・比較表・よくある誤答タブで似た論点を比較表で整理すると定着しやすくなります。,学習期間の目安,「学習期間の目安」は初学者向け教材セットの論点の一つです。試験のご紹介（公式）の受験要項と公式テキストで整理すると、演習問題の解説と対応づけやすくなります。 数値・日程・合格基準は年度で更新されるため、学習前と申込前には試験のご紹介（公式）の最新案内を確認してください。演習で初学者向け教材セットに関する設問を解いたら。正解理由と誤答肢の違いを短くメモし、用語解説・比較表・よくある誤答タブで似た論点を比較表で整理すると定着しやすくなります。,週間スケジュールの例,「週間スケジュールの例」は初学者向け教材セットの論点の一つです。試験のご紹介（公式）の受験要項と公式テキストで整理すると、演習問題の解説と対応づけやすくなります。 数値・日程・合格基準は年度で更新されるため、学習前と申込前には試験のご紹介（公式）の最新案内を確認してください。演習で初学者向け教材セットに関する設問を解いたら。正解理由と誤答肢の違いを短くメモし、用語解説・比較表・よくある誤答タブで似た論点を比較表で整理すると定着しやすくなります。,復習日の入れ方,解き直しは、当日・3日後・1週間後の間隔を空けると記憶の定着を確認しやすくなります。ブラウザの復習機能やブックマーク一覧を「初学者向け教材セット関連」でフィルタし、優先順位を付けてください。 2回連続で正解できても、解説を読まずに選んだ問題は三回目も解き直し対象にします。「なぜ正解か」を言語化できるまでが、本番レベルの理解です。「復習日の入れ方」では、初学者向け教材セットについて公式テキストの該当章を開き、主体・期限・数値をメモしながら演習問題で定着を確認します。数値・日程は試験のご紹介（公式）の最新要項で必ず照合してください。,直前期の調整,試験直前は新しい参考書を増やさず、初学者向け教材セットで何度も迷った分野と頻出用語に絞ります。7領域のうち得点率が低い領域を1つ選び、用語10語＋演習20問程度をセットで見直すのが目安です。 前日は暗記の詰め込みより、睡眠と当日の持ち物・会場確認を優先してください。数値（面接指導の時間、ストレスチェックの対象人数など）は早見表タブで最終確認すると安心です。,,,,,どのくらいの期間で学習すべきですか？,「どのくらいの期間で学習すべきですか」はメンタルヘルス・マネジメント検定II種の公式テキスト該当章と試験のご紹介（公式）で確認するのが確実です。初学者向け教材セットでは、条文の要件（誰が・いつ・何を）を演習問題とセットで押さえてください。,最初に過去問を解いてもよいですか？,試験では「初学者向け教材セット」が、管理監督者の行動として正しいか／主体を取り違えていないか、という形で四択出題されます。誤答肢は「一人で診断」「過度な情報開示」などが典型です。数値・主体・手順は大阪商工会議所の最新案内と照合してください。,「初学者向け教材セット」は独学でも対策できますか？,読了後は、初学者向け教材セットの関連する演習を5問以上解き、間違えた選択肢を用語解説で確認してから関連ガイドへ進んでください。1週間後の解き直し日をカレンダーに入れると定着しやすくなります。数値・主体・手順は大阪商工会議所の最新案内と照合してください。,,,study-plan:学習計画;glossary-how-to:用語ハブ活用法,全体像を分野に分ける;学習期間の目安;週間スケジュールの例;復習日の入れ方;直前期の調整
affiliate-retake-short-course,学習計画,メンタルヘルス・マネジメント検定II種の再受験者向け短期講座,メンタルヘルス・マネジメント検定II種の再受験者向け短期講座について、管理監督者試験で問われる論点と学習の進め方を解説。公式情報の確認ポイントと演習・用語解説の活用法をまとめます。,メンタルヘルス・マネジメント検定II種の再受験者向け短期講座について、管理監督者が現場で迷いやすい論点と試験での出題パターンを整理する記事です。公式テキストと試験のご紹介（公式）を参照しながら、演習・用語解説で弱点を補強する進め方をまとめます。,25,学習計画;試験対策;アフィリエイト,メンタルヘルス二種マスター編集部,資格学習サイトの編集チーム,公式情報確認担当,公開前に一次情報との照合を行う担当者,2026-05-30,試験のご紹介（公式）|https://www.mental-health.ne.jp/about/,学習計画向けテンプレートから作成。公開前に本文・参照URL・関連リンクを差し替える。 ASP未設定のためdraft（講座公式直リンクは導線対象外）,本記事を読むと、メンタルヘルス・マネジメント検定II種の再受験者向け短期講座について、公式テキストと試験のご紹介（公式）で押さえる論点と、演習→用語解説→1週間後の解き直しまでの復習順が具体的に分かります。,メンタルヘルス・マネジメント検定II種の再受験者向け短期講座について【行動1】を公式要項と照合して確認する;メンタルヘルス・マネジメント検定II種の再受験者向け短期講座について【行動2】を公式要項と照合して確認する;メンタルヘルス・マネジメント検定II種の再受験者向け短期講座について【行動3】を公式要項と照合して確認する,試験要項・公式ページ更新時に本文と参照元を見直す。,2026-05-30,2026-06-29,2026-05-30,draft,ガイド記事テンプレート で 2026-05-30 作成。; ASPリンク未設定のため draft（非公開） (2026-06-03),全体像を分野に分ける,「全体像を分野に分ける」は再受験者向け短期講座の論点の一つです。試験のご紹介（公式）の受験要項と公式テキストで整理すると、演習問題の解説と対応づけやすくなります。 数値・日程・合格基準は年度で更新されるため、学習前と申込前には試験のご紹介（公式）の最新案内を確認してください。演習で再受験者向け短期講座に関する設問を解いたら。正解理由と誤答肢の違いを短くメモし、用語解説・比較表・よくある誤答タブで似た論点を比較表で整理すると定着しやすくなります。,学習期間の目安,「学習期間の目安」は再受験者向け短期講座の論点の一つです。試験のご紹介（公式）の受験要項と公式テキストで整理すると、演習問題の解説と対応づけやすくなります。 数値・日程・合格基準は年度で更新されるため、学習前と申込前には試験のご紹介（公式）の最新案内を確認してください。演習で再受験者向け短期講座に関する設問を解いたら。正解理由と誤答肢の違いを短くメモし、用語解説・比較表・よくある誤答タブで似た論点を比較表で整理すると定着しやすくなります。,週間スケジュールの例,「週間スケジュールの例」は再受験者向け短期講座の論点の一つです。試験のご紹介（公式）の受験要項と公式テキストで整理すると、演習問題の解説と対応づけやすくなります。 数値・日程・合格基準は年度で更新されるため、学習前と申込前には試験のご紹介（公式）の最新案内を確認してください。演習で再受験者向け短期講座に関する設問を解いたら。正解理由と誤答肢の違いを短くメモし、用語解説・比較表・よくある誤答タブで似た論点を比較表で整理すると定着しやすくなります。,復習日の入れ方,解き直しは、当日・3日後・1週間後の間隔を空けると記憶の定着を確認しやすくなります。ブラウザの復習機能やブックマーク一覧を「再受験者向け短期講座関連」でフィルタし、優先順位を付けてください。 2回連続で正解できても、解説を読まずに選んだ問題は三回目も解き直し対象にします。「なぜ正解か」を言語化できるまでが、本番レベルの理解です。「復習日の入れ方」では、再受験者向け短期講座について公式テキストの該当章を開き、主体・期限・数値をメモしながら演習問題で定着を確認します。数値・日程は試験のご紹介（公式）の最新要項で必ず照合してください。,直前期の調整,試験直前は新しい参考書を増やさず、再受験者向け短期講座で何度も迷った分野と頻出用語に絞ります。7領域のうち得点率が低い領域を1つ選び、用語10語＋演習20問程度をセットで見直すのが目安です。 前日は暗記の詰め込みより、睡眠と当日の持ち物・会場確認を優先してください。数値（面接指導の時間、ストレスチェックの対象人数など）は早見表タブで最終確認すると安心です。,,,,,どのくらいの期間で学習すべきですか？,「どのくらいの期間で学習すべきですか」はメンタルヘルス・マネジメント検定II種の公式テキスト該当章と試験のご紹介（公式）で確認するのが確実です。再受験者向け短期講座では、条文の要件（誰が・いつ・何を）を演習問題とセットで押さえてください。,最初に過去問を解いてもよいですか？,試験では「再受験者向け短期講座」が、管理監督者の行動として正しいか／主体を取り違えていないか、という形で四択出題されます。誤答肢は「一人で診断」「過度な情報開示」などが典型です。数値・主体・手順は大阪商工会議所の最新案内と照合してください。,「再受験者向け短期講座」は独学でも対策できますか？,読了後は、再受験者向け短期講座の関連する演習を5問以上解き、間違えた選択肢を用語解説で確認してから関連ガイドへ進んでください。1週間後の解き直し日をカレンダーに入れると定着しやすくなります。数値・主体・手順は大阪商工会議所の最新案内と照合してください。,,,study-plan:学習計画;glossary-how-to:用語ハブ活用法,全体像を分野に分ける;学習期間の目安;週間スケジュールの例;復習日の入れ方;直前期の調整
affiliate-qualification-support-service,受験・申込,メンタルヘルス・マネジメント検定II種の受験支援サービスの選び方,メンタルヘルス・マネジメント検定II種の受験資格・日程・申込手続きの確認ポイント。申込前チェックリストと、学習開始までの流れを整理します。試験公式情報も確認。,メンタルヘルス・マネジメント検定II種の受験支援サービスの選び方について、管理監督者が現場で迷いやすい論点と試験での出題パターンを整理する記事です。公式テキストと試験のご紹介（公式）を参照しながら、演習・用語解説で弱点を補強する進め方をまとめます。,15,受験資格;申込;公式情報;アフィリエイト,メンタルヘルス二種マスター編集部,資格学習サイトの編集チーム,公式情報確認担当,公開前に一次情報との照合を行う担当者,2026-05-30,試験のご紹介（公式）|https://www.mental-health.ne.jp/about/,受験・申込向けテンプレートから作成。公開前に本文・参照URL・関連リンクを差し替える。 ASP未設定のためdraft（講座公式直リンクは導線対象外）,本記事を読むと、メンタルヘルス・マネジメント検定II種の受験支援サービスの選び方について、申込前に要項で確認すべき項目と、受験票到着後の準備までの流れが整理できます。,メンタルヘルス・マネジメント検定II種の受験支援サービスの選び方について【行動1】を公式要項と照合して確認する;メンタルヘルス・マネジメント検定II種の受験支援サービスの選び方について【行動2】を公式要項と照合して確認する;メンタルヘルス・マネジメント検定II種の受験支援サービスの選び方について【行動3】を公式要項と照合して確認する,試験要項・公式ページ更新時に本文と参照元を見直す。,2026-05-30,2026-06-29,2026-05-30,draft,ガイド記事テンプレート で 2026-05-30 作成。; ASPリンク未設定のため draft（非公開） (2026-06-03),受験資格の確認,メンタルヘルス・マネジメント検定II種（ラインケアコース）の受験資格は、試験のご紹介（公式）の受験要項で確認します。管理監督者としての位置づけや、実務経験・研修の要件など、自分に該当するかをチェックリスト化してください。 資格要件は年度で文言が更新されることがあるため、申込前にもう一度要項PDFの更新日を確認してください。不明点は大阪商工会議所の問い合わせ窓口を利用し、非公式情報だけで判断しないようにします。,年間スケジュール,試験は年複数回実施されるため、試験のご紹介（公式）で「申込期間→試験日→合格発表」の流れをカレンダーに転記します。受験支援サービスの選び方の学習期間を逆算する際は、申込締切の1〜2週間前までに主要領域の演習を1周終える目安が現実的です。 仕事繁忙期と試験日が重なる場合は、早めの回を選ぶか、学習計画記事を参考に週あたり時間を再配分してください。「年間スケジュール」では、受験支援サービスの選び方について公式テキストの該当章を開き、主体・期限・数値をメモしながら演習問題で定着を確認します。数値・日程は試験のご紹介（公式）の最新要項で必ず照合してください。,申込期間と手数料,受験料・支払方法・申込方法（Web／郵送など）は受験要項で確認します。金額や締切は年度で変わるため、受験支援サービスの選び方の学習中も申込ページをブックマークしておくと安心です。 申込後に受験票・会場案内が届くまでの流れも要項に記載があります。直前に住所変更やキャンセル規定があるかも、申込時に確認しておいてください。「申込期間と手数料」では、受験支援サービスの選び方について公式テキストの該当章を開き、主体・期限・数値をメモしながら演習問題で定着を確認します。数値・日程は試験のご紹介（公式）の最新要項で必ず照合してください。,申込手順と会場,"申込時に受験地・会場を確定するため、試験のご紹介（公式）の受験要項で以下を確認します。受験支援サービスの選び方で受験する場合も、申込後に変更できない項目がないか要項で確認してください。 - 受験地の選択肢（都市名と会場割当のルール）
- 申込フォームの入力項目（氏名・住所・連絡先・受験地）
- 受験票・会場案内の送付方法と届く目安時期
- 会場変更・キャンセルの可否と手続き
- 会場周辺の交通概略（詳細ルートは受験票到着後に確定）
- 申込完了メール・控えの保存 受験票が届いたら、記載の会場名・住所・アクセスと申込内容が一致しているかを確認し、不一致があれば要項記載の問い合わせ先へ早めに連絡してください。",申込前チェックリスト,申込前チェック：①受験資格の該当 ②申込期間内 ③受験料の支払 ④受験地の選択 ⑤公式テキストの版・7領域の学習進捗 ⑥演習問題で弱点分野の把握。受験支援サービスの選び方について不明点があれば、申込前に試験のご紹介（公式）で解消してください。 申込直後は、試験日までの週次計画を試験ガイドの学習計画記事を参考に立て直すと、残り期間を無駄なく使えます。「申込前チェックリスト」では、受験支援サービスの選び方について公式テキストの該当章を開き、主体・期限・数値をメモしながら演習問題で定着を確認します。数値・日程は試験のご紹介（公式）の最新要項で必ず照合してください。,,,,,受験資格はどこで確認しますか？,試験のご紹介（公式）（大阪商工会議所）で最新情報を確認してください。受験要項・テキスト改訂・合格発表は公式ページが正本です。受験支援サービスの選び方に関する数値や期限も、非公式まとめではなく公式資料と照合してください。,申込期限を過ぎたらどうなりますか？,試験では「受験支援サービスの選び方」が、管理監督者の行動として正しいか／主体を取り違えていないか、という形で四択出題されます。誤答肢は「一人で診断」「過度な情報開示」などが典型です。数値・主体・手順は大阪商工会議所の最新案内と照合してください。,「受験支援サービスの選び方」は独学でも対策できますか？,読了後は、受験支援サービスの選び方の関連する演習を5問以上解き、間違えた選択肢を用語解説で確認してから関連ガイドへ進んでください。1週間後の解き直し日をカレンダーに入れると定着しやすくなります。数値・主体・手順は大阪商工会議所の最新案内と照合してください。,,,study-plan:学習計画;glossary-how-to:用語ハブ活用法,受験資格の確認;年間スケジュール;申込期間と手数料;申込手順と会場;申込前チェックリスト
field-law-basics,分野別対策,メン管II種·基礎·役割【領域①·4ケア·管理監督者】,メンタルヘルス・マネジメント検定II種（ラインケア）の基礎·役割。領域①·4つのケア·管理監督者の線引きを表に整理し、4つのケア一覧記事との2列比較で具体例解説します。,II種（ラインケア）の学習は、第1領域「メンタルヘルスケアの意義と管理監督者の役割」から始まります。ここは50問全体の土台となる分野で、セルフ・ライン・事業場内・事業場外という4つのケアの位置づけや、管理監督者が医学的な診断には踏み込まないという線引きが、繰り返し問われます。本記事では、第1領域でつまずきやすい論点を整理し、4つのケアへの関わり方や「誰が何を担うのか」を明確にします。4つのケアの全体像はfour-types-careの記事で先に確認しておくと理解が進みます。出題の基準は公式テキスト第1章です。,40,分野別;試験対策,メンタルヘルス二種マスター編集部,資格学習サイトの編集チーム,公式情報確認担当,公開前に一次情報との照合を行う担当者,2026-06-13,試験のご紹介（公式）|https://www.mental-health.ne.jp/about/,手書きリライト 2026-06-06。自動prose差し替え 2026-06-04（要手書き）。分野別対策向けテンプレートから作成。公開前に本文・参照URL・関連リンクを差し替える。,本記事を読むと、領域①の頻出論点が分かり、たとえば「6/14演習10問·5問中3問→4ケア表確認→6/21誤答2問解き直し→70％」まで今日から再現でき、4つのケア一覧記事との使い分けも表で把握できます。,4つのケア（セルフ·ライン·内外）の表を1枚に整理する;演習10問·領域①を解き誤答理由を記録する;管理監督者と医師の役割分担を比較表で整理する;four-types-care記事で4ケア全体像を確認する;subjects記事で第1章·領域①の位置づけを確認する,試験要項・公式ページ更新時に本文と参照元を見直す。,2026-06-13,2026-06-29,2026-06-13,published,2026-06-12: 編集合格（手書きリライト·具体例·v2）,領域①：意義と管理監督者の役割,"7領域の第1領域は、メンタルヘルスケアの意義と管理監督者の役割を問う出題基盤です。50問·四択一の土台になります。

7つの領域のうち第1領域は、メンタルヘルスケアの意義と管理監督者の役割を問う、出題の基盤となる分野です。なぜ職場でメンタルヘルス対策が必要か、その中で管理監督者がどのような立場でラインケアを担うのかを理解することが、他の領域を学ぶ土台になります。

| 論点 | 内容 | 試験の焦点 |
| --- | --- | --- |
| 意義 | 職場のメンタルヘルス対策 | 制度の目的 |
| 役割 | 管理監督者の責務 | 主体の線引き |
| 連携 | 4つのケア | 重複·補完 |
| 限界 | 医学的判断は医師 | 診断越境防止 |",4つのケア：管理監督者の関与表,"4つのケアはセルフ·ライン·事業場内·事業場外です。管理監督者は主にラインケアを担います。

4つのケアとは、セルフケア・ラインによるケア・事業場内産業保健スタッフ等によるケア・事業場外資源によるケアです。このうち管理監督者が主に担うのはラインケアで、他のケアの担い手と連携しながら支援します。各ケアの主体と役割を整理して押さえます。

| ケア | 内容 | 管理監督者 |
| --- | --- | --- |
| セルフ | 本人のセルフケア | 啓発·支援 |
| ライン | 上司·同僚の支援 | 中核役割 |
| 事業場内 | 産業医·保健師等 | 連携 |
| 事業場外 | EAP·医療機関 | 紹介 |",主体の線引き：医学的判断と管理監督者,"管理監督者は早期発見·傾聴·安全配慮·専門職連携が領域①の正解パターンです。診断·治療は医師の義務です。

領域①では、管理監督者による不調の早期発見・傾聴・就業上の配慮・専門職への連携が正解パターンです。診断や治療は医師の役割であり、管理監督者がこれらに踏み込む選択肢は誤答になります。管理監督者と医師・専門職の役割の線引きを、行動ごとに確認してください。

| 行動 | 正解 | 誤答 |
| --- | --- | --- |
| 面談 | 傾聴·様子見 | 医学的診断 |
| 記録 | 要点のみ | 詳細な病歴 |
| 連携 | 産業医·EAP紹介 | 一人対応 |
| 環境 | 業務量調整 | 治療方針決定 |",頻出誤答：4ケア混同と診断越境,"領域①では4つのケアの役割重複と管理監督者の越境が誤答の典型です。

領域①の頻出誤答は、4つのケアの役割を重複させたり、管理監督者が事業場内産業保健スタッフや医師の役割へ越境したりするパターンです。セルフ・ライン・事業場内・事業場外の主体を明確に分け、それぞれが連携する形が正解の方向です。

| 誤答パターン | 正解の方向 |
| --- | --- |
| ラインケア＝管理監督者だけ | 内外ケアと連携 |
| セルフケア＝本人任せ | 啓発·支援 |
| 事業場外＝放り出し | 紹介·フォロー |
| 診断＝管理監督者 | 医師·専門機関 |",four-types-care記事との2列比較表,"領域①の基礎論点と4ケア全体像は2記事で分担します。本記事は領域①·管理監督者の役割·主体の線引き、four-types-care記事は4つのケア一覧·II種における位置づけ·連携に特化します。

本記事は、領域①のメンタルヘルスケアの意義・管理監督者の役割・主体の線引きを扱います。four-types-care記事は、4つのケアの一覧やII種における位置づけ・連携を扱うため、領域①の基礎と4つのケアの全体像を分けて押さえると、主体を問う設問に対応しやすくなります。

| 論点 | 基礎·役割（本記事） | 4ケア一覧記事 |
| --- | --- | --- |
| 焦点 | 領域①·主体線引き | 4ケア一覧·連携 |
| 時期 | 第1章1周目 | 4ケア暗記·確認 |
| 成果物 | 役割分担表 | 4ケア1枚表 |
| 出口 | 4ケア記事へ | subjectsへ | 2記事を混同すると4ケアは分かっても管理監督者の線引きが曖昧になります。",,,,,4つのケアで管理監督者の中核はどれですか？,ラインによるケアが、管理監督者の中核的な役割です。管理監督者は、部下の不調への気づき・傾聴・就業上の配慮を担い、セルフケア・事業場内・事業場外のケアと連携します。他のケアの役割まで一人で担おうとするのではなく、適切につなぐことが正解です。,領域①で管理監督者が診断する選択肢はなぜ誤答ですか？,病状の診断は医師の専門領域だからです。領域①における管理監督者の役割は、不調の早期発見・傾聴・安全への配慮・専門職への連携であり、医学的な判断には踏み込みません。管理監督者が診断する選択肢は誤答になります。,本記事と4つのケア一覧記事の違いは？,本記事は、領域①のメンタルヘルスケアの意義・管理監督者の役割・主体の線引きを扱います。four-types-care記事は、4つのケアの一覧やII種における位置づけ・連携を扱うため、領域①の基礎と4つのケアの全体像を分けて押さえられます。,,,four-types-care:4つのケア一覧;subjects:科目一覧·出題範囲;pass-score:合格点,領域①;管理監督者;4つのケア;意義;役割分担
field-law-frequent-topics,分野別対策,メンタルヘルス・マネジメント検定II種の基礎・役割の頻出論点,メンタルヘルスII種の基礎·役割の頻出論点。4つのケア·安全配慮·ラインケアを表に整理。メンタルヘルス・マネジメント検定II種・メンタルヘルス・マネジメント検定II種の基礎・役割の基礎連携も解説。,メンタルヘルス・マネジメント検定II種（ラインケア）の基礎·役割の頻出論点は、7領域の第1領域で4つのケア·安全配慮·ラインケアの位置づけが50問の得点源です。セルフ·ライン·事業場内·事業場外の役割分担と管理監督者が医学的診断を行わない線引きが繰り返し出題されます。本記事では頻出論点表をまとめ、4ケア全体像はメンタルヘルス・マネジメント検定II種·基礎論点はメンタルヘルス・マネジメント検定II種の基礎・役割の基礎と役割分担します。公式情報は大阪商工会議所（https://www.mental-health.ne.jp/about/）の試験のご紹介です。,40,分野別;試験対策,メンタルヘルス二種マスター編集部,資格学習サイトの編集チーム,公式情報確認担当,公開前に一次情報との照合を行う担当者,2026-06-06,試験のご紹介（公式）|https://www.mental-health.ne.jp/about/,手書きリライト 2026-06-06。自動prose差し替え 2026-06-04（要手書き）。分野別対策向けテンプレートから作成。公開前に本文・参照URL・関連リンクを差し替える。;retire_redirect:field-law-basics,本記事を読むと、たとえば演習10問·領域①5問中3問正解の場合に、4つのケア·安全配慮·ラインケアの頻出論点と正解パターンが分かり、50問の土台として整理できます。,4つのケア（セルフ·ライン·内外）の表を暗記する;演習10問·領域①を解き誤答理由を記録する;安全配慮とラインケアの論点比較表を整理する;メンタルヘルス・マネジメント検定II種の記事で4ケア全体像を確認する;メンタルヘルス・マネジメント検定II種の基礎・役割の基礎の記事で領域①基礎を確認する,試験要項・公式ページ更新時に本文と参照元を見直す。,2026-06-06,2026-06-29,2026-06-06,archived,2026-06-12: archived（guide retire·field-law-basicsへ統合）,領域①の頻出論点マップ,数値・日程・合格基準は年度で更新されるため、学習前と申込前には試験のご紹介（公式）の最新案内を確認してください。演習で基礎・役割の頻出論点に関する設問を解いたら。正解理由と誤答肢の違いを短くメモし、用語解説・比較表・よくある誤答タブで似た論点を比較表で整理すると定着しやすくなります。 演習10問を解き、解説で参照条文を公式テキストで開いて読み返してください。数値・日程・合格基準は年度で更新されるため、学習前と申込前には大阪商工会議所の最新案内を確認してください。,4つのケアの出題パターン表,数値・日程・合格基準は年度で更新されるため、学習前と申込前には試験のご紹介（公式）の最新案内を確認してください。演習で基礎・役割の頻出論点に関する設問を解いたら。正解理由と誤答肢の違いを短くメモし、用語解説・比較表・よくある誤答タブで似た論点を比較表で整理すると定着しやすくなります。 表をノートに転記したら、演習10問で理解を確認し、誤答は公式テキスト該当章で読み直してください。数値・日程・合格基準は年度で更新されるため、学習前と申込前には大阪商工会議所の最新案内を確認してください。,安全配慮とラインケアの論点表,数値・日程・合格基準は年度で更新されるため、学習前と申込前には試験のご紹介（公式）の最新案内を確認してください。演習で基礎・役割の頻出論点に関する設問を解いたら。正解理由と誤答肢の違いを短くメモし、用語解説・比較表・よくある誤答タブで似た論点を比較表で整理すると定着しやすくなります。 表をノートに転記したら、演習10問で理解を確認し、誤答は公式テキスト該当章で読み直してください。数値・日程・合格基準は年度で更新されるため、学習前と申込前には大阪商工会議所の最新案内を確認してください。,頻出誤答と4ケア混同防止表,数値・日程・合格基準は年度で更新されるため、学習前と申込前には試験のご紹介（公式）の最新案内を確認してください。演習で基礎・役割の頻出論点に関する設問を解いたら。正解理由と誤答肢の違いを短くメモし、用語解説・比較表・よくある誤答タブで似た論点を比較表で整理すると定着しやすくなります。 表をノートに転記したら、演習10問で理解を確認し、誤答は公式テキスト該当章で読み直してください。数値・日程・合格基準は年度で更新されるため、学習前と申込前には大阪商工会議所の最新案内を確認してください。,関連ガイドとの使い分け,数値・日程・合格基準は年度で更新されるため、学習前と申込前には試験のご紹介（公式）の最新案内を確認してください。演習で基礎・役割の頻出論点に関する設問を解いたら。正解理由と誤答肢の違いを短くメモし、用語解説・比較表・よくある誤答タブで似た論点を比較表で整理すると定着しやすくなります。 関連記事は役割が重ならないよう、概要→形式→学習計画の順で読むと迷いにくくなります。数値・日程・合格基準は年度で更新されるため、学習前と申込前には大阪商工会議所の最新案内を確認してください。,,,,,4つのケアで管理監督者の中核はどれですか？,「4つのケアで管理監督者の中核はどれですか」はメンタルヘルス・マネジメント検定II種の公式テキスト該当章と試験のご紹介（公式）で確認するのが確実です。基礎・役割の頻出論点では、条文の要件（誰が・いつ・何を）を演習問題とセットで押さえてください。,安全配慮の頻出論点は何ですか？,「安全配慮の頻出論点は何ですか」はメンタルヘルス・マネジメント検定II種の公式テキスト該当章と試験のご紹介（公式）で確認するのが確実です。基礎・役割の頻出論点では、条文の要件（誰が・いつ・何を）を演習問題とセットで押さえてください。,本記事とメンタルヘルス・マネジメント検定II種はどう使い分けますか？,読了後は、基礎・役割の頻出論点の関連する演習を5問以上解き、間違えた選択肢を用語解説で確認してから関連ガイドへ進んでください。1週間後の解き直し日をカレンダーに入れると定着しやすくなります。数値・主体・手順は大阪商工会議所の最新案内と照合してください。,,,line-care:ラインケア;field-law-basics:基礎·役割;subjects:出題範囲;pass-score:合格点,頻出論点;4つのケア;安全配慮;ラインケア;領域①
field-law-calculation,分野別対策,メンタルヘルス・マネジメント検定II種の基礎・役割の数値問題,メンタルヘルスII種の基礎·役割の数値問題。50人以上等·試験形式の数値を表に整理。メンタルヘルス・マネジメント検定II種の数字・期限のまとめ方・メンタルヘルス・マネジメント検定II種のストレスチェック制度連携も解説。,メンタルヘルス・マネジメント検定II種（ラインケア）の基礎·役割の数値問題は、7領域の第1領域および関連法令で問われる人数基準·期限·試験形式の数値が中心です。たとえば50人以上の事業場でのストレスチェック義務や50問·120分·70点の試験形式は頻出です。本記事では基礎·役割の数値論点表をまとめ、数値早見はメンタルヘルス・マネジメント検定II種の数字・期限のまとめ方·ストレスチェック制度はメンタルヘルス・マネジメント検定II種のストレスチェック制度と役割分担します。公式情報は大阪商工会議所（https://www.mental-health.ne.jp/about/）の試験のご紹介です。,40,分野別;試験対策,メンタルヘルス二種マスター編集部,資格学習サイトの編集チーム,公式情報確認担当,公開前に一次情報との照合を行う担当者,2026-06-06,試験のご紹介（公式）|https://www.mental-health.ne.jp/about/,手書きリライト 2026-06-06。自動prose差し替え 2026-06-04（要手書き）。分野別対策向けテンプレートから作成。公開前に本文・参照URL・関連リンクを差し替える。;retire_redirect:field-law-basics,本記事を読むと、たとえば演習10問·数値4問中2問正解の場合に、50人以上·50問·70点·120分など基礎·役割領域の数値の正解パターンが分かり、条文·制度の数値設問で得点できます。,50人以上等の人数基準を数値表で暗記する;演習10問·数値設問を解き誤答理由を記録する;50問·120分·70点の試験形式を確認する;メンタルヘルス・マネジメント検定II種の数字・期限のまとめ方の記事で数値一覧を確認する;メンタルヘルス・マネジメント検定II種のストレスチェック制度の記事でストレスチェック制度を確認する,試験要項・公式ページ更新時に本文と参照元を見直す。,2026-06-06,2026-06-29,2026-06-06,archived,2026-06-12: archived（guide retire·field-law-basicsへ統合）,基礎·役割の数値問題の全体像,数値・日程・合格基準は年度で更新されるため、学習前と申込前には試験のご紹介（公式）の最新案内を確認してください。演習で基礎・役割の数値問題に関する設問を解いたら。正解理由と誤答肢の違いを短くメモし、用語解説・比較表・よくある誤答タブで似た論点を比較表で整理すると定着しやすくなります。 演習10問を解き、解説で参照条文を公式テキストで開いて読み返してください。数値・日程・合格基準は年度で更新されるため、学習前と申込前には大阪商工会議所の最新案内を確認してください。,50人以上とストレスチェック義務の数値表,ストレスチェック制度では、職場のストレス要因の把握と、高ストレス者への面接指導が要点です。管理監督者は結果の取り扱い（個人情報・フィードバック方法）を理解しておく必要があります。 基礎・役割の数値問題に関連する数値（50人以上の事業場など）は数値早見表で確認し、数値・日程・合格基準は年度で更新されるため。学習前と申込前には試験のご紹介（公式）の最新案内を確認してください。,試験形式の数値（50問·120分·70点）,数値・日程・合格基準は年度で更新されるため、学習前と申込前には試験のご紹介（公式）の最新案内を確認してください。演習で基礎・役割の数値問題に関する設問を解いたら。正解理由と誤答肢の違いを短くメモし、用語解説・比較表・よくある誤答タブで似た論点を比較表で整理すると定着しやすくなります。 演習10問を解き、解説で参照条文を公式テキストで開いて読み返してください。数値・日程・合格基準は年度で更新されるため、学習前と申込前には大阪商工会議所の最新案内を確認してください。,数値設問の誤答パターンと条文の規定確認,独学を始める前に、試験のご紹介（公式）で受験資格・試験日程・出題範囲（7領域）・合格基準をメモしてください。基礎・役割の数値問題の学習計画は、公式テキストの章立てと一致させると、過去問の分野ラベルとも対応づけやすくなります。 ブログやSNSの「最新情報」は、必ず大阪商工会議所のページと照合してから採用してください。申込期限や受験料は年度ごとに変わるため、カレンダーに締切を入れてから教材を開く習慣が有効です。,関連ガイドとの使い分け,数値・日程・合格基準は年度で更新されるため、学習前と申込前には試験のご紹介（公式）の最新案内を確認してください。演習で基礎・役割の数値問題に関する設問を解いたら。正解理由と誤答肢の違いを短くメモし、用語解説・比較表・よくある誤答タブで似た論点を比較表で整理すると定着しやすくなります。 関連記事は役割が重ならないよう、概要→形式→学習計画の順で読むと迷いにくくなります。数値・日程・合格基準は年度で更新されるため、学習前と申込前には大阪商工会議所の最新案内を確認してください。,,,,,ストレスチェックは何人以上の事業場で義務ですか？,「ストレスチェックは何人以上の事業場で義務ですか」はメンタルヘルス・マネジメント検定II種の公式テキスト該当章と試験のご紹介（公式）で確認するのが確実です。基礎・役割の数値問題では、条文の要件（誰が・いつ・何を）を演習問題とセットで押さえてください。,II種の合格点と出題数は何問何点ですか？,「II種の合格点と出題数は何問何点ですか」はメンタルヘルス・マネジメント検定II種の公式テキスト該当章と試験のご紹介（公式）で確認するのが確実です。基礎・役割の数値問題では、条文の要件（誰が・いつ・何を）を演習問題とセットで押さえてください。,本記事とメンタルヘルス・マネジメント検定II種の数字・期限のまとめ方はどう使い分けますか？,読了後は、基礎・役割の数値問題の関連する演習を5問以上解き、間違えた選択肢を用語解説で確認してから関連ガイドへ進んでください。1週間後の解き直し日をカレンダーに入れると定着しやすくなります。数値・主体・手順は大阪商工会議所の最新案内と照合してください。,,,numbers-and-deadlines:数値·期限;stress-check:ストレスチェック;field-law-basics:基礎·役割;pass-score:合格点,50人以上;数値問題;50問70点;制度;条文
field-law-case-study,分野別対策,メンタルヘルス・マネジメント検定II種の基礎・役割の事例・ケース,メンタルヘルスII種の基礎·役割の事例·ケース。管理監督者の正しい/誤った対応·主体を表に整理。メンタルヘルス・マネジメント検定II種の基礎・役割の基礎・メンタルヘルス・マネジメント検定II種連携も解説。,メンタルヘルス・マネジメント検定II種（ラインケア）の基礎·役割の事例·ケースは、50問·7領域の第1領域で管理監督者の正しい対応と主体の取り違えが四択で問われる論点です。傾聴·安全配慮·専門職連携が正解、医学的診断·治療方針決定が誤答の典型です。本記事では事例·ケースの論点表をまとめ、4ケア全体像はメンタルヘルス・マネジメント検定II種·領域①基礎はメンタルヘルス・マネジメント検定II種の基礎・役割の基礎と役割分担します。公式情報は大阪商工会議所（https://www.mental-health.ne.jp/about/）の試験のご紹介です。,40,分野別;試験対策,メンタルヘルス二種マスター編集部,資格学習サイトの編集チーム,公式情報確認担当,公開前に一次情報との照合を行う担当者,2026-06-06,試験のご紹介（公式）|https://www.mental-health.ne.jp/about/,手書きリライト 2026-06-06。自動prose差し替え 2026-06-04（要手書き）。分野別対策向けテンプレートから作成。公開前に本文・参照URL・関連リンクを差し替える。;retire_redirect:field-law-basics,本記事を読むと、たとえば演習10問·ケース5問中2問正解の場合に、管理監督者の正しい/誤った対応パターンと医師·本人·会社の主体の線引きが分かり、領域①の事例設問で得点できます。,ケース設問10問を解き正誤パターンを記録する;管理監督者の正しい/誤った対応比較表を暗記する;主体取り違えの誤答5問を7日後に解き直す;メンタルヘルス・マネジメント検定II種の基礎・役割の基礎の記事で領域①基礎を確認する;メンタルヘルス・マネジメント検定II種の記事で4ケアと事例の対応を確認する,試験要項・公式ページ更新時に本文と参照元を見直す。,2026-06-06,2026-06-29,2026-06-06,archived,2026-06-12: archived（guide retire·field-law-basicsへ統合）,事例·ケース問題の全体像（正誤の判断軸）,数値・日程・合格基準は年度で更新されるため、学習前と申込前には試験のご紹介（公式）の最新案内を確認してください。演習で基礎・役割の事例・ケースに関する設問を解いたら。正解理由と誤答肢の違いを短くメモし、用語解説・比較表・よくある誤答タブで似た論点を比較表で整理すると定着しやすくなります。 演習10問を解き、解説で参照条文を公式テキストで開いて読み返してください。数値・日程・合格基準は年度で更新されるため、学習前と申込前には大阪商工会議所の最新案内を確認してください。,管理監督者の正しい対応パターン表,管理監督者は、基礎・役割の事例・ケースの場面で「早期発見・傾聴・安全配慮・記録・専門職連携・職場環境改善」のバランスを取る主体として問われます。医学的診断や治療判断は医師の領域であり、管理監督者単独では行いません。 演習では「何をすべきか／すべきでないか」の二択に見える問題でも、プライバシー保護と業務上必要な情報共有の線引きがポイントになることが多いです。試験ではメンタルヘルス・マネジメント検定II種の基礎・役割の事例・ケースについて条文・数値・条件の読み取りが問われます。,誤った対応と主体の取り違え表,数値・日程・合格基準は年度で更新されるため、学習前と申込前には試験のご紹介（公式）の最新案内を確認してください。演習で基礎・役割の事例・ケースに関する設問を解いたら。正解理由と誤答肢の違いを短くメモし、用語解説・比較表・よくある誤答タブで似た論点を比較表で整理すると定着しやすくなります。 表をノートに転記したら、演習10問で理解を確認し、誤答は公式テキスト該当章で読み直してください。数値・日程・合格基準は年度で更新されるため、学習前と申込前には大阪商工会議所の最新案内を確認してください。,事例設問の解き方（4択の切り分け手順）,数値・日程・合格基準は年度で更新されるため、学習前と申込前には試験のご紹介（公式）の最新案内を確認してください。演習で基礎・役割の事例・ケースに関する設問を解いたら。正解理由と誤答肢の違いを短くメモし、用語解説・比較表・よくある誤答タブで似た論点を比較表で整理すると定着しやすくなります。 演習10問を解き、解説で参照条文を公式テキストで開いて読み返してください。数値・日程・合格基準は年度で更新されるため、学習前と申込前には大阪商工会議所の最新案内を確認してください。,関連ガイドとの使い分け,数値・日程・合格基準は年度で更新されるため、学習前と申込前には試験のご紹介（公式）の最新案内を確認してください。演習で基礎・役割の事例・ケースに関する設問を解いたら。正解理由と誤答肢の違いを短くメモし、用語解説・比較表・よくある誤答タブで似た論点を比較表で整理すると定着しやすくなります。 関連記事は役割が重ならないよう、概要→形式→学習計画の順で読むと迷いにくくなります。数値・日程・合格基準は年度で更新されるため、学習前と申込前には大阪商工会議所の最新案内を確認してください。,,,,,ケース問題で管理監督者が診断する選択肢はなぜ誤答ですか？,管理監督者は医学的診断を行いません。不調の気づき、傾聴、安全配慮、記録、専門職連携、職場環境改善が役割の中心です。復帰可否の最終判断は主治医の意見等を踏まえ、人事・産業医と連携して行います。数値・主体・手順は大阪商工会議所の最新案内と照合してください。,事例設問の正解パターンは何ですか？,「事例設問の正解パターンは何ですか」はメンタルヘルス・マネジメント検定II種の公式テキスト該当章と試験のご紹介（公式）で確認するのが確実です。基礎・役割の事例・ケースでは、条文の要件（誰が・いつ・何を）を演習問題とセットで押さえてください。,本記事とメンタルヘルス・マネジメント検定II種の基礎・役割の基礎はどう使い分けますか？,読了後は、基礎・役割の事例・ケースの関連する演習を5問以上解き、間違えた選択肢を用語解説で確認してから関連ガイドへ進んでください。1週間後の解き直し日をカレンダーに入れると定着しやすくなります。数値・主体・手順は大阪商工会議所の最新案内と照合してください。,,,field-law-basics:基礎·役割;line-care:ラインケア;active-listening:傾聴;pass-score:合格点,事例·ケース;正しい対応;主体;領域①;管理監督者
field-law-past-question-focus,分野別対策,メンタルヘルス・マネジメント検定II種の基礎・役割の過去問傾向,メンタルヘルスII種の基礎·役割の過去問傾向。50問中の配分イメージ·7領域①を表に整理。メンタルヘルス・マネジメント検定II種の基礎・役割の基礎・メンタルヘルス・マネジメント検定II種の科目一覧·出題範囲連携も解説。,メンタルヘルス・マネジメント検定II種（ラインケア）の基礎·役割の過去問傾向は、50問·7領域の第1領域「意義と管理監督者の役割」がおおむね10〜15問程度出題される配分イメージです。4つのケア·主体の線引き·安全配慮が繰り返し問われます。本記事では過去問傾向表をまとめ、7領域一覧はメンタルヘルス・マネジメント検定II種の科目一覧·出題範囲·基礎論点はメンタルヘルス・マネジメント検定II種の基礎・役割の基礎と役割分担します。公式情報は大阪商工会議所（https://www.mental-health.ne.jp/about/）の試験のご紹介です。,40,分野別;試験対策,メンタルヘルス二種マスター編集部,資格学習サイトの編集チーム,公式情報確認担当,公開前に一次情報との照合を行う担当者,2026-06-06,試験のご紹介（公式）|https://www.mental-health.ne.jp/about/,手書きリライト 2026-06-06。自動prose差し替え 2026-06-04（要手書き）。分野別対策向けテンプレートから作成。公開前に本文・参照URL・関連リンクを差し替える。;retire_redirect:field-law-basics,本記事を読むと、たとえば演習10問·領域①3問中1問正解の場合に、50問中の領域①配分イメージと繰り返し出る論点タイプが分かり、7領域の得点設計ができます。,7領域の出題配分表をメンタルヘルス・マネジメント検定II種の科目一覧·出題範囲の記事で確認する;演習10問·領域①を解き正答率を記録する;過去問傾向の論点タイプ表を暗記する;メンタルヘルス・マネジメント検定II種の基礎・役割の基礎の記事で領域①基礎を確認する;弱点領域①20問追加で正答率60％以上を目指す,試験要項・公式ページ更新時に本文と参照元を見直す。,2026-06-06,2026-06-29,2026-06-06,archived,2026-06-12: archived（guide retire·field-law-basicsへ統合）,50問中の領域①配分イメージ,数値・日程・合格基準は年度で更新されるため、学習前と申込前には試験のご紹介（公式）の最新案内を確認してください。演習で基礎・役割の過去問傾向に関する設問を解いたら。正解理由と誤答肢の違いを短くメモし、用語解説・比較表・よくある誤答タブで似た論点を比較表で整理すると定着しやすくなります。 演習10問を解き、解説で参照条文を公式テキストで開いて読み返してください。数値・日程・合格基準は年度で更新されるため、学習前と申込前には大阪商工会議所の最新案内を確認してください。,過去問で繰り返す論点タイプ表,基礎・役割の過去問傾向の理解度は、関連する演習問題で確認するのが効率的です。1問解くごとに「根拠はテキストのどの章か」をメモすると、復習時に該当ページへすぐ戻れます。 同じ問題を時間を空けて解き直し、言い換え選択肢でも正解できるかまで確認してください。二回連続正解でも、条件を1語変えた肢で誤答する場合は、用語の定義がまだ曖昧なサインです。「過去問で繰り返す論点タイプ表」では。基礎・役割の過去問傾向について公式テキストの該当章を開き、条文の主体・期限・数値を演習問題とセットで押さえて定着を確認します。数値・日程は試験のご紹介（公式）の最新要項で必ず照合してください。,主体·手順·制度の出題比率イメージ,数値・日程・合格基準は年度で更新されるため、学習前と申込前には試験のご紹介（公式）の最新案内を確認してください。演習で基礎・役割の過去問傾向に関する設問を解いたら。正解理由と誤答肢の違いを短くメモし、用語解説・比較表・よくある誤答タブで似た論点を比較表で整理すると定着しやすくなります。 演習10問を解き、解説で参照条文を公式テキストで開いて読み返してください。数値・日程・合格基準は年度で更新されるため、学習前と申込前には大阪商工会議所の最新案内を確認してください。,領域①弱点の見つけ方（演習データ）,基礎・役割の過去問傾向の理解度は、関連する演習問題で確認するのが効率的です。1問解くごとに「根拠はテキストのどの章か」をメモすると、復習時に該当ページへすぐ戻れます。 同じ問題を時間を空けて解き直し、言い換え選択肢でも正解できるかまで確認してください。二回連続正解でも、条件を1語変えた肢で誤答する場合は、用語の定義がまだ曖昧なサインです。「領域①弱点の見つけ方（演習データ）」では。基礎・役割の過去問傾向について公式テキストの該当章を開き、条文の主体・期限・数値を演習問題とセットで押さえて定着を確認します。数値・日程は試験のご紹介（公式）の最新要項で必ず照合してください。,関連ガイドとの使い分け,数値・日程・合格基準は年度で更新されるため、学習前と申込前には試験のご紹介（公式）の最新案内を確認してください。演習で基礎・役割の過去問傾向に関する設問を解いたら。正解理由と誤答肢の違いを短くメモし、用語解説・比較表・よくある誤答タブで似た論点を比較表で整理すると定着しやすくなります。 関連記事は役割が重ならないよう、概要→形式→学習計画の順で読むと迷いにくくなります。数値・日程・合格基準は年度で更新されるため、学習前と申込前には大阪商工会議所の最新案内を確認してください。,,,,,領域①は50問中何問程度出題されますか？,「領域①は50問中何問程度出題されますか」はメンタルヘルス・マネジメント検定II種の公式テキスト該当章と試験のご紹介（公式）で確認するのが確実です。基礎・役割の過去問傾向では、条文の要件（誰が・いつ・何を）を演習問題とセットで押さえてください。,領域①の過去問で最多の論点タイプは何ですか？,「領域①の過去問で最多の論点タイプは何ですか」はメンタルヘルス・マネジメント検定II種の公式テキスト該当章と試験のご紹介（公式）で確認するのが確実です。基礎・役割の過去問傾向では、条文の要件（誰が・いつ・何を）を演習問題とセットで押さえてください。,本記事とメンタルヘルス・マネジメント検定II種の科目一覧·出題範囲はどう使い分けますか？,読了後は、基礎・役割の過去問傾向の関連する演習を5問以上解き、間違えた選択肢を用語解説で確認してから関連ガイドへ進んでください。1週間後の解き直し日をカレンダーに入れると定着しやすくなります。数値・主体・手順は大阪商工会議所の最新案内と照合してください。,,,subjects:出題範囲;field-law-basics:基礎·役割;field-law-frequent-topics:頻出論点;pass-score:合格点,過去問傾向;50問配分;領域①;7領域;出題タイプ
field-rights-basics,分野別対策,メン管II種·職場環境·配慮【領域③④·ストレス要因】,メンタルヘルス・マネジメント検定II種（ラインケア）の職場環境·配慮の基礎。領域③④·ストレス要因·個別配慮を表に整理し、職場環境改善記事との2列比較で具体例解説します。,II種（ラインケア）で安定して点を稼ぎたいなら、第3領域「職場環境等の評価及び改善」と第4領域「個々の労働者への配慮」を外せません。この2領域は、職場に起因する要因と個人の要因をどう整理するか、個別の配慮や環境改善をどう進めるかが頻出します。本記事では、第3・4領域の論点を整理し、管理監督者が果たす役割と、個別配慮の線引きをわかりやすく解説します。PDCAを回した環境改善の具体策はworkplace-improvementの記事で詳しく扱うので、役割分担を先に確認しておくとスムーズです。出題の基準は公式テキスト第3・4章です。,40,分野別;試験対策,メンタルヘルス二種マスター編集部,資格学習サイトの編集チーム,公式情報確認担当,公開前に一次情報との照合を行う担当者,2026-06-13,試験のご紹介（公式）|https://www.mental-health.ne.jp/about/,手書きリライト 2026-06-06。自動prose差し替え 2026-06-04（要手書き）。分野別対策向けテンプレートから作成。公開前に本文・参照URL・関連リンクを差し替える。,本記事を読むと、領域③④の基礎論点が分かり、たとえば「6/28演習10問5問中2問→PDCA確認→7/12③④15問→70％」まで今日から再現でき、職場環境改善記事との使い分けも表で把握できます。,領域③④の位置づけ表を1枚に整理する;演習10問·職場環境·配慮分野を解き誤答理由を記録する;workplace-improvement記事でPDCAを確認する;個別配慮の誤答10問を7日後に解き直す;subjects記事で第3·4章·領域③④対応を確認する,試験要項・公式ページ更新時に本文と参照元を見直す。,2026-06-13,2026-06-29,2026-06-13,published,2026-06-12: 編集合格（手書きリライト·具体例·v2）,領域③④：ストレス要因と個別配慮,"第3領域は職場環境等の評価及び改善、第4領域は個々の労働者への配慮です。50問の中盤の一定割合が該当するイメージで学習配分します。

第3領域は職場環境等の評価及び改善の方法、第4領域は個々の労働者への配慮です。50問のうち中盤の一定割合がこの領域に該当するイメージで学習配分を考えます。職場全体への働きかけ（環境改善）と、個々の労働者への対応（個別配慮）の両輪で理解します。

| 領域 | 章 | 論点 | 管理監督者 |
| --- | --- | --- | --- |
| ③ | 第3章 | ストレス要因·環境 | 把握·改善 |
| ④ | 第4章 | 個別配慮 | 中核役割 |
| 制度 | 関連 | ストレスチェック | 結果の適切な扱い |
| 改善 | PDCA | 集団分析活用 | 連携·推進 |",ストレス要因：職場·個人の論点表,"ストレス要因は職場要因と個人要因の整理が頻出論点です。緩衝要因と職場改善への接続が正解です。

ストレス要因は、職場要因と個人要因に整理するのが頻出の論点です。上司・同僚などの社会的支援といった緩衝要因や、職場環境の改善への接続も押さえます。仕事起因の要因を個人の問題に帰する選択肢は誤答で、職場側の要因への組織的対応が正解です。

| 要因 | 内容 | 管理監督者 |
| --- | --- | --- |
| 職場要因 | 業務量·人間関係 | 把握·改善 |
| 個人要因 | 適性·生活 | 配慮·支援 |
| 緩衝要因 | 社会支援等 | 環境整備 |
| 改善 | PDCAサイクル | 集団分析活用 |",個別配慮：管理監督者の役割と線引き,"個別配慮は本人の状況に応じた業務調整が論点です。一律軽減は誤答の典型です。

個別配慮は、本人の状況に応じた業務調整が論点です。全員に同じ対応をとる一律の軽減は、かえって適切な配慮にならず誤答の典型です。本人の状態や主治医・産業医の意見を踏まえ、必要な範囲で個別に調整するのが正解の方向です。

| 論点 | 正解 | 誤答 |
| --- | --- | --- |
| 業務量 | 個別調整 | 一律軽減 |
| 勤務時間 | 短時間·時差 | 強制休業 |
| 配置 | 本人同意 | 一方的配置 |
| 情報 | 必要最小限 | 詳細病歴 |",職場環境改善：PDCAと集団分析の基礎,"職場環境改善はストレスチェックの集団分析結果をPDCAで活かすのが正解です。個人特定は制度上禁止です。

職場環境の改善は、ストレスチェックの集団分析結果をPDCAサイクルで活かすのが正解です。集団分析は個人を特定しない形で行い、職場全体の傾向をつかんで改善につなげます。個人を特定するような使い方は制度上認められておらず誤答です。

| ステップ | 内容 | 主体 |
| --- | --- | --- |
| Plan | 集団分析·課題把握 | 経営層·人事 |
| Do | 改善策実施 | 管理監督者 |
| Check | 効果確認 | 産業医等 |
| Act | 継続改善 | 全社 |",workplace-improvement記事との2列比較表,"領域③④の基礎論点とPDCA詳細は2記事で分担します。本記事は領域③④·ストレス要因·個別配慮·管理監督者の線引き、workplace-improvement記事はPDCA·集団分析活用·環境改善フローに特化します。

本記事は領域③④の基礎（ストレス要因・個別配慮・管理監督者の線引き）を扱い、workplace-improvement記事はPDCA・集団分析の活用・環境改善フローの詳細を扱います。領域の基礎を押さえてから改善手法の詳細に進むと、理解がつながります。

| 論点 | 職場環境·配慮（本記事） | 環境改善記事 |
| --- | --- | --- |
| 焦点 | 領域③④·個別配慮 | PDCA·集団分析 |
| 時期 | 第3·4章1周目 | 環境改善深掘り |
| 成果物 | ③④論点表 | PDCA1枚表 |
| 出口 | 環境改善記事へ | overwork-preventionへ | 2記事を混同すると論点は分かってもPDCAの手順が曖昧になります。",,,,,個別配慮で一律業務軽減はなぜ誤答ですか？,個別配慮は、本人の状況に応じて業務を調整することを指すからです。全員に同じ対応をとる一律の軽減は、個々の状況を踏まえた配慮にならず誤答になります。本人の状態や主治医・産業医の意見を踏まえ、必要な範囲で調整するのが正解です。,ストレス要因の職場·個人の整理は何が論点ですか？,ストレス要因を、職場要因と個人要因に整理することが論点です。職場要因は管理監督者が把握・改善に関与し、個人要因については配慮・支援の観点で対応します。仕事起因の要因を個人の問題に帰する選択肢は誤答になります。,本記事と職場環境改善記事の違いは？,本記事は、領域③④の基礎（ストレス要因・個別配慮・管理監督者の線引き）を扱います。workplace-improvement記事は、PDCAサイクルや集団分析の活用など職場環境改善の手法を扱うため、領域の基礎と改善の手法を分けて押さえられます。,,,workplace-improvement:職場環境改善;overwork-prevention:過重労働;pass-score:合格点,職場環境·配慮;領域③④;ストレス要因;個別配慮;管理監督者
field-rights-frequent-topics,分野別対策,メンタルヘルス・マネジメント検定II種の職場環境・配慮の頻出論点,メンタルヘルスII種の職場環境·配慮の頻出論点。ストレス要因·個別配慮を表に整理。メンタルヘルス・マネジメント検定II種の職場環境改善とPDCA・メンタルヘルス・マネジメント検定II種の職場環境・配慮の基礎連携も解説。,メンタルヘルス・マネジメント検定II種（ラインケア）の職場環境·配慮の頻出論点は、7領域の第3〜4領域でストレス要因·個別配慮·職場環境改善が50問の中盤得点源です。職場·個人要因の整理とPDCAによる環境改善が繰り返し出題されます。本記事では頻出論点表をまとめ、環境改善はメンタルヘルス・マネジメント検定II種の職場環境改善とPDCA·基礎論点はメンタルヘルス・マネジメント検定II種の職場環境・配慮の基礎と役割分担します。公式情報は大阪商工会議所（https://www.mental-health.ne.jp/about/）の試験のご紹介です。,40,分野別;試験対策,メンタルヘルス二種マスター編集部,資格学習サイトの編集チーム,公式情報確認担当,公開前に一次情報との照合を行う担当者,2026-06-06,試験のご紹介（公式）|https://www.mental-health.ne.jp/about/,手書きリライト 2026-06-06。自動prose差し替え 2026-06-04（要手書き）。分野別対策向けテンプレートから作成。公開前に本文・参照URL・関連リンクを差し替える。;retire_redirect:field-rights-basics,本記事を読むと、たとえば演習10問·領域③④5問中3問正解の場合に、ストレス要因·個別配慮·職場環境改善の頻出論点と正解パターンが分かり、50問の中盤得点源として整理できます。,ストレス要因·個別配慮の頻出論点表を暗記する;演習10問·領域③④を解き誤答理由を記録する;メンタルヘルス・マネジメント検定II種の職場環境改善とPDCAの記事でPDCAを確認する;メンタルヘルス・マネジメント検定II種のストレスチェック制度の記事でストレスチェック制度を確認する;メンタルヘルス・マネジメント検定II種の職場環境・配慮の基礎の記事で領域③④基礎を確認する,試験要項・公式ページ更新時に本文と参照元を見直す。,2026-06-06,2026-06-29,2026-06-06,archived,2026-06-12: archived（guide retire·field-rights-basicsへ統合）,領域③④の頻出論点マップ,数値・日程・合格基準は年度で更新されるため、学習前と申込前には試験のご紹介（公式）の最新案内を確認してください。演習で職場環境・配慮の頻出論点に関する設問を解いたら。正解理由と誤答肢の違いを短くメモし、用語解説・比較表・よくある誤答タブで似た論点を比較表で整理すると定着しやすくなります。 演習10問を解き、解説で参照条文を公式テキストで開いて読み返してください。数値・日程・合格基準は年度で更新されるため、学習前と申込前には大阪商工会議所の最新案内を確認してください。,ストレス要因の出題パターン表,ストレスチェック制度では、職場のストレス要因の把握と、高ストレス者への面接指導が要点です。管理監督者は結果の取り扱い（個人情報・フィードバック方法）を理解しておく必要があります。 職場環境・配慮の頻出論点に関連する数値（50人以上の事業場など）は数値早見表で確認し、数値・日程・合格基準は年度で更新されるため。学習前と申込前には試験のご紹介（公式）の最新案内を確認してください。,個別配慮·ハラスメントの頻出論点表,ハラスメント相談窓口は、相談者が安心して利用でき、秘密保持と迅速な対応が担保された体制として整備します。管理監督者は相談を受けた場合の初動（傾聴、記録、担当者への連携）を理解しておく必要があります。 試験では「相談を無視する」「加害者と相談者を同席で詳細を聞く」など、不適切な初動が誤答肢になりやすいです。関連法令・指針の章も合わせて確認してください。「個別配慮·ハラスメントの頻出論点表」では。職場環境・配慮の頻出論点について公式テキストの該当章を開き、条文の主体・期限・数値を演習問題とセットで押さえて定着を確認します。数値・日程は試験のご紹介（公式）の最新要項で必ず照合してください。,頻出誤答と一律配慮防止表,数値・日程・合格基準は年度で更新されるため、学習前と申込前には試験のご紹介（公式）の最新案内を確認してください。演習で職場環境・配慮の頻出論点に関する設問を解いたら。正解理由と誤答肢の違いを短くメモし、用語解説・比較表・よくある誤答タブで似た論点を比較表で整理すると定着しやすくなります。 表をノートに転記したら、演習10問で理解を確認し、誤答は公式テキスト該当章で読み直してください。数値・日程・合格基準は年度で更新されるため、学習前と申込前には大阪商工会議所の最新案内を確認してください。,関連ガイドとの使い分け,数値・日程・合格基準は年度で更新されるため、学習前と申込前には試験のご紹介（公式）の最新案内を確認してください。演習で職場環境・配慮の頻出論点に関する設問を解いたら。正解理由と誤答肢の違いを短くメモし、用語解説・比較表・よくある誤答タブで似た論点を比較表で整理すると定着しやすくなります。 関連記事は役割が重ならないよう、概要→形式→学習計画の順で読むと迷いにくくなります。数値・日程・合格基準は年度で更新されるため、学習前と申込前には大阪商工会議所の最新案内を確認してください。,,,,,個別配慮で「一律業務軽減」はなぜ誤答ですか？,「個別配慮で「一律業務軽減」はなぜ誤答ですか」はメンタルヘルス・マネジメント検定II種の公式テキスト該当章と試験のご紹介（公式）で確認するのが確実です。職場環境・配慮の頻出論点では、条文の要件（誰が・いつ・何を）を演習問題とセットで押さえてください。,ストレス要因の頻出論点は何ですか？,「ストレス要因の頻出論点は何ですか」はメンタルヘルス・マネジメント検定II種の公式テキスト該当章と試験のご紹介（公式）で確認するのが確実です。職場環境・配慮の頻出論点では、条文の要件（誰が・いつ・何を）を演習問題とセットで押さえてください。,本記事とメンタルヘルス・マネジメント検定II種の職場環境改善とPDCAはどう使い分けますか？,読了後は、職場環境・配慮の頻出論点の関連する演習を5問以上解き、間違えた選択肢を用語解説で確認してから関連ガイドへ進んでください。1週間後の解き直し日をカレンダーに入れると定着しやすくなります。数値・主体・手順は大阪商工会議所の最新案内と照合してください。,,,workplace-improvement:職場環境改善;stress-check:ストレスチェック;field-rights-basics:職場環境基礎;pass-score:合格点,頻出論点;ストレス要因;個別配慮;職場環境改善;領域③④
field-rights-calculation,分野別対策,メンタルヘルス・マネジメント検定II種の職場環境・配慮の数値,メンタルヘルスII種の職場環境·配慮の数値。50人·ストレスチェック等·numbers連携を表に整理。メンタルヘルス・マネジメント検定II試験公式情報も確認。,メンタルヘルス・マネジメント検定II種（ラインケア）の職場環境·配慮の数値問題は、7領域の第3〜4領域および関連法令で問われる人数基準·期限·手続きの数値が中心です。常時50人以上のストレスチェック義務や50問·120分·70点の試験形式も領域横断で出題されます。本記事では職場環境·配慮の数値論点表をまとめ、数値早見はメンタルヘルス・マネジメント検定II種の数字・期限のまとめ方·基礎論点はメンタルヘルス・マネジメント検定II種の職場環境・配慮の基礎と役割分担します。公式情報は大阪商工会議所（https://www.mental-health.ne.jp/about/）の試験のご紹介です。,40,分野別;試験対策,メンタルヘルス二種マスター編集部,資格学習サイトの編集チーム,公式情報確認担当,公開前に一次情報との照合を行う担当者,2026-06-06,試験のご紹介（公式）|https://www.mental-health.ne.jp/about/,手書きリライト 2026-06-06。自動prose差し替え 2026-06-04（要手書き）。分野別対策向けテンプレートから作成。公開前に本文・参照URL・関連リンクを差し替える。;retire_redirect:field-rights-basics,本記事を読むと、たとえば演習10問·数値4問中2問正解の場合に、領域③④の数値·50人基準·試験形式数値の正解パターンが分かり、条文·制度の数値設問で得点できます。,50人以上等の人数基準を数値表で暗記する;演習10問·領域③④数値設問を解き誤答理由を記録する;50問·120分·70点の試験形式を確認する;メンタルヘルス・マネジメント検定II種の数字・期限のまとめ方の記事で数値一覧を確認する;メンタルヘルス・マネジメント検定II種の職場環境・配慮の基礎の記事で領域③④基礎を確認する,試験要項・公式ページ更新時に本文と参照元を見直す。,2026-06-06,2026-06-29,2026-06-06,archived,2026-06-12: archived（guide retire·field-rights-basicsへ統合）,職場環境·配慮の数値問題の全体像,数値・日程・合格基準は年度で更新されるため、学習前と申込前には試験のご紹介（公式）の最新案内を確認してください。演習で職場環境・配慮の数値に関する設問を解いたら。正解理由と誤答肢の違いを短くメモし、用語解説・比較表・よくある誤答タブで似た論点を比較表で整理すると定着しやすくなります。 演習10問を解き、解説で参照条文を公式テキストで開いて読み返してください。数値・日程・合格基準は年度で更新されるため、学習前と申込前には大阪商工会議所の最新案内を確認してください。,50人以上とストレスチェック義務の数値表,ストレスチェック制度では、職場のストレス要因の把握と、高ストレス者への面接指導が要点です。管理監督者は結果の取り扱い（個人情報・フィードバック方法）を理解しておく必要があります。 職場環境・配慮の数値に関連する数値（50人以上の事業場など）は数値早見表で確認し、数値・日程・合格基準は年度で更新されるため。学習前と申込前には試験のご紹介（公式）の最新案内を確認してください。,高ストレス者面接指導の数値表,ストレスチェック制度では、職場のストレス要因の把握と、高ストレス者への面接指導が要点です。管理監督者は結果の取り扱い（個人情報・フィードバック方法）を理解しておく必要があります。 職場環境・配慮の数値に関連する数値（50人以上の事業場など）は数値早見表で確認し、数値・日程・合格基準は年度で更新されるため。学習前と申込前には試験のご紹介（公式）の最新案内を確認してください。,数値設問の誤答パターン表（領域③④）,数値・日程・合格基準は年度で更新されるため、学習前と申込前には試験のご紹介（公式）の最新案内を確認してください。演習で職場環境・配慮の数値に関する設問を解いたら。正解理由と誤答肢の違いを短くメモし、用語解説・比較表・よくある誤答タブで似た論点を比較表で整理すると定着しやすくなります。 表をノートに転記したら、演習10問で理解を確認し、誤答は公式テキスト該当章で読み直してください。数値・日程・合格基準は年度で更新されるため、学習前と申込前には大阪商工会議所の最新案内を確認してください。,関連ガイドとの使い分け,数値・日程・合格基準は年度で更新されるため、学習前と申込前には試験のご紹介（公式）の最新案内を確認してください。演習で職場環境・配慮の数値に関する設問を解いたら。正解理由と誤答肢の違いを短くメモし、用語解説・比較表・よくある誤答タブで似た論点を比較表で整理すると定着しやすくなります。 関連記事は役割が重ならないよう、概要→形式→学習計画の順で読むと迷いにくくなります。数値・日程・合格基準は年度で更新されるため、学習前と申込前には大阪商工会議所の最新案内を確認してください。,,,,,領域③④で頻出の人数基準は何ですか？,「領域③④で頻出の人数基準は何ですか」はメンタルヘルス・マネジメント検定II種の公式テキスト該当章と試験のご紹介（公式）で確認するのが確実です。職場環境・配慮の数値では、条文の要件（誰が・いつ・何を）を演習問題とセットで押さえてください。,II種の合格点と出題数は何問何点ですか？,「II種の合格点と出題数は何問何点ですか」はメンタルヘルス・マネジメント検定II種の公式テキスト該当章と試験のご紹介（公式）で確認するのが確実です。職場環境・配慮の数値では、条文の要件（誰が・いつ・何を）を演習問題とセットで押さえてください。,本記事とメンタルヘルス・マネジメント検定II種の数字・期限のまとめ方はどう使い分けますか？,読了後は、職場環境・配慮の数値の関連する演習を5問以上解き、間違えた選択肢を用語解説で確認してから関連ガイドへ進んでください。1週間後の解き直し日をカレンダーに入れると定着しやすくなります。数値・主体・手順は大阪商工会議所の最新案内と照合してください。,,,numbers-and-deadlines:数値·期限;stress-check:ストレスチェック;field-rights-basics:職場環境基礎;pass-score:合格点,数値問題;領域③④;50人以上;50問70点;制度
field-rights-case-study,分野別対策,メンタルヘルス・マネジメント検定II種の職場環境・配慮の事例・ケース,メンタルヘルスII種の職場環境·配慮の事例·ケース。過重労働·ハラスメント·個別配慮を表に整理。メンタルヘルス・マネジメント検定II種の職場環境・配慮の基礎・メンタルヘルス・マネジメント検定II種の職場環境改善とPDCA連携も解説。,メンタルヘルス・マネジメント検定II種（ラインケア）の職場環境·配慮の事例·ケースは、50問·7領域の第3〜4領域で過重労働·ハラスメント·個別配慮が四択で問われる論点です。業務量調整·安全配慮·集団分析活用が正解、一律軽減·医学的判断·個人特定が誤答の典型です。本記事では事例·ケースの論点表をまとめ、基礎論点はメンタルヘルス・マネジメント検定II種の職場環境・配慮の基礎·PDCAはメンタルヘルス・マネジメント検定II種の職場環境改善とPDCAと役割分担します。公式情報は大阪商工会議所（https://www.mental-health.ne.jp/about/）の試験のご紹介です。,40,分野別;試験対策,メンタルヘルス二種マスター編集部,資格学習サイトの編集チーム,公式情報確認担当,公開前に一次情報との照合を行う担当者,2026-06-06,試験のご紹介（公式）|https://www.mental-health.ne.jp/about/,手書きリライト 2026-06-06。自動prose差し替え 2026-06-04（要手書き）。分野別対策向けテンプレートから作成。公開前に本文・参照URL・関連リンクを差し替える。;retire_redirect:field-rights-basics,本記事を読むと、たとえば演習10問·ケース5問中2問正解の場合に、過重労働·ハラスメント·個別配慮の正しい/誤った対応パターンと管理監督者の役割が分かり、領域③④の事例設問で得点できます。,ケース設問10問を解き正誤パターンを記録する;過重労働·ハラスメントの正しい/誤った対応比較表を暗記する;個別配慮の誤答5問を7日後に解き直す;メンタルヘルス・マネジメント検定II種の職場環境・配慮の基礎の記事で領域③④基礎を確認する;メンタルヘルス・マネジメント検定II種の職場環境改善とPDCAの記事でPDCAを確認する,試験要項・公式ページ更新時に本文と参照元を見直す。,2026-06-06,2026-06-29,2026-06-06,archived,2026-06-12: archived（guide retire·field-rights-basicsへ統合）,職場環境·配慮の事例·ケース問題の全体像,数値・日程・合格基準は年度で更新されるため、学習前と申込前には試験のご紹介（公式）の最新案内を確認してください。演習で職場環境・配慮の事例・ケースに関する設問を解いたら。正解理由と誤答肢の違いを短くメモし、用語解説・比較表・よくある誤答タブで似た論点を比較表で整理すると定着しやすくなります。 演習10問を解き、解説で参照条文を公式テキストで開いて読み返してください。数値・日程・合格基準は年度で更新されるため、学習前と申込前には大阪商工会議所の最新案内を確認してください。,過重労働·ハラスメントの正しい対応パターン表,ハラスメント相談窓口は、相談者が安心して利用でき、秘密保持と迅速な対応が担保された体制として整備します。管理監督者は相談を受けた場合の初動（傾聴、記録、担当者への連携）を理解しておく必要があります。 試験では「相談を無視する」「加害者と相談者を同席で詳細を聞く」など、不適切な初動が誤答肢になりやすいです。関連法令・指針の章も合わせて確認してください。「過重労働·ハラスメントの正しい対応パターン表」では。職場環境・配慮の事例・ケースについて公式テキストの該当章を開き、条文の主体・期限・数値を演習問題とセットで押さえて定着を確認します。数値・日程は試験のご紹介（公式）の最新要項で必ず照合してください。,個別配慮の取り違え表,数値・日程・合格基準は年度で更新されるため、学習前と申込前には試験のご紹介（公式）の最新案内を確認してください。演習で職場環境・配慮の事例・ケースに関する設問を解いたら。正解理由と誤答肢の違いを短くメモし、用語解説・比較表・よくある誤答タブで似た論点を比較表で整理すると定着しやすくなります。 表をノートに転記したら、演習10問で理解を確認し、誤答は公式テキスト該当章で読み直してください。数値・日程・合格基準は年度で更新されるため、学習前と申込前には大阪商工会議所の最新案内を確認してください。,事例設問の解き方（配慮·環境改善の切り分け手順）,数値・日程・合格基準は年度で更新されるため、学習前と申込前には試験のご紹介（公式）の最新案内を確認してください。演習で職場環境・配慮の事例・ケースに関する設問を解いたら。正解理由と誤答肢の違いを短くメモし、用語解説・比較表・よくある誤答タブで似た論点を比較表で整理すると定着しやすくなります。 演習10問を解き、解説で参照条文を公式テキストで開いて読み返してください。数値・日程・合格基準は年度で更新されるため、学習前と申込前には大阪商工会議所の最新案内を確認してください。,関連ガイドとの使い分け,数値・日程・合格基準は年度で更新されるため、学習前と申込前には試験のご紹介（公式）の最新案内を確認してください。演習で職場環境・配慮の事例・ケースに関する設問を解いたら。正解理由と誤答肢の違いを短くメモし、用語解説・比較表・よくある誤答タブで似た論点を比較表で整理すると定着しやすくなります。 関連記事は役割が重ならないよう、概要→形式→学習計画の順で読むと迷いにくくなります。数値・日程・合格基準は年度で更新されるため、学習前と申込前には大阪商工会議所の最新案内を確認してください。,,,,,個別配慮ケースで一律業務軽減はなぜ誤答ですか？,「個別配慮ケースで一律業務軽減はなぜ誤答ですか？」については、メンタルヘルス・マネジメント検定II種（ラインケア）の職場環境·配慮の事例·ケースは。50問·7領域の第3〜4領域で過重労働·ハラスメント·個別配慮が四択で問われる論点です。業務量調整·安全配慮·集…。最新の公式要項と照合する。本記事の公式数値表で確認する。,過重労働·ハラスメントの事例で正解パターンは何ですか？,「過重労働·ハラスメントの事例で正解パターンは何ですか？」は過去問演習で出題形式を把握し、正答後に用語解説で論点を復習する。過去問1問の正答理由をノートに記録して復習する。正答後は関連条文を開く。試験要項の最新版も確認。本記事関連の過去問1問で正答率を記録する。,本記事とメンタルヘルス・マネジメント検定II種の職場環境改善とPDCAはどう使い分けますか？,「本記事とメンタルヘルス・マネジメント検定II種の職場環境改善とPDCAは」の整理後は過重労働·ハラスメントの正しい/誤った対応比較表を暗記する。同テーマを1週間後に解き直して定着を確認する。混同しやすい近義語を比較表の左右に整理する。本記事の誤答肢を比較表に整理する。,,,field-rights-basics:職場環境基礎;workplace-improvement:職場環境改善;overwork-prevention:過重労働;pass-score:合格点,事例·ケース;過重労働;ハラスメント;個別配慮;領域③④
field-rights-past-question-focus,分野別対策,メンタルヘルス・マネジメント検定II種の職場環境・配慮の過去問傾向,メンタルヘルスII種の職場環境·配慮の過去問傾向。50問中の配分イメージ·7領域③④を表に整理。メンタルヘルス・マネジメント検定II種の職場環境・配慮の基礎・メンタルヘルス・マネジメント検定II種の科目一覧·出題範囲連携も解説。,メンタルヘルス・マネジメント検定II種（ラインケア）の職場環境·配慮の過去問傾向は、50問·7領域の第3〜4領域「ストレス要因·個別配慮」がおおむね20問程度出題される配分イメージです。職場·個人要因·PDCA·個別配慮が繰り返し問われます。本記事では過去問傾向表をまとめ、7領域一覧はメンタルヘルス・マネジメント検定II種の科目一覧·出題範囲·基礎論点はメンタルヘルス・マネジメント検定II種の職場環境・配慮の基礎と役割分担します。公式情報は大阪商工会議所（https://www.mental-health.ne.jp/about/）の試験のご紹介です。,40,分野別;試験対策,メンタルヘルス二種マスター編集部,資格学習サイトの編集チーム,公式情報確認担当,公開前に一次情報との照合を行う担当者,2026-06-06,試験のご紹介（公式）|https://www.mental-health.ne.jp/about/,手書きリライト 2026-06-06。自動prose差し替え 2026-06-04（要手書き）。分野別対策向けテンプレートから作成。公開前に本文・参照URL・関連リンクを差し替える。;retire_redirect:field-rights-basics,本記事を読むと、たとえば演習10問·領域③④5問中2問正解の場合に、50問中の領域③④配分イメージと繰り返し出る論点タイプが分かり、7領域の得点設計ができます。,7領域の出題配分表をメンタルヘルス・マネジメント検定II種の科目一覧·出題範囲の記事で確認する;演習10問·領域③④を解き正答率を記録する;過去問傾向の論点タイプ表を暗記する;メンタルヘルス・マネジメント検定II種の職場環境・配慮の基礎の記事で領域③④基礎を確認する;弱点領域③④20問追加で正答率60％以上を目指す,試験要項・公式ページ更新時に本文と参照元を見直す。,2026-06-06,2026-06-29,2026-06-06,archived,2026-06-12: archived（guide retire·field-rights-basicsへ統合）,50問中の領域③④配分イメージ,数値・日程・合格基準は年度で更新されるため、学習前と申込前には試験のご紹介（公式）の最新案内を確認してください。演習で職場環境・配慮の過去問傾向に関する設問を解いたら。正解理由と誤答肢の違いを短くメモし、用語解説・比較表・よくある誤答タブで似た論点を比較表で整理すると定着しやすくなります。 演習10問を解き、解説で参照条文を公式テキストで開いて読み返してください。数値・日程・合格基準は年度で更新されるため、学習前と申込前には大阪商工会議所の最新案内を確認してください。,過去問で繰り返す論点タイプ表,職場環境・配慮の過去問傾向の理解度は、関連する演習問題で確認するのが効率的です。1問解くごとに「根拠はテキストのどの章か」をメモすると、復習時に該当ページへすぐ戻れます。 同じ問題を時間を空けて解き直し、言い換え選択肢でも正解できるかまで確認してください。二回連続正解でも、条件を1語変えた肢で誤答する場合は、用語の定義がまだ曖昧なサインです。「過去問で繰り返す論点タイプ表」では。職場環境・配慮の過去問傾向について公式テキストの該当章を開き、条文の主体・期限・数値を演習問題とセットで押さえて定着を確認します。数値・日程は試験のご紹介（公式）の最新要項で必ず照合してください。,職場環境·配慮の出題比率イメージ,数値・日程・合格基準は年度で更新されるため、学習前と申込前には試験のご紹介（公式）の最新案内を確認してください。演習で職場環境・配慮の過去問傾向に関する設問を解いたら。正解理由と誤答肢の違いを短くメモし、用語解説・比較表・よくある誤答タブで似た論点を比較表で整理すると定着しやすくなります。 演習10問を解き、解説で参照条文を公式テキストで開いて読み返してください。数値・日程・合格基準は年度で更新されるため、学習前と申込前には大阪商工会議所の最新案内を確認してください。,領域③④弱点の見つけ方（演習データ）,職場環境・配慮の過去問傾向の理解度は、関連する演習問題で確認するのが効率的です。1問解くごとに「根拠はテキストのどの章か」をメモすると、復習時に該当ページへすぐ戻れます。 同じ問題を時間を空けて解き直し、言い換え選択肢でも正解できるかまで確認してください。二回連続正解でも、条件を1語変えた肢で誤答する場合は、用語の定義がまだ曖昧なサインです。「領域③④弱点の見つけ方（演習データ）」では。職場環境・配慮の過去問傾向について公式テキストの該当章を開き、条文の主体・期限・数値を演習問題とセットで押さえて定着を確認します。数値・日程は試験のご紹介（公式）の最新要項で必ず照合してください。,関連ガイドとの使い分け,数値・日程・合格基準は年度で更新されるため、学習前と申込前には試験のご紹介（公式）の最新案内を確認してください。演習で職場環境・配慮の過去問傾向に関する設問を解いたら。正解理由と誤答肢の違いを短くメモし、用語解説・比較表・よくある誤答タブで似た論点を比較表で整理すると定着しやすくなります。 関連記事は役割が重ならないよう、概要→形式→学習計画の順で読むと迷いにくくなります。数値・日程・合格基準は年度で更新されるため、学習前と申込前には大阪商工会議所の最新案内を確認してください。,,,,,領域③④は50問中何問程度出題されますか？,「領域③④は50問中何問程度出題されますか？」については、メンタルヘルス・マネジメント検定II種（ラインケア）の職場環境·配慮の過去問傾向は。50問·7領域の第3〜4領域「ストレス要因·個別配慮」がおおむね20問程度出題される配分イメージです。職場·個人要…。最新の公式要項と照合する。本記事の公式数値表で確認する。,領域③④の過去問で最多の論点タイプは何ですか？,「領域③④の過去問で最多の論点タイプは何ですか？」は過去問演習で出題形式を把握し、正答後に用語解説で論点を復習する。過去問1問の正答理由をノートに記録して復習する。正答後は関連条文を開く。試験要項の最新版も確認。本記事関連の過去問1問で正答率を記録する。,本記事とメンタルヘルス・マネジメント検定II種の科目一覧·出題範囲はどう使い分けますか？,「本記事とメンタルヘルス・マネジメント検定II種の科目一覧·出題範囲はどう」の整理後は演習10問·領域③④を解き正答率を記録する。同テーマを1週間後に解き直して定着を確認する。混同しやすい近義語を比較表の左右に整理する。本記事の誤答肢を比較表に整理する。,,,subjects:出題範囲;field-rights-basics:職場環境基礎;field-rights-frequent-topics:頻出論点;pass-score:合格点,過去問傾向;50問配分;領域③④;7領域;出題タイプ
field-limit-basics,分野別対策,メン管II種·相談·連携·復職【領域⑤⑥⑦·第5〜7章】,メンタルヘルス・マネジメント検定II種（ラインケア）の相談·連携·復職の基礎。領域⑤⑥⑦·病気休業·復帰支援を表に整理し、相談·紹介記事との2列比較で具体例解説します。,II種（ラインケア）の後半を支えるのが、第5領域「相談への対応」、第6領域「社内外資源との連携」、第7領域「復職者への支援」の3つです。管理監督者がどう相談を受け止め、いつ専門機関へつなぎ、復職をどう段階的に支えるか——実務に直結する論点が並びます。本記事では、この3領域の要点を整理し、「誰が何を担うのか」という主体の線引きや、復職支援の基礎を解説します。相談対応の5ステップはconsultation-referralの記事で先に確認しておくと、全体像がつかみやすくなります。出題の基準は公式テキスト第5〜7章です。,40,分野別;試験対策,メンタルヘルス二種マスター編集部,資格学習サイトの編集チーム,公式情報確認担当,公開前に一次情報との照合を行う担当者,2026-06-13,試験のご紹介（公式）|https://www.mental-health.ne.jp/about/,手書きリライト 2026-06-06。自動prose差し替え 2026-06-04（要手書き）。分野別対策向けテンプレートから作成。公開前に本文・参照URL・関連リンクを差し替える。,本記事を読むと、領域⑤⑥⑦の基礎論点が分かり、たとえば「8/2演習10問5問中2問→相談5ステップ確認→8/16⑤⑥⑦15問→70％」まで今日から再現でき、相談·紹介記事との使い分けも表で把握できます。,領域⑤⑥⑦の位置づけ表を1枚に整理する;演習10問·相談·連携·復職分野を解き誤答理由を記録する;consultation-referral記事で相談5ステップを確認する;return-to-work記事で復職5ステップを確認する;subjects記事で第5〜7章·領域⑤⑥⑦対応を確認する,試験要項・公式ページ更新時に本文と参照元を見直す。,2026-06-13,2026-06-29,2026-06-13,published,2026-06-12: 編集合格（手書きリライト·具体例·v2）,領域⑤⑥⑦：病気休業·復帰·フォロー,"第5領域は労働者からの相談への対応（相談対応）、第6領域は社内外資源との連携、第7領域は心の健康問題をもつ復職者への支援（復職者支援）です。50問の後半の一定割合が該当するイメージで学習配分します。

第5領域は労働者からの相談への対応、第6領域は社内外資源との連携、第7領域は心の健康問題をもつ復職者への支援です。50問のうち後半の一定割合がこの領域に該当するイメージで学習配分を考えます。相談・連携・復職という一連の流れとして理解すると整理しやすくなります。

| 領域 | 章 | 論点 | 管理監督者 |
| --- | --- | --- | --- |
| ⑤ | 第5章 | 病気休業·療養 | 連携·配慮 |
| ⑥ | 第6章 | 復帰可否·支援プラン | 橋渡し |
| ⑦ | 第7章 | 復職後フォロー | 継続支援 |
| 相談 | 横断 | 受付·紹介 | 中核役割 |",相談対応：管理監督者の4ステップ,"相談対応の基礎は、傾聴→記録→専門機関紹介→フォローアップです。紹介＝放り出しではないのが正解論点です。

相談対応の基礎は、傾聴→記録→専門機関への紹介→フォローアップという流れです。専門機関へつなぐことは「放り出す」ことではなく、支援の継続として位置づけられます。管理監督者が診断・治療を行わず、適切な資源につなぐ点が正解の論点です。

| ステップ | 内容 | 主体 |
| --- | --- | --- |
| 1 | 相談受付·傾聴 | 管理監督者 |
| 2 | 要点記録 | 管理監督者 |
| 3 | 専門機関紹介 | 管理監督者 |
| 4 | フォローアップ | 管理監督者 |",専門職連携：産業医·保健師との役割分担,"第6領域では産業医·保健師·人事·経営層との連携体制が論点です。管理監督者は現場と専門職の橋渡しです。

第6領域では、産業医・保健師・人事・経営層などとの連携体制が論点です。管理監督者は、現場で把握した情報と専門職とをつなぐ橋渡し役を担います。管理監督者が一人で抱え込み、専門職と連携しない選択肢は誤答です。役割ごとの正解・誤答を確認します。

| 論点 | 正解 | 誤答 |
| --- | --- | --- |
| 産業医 | 定期面接·助言 | 診断代行 |
| 体制 | 社内規程·教育 | 個人任せ |
| 記録 | 要点のみ | 詳細病歴 |
| 経営層 | 方針·資源確保 | 現場放置 |",復職支援：段階的復帰の基礎表,"復職は段階的復帰が正解パターンです。return-to-work記事の5ステップと対応づけます。医学的判断は医師の義務です。

復職は、短時間勤務から段階的に通常勤務へ戻す段階的復帰が正解パターンです。return-to-work記事の職場復帰支援5ステップと対応づけて理解します。復帰可否などの医学的判断は医師・産業医が担い、管理監督者は職場環境の調整とフォローを担います。

| ステップ | 内容 | 主体 |
| --- | --- | --- |
| 1 | 病気休業·療養 | 本人·医師 |
| 2 | 復帰可能判断 | 主治医 |
| 3 | 支援プラン | 産業医等 |
| 4 | 職場復帰決定 | 本人·会社 |
| 5 | フォローアップ | 管理監督者 |",consultation-referral記事との2列比較表,"領域⑤⑥⑦の基礎論点と相談5ステップ詳細は2記事で分担します。本記事は領域⑤⑥⑦·相談·連携·復職支援の基礎·主体の線引き、consultation-referral記事は相談·紹介5ステップの手順詳細に特化します。

本記事は領域⑤⑥⑦の基礎（相談・連携・復職支援・主体の線引き）を扱い、consultation-referral記事は相談・紹介の5ステップという手順の詳細を扱います。領域全体の基礎を押さえてから、相談対応の手順を深掘りすると理解がつながります。

| 論点 | 相談·連携基礎（本記事） | 相談·紹介記事 |
| --- | --- | --- |
| 焦点 | 領域⑤⑥⑦·主体線引き | 相談5ステップ |
| 時期 | 第5〜7章1周目 | 相談フロー深掘り |
| 成果物 | ⑤⑥⑦論点表 | 5ステップ1枚表 |
| 出口 | 相談·紹介へ | return-to-workへ | 2記事を混同すると論点は分かっても相談手順が曖昧になります。",,,,,相談対応で管理監督者の中核役割は何ですか？,相談の受付・傾聴・専門機関への紹介・フォローアップが中核です。専門機関へつなぐことは本人を放り出すことではなく、支援の継続として位置づけられます。管理監督者は診断や治療を行わず、適切な資源へつなぐ橋渡し役を担います。,復職支援の5ステップは誰が判断しますか？,職場復帰の可否は、主治医・産業医による医学的判断が基礎になります。管理監督者は、その判断を前提に、業務量や勤務時間を段階的に調整するなど職場環境の調整を担います。復帰の可否を管理監督者が決める選択肢は誤答です。,本記事と相談·紹介記事の違いは？,本記事は、相談・連携・復職支援を含む領域⑤⑥⑦全体の基礎と主体の線引きを扱います。consultation-referral記事は、相談・紹介の5ステップという手順の詳細を扱うため、領域の基礎を押さえてから相談対応の手順を深掘りできます。,,,consultation-referral:相談·紹介;return-to-work:職場復帰;pass-score:合格点,相談·連携·復職;領域⑤⑥⑦;専門職連携;段階的復帰;管理監督者
field-limit-frequent-topics,分野別対策,メンタルヘルス・マネジメント検定II種の相談・連携・復職の頻出論点,メンタルヘルスII種の相談·連携·復職の頻出論点。傾聴·紹介·復職支援を表に整理。メンタルヘルス・マネジメント検定II種の相談·紹介の流れ・メンタルヘルス・マネジメント検定II種の相談・連携・復職の基礎連携も解説。,メンタルヘルス・マネジメント検定II種（ラインケア）の相談·連携·復職の頻出論点は、7領域の第5〜7領域で傾聴·専門機関紹介·段階的復帰支援が50問の後半得点源です。紹介＝放り出しではない論点と5ステップ復帰の順序が繰り返し出題されます。本記事では頻出論点表をまとめ、相談フローはメンタルヘルス・マネジメント検定II種の相談·紹介の流れ·基礎論点はメンタルヘルス・マネジメント検定II種の相談・連携・復職の基礎と役割分担します。公式情報は大阪商工会議所（https://www.mental-health.ne.jp/about/）の試験のご紹介です。,40,分野別;試験対策,メンタルヘルス二種マスター編集部,資格学習サイトの編集チーム,公式情報確認担当,公開前に一次情報との照合を行う担当者,2026-06-06,試験のご紹介（公式）|https://www.mental-health.ne.jp/about/,手書きリライト 2026-06-06。自動prose差し替え 2026-06-04（要手書き）。分野別対策向けテンプレートから作成。公開前に本文・参照URL・関連リンクを差し替える。;retire_redirect:field-limit-basics,本記事を読むと、たとえば演習10問·領域⑤⑥⑦5問中3問正解の場合に、傾聴·紹介·復職支援の頻出論点と正解パターンが分かり、50問の後半得点源として整理できます。,傾聴·紹介·復職支援の頻出論点表を暗記する;演習10問·領域⑤⑥⑦を解き誤答理由を記録する;メンタルヘルス・マネジメント検定II種の相談·紹介の流れの記事で相談5ステップを確認する;メンタルヘルス・マネジメント検定II種の職場復帰支援の5ステップの記事で復職5ステップを確認する;メンタルヘルス・マネジメント検定II種の相談・連携・復職の基礎の記事で領域⑤⑥⑦基礎を確認する,試験要項・公式ページ更新時に本文と参照元を見直す。,2026-06-06,2026-06-29,2026-06-06,archived,2026-06-12: archived（guide retire·field-limit-basicsへ統合）,領域⑤⑥⑦の頻出論点マップ,数値・日程・合格基準は年度で更新されるため、学習前と申込前には試験のご紹介（公式）の最新案内を確認してください。演習で相談・連携・復職の頻出論点に関する設問を解いたら。正解理由と誤答肢の違いを短くメモし、用語解説・比較表・よくある誤答タブで似た論点を比較表で整理すると定着しやすくなります。 演習10問を解き、解説で参照条文を公式テキストで開いて読み返してください。数値・日程・合格基準は年度で更新されるため、学習前と申込前には大阪商工会議所の最新案内を確認してください。,傾聴·紹介の出題パターン表,数値・日程・合格基準は年度で更新されるため、学習前と申込前には試験のご紹介（公式）の最新案内を確認してください。演習で相談・連携・復職の頻出論点に関する設問を解いたら。正解理由と誤答肢の違いを短くメモし、用語解説・比較表・よくある誤答タブで似た論点を比較表で整理すると定着しやすくなります。 表をノートに転記したら、演習10問で理解を確認し、誤答は公式テキスト該当章で読み直してください。数値・日程・合格基準は年度で更新されるため、学習前と申込前には大阪商工会議所の最新案内を確認してください。,復職支援の頻出論点表,職場復帰支援では、就業上の措置（業務量・時間・場所の調整）を段階的に見直しながら、主治医の意見と本人の状態を踏まえて復職可否を判断します。いきなりフルタイム復帰が正解とは限らず、試験では「段階的」「双方合意」がキーワードになります。 復職後もフォロー面談や環境調整を継続し、再発予防につなげる流れが5ステップの後半に位置づけられます。用語解説の「職場復帰支援」「就業上の措置」も合わせて確認してください。,頻出誤答と紹介＝放り出し防止表,数値・日程・合格基準は年度で更新されるため、学習前と申込前には試験のご紹介（公式）の最新案内を確認してください。演習で相談・連携・復職の頻出論点に関する設問を解いたら。正解理由と誤答肢の違いを短くメモし、用語解説・比較表・よくある誤答タブで似た論点を比較表で整理すると定着しやすくなります。 表をノートに転記したら、演習10問で理解を確認し、誤答は公式テキスト該当章で読み直してください。数値・日程・合格基準は年度で更新されるため、学習前と申込前には大阪商工会議所の最新案内を確認してください。,関連ガイドとの使い分け,数値・日程・合格基準は年度で更新されるため、学習前と申込前には試験のご紹介（公式）の最新案内を確認してください。演習で相談・連携・復職の頻出論点に関する設問を解いたら。正解理由と誤答肢の違いを短くメモし、用語解説・比較表・よくある誤答タブで似た論点を比較表で整理すると定着しやすくなります。 関連記事は役割が重ならないよう、概要→形式→学習計画の順で読むと迷いにくくなります。数値・日程・合格基準は年度で更新されるため、学習前と申込前には大阪商工会議所の最新案内を確認してください。,,,,,相談対応で「紹介＝支援終了」はなぜ誤答ですか？,「相談対応で「紹介＝支援終了」はなぜ誤答ですか？」については、メンタルヘルス・マネジメント検定II種（ラインケア）の相談·連携·復職の頻出論点は。7領域の第5〜7領域で傾聴·専門機関紹介·段階的復帰支援が50問の後半得点源です。紹介＝放り出しではない論点と5ス…。最新の公式要項と照合する。本記事の公式数値表で確認する。,復職支援の頻出論点は何ですか？,「復職支援の頻出論点は何ですか？」は過去問演習で出題形式を把握し、正答後に用語解説で論点を復習する。過去問1問の正答理由をノートに記録して復習する。正答後は関連条文を開く。試験要項の最新版も確認。本記事関連の過去問1問で正答率を記録する。,本記事とメンタルヘルス・マネジメント検定II種の相談·紹介の流れはどう使い分けますか？,「本記事とメンタルヘルス・マネジメント検定II種の相談·紹介の流れはどう使」の整理後は演習10問·領域⑤⑥⑦を解き誤答理由を記録する。同テーマを1週間後に解き直して定着を確認する。混同しやすい近義語を比較表の左右に整理する。本記事の誤答肢を比較表に整理する。,,,consultation-referral:相談·紹介;return-to-work:職場復帰;field-limit-basics:相談·連携基礎;pass-score:合格点,頻出論点;傾聴;紹介;復職支援;領域⑤⑥⑦
field-limit-calculation,分野別対策,メンタルヘルス・マネジメント検定II種の相談・連携・復職の数値,メンタルヘルスII種の相談·連携·復職の数値。領域⑤⑥⑦の数値·メンタルヘルス・マネジメント検定II種の基礎・役割の数値問題/numbers連携を表に整理。,メンタルヘルス・マネジメント検定II種（ラインケア）の相談·連携·復職の数値問題は、7領域の第5〜7領域および関連法令で問われる人数基準·期限·手続きの数値が中心です。50人以上のストレスチェック義務や50問·120分·70点の試験形式も領域横断で出題されます。本記事では相談·連携·復職の数値論点表をまとめ、領域①数値はメンタルヘルス・マネジメント検定II種の基礎・役割の数値問題·数値早見はメンタルヘルス・マネジメント検定II種の数字・期限のまとめ方と役割分担します。公式情報は大阪商工会議所（https://www.mental-health.ne.jp/about/）の試験のご紹介です。,40,分野別;試験対策,メンタルヘルス二種マスター編集部,資格学習サイトの編集チーム,公式情報確認担当,公開前に一次情報との照合を行う担当者,2026-06-06,試験のご紹介（公式）|https://www.mental-health.ne.jp/about/,手書きリライト 2026-06-06。自動prose差し替え 2026-06-04（要手書き）。分野別対策向けテンプレートから作成。公開前に本文・参照URL・関連リンクを差し替える。;retire_redirect:field-limit-basics,本記事を読むと、たとえば演習10問·数値4問中2問正解の場合に、領域⑤⑥⑦の数値·期限·試験形式数値の正解パターンが分かり、条文·制度の数値設問で得点できます。,50人以上等の人数基準を数値表で暗記する;演習10問·領域⑤⑥⑦数値設問を解き誤答理由を記録する;50問·120分·70点の試験形式を確認する;メンタルヘルス・マネジメント検定II種の基礎・役割の数値問題の記事で領域①数値を確認する;メンタルヘルス・マネジメント検定II種の数字・期限のまとめ方の記事で数値一覧を確認する,試験要項・公式ページ更新時に本文と参照元を見直す。,2026-06-06,2026-06-29,2026-06-06,archived,2026-06-12: archived（guide retire·field-limit-basicsへ統合）,相談·連携·復職の数値問題の全体像,職場復帰支援では、就業上の措置（業務量・時間・場所の調整）を段階的に見直しながら、主治医の意見と本人の状態を踏まえて復職可否を判断します。いきなりフルタイム復帰が正解とは限らず、試験では「段階的」「双方合意」がキーワードになります。 復職後もフォロー面談や環境調整を継続し、再発予防につなげる流れが5ステップの後半に位置づけられます。用語解説の「職場復帰支援」「就業上の措置」も合わせて確認してください。,相談·連携の期限·人数の数値表,数値・日程・合格基準は年度で更新されるため、学習前と申込前には試験のご紹介（公式）の最新案内を確認してください。演習で相談・連携・復職の数値に関する設問を解いたら。正解理由と誤答肢の違いを短くメモし、用語解説・比較表・よくある誤答タブで似た論点を比較表で整理すると定着しやすくなります。 関連記事は役割が重ならないよう、概要→形式→学習計画の順で読むと迷いにくくなります。数値・日程・合格基準は年度で更新されるため、学習前と申込前には大阪商工会議所の最新案内を確認してください。,復職関連の数値と5ステップ表,職場復帰支援では、就業上の措置（業務量・時間・場所の調整）を段階的に見直しながら、主治医の意見と本人の状態を踏まえて復職可否を判断します。いきなりフルタイム復帰が正解とは限らず、試験では「段階的」「双方合意」がキーワードになります。 復職後もフォロー面談や環境調整を継続し、再発予防につなげる流れが5ステップの後半に位置づけられます。用語解説の「職場復帰支援」「就業上の措置」も合わせて確認してください。,数値設問の誤答パターン表（領域⑤⑥⑦）,数値・日程・合格基準は年度で更新されるため、学習前と申込前には試験のご紹介（公式）の最新案内を確認してください。演習で相談・連携・復職の数値に関する設問を解いたら。正解理由と誤答肢の違いを短くメモし、用語解説・比較表・よくある誤答タブで似た論点を比較表で整理すると定着しやすくなります。 表をノートに転記したら、演習10問で理解を確認し、誤答は公式テキスト該当章で読み直してください。数値・日程・合格基準は年度で更新されるため、学習前と申込前には大阪商工会議所の最新案内を確認してください。,関連ガイドとの使い分け,数値・日程・合格基準は年度で更新されるため、学習前と申込前には試験のご紹介（公式）の最新案内を確認してください。演習で相談・連携・復職の数値に関する設問を解いたら。正解理由と誤答肢の違いを短くメモし、用語解説・比較表・よくある誤答タブで似た論点を比較表で整理すると定着しやすくなります。 関連記事は役割が重ならないよう、概要→形式→学習計画の順で読むと迷いにくくなります。数値・日程・合格基準は年度で更新されるため、学習前と申込前には大阪商工会議所の最新案内を確認してください。,,,,,領域⑤⑥⑦で頻出の人数基準は何ですか？,「領域⑤⑥⑦で頻出の人数基準は何ですか」はメンタルヘルス・マネジメント検定II種の公式テキスト該当章と試験のご紹介（公式）で確認するのが確実です。相談・連携・復職の数値では、条文の要件（誰が・いつ・何を）を演習問題とセットで押さえてください。,II種の合格点と出題数は何問何点ですか？,「II種の合格点と出題数は何問何点ですか」はメンタルヘルス・マネジメント検定II種の公式テキスト該当章と試験のご紹介（公式）で確認するのが確実です。相談・連携・復職の数値では、条文の要件（誰が・いつ・何を）を演習問題とセットで押さえてください。,本記事とメンタルヘルス・マネジメント検定II種の基礎・役割の数値問題はどう使い分けますか？,読了後は、相談・連携・復職の数値の関連する演習を5問以上解き、間違えた選択肢を用語解説で確認してから関連ガイドへ進んでください。1週間後の解き直し日をカレンダーに入れると定着しやすくなります。数値・主体・手順は大阪商工会議所の最新案内と照合してください。,,,numbers-and-deadlines:数値·期限;field-law-calculation:基礎·役割数値;field-limit-basics:相談·連携基礎;pass-score:合格点,数値問題;領域⑤⑥⑦;50人以上;50問70点;制度
field-limit-case-study,分野別対策,メンタルヘルス・マネジメント検定II種の相談・連携・復職の事例・ケース,メンタルヘルスII種の相談·連携·復職の事例·ケース。5ステップ復帰·主体·プライバシーを表に整理。メンタルヘルス・マネジメント検定II種の相談・連携・復職の基礎・メンタルヘルス・マネジメント検定II種の職場復帰支援の5ステップ連携も解説。,メンタルヘルス・マネジメント検定II種（ラインケア）の相談·連携·復職の事例·ケースは、50問·7領域の第5〜7領域で管理監督者の正しい対応と5ステップ復帰·主体·プライバシーが四択で問われる論点です。傾聴·専門機関紹介·段階的復帰が正解、医学的判断·病名の社内共有が誤答の典型です。本記事では事例·ケースの論点表をまとめ、基礎論点はメンタルヘルス・マネジメント検定II種の相談・連携・復職の基礎·復職5ステップはメンタルヘルス・マネジメント検定II種の職場復帰支援の5ステップと役割分担します。公式情報は大阪商工会議所（https://www.mental-health.ne.jp/about/）の試験のご紹介です。,40,分野別;試験対策,メンタルヘルス二種マスター編集部,資格学習サイトの編集チーム,公式情報確認担当,公開前に一次情報との照合を行う担当者,2026-06-06,試験のご紹介（公式）|https://www.mental-health.ne.jp/about/,手書きリライト 2026-06-06。自動prose差し替え 2026-06-04（要手書き）。分野別対策向けテンプレートから作成。公開前に本文・参照URL・関連リンクを差し替える。;retire_redirect:field-limit-basics,本記事を読むと、たとえば演習10問·ケース5問中2問正解の場合に、相談·連携·復職の正しい/誤った対応パターンと5ステップ復帰·主体·プライバシーの線引きが分かり、領域⑤⑥⑦の事例設問で得点できます。,ケース設問10問を解き正誤パターンを記録する;5ステップ復帰の正しい/誤った対応比較表を暗記する;主体·プライバシーの誤答5問を7日後に解き直す;メンタルヘルス・マネジメント検定II種の相談・連携・復職の基礎の記事で領域⑤⑥⑦基礎を確認する;メンタルヘルス・マネジメント検定II種の職場復帰支援の5ステップの記事で復職5ステップを確認する,試験要項・公式ページ更新時に本文と参照元を見直す。,2026-06-06,2026-06-29,2026-06-06,archived,2026-06-12: archived（guide retire·field-limit-basicsへ統合）,相談·連携·復職の事例·ケース問題の全体像,職場復帰支援では、就業上の措置（業務量・時間・場所の調整）を段階的に見直しながら、主治医の意見と本人の状態を踏まえて復職可否を判断します。いきなりフルタイム復帰が正解とは限らず、試験では「段階的」「双方合意」がキーワードになります。 復職後もフォロー面談や環境調整を継続し、再発予防につなげる流れが5ステップの後半に位置づけられます。用語解説の「職場復帰支援」「就業上の措置」も合わせて確認してください。,5ステップ復帰の正しい対応パターン表,職場復帰支援では、就業上の措置（業務量・時間・場所の調整）を段階的に見直しながら、主治医の意見と本人の状態を踏まえて復職可否を判断します。いきなりフルタイム復帰が正解とは限らず、試験では「段階的」「双方合意」がキーワードになります。 復職後もフォロー面談や環境調整を継続し、再発予防につなげる流れが5ステップの後半に位置づけられます。用語解説の「職場復帰支援」「就業上の措置」も合わせて確認してください。,主体·プライバシーの取り違え表,数値・日程・合格基準は年度で更新されるため、学習前と申込前には試験のご紹介（公式）の最新案内を確認してください。演習で相談・連携・復職の事例・ケースに関する設問を解いたら。正解理由と誤答肢の違いを短くメモし、用語解説・比較表・よくある誤答タブで似た論点を比較表で整理すると定着しやすくなります。 表をノートに転記したら、演習10問で理解を確認し、誤答は公式テキスト該当章で読み直してください。数値・日程・合格基準は年度で更新されるため、学習前と申込前には大阪商工会議所の最新案内を確認してください。,事例設問の解き方（相談·復職の切り分け手順）,職場復帰支援では、就業上の措置（業務量・時間・場所の調整）を段階的に見直しながら、主治医の意見と本人の状態を踏まえて復職可否を判断します。いきなりフルタイム復帰が正解とは限らず、試験では「段階的」「双方合意」がキーワードになります。 復職後もフォロー面談や環境調整を継続し、再発予防につなげる流れが5ステップの後半に位置づけられます。用語解説の「職場復帰支援」「就業上の措置」も合わせて確認してください。,関連ガイドとの使い分け,数値・日程・合格基準は年度で更新されるため、学習前と申込前には試験のご紹介（公式）の最新案内を確認してください。演習で相談・連携・復職の事例・ケースに関する設問を解いたら。正解理由と誤答肢の違いを短くメモし、用語解説・比較表・よくある誤答タブで似た論点を比較表で整理すると定着しやすくなります。 関連記事は役割が重ならないよう、概要→形式→学習計画の順で読むと迷いにくくなります。数値・日程・合格基準は年度で更新されるため、学習前と申込前には大阪商工会議所の最新案内を確認してください。,,,,,復職ケースで管理監督者が復帰可否を決める選択肢はなぜ誤答ですか？,「復職ケースで管理監督者が復帰可否を決める選択肢はなぜ誤答ですか」はメンタルヘルス・マネジメント検定II種の公式テキスト該当章と試験のご紹介（公式）で確認するのが確実です。相談・連携・復職の事例・ケースでは、条文の要件（誰が・いつ・何を）を演習問題とセットで押さえてください。,相談·連携の事例で正解パターンは何ですか？,「相談·連携の事例で正解パターンは何ですか」はメンタルヘルス・マネジメント検定II種の公式テキスト該当章と試験のご紹介（公式）で確認するのが確実です。相談・連携・復職の事例・ケースでは、条文の要件（誰が・いつ・何を）を演習問題とセットで押さえてください。,本記事とメンタルヘルス・マネジメント検定II種の職場復帰支援の5ステップはどう使い分けますか？,読了後は、相談・連携・復職の事例・ケースの関連する演習を5問以上解き、間違えた選択肢を用語解説で確認してから関連ガイドへ進んでください。1週間後の解き直し日をカレンダーに入れると定着しやすくなります。,,,field-limit-basics:相談·連携基礎;return-to-work:職場復帰;consultation-referral:相談·紹介;pass-score:合格点,事例·ケース;5ステップ復帰;主体;プライバシー;領域⑤⑥⑦
field-limit-past-question-focus,分野別対策,メンタルヘルス・マネジメント検定II種の相談・連携・復職の過去問傾向,メンタルヘルスII種の相談·連携·復職の過去問傾向。50問中の配分イメージ·7領域⑤⑥⑦を表に整理。メンタルヘルス・マネジメント検定II種の相談・連携・復職の基礎・メンタルヘルス・マネジメント検定II種の科目一覧·出題範囲連携も解説。,メンタルヘルス・マネジメント検定II種（ラインケア）の相談·連携·復職の過去問傾向は、50問·7領域の第5〜7領域「相談対応·社内推進·関連法令」がおおむね30問程度出題される配分イメージです。傾聴·紹介·5ステップ復帰が繰り返し問われます。本記事では過去問傾向表をまとめ、7領域一覧はメンタルヘルス・マネジメント検定II種の科目一覧·出題範囲·基礎論点はメンタルヘルス・マネジメント検定II種の相談・連携・復職の基礎と役割分担します。公式情報は大阪商工会議所（https://www.mental-health.ne.jp/about/）の試験のご紹介です。,40,分野別;試験対策,メンタルヘルス二種マスター編集部,資格学習サイトの編集チーム,公式情報確認担当,公開前に一次情報との照合を行う担当者,2026-06-06,試験のご紹介（公式）|https://www.mental-health.ne.jp/about/,手書きリライト 2026-06-06。自動prose差し替え 2026-06-04（要手書き）。分野別対策向けテンプレートから作成。公開前に本文・参照URL・関連リンクを差し替える。;retire_redirect:field-limit-basics,本記事を読むと、たとえば演習10問·領域⑤⑥⑦5問中2問正解の場合に、50問中の領域⑤⑥⑦配分イメージと繰り返し出る論点タイプが分かり、7領域の得点設計ができます。,7領域の出題配分表をメンタルヘルス・マネジメント検定II種の科目一覧·出題範囲の記事で確認する;演習10問·領域⑤⑥⑦を解き正答率を記録する;過去問傾向の論点タイプ表を暗記する;メンタルヘルス・マネジメント検定II種の相談・連携・復職の基礎の記事で領域⑤⑥⑦基礎を確認する;弱点領域⑤⑥⑦20問追加で正答率60％以上を目指す,試験要項・公式ページ更新時に本文と参照元を見直す。,2026-06-06,2026-06-29,2026-06-06,archived,2026-06-12: archived（guide retire·field-limit-basicsへ統合）,50問中の領域⑤⑥⑦配分イメージ,数値・日程・合格基準は年度で更新されるため、学習前と申込前には試験のご紹介（公式）の最新案内を確認してください。演習で相談・連携・復職の過去問傾向に関する設問を解いたら。正解理由と誤答肢の違いを短くメモし、用語解説・比較表・よくある誤答タブで似た論点を比較表で整理すると定着しやすくなります。 演習10問を解き、解説で参照条文を公式テキストで開いて読み返してください。数値・日程・合格基準は年度で更新されるため、学習前と申込前には大阪商工会議所の最新案内を確認してください。,過去問で繰り返す論点タイプ表,相談・連携・復職の過去問傾向の理解度は、関連する演習問題で確認するのが効率的です。1問解くごとに「根拠はテキストのどの章か」をメモすると、復習時に該当ページへすぐ戻れます。 同じ問題を時間を空けて解き直し、言い換え選択肢でも正解できるかまで確認してください。二回連続正解でも、条件を1語変えた肢で誤答する場合は、用語の定義がまだ曖昧なサインです。「過去問で繰り返す論点タイプ表」では。相談・連携・復職の過去問傾向について公式テキストの該当章を開き、条文の主体・期限・数値を演習問題とセットで押さえて定着を確認します。数値・日程は試験のご紹介（公式）の最新要項で必ず照合してください。,相談·連携·復職の出題比率イメージ,職場復帰支援では、就業上の措置（業務量・時間・場所の調整）を段階的に見直しながら、主治医の意見と本人の状態を踏まえて復職可否を判断します。いきなりフルタイム復帰が正解とは限らず、試験では「段階的」「双方合意」がキーワードになります。 復職後もフォロー面談や環境調整を継続し、再発予防につなげる流れが5ステップの後半に位置づけられます。用語解説の「職場復帰支援」「就業上の措置」も合わせて確認してください。,領域⑤⑥⑦弱点の見つけ方（演習データ）,相談・連携・復職の過去問傾向の理解度は、関連する演習問題で確認するのが効率的です。1問解くごとに「根拠はテキストのどの章か」をメモすると、復習時に該当ページへすぐ戻れます。 同じ問題を時間を空けて解き直し、言い換え選択肢でも正解できるかまで確認してください。二回連続正解でも、条件を1語変えた肢で誤答する場合は、用語の定義がまだ曖昧なサインです。「領域⑤⑥⑦弱点の見つけ方（演習データ）」では。相談・連携・復職の過去問傾向について公式テキストの該当章を開き、条文の主体・期限・数値を演習問題とセットで押さえて定着を確認します。数値・日程は試験のご紹介（公式）の最新要項で必ず照合してください。,関連ガイドとの使い分け,数値・日程・合格基準は年度で更新されるため、学習前と申込前には試験のご紹介（公式）の最新案内を確認してください。演習で相談・連携・復職の過去問傾向に関する設問を解いたら。正解理由と誤答肢の違いを短くメモし、用語解説・比較表・よくある誤答タブで似た論点を比較表で整理すると定着しやすくなります。 関連記事は役割が重ならないよう、概要→形式→学習計画の順で読むと迷いにくくなります。数値・日程・合格基準は年度で更新されるため、学習前と申込前には大阪商工会議所の最新案内を確認してください。,,,,,領域⑤⑥⑦は50問中何問程度出題されますか？,「領域⑤⑥⑦は50問中何問程度出題されますか？」については、メンタルヘルス・マネジメント検定II種（ラインケア）の相談·連携·復職の過去問傾向は。50問·7領域の第5〜7領域「相談対応·社内推進·関連法令」がおおむね30問程度出題される配分イメージです。傾聴…。最新の公式要項と照合する。本記事の公式数値表で確認する。,領域⑤⑥⑦の過去問で最多の論点タイプは何ですか？,「領域⑤⑥⑦の過去問で最多の論点タイプは何ですか？」は過去問演習で出題形式を把握し、正答後に用語解説で論点を復習する。過去問1問の正答理由をノートに記録して復習する。正答後は関連条文を開く。試験要項の最新版も確認。本記事関連の過去問1問で正答率を記録する。,本記事とメンタルヘルス・マネジメント検定II種の科目一覧·出題範囲はどう使い分けますか？,「本記事とメンタルヘルス・マネジメント検定II種の科目一覧·出題範囲はどう」の整理後は演習10問·領域⑤⑥⑦を解き正答率を記録する。同テーマを1週間後に解き直して定着を確認する。混同しやすい近義語を比較表の左右に整理する。本記事の誤答肢を比較表に整理する。,,,subjects:出題範囲;field-limit-basics:相談·連携基礎;field-limit-frequent-topics:頻出論点;pass-score:合格点,過去問傾向;50問配分;領域⑤⑥⑦;7領域;出題タイプ
