id,question,answer,explanation,explanation_summary,explanation_correct,explanation_opposite,explanation_point,category,tags,source,note
ichi-0001,安全配慮義務は労働安全衛生法に明文規定されており、違反した場合は刑事罰が科される。,×,安全配慮義務は労働契約法5条に規定され、身体的・精神的健康の両方に及ぶ。管理監督者個人も責任を問われることがある。過失相殺はあり得るが損害賠償が発生しないわけではない。,,,,,基礎・役割,第1章 / 労働安全衛生法と安全配慮義務,メンタルヘルスケアの意義と管理監督者の役割,
ichi-0002,安全配慮義務の履行者は会社のみであり、管理監督者個人が責任を問われることはない。,×,安全配慮義務は労働契約法5条に規定され、身体的・精神的健康の両方に及ぶ。管理監督者個人も責任を問われることがある。過失相殺はあり得るが損害賠償が発生しないわけではない。,,,,,基礎・役割,第1章 / 労働安全衛生法と安全配慮義務,メンタルヘルスケアの意義と管理監督者の役割,
ichi-0003,身体的な安全だけでなく、メンタルヘルス上の配慮も安全配慮義務の対象となる。,○,安全配慮義務は労働契約法5条に規定され、身体的・精神的健康の両方に及ぶ。管理監督者個人も責任を問われることがある。過失相殺はあり得るが損害賠償が発生しないわけではない。,,,,,基礎・役割,第1章 / 労働安全衛生法と安全配慮義務,メンタルヘルスケアの意義と管理監督者の役割,
ichi-0004,安全配慮義務違反が認められた場合でも、労働者側に過失があれば損害賠償は発生しない。,×,安全配慮義務は労働契約法5条に規定され、身体的・精神的健康の両方に及ぶ。管理監督者個人も責任を問われることがある。過失相殺はあり得るが損害賠償が発生しないわけではない。,,,,,基礎・役割,第1章 / 労働安全衛生法と安全配慮義務,メンタルヘルスケアの意義と管理監督者の役割,
ichi-0005,セルフケアとは、労働者自身がストレスに気づき、対処することをいう。,○,事業場外資源によるケアはラインケアを補完するものであり、ラインケアが機能していても不要にはならない。,,,,,基礎・役割,第1章 / メンタルヘルスケアの考え方と進め方,メンタルヘルスケアの意義と管理監督者の役割,
ichi-0006,ラインによるケアとは、管理監督者が部下の状況を把握し、職場環境の改善等を行うことをいう。,○,事業場外資源によるケアはラインケアを補完するものであり、ラインケアが機能していても不要にはならない。,,,,,基礎・役割,第1章 / メンタルヘルスケアの考え方と進め方,メンタルヘルスケアの意義と管理監督者の役割,
ichi-0007,事業場内産業保健スタッフ等によるケアには、産業医や衛生管理者が関わる。,○,事業場外資源によるケアはラインケアを補完するものであり、ラインケアが機能していても不要にはならない。,,,,,基礎・役割,第1章 / メンタルヘルスケアの考え方と進め方,メンタルヘルスケアの意義と管理監督者の役割,
ichi-0008,事業場外資源によるケアは、ラインによるケアが十分に機能している場合には不要とされている。,×,事業場外資源によるケアはラインケアを補完するものであり、ラインケアが機能していても不要にはならない。,,,,,基礎・役割,第1章 / メンタルヘルスケアの考え方と進め方,メンタルヘルスケアの意義と管理監督者の役割,
ichi-0009,職場のストレス要因が直接、健康障害を引き起こすとするシンプルなモデルである。,×,NIOSHモデルでは仕事のストレス要因に加え、個人的要因・緩衝要因（上司・同僚・家族の支援など）がストレス反応を修飾し、最終的な健康障害に至るプロセスを示している。,,,,,基礎・役割,第2章 / 産業ストレス,ストレスおよびメンタルヘルスに関する基礎知識,
ichi-0010,個人的要因や緩衝要因がストレス反応に影響を与えるとされている。,○,NIOSHモデルでは仕事のストレス要因に加え、個人的要因・緩衝要因（上司・同僚・家族の支援など）がストレス反応を修飾し、最終的な健康障害に至るプロセスを示している。,,,,,基礎・役割,第2章 / 産業ストレス,ストレスおよびメンタルヘルスに関する基礎知識,
ichi-0011,仕事以外の要因（家庭など）はモデルの対象外とされている。,×,NIOSHモデルでは仕事のストレス要因に加え、個人的要因・緩衝要因（上司・同僚・家族の支援など）がストレス反応を修飾し、最終的な健康障害に至るプロセスを示している。,,,,,基礎・役割,第2章 / 産業ストレス,ストレスおよびメンタルヘルスに関する基礎知識,
ichi-0012,ストレス反応は身体的反応のみを指し、心理的反応は含まれない。,×,NIOSHモデルでは仕事のストレス要因に加え、個人的要因・緩衝要因（上司・同僚・家族の支援など）がストレス反応を修飾し、最終的な健康障害に至るプロセスを示している。,,,,,基礎・役割,第2章 / 産業ストレス,ストレスおよびメンタルヘルスに関する基礎知識,
ichi-0013,個人のストレス状態を診断するためのツールであり、集団分析には使用できない。,×,仕事のストレス判定図は集団分析に活用するツール。使用する調査票の種類は法律で指定されていない。,,,,,職場環境・配慮,第3章 / ストレスの評価方法,職場環境等の評価および改善の方法,
ichi-0014,「仕事の要求度」「仕事のコントロール」「上司や同僚の支援」の3つの尺度で職場のストレスレベルを評価する。,○,仕事のストレス判定図は集団分析に活用するツール。使用する調査票の種類は法律で指定されていない。,,,,,職場環境・配慮,第3章 / ストレスの評価方法,職場環境等の評価および改善の方法,
ichi-0015,判定図の結果が「高ストレス」でも、本人の申し出がなければ医師の面接指導は行えない。,×,仕事のストレス判定図は集団分析に活用するツール。使用する調査票の種類は法律で指定されていない。,,,,,職場環境・配慮,第3章 / ストレスの評価方法,職場環境等の評価および改善の方法,
ichi-0016,ストレスチェック制度の実施においては、この調査票の使用が法律で義務づけられている。,×,仕事のストレス判定図は集団分析に活用するツール。使用する調査票の種類は法律で指定されていない。,,,,,職場環境・配慮,第3章 / ストレスの評価方法,職場環境等の評価および改善の方法,
ichi-0017,「冗談でもそんなことを言ってはいけない」とたしなめ、気持ちを切り替えさせる。,×,危機対応の基本は「一人にしない・専門家につなぐ」。自殺念慮の言葉は必ず深刻に受け止め、本人の希望を待たずに専門家と連携する。,,,,,相談・連携・復職,第5章 / 危機対応,労働者からの相談への対応（話の聴き方、情報提供および助言の方法等）,
ichi-0018,「死にたいというのは本気か」と直接確認することは本人を追い詰めるため、避けるべきである。,×,危機対応の基本は「一人にしない・専門家につなぐ」。自殺念慮の言葉は必ず深刻に受け止め、本人の希望を待たずに専門家と連携する。,,,,,相談・連携・復職,第5章 / 危機対応,労働者からの相談への対応（話の聴き方、情報提供および助言の方法等）,
ichi-0019,深刻に受け止め、一人にせず、速やかに産業医や専門家につなぐ。,○,危機対応の基本は「一人にしない・専門家につなぐ」。自殺念慮の言葉は必ず深刻に受け止め、本人の希望を待たずに専門家と連携する。,,,,,相談・連携・復職,第5章 / 危機対応,労働者からの相談への対応（話の聴き方、情報提供および助言の方法等）,
ichi-0020,まずは本人の気が済むまで話を聞き、専門家への紹介は本人が希望してから行う。,×,危機対応の基本は「一人にしない・専門家につなぐ」。自殺念慮の言葉は必ず深刻に受け止め、本人の希望を待たずに専門家と連携する。,,,,,相談・連携・復職,第5章 / 危機対応,労働者からの相談への対応（話の聴き方、情報提供および助言の方法等）,
ichi-0021,職場復帰支援の第3ステップは、主治医による職場復帰可能の診断書の提出である。,×,第1＝休業開始・休業中のケア、第2＝主治医による復帰可能の判断、第3＝復帰可否の判断とプラン作成、第4＝最終的な復帰決定、第5＝フォローアップ。,,,,,相談・連携・復職,第7章 / 心の健康問題で休業した労働者の職場復帰支援,心の健康問題をもつ復職者への支援の方法,
ichi-0022,職場復帰支援の第3ステップは、職場復帰の可否の判断および職場復帰支援プランの作成である。,○,第1＝休業開始・休業中のケア、第2＝主治医による復帰可能の判断、第3＝復帰可否の判断とプラン作成、第4＝最終的な復帰決定、第5＝フォローアップ。,,,,,相談・連携・復職,第7章 / 心の健康問題で休業した労働者の職場復帰支援,心の健康問題をもつ復職者への支援の方法,
ichi-0023,職場復帰支援の第3ステップは、最終的な職場復帰の決定である。,×,第1＝休業開始・休業中のケア、第2＝主治医による復帰可能の判断、第3＝復帰可否の判断とプラン作成、第4＝最終的な復帰決定、第5＝フォローアップ。,,,,,相談・連携・復職,第7章 / 心の健康問題で休業した労働者の職場復帰支援,心の健康問題をもつ復職者への支援の方法,
ichi-0024,職場復帰支援の第3ステップは、職場復帰後のフォローアップである。,×,第1＝休業開始・休業中のケア、第2＝主治医による復帰可能の判断、第3＝復帰可否の判断とプラン作成、第4＝最終的な復帰決定、第5＝フォローアップ。,,,,,相談・連携・復職,第7章 / 心の健康問題で休業した労働者の職場復帰支援,心の健康問題をもつ復職者への支援の方法,
ichi-0025,仕事に強いストレスを感じている労働者は全体の2割程度である。,×,労働安全衛生調査では「仕事の質・量」が強いストレスの原因として最上位に挙げられることが多い。全体の約6割が強いストレスを感じている。,,,,,基礎・役割,第1章 / 働く人のストレス,メンタルヘルスケアの意義と管理監督者の役割,
ichi-0026,強いストレスの原因として最も多いのは「職場の人間関係」である。,×,労働安全衛生調査では「仕事の質・量」が強いストレスの原因として最上位に挙げられることが多い。全体の約6割が強いストレスを感じている。,,,,,基礎・役割,第1章 / 働く人のストレス,メンタルヘルスケアの意義と管理監督者の役割,
ichi-0027,強いストレスの原因として「仕事の質・量」を挙げる労働者が最も多い。,○,労働安全衛生調査では「仕事の質・量」が強いストレスの原因として最上位に挙げられることが多い。全体の約6割が強いストレスを感じている。,,,,,基礎・役割,第1章 / 働く人のストレス,メンタルヘルスケアの意義と管理監督者の役割,
ichi-0028,ストレスを感じている労働者の割合は近年減少傾向にある。,×,労働安全衛生調査では「仕事の質・量」が強いストレスの原因として最上位に挙げられることが多い。全体の約6割が強いストレスを感じている。,,,,,基礎・役割,第1章 / 働く人のストレス,メンタルヘルスケアの意義と管理監督者の役割,
ichi-0029,時間外・休日労働が月45時間を超えると、健康障害リスクが高まるとされている。,○,一般の労働者については、月80時間超の時間外・休日労働を行い疲労の蓄積が認められる者が申し出た場合に、医師による面接指導が義務となる。月100時間超で申出不要の面接指導が義務となるのは、研究開発業務従事者や高度プロフェッショナル制度適用者など特定の場合であり、通常の労働者に一律に当てはまるわけではない。医師は面接指導結果を踏まえ、就業上の措置について事業者に意見を述べる。費用は事業者負担となる。,,,,,基礎・役割,第1章 / メンタル不調と労働災害・過重労働防止,メンタルヘルスケアの意義と管理監督者の役割,
ichi-0030,月100時間を超える時間外労働が認められた場合、労働者本人の申し出がなくても医師の面接指導を実施しなければならない。,×,一般の労働者については、月80時間超の時間外・休日労働を行い疲労の蓄積が認められる者が申し出た場合に、医師による面接指導が義務となる。月100時間超で申出不要の面接指導が義務となるのは、研究開発業務従事者や高度プロフェッショナル制度適用者など特定の場合であり、通常の労働者に一律に当てはまるわけではない。医師は面接指導結果を踏まえ、就業上の措置について事業者に意見を述べる。費用は事業者負担となる。,,,,,基礎・役割,第1章 / メンタル不調と労働災害・過重労働防止,メンタルヘルスケアの意義と管理監督者の役割,
ichi-0031,長時間労働者への面接指導は、衛生委員会等で審議したうえで実施計画を策定する必要がある。,○,一般の労働者については、月80時間超の時間外・休日労働を行い疲労の蓄積が認められる者が申し出た場合に、医師による面接指導が義務となる。月100時間超で申出不要の面接指導が義務となるのは、研究開発業務従事者や高度プロフェッショナル制度適用者など特定の場合であり、通常の労働者に一律に当てはまるわけではない。医師は面接指導結果を踏まえ、就業上の措置について事業者に意見を述べる。費用は事業者負担となる。,,,,,基礎・役割,第1章 / メンタル不調と労働災害・過重労働防止,メンタルヘルスケアの意義と管理監督者の役割,
ichi-0032,過労死の労災認定においては、発症前1か月に100時間または2〜6か月間平均で月80時間を超える時間外労働が目安となる。,○,一般の労働者については、月80時間超の時間外・休日労働を行い疲労の蓄積が認められる者が申し出た場合に、医師による面接指導が義務となる。月100時間超で申出不要の面接指導が義務となるのは、研究開発業務従事者や高度プロフェッショナル制度適用者など特定の場合であり、通常の労働者に一律に当てはまるわけではない。医師は面接指導結果を踏まえ、就業上の措置について事業者に意見を述べる。費用は事業者負担となる。,,,,,基礎・役割,第1章 / メンタル不調と労働災害・過重労働防止,メンタルヘルスケアの意義と管理監督者の役割,
ichi-0033,パワーハラスメントの定義に含まれる要素として、「①優越的な関係を背景にした言動　②業務上必要かつ相当な範囲を超えたもの　③労働者の就業環境が害されるもの」という内容は正しい。,○,パワハラの3要素は「優越的な関係を背景にした言動」「業務上の適正な範囲を超えている」「就業環境が害される」。上司から部下に限らず、同僚・部下からの言動も含まれる。,,,,,基礎・役割,第1章 / 職場のハラスメント,メンタルヘルスケアの意義と管理監督者の役割,
ichi-0034,パワーハラスメントの定義に含まれる要素として、「①優越的な関係を背景にした言動　②故意または悪意があるもの　③身体的な攻撃に限定されるもの」という内容は正しい。,×,パワハラの3要素は「優越的な関係を背景にした言動」「業務上の適正な範囲を超えている」「就業環境が害される」。上司から部下に限らず、同僚・部下からの言動も含まれる。,,,,,基礎・役割,第1章 / 職場のハラスメント,メンタルヘルスケアの意義と管理監督者の役割,
ichi-0035,パワーハラスメントの定義に含まれる要素として、「①上司から部下への一方的な言動　②継続して繰り返し行われるもの　③精神的苦痛を与えるもの」という内容は正しい。,×,パワハラの3要素は「優越的な関係を背景にした言動」「業務上の適正な範囲を超えている」「就業環境が害される」。上司から部下に限らず、同僚・部下からの言動も含まれる。,,,,,基礎・役割,第1章 / 職場のハラスメント,メンタルヘルスケアの意義と管理監督者の役割,
ichi-0036,パワーハラスメントの定義に含まれる要素として、「①職場内での言動に限定されるもの　②業務上の指示に関連するもの　③複数の労働者が関与するもの」という内容は正しい。,×,パワハラの3要素は「優越的な関係を背景にした言動」「業務上の適正な範囲を超えている」「就業環境が害される」。上司から部下に限らず、同僚・部下からの言動も含まれる。,,,,,基礎・役割,第1章 / 職場のハラスメント,メンタルヘルスケアの意義と管理監督者の役割,
ichi-0037,常時50人以上の労働者を使用する事業場では、年1回のストレスチェックが義務づけられている。,○,常時50人以上の事業場では年1回の実施が義務（50人未満は努力義務）。結果の事業者への提供は本人同意が必要。面接指導は本人の申し出が要件。実施者は医師・保健師等。※2025年5月の法改正により50人未満にも義務化が決定（施行は公布後3年以内の予定）。,,,,,基礎・役割,第1章 / ストレスチェック制度の概要,メンタルヘルスケアの意義と管理監督者の役割,
ichi-0038,ストレスチェックの結果は、本人の同意なく事業者に提供することができる。,×,常時50人以上の事業場では年1回の実施が義務（50人未満は努力義務）。結果の事業者への提供は本人同意が必要。面接指導は本人の申し出が要件。実施者は医師・保健師等。※2025年5月の法改正により50人未満にも義務化が決定（施行は公布後3年以内の予定）。,,,,,基礎・役割,第1章 / ストレスチェック制度の概要,メンタルヘルスケアの意義と管理監督者の役割,
ichi-0039,高ストレス者への医師の面接指導は、全員に対して事業者が強制的に実施できる。,×,常時50人以上の事業場では年1回の実施が義務（50人未満は努力義務）。結果の事業者への提供は本人同意が必要。面接指導は本人の申し出が要件。実施者は医師・保健師等。※2025年5月の法改正により50人未満にも義務化が決定（施行は公布後3年以内の予定）。,,,,,基礎・役割,第1章 / ストレスチェック制度の概要,メンタルヘルスケアの意義と管理監督者の役割,
ichi-0040,ストレスチェックの実施者は、事業場内の管理監督者が担うことが推奨されている。,×,常時50人以上の事業場では年1回の実施が義務（50人未満は努力義務）。結果の事業者への提供は本人同意が必要。面接指導は本人の申し出が要件。実施者は医師・保健師等。※2025年5月の法改正により50人未満にも義務化が決定（施行は公布後3年以内の予定）。,,,,,基礎・役割,第1章 / ストレスチェック制度の概要,メンタルヘルスケアの意義と管理監督者の役割,
ichi-0041,メンタルヘルスケアの計画は人事部門が単独で策定し、衛生委員会への報告は不要である。,×,心の健康づくり計画は衛生委員会等で調査審議のうえ策定し、労働者への周知が必要。産業保健スタッフや人事労務スタッフが連携して進めることが重要。,,,,,基礎・役割,第1章 / 方針・計画の策定とマネジメント,メンタルヘルスケアの意義と管理監督者の役割,
ichi-0042,心の健康づくり計画は、衛生委員会等での調査審議を経て策定することが求められる。,○,心の健康づくり計画は衛生委員会等で調査審議のうえ策定し、労働者への周知が必要。産業保健スタッフや人事労務スタッフが連携して進めることが重要。,,,,,基礎・役割,第1章 / 方針・計画の策定とマネジメント,メンタルヘルスケアの意義と管理監督者の役割,
ichi-0043,小規模事業場では計画の策定は努力義務とされており、実施しなくても問題はない。,×,心の健康づくり計画は衛生委員会等で調査審議のうえ策定し、労働者への周知が必要。産業保健スタッフや人事労務スタッフが連携して進めることが重要。,,,,,基礎・役割,第1章 / 方針・計画の策定とマネジメント,メンタルヘルスケアの意義と管理監督者の役割,
ichi-0044,計画の策定にあたっては、労働者の意見を反映させる必要はない。,×,心の健康づくり計画は衛生委員会等で調査審議のうえ策定し、労働者への周知が必要。産業保健スタッフや人事労務スタッフが連携して進めることが重要。,,,,,基礎・役割,第1章 / 方針・計画の策定とマネジメント,メンタルヘルスケアの意義と管理監督者の役割,
ichi-0045,日常的な部下とのコミュニケーションを通じて、変化にいち早く気づくようにする。,○,管理監督者は抱え込まず、専門家や産業保健スタッフと連携することが重要。一人で問題解決しようとすることはラインケアとして不適切。,,,,,基礎・役割,第1章 / ラインケアの進め方と重要性,メンタルヘルスケアの意義と管理監督者の役割,
ichi-0046,部下が不調を示したとき、問題が解決するまで管理監督者だけで対応する。,×,管理監督者は抱え込まず、専門家や産業保健スタッフと連携することが重要。一人で問題解決しようとすることはラインケアとして不適切。,,,,,基礎・役割,第1章 / ラインケアの進め方と重要性,メンタルヘルスケアの意義と管理監督者の役割,
ichi-0047,職場環境や業務内容を見直し、ストレス要因の軽減を図る。,○,管理監督者は抱え込まず、専門家や産業保健スタッフと連携することが重要。一人で問題解決しようとすることはラインケアとして不適切。,,,,,基礎・役割,第1章 / ラインケアの進め方と重要性,メンタルヘルスケアの意義と管理監督者の役割,
ichi-0048,部下から相談を受けた場合は、必要に応じて産業医等の専門家につなぐ。,○,管理監督者は抱え込まず、専門家や産業保健スタッフと連携することが重要。一人で問題解決しようとすることはラインケアとして不適切。,,,,,基礎・役割,第1章 / ラインケアの進め方と重要性,メンタルヘルスケアの意義と管理監督者の役割,
ichi-0049,ストレス反応は身体的症状のみであり、心理的・行動的な変化は含まれない。,×,セリエの汎適応症候群は警告反応期→抵抗期→疲憊期の3段階。ストレス反応には身体的・心理的・行動的反応が含まれ、慢性ストレスは免疫機能を低下させる。,,,,,基礎・役割,第2章 / ストレスの基本概念と健康障害のしくみ,ストレスおよびメンタルヘルスに関する基礎知識,
ichi-0050,警告反応期・抵抗期・疲憊期の3段階は、ハンス・セリエの汎適応症候群として知られる。,○,セリエの汎適応症候群は警告反応期→抵抗期→疲憊期の3段階。ストレス反応には身体的・心理的・行動的反応が含まれ、慢性ストレスは免疫機能を低下させる。,,,,,基礎・役割,第2章 / ストレスの基本概念と健康障害のしくみ,ストレスおよびメンタルヘルスに関する基礎知識,
ichi-0051,ストレッサーが除去されれば、ストレス反応は即座に消失する。,×,セリエの汎適応症候群は警告反応期→抵抗期→疲憊期の3段階。ストレス反応には身体的・心理的・行動的反応が含まれ、慢性ストレスは免疫機能を低下させる。,,,,,基礎・役割,第2章 / ストレスの基本概念と健康障害のしくみ,ストレスおよびメンタルヘルスに関する基礎知識,
ichi-0052,慢性的なストレスは免疫機能を高める効果があるとされている。,×,セリエの汎適応症候群は警告反応期→抵抗期→疲憊期の3段階。ストレス反応には身体的・心理的・行動的反応が含まれ、慢性ストレスは免疫機能を低下させる。,,,,,基礎・役割,第2章 / ストレスの基本概念と健康障害のしくみ,ストレスおよびメンタルヘルスに関する基礎知識,
ichi-0053,抑うつ気分や興味・喜びの喪失が主な症状である。,○,うつ病患者への「頑張れ」という励ましは、さらに追い詰める可能性があり不適切。休養と治療が基本であり、回復には時間がかかることを理解することが重要。,,,,,基礎・役割,第2章 / メンタルヘルス不調とは何か,ストレスおよびメンタルヘルスに関する基礎知識,
ichi-0054,「頑張れ」「気合で乗り切れ」などの励ましは、回復を促す有効な対応である。,×,うつ病患者への「頑張れ」という励ましは、さらに追い詰める可能性があり不適切。休養と治療が基本であり、回復には時間がかかることを理解することが重要。,,,,,基礎・役割,第2章 / メンタルヘルス不調とは何か,ストレスおよびメンタルヘルスに関する基礎知識,
ichi-0055,睡眠障害や食欲不振などの身体症状を伴うことがある。,○,うつ病患者への「頑張れ」という励ましは、さらに追い詰める可能性があり不適切。休養と治療が基本であり、回復には時間がかかることを理解することが重要。,,,,,基礎・役割,第2章 / メンタルヘルス不調とは何か,ストレスおよびメンタルヘルスに関する基礎知識,
ichi-0056,適切な治療により回復が見込める疾患である。,○,うつ病患者への「頑張れ」という励ましは、さらに追い詰める可能性があり不適切。休養と治療が基本であり、回復には時間がかかることを理解することが重要。,,,,,基礎・役割,第2章 / メンタルヘルス不調とは何か,ストレスおよびメンタルヘルスに関する基礎知識,
ichi-0057,発達障害は子どもにのみ見られるものであり、成人では診断されない。,×,ADHDの3主徴は不注意・多動性・衝動性。発達障害は成人でも診断される。障害者差別解消法・雇用促進法により合理的配慮が求められる。ASDは知的障害を伴わない場合が多い。,,,,,基礎・役割,第2章 / 発達障害・心身症と正しい向き合い方,ストレスおよびメンタルヘルスに関する基礎知識,
ichi-0058,ADHDの主な特性として、不注意・多動性・衝動性が挙げられる。,○,ADHDの3主徴は不注意・多動性・衝動性。発達障害は成人でも診断される。障害者差別解消法・雇用促進法により合理的配慮が求められる。ASDは知的障害を伴わない場合が多い。,,,,,基礎・役割,第2章 / 発達障害・心身症と正しい向き合い方,ストレスおよびメンタルヘルスに関する基礎知識,
ichi-0059,発達障害のある労働者は、職場での合理的配慮の対象外である。,×,ADHDの3主徴は不注意・多動性・衝動性。発達障害は成人でも診断される。障害者差別解消法・雇用促進法により合理的配慮が求められる。ASDは知的障害を伴わない場合が多い。,,,,,基礎・役割,第2章 / 発達障害・心身症と正しい向き合い方,ストレスおよびメンタルヘルスに関する基礎知識,
ichi-0060,アスペルガー症候群（ASD）は知的障害を必ず伴う。,×,ADHDの3主徴は不注意・多動性・衝動性。発達障害は成人でも診断される。障害者差別解消法・雇用促進法により合理的配慮が求められる。ASDは知的障害を伴わない場合が多い。,,,,,基礎・役割,第2章 / 発達障害・心身症と正しい向き合い方,ストレスおよびメンタルヘルスに関する基礎知識,
ichi-0061,民間企業に対する法定雇用率の適用はなく、努力義務にとどまる。,×,精神障害者保健福祉手帳を持つ者は法定雇用率の算定対象。合理的配慮の不提供は差別とみなされる。障害者の範囲には身体・知的・精神障害者が含まれる。,,,,,基礎・役割,第2章 / 障害者に関する法律（差別解消・雇用促進）,ストレスおよびメンタルヘルスに関する基礎知識,
ichi-0062,精神障害者は法定雇用率の算定対象に含まれる。,○,精神障害者保健福祉手帳を持つ者は法定雇用率の算定対象。合理的配慮の不提供は差別とみなされる。障害者の範囲には身体・知的・精神障害者が含まれる。,,,,,基礎・役割,第2章 / 障害者に関する法律（差別解消・雇用促進）,ストレスおよびメンタルヘルスに関する基礎知識,
ichi-0063,合理的配慮の提供を拒否しても、法的な問題は生じない。,×,精神障害者保健福祉手帳を持つ者は法定雇用率の算定対象。合理的配慮の不提供は差別とみなされる。障害者の範囲には身体・知的・精神障害者が含まれる。,,,,,基礎・役割,第2章 / 障害者に関する法律（差別解消・雇用促進）,ストレスおよびメンタルヘルスに関する基礎知識,
ichi-0064,障害者の範囲は身体障害者のみであり、精神障害者は含まれない。,×,精神障害者保健福祉手帳を持つ者は法定雇用率の算定対象。合理的配慮の不提供は差別とみなされる。障害者の範囲には身体・知的・精神障害者が含まれる。,,,,,基礎・役割,第2章 / 障害者に関する法律（差別解消・雇用促進）,ストレスおよびメンタルヘルスに関する基礎知識,
ichi-0065,仕事の量的負担や質的負担はストレス要因となる。,○,役割の曖昧さ（何をすべきか不明確）や役割葛藤（相反する要求への対応）は代表的な職場ストレス要因である。,,,,,職場環境・配慮,第3章 / ストレスを生む職場環境の要因,職場環境等の評価および改善の方法,
ichi-0066,職場の人間関係の問題もストレス要因のひとつである。,○,役割の曖昧さ（何をすべきか不明確）や役割葛藤（相反する要求への対応）は代表的な職場ストレス要因である。,,,,,職場環境・配慮,第3章 / ストレスを生む職場環境の要因,職場環境等の評価および改善の方法,
ichi-0067,役割の曖昧さや役割葛藤は、ストレスとは関係がない。,×,役割の曖昧さ（何をすべきか不明確）や役割葛藤（相反する要求への対応）は代表的な職場ストレス要因である。,,,,,職場環境・配慮,第3章 / ストレスを生む職場環境の要因,職場環境等の評価および改善の方法,
ichi-0068,交替勤務や深夜業は心身への負担となりうる。,○,役割の曖昧さ（何をすべきか不明確）や役割葛藤（相反する要求への対応）は代表的な職場ストレス要因である。,,,,,職場環境・配慮,第3章 / ストレスを生む職場環境の要因,職場環境等の評価および改善の方法,
ichi-0069,職場環境の改善は産業医が主導するものであり、管理監督者が主体的に行う必要はない。,×,ラインによる職場環境改善では、集団分析結果の活用、職場での話し合い、部下の意見の反映が重要。小さな改善から始めることが現実的。,,,,,職場環境・配慮,第3章 / 管理監督者による職場環境改善の進め方,職場環境等の評価および改善の方法,
ichi-0070,ストレスチェックの集団分析結果を活用し、職場のストレス状況を把握したうえで改善策を検討する。,○,ラインによる職場環境改善では、集団分析結果の活用、職場での話し合い、部下の意見の反映が重要。小さな改善から始めることが現実的。,,,,,職場環境・配慮,第3章 / 管理監督者による職場環境改善の進め方,職場環境等の評価および改善の方法,
ichi-0071,改善策は管理監督者が単独で決定し、部下の意見を聞く必要はない。,×,ラインによる職場環境改善では、集団分析結果の活用、職場での話し合い、部下の意見の反映が重要。小さな改善から始めることが現実的。,,,,,職場環境・配慮,第3章 / 管理監督者による職場環境改善の進め方,職場環境等の評価および改善の方法,
ichi-0072,職場環境改善は大規模な組織変更を伴うものに限られる。,×,ラインによる職場環境改善では、集団分析結果の活用、職場での話し合い、部下の意見の反映が重要。小さな改善から始めることが現実的。,,,,,職場環境・配慮,第3章 / 管理監督者による職場環境改善の進め方,職場環境等の評価および改善の方法,
ichi-0073,改善策の評価は実施直後に一度行えば十分であり、継続的なモニタリングは不要である。,×,改善策の評価はプロセス評価（実施状況）とアウトカム評価（結果）の両面から継続的に行うことが重要。効果がなければ計画を見直すPDCAサイクルを回す。,,,,,職場環境・配慮,第3章 / 改善策の効果を評価する,職場環境等の評価および改善の方法,
ichi-0074,評価指標として、労働者のストレス反応の変化や欠勤率などを活用することができる。,○,改善策の評価はプロセス評価（実施状況）とアウトカム評価（結果）の両面から継続的に行うことが重要。効果がなければ計画を見直すPDCAサイクルを回す。,,,,,職場環境・配慮,第3章 / 改善策の効果を評価する,職場環境等の評価および改善の方法,
ichi-0075,アウトカム評価のみが有効であり、プロセス評価は意味がない。,×,改善策の評価はプロセス評価（実施状況）とアウトカム評価（結果）の両面から継続的に行うことが重要。効果がなければ計画を見直すPDCAサイクルを回す。,,,,,職場環境・配慮,第3章 / 改善策の効果を評価する,職場環境等の評価および改善の方法,
ichi-0076,改善の効果が出なかった場合、同じ対策を繰り返すことが最善策である。,×,改善策の評価はプロセス評価（実施状況）とアウトカム評価（結果）の両面から継続的に行うことが重要。効果がなければ計画を見直すPDCAサイクルを回す。,,,,,職場環境・配慮,第3章 / 改善策の効果を評価する,職場環境等の評価および改善の方法,
ichi-0077,遅刻・早退・欠勤が増える。,○,表情が明るくなり会話が増えるのは不調のサインではない。「いつもと違う様子」として遅刻・欠勤増加、ミス増加、覇気がない、孤立などに気を配ることが重要。,,,,,職場環境・配慮,第4章 / 部下のストレスサインを見逃さない,個々の労働者への配慮,
ichi-0078,仕事のミスや判断力の低下が見られる。,○,表情が明るくなり会話が増えるのは不調のサインではない。「いつもと違う様子」として遅刻・欠勤増加、ミス増加、覇気がない、孤立などに気を配ることが重要。,,,,,職場環境・配慮,第4章 / 部下のストレスサインを見逃さない,個々の労働者への配慮,
ichi-0079,表情が明るくなり、会話が増える。,×,表情が明るくなり会話が増えるのは不調のサインではない。「いつもと違う様子」として遅刻・欠勤増加、ミス増加、覇気がない、孤立などに気を配ることが重要。,,,,,職場環境・配慮,第4章 / 部下のストレスサインを見逃さない,個々の労働者への配慮,
ichi-0080,口数が減り、表情が暗くなる。,○,表情が明るくなり会話が増えるのは不調のサインではない。「いつもと違う様子」として遅刻・欠勤増加、ミス増加、覇気がない、孤立などに気を配ることが重要。,,,,,職場環境・配慮,第4章 / 部下のストレスサインを見逃さない,個々の労働者への配慮,
ichi-0081,昇進・昇格は常にポジティブな出来事であり、ストレス要因にはなりえない。,×,仕事の失敗・責任発生・異動・昇進（昇進うつ）・プライベートの問題なども職場のストレスに影響する。仕事以外の要因も含めて把握することが重要。,,,,,職場環境・配慮,第4章 / 注意すべきストレス要因とその予防,個々の労働者への配慮,
ichi-0082,仕事上の失敗や責任の発生は強いストレス要因となりうる。,○,仕事の失敗・責任発生・異動・昇進（昇進うつ）・プライベートの問題なども職場のストレスに影響する。仕事以外の要因も含めて把握することが重要。,,,,,職場環境・配慮,第4章 / 注意すべきストレス要因とその予防,個々の労働者への配慮,
ichi-0083,異動や転勤はストレスとは無関係である。,×,仕事の失敗・責任発生・異動・昇進（昇進うつ）・プライベートの問題なども職場のストレスに影響する。仕事以外の要因も含めて把握することが重要。,,,,,職場環境・配慮,第4章 / 注意すべきストレス要因とその予防,個々の労働者への配慮,
ichi-0084,プライベートな問題は職場のストレスには影響しない。,×,仕事の失敗・責任発生・異動・昇進（昇進うつ）・プライベートの問題なども職場のストレスに影響する。仕事以外の要因も含めて把握することが重要。,,,,,職場環境・配慮,第4章 / 注意すべきストレス要因とその予防,個々の労働者への配慮,
ichi-0085,部下が自発的に残業している場合は、把握する必要はない。,×,管理監督者は部下の労働時間を適切に把握し、業務分担の見直しや業務効率化を図ることが求められる。自発的な残業であっても過重労働には変わりない。,,,,,職場環境・配慮,第4章 / 過重労働の防止と対処方法,個々の労働者への配慮,
ichi-0086,業務量の偏りを把握し、必要に応じて業務分担を見直す。,○,管理監督者は部下の労働時間を適切に把握し、業務分担の見直しや業務効率化を図ることが求められる。自発的な残業であっても過重労働には変わりない。,,,,,職場環境・配慮,第4章 / 過重労働の防止と対処方法,個々の労働者への配慮,
ichi-0087,長時間労働は個人の努力の表れであり、積極的に評価すべきである。,×,管理監督者は部下の労働時間を適切に把握し、業務分担の見直しや業務効率化を図ることが求められる。自発的な残業であっても過重労働には変わりない。,,,,,職場環境・配慮,第4章 / 過重労働の防止と対処方法,個々の労働者への配慮,
ichi-0088,部下の時間外労働時間の把握は人事部門の役割であり、管理監督者の責務ではない。,×,管理監督者は部下の労働時間を適切に把握し、業務分担の見直しや業務効率化を図ることが求められる。自発的な残業であっても過重労働には変わりない。,,,,,職場環境・配慮,第4章 / 過重労働の防止と対処方法,個々の労働者への配慮,
ichi-0089,情緒的サポートとは、業務上の具体的な手助けや道具・資源の提供を指すことである。,×,情緒的サポート＝共感・傾聴、情報的サポート＝情報・アドバイス提供、評価的サポート＝フィードバック・評価、道具的サポート＝具体的な手助け・資源提供。,,,,,職場環境・配慮,第4章 / 職場でできるサポート,個々の労働者への配慮,
ichi-0090,評価的サポートとは、業務遂行に対するフィードバックや適切な評価を行うことである。,○,情緒的サポート＝共感・傾聴、情報的サポート＝情報・アドバイス提供、評価的サポート＝フィードバック・評価、道具的サポート＝具体的な手助け・資源提供。,,,,,職場環境・配慮,第4章 / 職場でできるサポート,個々の労働者への配慮,
ichi-0091,情報的サポートとは、悩みを聞いたり共感したりすることで精神的な支えとなることを指すことである。,×,情緒的サポート＝共感・傾聴、情報的サポート＝情報・アドバイス提供、評価的サポート＝フィードバック・評価、道具的サポート＝具体的な手助け・資源提供。,,,,,職場環境・配慮,第4章 / 職場でできるサポート,個々の労働者への配慮,
ichi-0092,道具的サポートとは、問題解決に役立つ情報やアドバイスを提供することである。,×,情緒的サポート＝共感・傾聴、情報的サポート＝情報・アドバイス提供、評価的サポート＝フィードバック・評価、道具的サポート＝具体的な手助け・資源提供。,,,,,職場環境・配慮,第4章 / 職場でできるサポート,個々の労働者への配慮,
ichi-0093,部下の病名や治療内容は、職場全体で情報共有することで支援がしやすくなる。,×,メンタルヘルス情報は要配慮個人情報であり、業務上必要な範囲で最小限の情報共有にとどめる。本人の同意を得ることが基本。,,,,,職場環境・配慮,第4章 / 個人情報・プライバシーへの配慮,個々の労働者への配慮,
ichi-0094,業務上必要な範囲で最小限の情報にとどめ、関係者間での慎重な取り扱いが求められる。,○,メンタルヘルス情報は要配慮個人情報であり、業務上必要な範囲で最小限の情報共有にとどめる。本人の同意を得ることが基本。,,,,,職場環境・配慮,第4章 / 個人情報・プライバシーへの配慮,個々の労働者への配慮,
ichi-0095,産業医から得た情報は、管理監督者が自由に利用してよい。,×,メンタルヘルス情報は要配慮個人情報であり、業務上必要な範囲で最小限の情報共有にとどめる。本人の同意を得ることが基本。,,,,,職場環境・配慮,第4章 / 個人情報・プライバシーへの配慮,個々の労働者への配慮,
ichi-0096,本人の同意なく、上位管理者へ報告することは個人情報保護の観点から問題ない。,×,メンタルヘルス情報は要配慮個人情報であり、業務上必要な範囲で最小限の情報共有にとどめる。本人の同意を得ることが基本。,,,,,職場環境・配慮,第4章 / 個人情報・プライバシーへの配慮,個々の労働者への配慮,
ichi-0097,自身のストレスサインに気づき、早めに対処することが重要である。,○,管理監督者も一人の労働者であり、自身のメンタルヘルスを守ることが部下のケアの前提となる。自己犠牲的な姿勢は長続きせず、バーンアウトリスクを高める。,,,,,職場環境・配慮,第4章 / 管理監督者自身のセルフケア,個々の労働者への配慮,
ichi-0098,部下のケアに専念するため、自分自身のストレスは後回しにすべきである。,×,管理監督者も一人の労働者であり、自身のメンタルヘルスを守ることが部下のケアの前提となる。自己犠牲的な姿勢は長続きせず、バーンアウトリスクを高める。,,,,,職場環境・配慮,第4章 / 管理監督者自身のセルフケア,個々の労働者への配慮,
ichi-0099,仕事以外の活動や趣味を持つなど、気分転換の手段を持つことが有効である。,○,管理監督者も一人の労働者であり、自身のメンタルヘルスを守ることが部下のケアの前提となる。自己犠牲的な姿勢は長続きせず、バーンアウトリスクを高める。,,,,,職場環境・配慮,第4章 / 管理監督者自身のセルフケア,個々の労働者への配慮,
ichi-0100,必要に応じて産業医や専門家に相談することも選択肢のひとつである。,○,管理監督者も一人の労働者であり、自身のメンタルヘルスを守ることが部下のケアの前提となる。自己犠牲的な姿勢は長続きせず、バーンアウトリスクを高める。,,,,,職場環境・配慮,第4章 / 管理監督者自身のセルフケア,個々の労働者への配慮,
ichi-0101,相談内容を早急に解決するため、すぐにアドバイスや解決策を提示する。,×,相談対応の基本は「まず聴く」こと。性急なアドバイスより傾聴が優先される。個人情報の取り扱いには配慮が必要で、報告は必要性と本人同意を考慮する。,,,,,相談・連携・復職,第5章 / 相談を受ける際の基本姿勢,労働者からの相談への対応（話の聴き方、情報提供および助言の方法等）,
ichi-0102,まず傾聴し、部下が自分の気持ちや状況を話せる場をつくることを優先する。,○,相談対応の基本は「まず聴く」こと。性急なアドバイスより傾聴が優先される。個人情報の取り扱いには配慮が必要で、報告は必要性と本人同意を考慮する。,,,,,相談・連携・復職,第5章 / 相談を受ける際の基本姿勢,労働者からの相談への対応（話の聴き方、情報提供および助言の方法等）,
ichi-0103,相談内容は必ず上司や人事に報告しなければならない。,×,相談対応の基本は「まず聴く」こと。性急なアドバイスより傾聴が優先される。個人情報の取り扱いには配慮が必要で、報告は必要性と本人同意を考慮する。,,,,,相談・連携・復職,第5章 / 相談を受ける際の基本姿勢,労働者からの相談への対応（話の聴き方、情報提供および助言の方法等）,
ichi-0104,業務に関係のない個人的な悩みは聞く必要がない。,×,相談対応の基本は「まず聴く」こと。性急なアドバイスより傾聴が優先される。個人情報の取り扱いには配慮が必要で、報告は必要性と本人同意を考慮する。,,,,,相談・連携・復職,第5章 / 相談を受ける際の基本姿勢,労働者からの相談への対応（話の聴き方、情報提供および助言の方法等）,
ichi-0105,メンタルヘルス不調は必ず身体症状として現れるため、健康診断で容易に発見できる。,×,心の不調は本人の病識の欠如、スティグマへの恐れ、身体症状として現れる場合の気づきにくさなど、様々な理由で見えにくい。,,,,,相談・連携・復職,第5章 / 不調の早期発見と見えにくさへの理解,労働者からの相談への対応（話の聴き方、情報提供および助言の方法等）,
ichi-0106,本人が不調を自覚していないケースや、周囲に知られたくないと思って隠すケースがある。,○,心の不調は本人の病識の欠如、スティグマへの恐れ、身体症状として現れる場合の気づきにくさなど、様々な理由で見えにくい。,,,,,相談・連携・復職,第5章 / 不調の早期発見と見えにくさへの理解,労働者からの相談への対応（話の聴き方、情報提供および助言の方法等）,
ichi-0107,職場でのメンタルヘルス不調はほとんどが軽微なものであり、自然に回復する。,×,心の不調は本人の病識の欠如、スティグマへの恐れ、身体症状として現れる場合の気づきにくさなど、様々な理由で見えにくい。,,,,,相談・連携・復職,第5章 / 不調の早期発見と見えにくさへの理解,労働者からの相談への対応（話の聴き方、情報提供および助言の方法等）,
ichi-0108,管理監督者は医療の専門家であるため、観察すれば容易に不調を判断できる。,×,心の不調は本人の病識の欠如、スティグマへの恐れ、身体症状として現れる場合の気づきにくさなど、様々な理由で見えにくい。,,,,,相談・連携・復職,第5章 / 不調の早期発見と見えにくさへの理解,労働者からの相談への対応（話の聴き方、情報提供および助言の方法等）,
ichi-0109,管理監督者はカウンセラーの代わりとして、専門的な心理支援を行う役割がある。,×,管理監督者が話を聴く意義は、早期発見・早期対応と専門家への橋渡しにある。専門的なカウンセリングを行う必要はなく、聴いてつなぐことが役割。,,,,,相談・連携・復職,第5章 / なぜ管理監督者が話を聴くのか,労働者からの相談への対応（話の聴き方、情報提供および助言の方法等）,
ichi-0110,日常的な関係の中で話を聴くことで、早期に不調に気づき、適切な支援につなげることができる。,○,管理監督者が話を聴く意義は、早期発見・早期対応と専門家への橋渡しにある。専門的なカウンセリングを行う必要はなく、聴いてつなぐことが役割。,,,,,相談・連携・復職,第5章 / なぜ管理監督者が話を聴くのか,労働者からの相談への対応（話の聴き方、情報提供および助言の方法等）,
ichi-0111,話を聴くことで問題を把握し、管理監督者自身が解決策を提供することが最終目的である。,×,管理監督者が話を聴く意義は、早期発見・早期対応と専門家への橋渡しにある。専門的なカウンセリングを行う必要はなく、聴いてつなぐことが役割。,,,,,相談・連携・復職,第5章 / なぜ管理監督者が話を聴くのか,労働者からの相談への対応（話の聴き方、情報提供および助言の方法等）,
ichi-0112,部下の相談に応じることは管理監督者の主たる職務であり、業務管理よりも優先される。,×,管理監督者が話を聴く意義は、早期発見・早期対応と専門家への橋渡しにある。専門的なカウンセリングを行う必要はなく、聴いてつなぐことが役割。,,,,,相談・連携・復職,第5章 / なぜ管理監督者が話を聴くのか,労働者からの相談への対応（話の聴き方、情報提供および助言の方法等）,
ichi-0113,相手の話をさえぎらず、最後まで聴く。,○,「気にしすぎ」「前向きに」といった言葉は否定・評価につながり、話しにくい雰囲気を生む。傾聴の基本は受容・共感・繰り返し。,,,,,相談・連携・復職,第5章 / 不調が疑われる部下への傾聴の仕方,労働者からの相談への対応（話の聴き方、情報提供および助言の方法等）,
ichi-0114,相手の感情や言葉を繰り返し、共感的な姿勢を示す。,○,「気にしすぎ」「前向きに」といった言葉は否定・評価につながり、話しにくい雰囲気を生む。傾聴の基本は受容・共感・繰り返し。,,,,,相談・連携・復職,第5章 / 不調が疑われる部下への傾聴の仕方,労働者からの相談への対応（話の聴き方、情報提供および助言の方法等）,
ichi-0115,「それは気にしすぎだ」「もっと前向きに考えよう」と励ます。,×,「気にしすぎ」「前向きに」といった言葉は否定・評価につながり、話しにくい雰囲気を生む。傾聴の基本は受容・共感・繰り返し。,,,,,相談・連携・復職,第5章 / 不調が疑われる部下への傾聴の仕方,労働者からの相談への対応（話の聴き方、情報提供および助言の方法等）,
ichi-0116,相手のペースに合わせ、結論を急がせない。,○,「気にしすぎ」「前向きに」といった言葉は否定・評価につながり、話しにくい雰囲気を生む。傾聴の基本は受容・共感・繰り返し。,,,,,相談・連携・復職,第5章 / 不調が疑われる部下への傾聴の仕方,労働者からの相談への対応（話の聴き方、情報提供および助言の方法等）,
ichi-0117,本人が受診を拒否した場合は、強制的に受診させることが管理監督者の責任である。,×,専門家紹介は早め早めが原則。産業医等に事前相談し、本人の状況に応じた方法で丁寧に受診を勧める。強制は逆効果で、適切な医療機関の情報提供も重要。,,,,,相談・連携・復職,第5章 / 専門家・医療機関への橋渡し,労働者からの相談への対応（話の聴き方、情報提供および助言の方法等）,
ichi-0118,産業医や保健師などに事前に相談したうえで、受診を勧める方法を検討する。,○,専門家紹介は早め早めが原則。産業医等に事前相談し、本人の状況に応じた方法で丁寧に受診を勧める。強制は逆効果で、適切な医療機関の情報提供も重要。,,,,,相談・連携・復職,第5章 / 専門家・医療機関への橋渡し,労働者からの相談への対応（話の聴き方、情報提供および助言の方法等）,
ichi-0119,専門家への紹介は、本人が職場で問題行動を起こしてから行えばよい。,×,専門家紹介は早め早めが原則。産業医等に事前相談し、本人の状況に応じた方法で丁寧に受診を勧める。強制は逆効果で、適切な医療機関の情報提供も重要。,,,,,相談・連携・復職,第5章 / 専門家・医療機関への橋渡し,労働者からの相談への対応（話の聴き方、情報提供および助言の方法等）,
ichi-0120,精神科・心療内科への受診を勧めることは、本人を傷つけるため避けるべきである。,×,専門家紹介は早め早めが原則。産業医等に事前相談し、本人の状況に応じた方法で丁寧に受診を勧める。強制は逆効果で、適切な医療機関の情報提供も重要。,,,,,相談・連携・復職,第5章 / 専門家・医療機関への橋渡し,労働者からの相談への対応（話の聴き方、情報提供および助言の方法等）,
ichi-0121,産業医は労働者の治療を行う主治医としての役割を担う。,×,産業医は50人以上の事業場で選任義務あり（1000人以上は専属）。治療を行う主治医とは異なり、職場の健康管理・環境改善・就業措置の助言が主な役割。独立性が保たれている。,,,,,相談・連携・復職,第6章 / 社内のサポート資源（産業保健スタッフ等）,社内外資源との連携,
ichi-0122,産業医は健康管理・職場環境改善・就業上の措置に関する助言・勧告を行う専門家である。,○,産業医は50人以上の事業場で選任義務あり（1000人以上は専属）。治療を行う主治医とは異なり、職場の健康管理・環境改善・就業措置の助言が主な役割。独立性が保たれている。,,,,,相談・連携・復職,第6章 / 社内のサポート資源（産業保健スタッフ等）,社内外資源との連携,
ichi-0123,産業医の選任義務は、常時1000人以上の労働者を使用する事業場に限られる。,×,産業医は50人以上の事業場で選任義務あり（1000人以上は専属）。治療を行う主治医とは異なり、職場の健康管理・環境改善・就業措置の助言が主な役割。独立性が保たれている。,,,,,相談・連携・復職,第6章 / 社内のサポート資源（産業保健スタッフ等）,社内外資源との連携,
ichi-0124,産業医は管理監督者の指揮命令下に置かれ、指示に従う義務がある。,×,産業医は50人以上の事業場で選任義務あり（1000人以上は専属）。治療を行う主治医とは異なり、職場の健康管理・環境改善・就業措置の助言が主な役割。独立性が保たれている。,,,,,相談・連携・復職,第6章 / 社内のサポート資源（産業保健スタッフ等）,社内外資源との連携,
ichi-0125,産業保健総合支援センターは、大企業専用の支援機関である。,×,地域産業保健センターは小規模事業場向けの支援機関。産業保健総合支援センターは規模を問わず利用可能。EAPは外部機関が提供する場合（外部EAP）もある。,,,,,相談・連携・復職,第6章 / 社外のサポート資源,社内外資源との連携,
ichi-0126,地域産業保健センターは、主に小規模事業場の労働者・事業者を対象とした支援を行っている。,○,地域産業保健センターは小規模事業場向けの支援機関。産業保健総合支援センターは規模を問わず利用可能。EAPは外部機関が提供する場合（外部EAP）もある。,,,,,相談・連携・復職,第6章 / 社外のサポート資源,社内外資源との連携,
ichi-0127,EAP（従業員支援プログラム）は、事業場内でのみ提供されるサービスである。,×,地域産業保健センターは小規模事業場向けの支援機関。産業保健総合支援センターは規模を問わず利用可能。EAPは外部機関が提供する場合（外部EAP）もある。,,,,,相談・連携・復職,第6章 / 社外のサポート資源,社内外資源との連携,
ichi-0128,精神保健福祉センターは医療機関であり、労働問題の相談には対応していない。,×,地域産業保健センターは小規模事業場向けの支援機関。産業保健総合支援センターは規模を問わず利用可能。EAPは外部機関が提供する場合（外部EAP）もある。,,,,,相談・連携・復職,第6章 / 社外のサポート資源,社内外資源との連携,
ichi-0129,心療内科は身体疾患のみを扱い、精神疾患の治療は行わない。,×,精神科はうつ病・統合失調症・双極性障害など広く精神疾患を扱う。心療内科は心身症（心理的要因の身体症状）が主。いずれも外来診療が中心。,,,,,相談・連携・復職,第6章 / 医療機関の種類と適切な選び方,社内外資源との連携,
ichi-0130,精神科はすべての精神疾患を診療対象とし、うつ病や統合失調症なども含まれる。,○,精神科はうつ病・統合失調症・双極性障害など広く精神疾患を扱う。心療内科は心身症（心理的要因の身体症状）が主。いずれも外来診療が中心。,,,,,相談・連携・復職,第6章 / 医療機関の種類と適切な選び方,社内外資源との連携,
ichi-0131,メンタルヘルス不調の場合、まず外科を受診することが推奨される。,×,精神科はうつ病・統合失調症・双極性障害など広く精神疾患を扱う。心療内科は心身症（心理的要因の身体症状）が主。いずれも外来診療が中心。,,,,,相談・連携・復職,第6章 / 医療機関の種類と適切な選び方,社内外資源との連携,
ichi-0132,精神科への受診は入院が前提であり、外来診療は行っていない。,×,精神科はうつ病・統合失調症・双極性障害など広く精神疾患を扱う。心療内科は心身症（心理的要因の身体症状）が主。いずれも外来診療が中心。,,,,,相談・連携・復職,第6章 / 医療機関の種類と適切な選び方,社内外資源との連携,
ichi-0133,管理監督者は、部下の状態に応じて産業医や保健師に相談・連携することが求められる。,○,外部EAPは社内資源を代替するものではなく、補完的に機能するもの。産業保健スタッフとの連携は引き続き重要。,,,,,相談・連携・復職,第6章 / 社内外との連携が必要な理由と方法,社内外資源との連携,
ichi-0134,主治医と産業医の意見が異なる場合は、就業上の措置を判断するうえで産業医の意見が重要な参考となる。,○,外部EAPは社内資源を代替するものではなく、補完的に機能するもの。産業保健スタッフとの連携は引き続き重要。,,,,,相談・連携・復職,第6章 / 社内外との連携が必要な理由と方法,社内外資源との連携,
ichi-0135,外部EAPの利用は、事業場内の産業保健スタッフへの相談が不要になることを意味する。,×,外部EAPは社内資源を代替するものではなく、補完的に機能するもの。産業保健スタッフとの連携は引き続き重要。,,,,,相談・連携・復職,第6章 / 社内外との連携が必要な理由と方法,社内外資源との連携,
ichi-0136,職場復帰支援においては、主治医・産業医・人事労務・管理監督者が連携することが重要である。,○,外部EAPは社内資源を代替するものではなく、補完的に機能するもの。産業保健スタッフとの連携は引き続き重要。,,,,,相談・連携・復職,第6章 / 社内外との連携が必要な理由と方法,社内外資源との連携,
ichi-0137,事業者による最終的な職場復帰の決定を行うステップである。,×,第1＝病気休業開始・療養、第2＝主治医による復帰可能の判断（診断書）、第3＝復帰可否判断とプラン作成、第4＝最終的な復帰決定、第5＝フォローアップ。,,,,,相談・連携・復職,第7章 / 職場復帰の流れ：ステップ１〜３,心の健康問題をもつ復職者への支援の方法,
ichi-0138,主治医による職場復帰可能の判断（診断書の提出）が行われるステップである。,○,第1＝病気休業開始・療養、第2＝主治医による復帰可能の判断（診断書）、第3＝復帰可否判断とプラン作成、第4＝最終的な復帰決定、第5＝フォローアップ。,,,,,相談・連携・復職,第7章 / 職場復帰の流れ：ステップ１〜３,心の健康問題をもつ復職者への支援の方法,
ichi-0139,職場復帰支援プランを実行するステップである。,×,第1＝病気休業開始・療養、第2＝主治医による復帰可能の判断（診断書）、第3＝復帰可否判断とプラン作成、第4＝最終的な復帰決定、第5＝フォローアップ。,,,,,相談・連携・復職,第7章 / 職場復帰の流れ：ステップ１〜３,心の健康問題をもつ復職者への支援の方法,
ichi-0140,職場復帰後のフォローアップを行うステップである。,×,第1＝病気休業開始・療養、第2＝主治医による復帰可能の判断（診断書）、第3＝復帰可否判断とプラン作成、第4＝最終的な復帰決定、第5＝フォローアップ。,,,,,相談・連携・復職,第7章 / 職場復帰の流れ：ステップ１〜３,心の健康問題をもつ復職者への支援の方法,
ichi-0141,復職直後から通常業務をこなせるよう、早期に元の業務量に戻すことが回復を促進する。,×,復職後は段階的な業務負荷、定期面談によるフォローアップが重要。再発防止には無理なく適応できる職場環境の整備が必要。管理監督者はプラン実行の中心的役割を担う。,,,,,相談・連携・復職,第7章 / 職場復帰支援で気をつけること,心の健康問題をもつ復職者への支援の方法,
ichi-0142,復職後は定期的に面談を行い、体調や業務の状況をきめ細かく確認する。,○,復職後は段階的な業務負荷、定期面談によるフォローアップが重要。再発防止には無理なく適応できる職場環境の整備が必要。管理監督者はプラン実行の中心的役割を担う。,,,,,相談・連携・復職,第7章 / 職場復帰支援で気をつけること,心の健康問題をもつ復職者への支援の方法,
ichi-0143,再発防止のため、復職後は特別扱いせず厳しく管理することが重要である。,×,復職後は段階的な業務負荷、定期面談によるフォローアップが重要。再発防止には無理なく適応できる職場環境の整備が必要。管理監督者はプラン実行の中心的役割を担う。,,,,,相談・連携・復職,第7章 / 職場復帰支援で気をつけること,心の健康問題をもつ復職者への支援の方法,
ichi-0144,職場復帰支援プランの作成は主治医の役割であり、管理監督者は関与しない。,×,復職後は段階的な業務負荷、定期面談によるフォローアップが重要。再発防止には無理なく適応できる職場環境の整備が必要。管理監督者はプラン実行の中心的役割を担う。,,,,,相談・連携・復職,第7章 / 職場復帰支援で気をつけること,心の健康問題をもつ復職者への支援の方法,
ichi-0145,治療中の労働者は、完治するまで就業させてはならない。,×,治療と仕事の両立支援は、がん・メンタルヘルス・糖尿病等の様々な疾患が対象。多職種連携が基本で、柔軟な勤務制度の活用も重要。,,,,,相談・連携・復職,第7章 / 治療しながら働き続けるための支援,心の健康問題をもつ復職者への支援の方法,
ichi-0146,両立支援においては、主治医・産業医・事業者・労働者が連携して対応することが重要である。,○,治療と仕事の両立支援は、がん・メンタルヘルス・糖尿病等の様々な疾患が対象。多職種連携が基本で、柔軟な勤務制度の活用も重要。,,,,,相談・連携・復職,第7章 / 治療しながら働き続けるための支援,心の健康問題をもつ復職者への支援の方法,
ichi-0147,時間単位の年次有給休暇や時差出勤などの制度は、両立支援には活用できない。,×,治療と仕事の両立支援は、がん・メンタルヘルス・糖尿病等の様々な疾患が対象。多職種連携が基本で、柔軟な勤務制度の活用も重要。,,,,,相談・連携・復職,第7章 / 治療しながら働き続けるための支援,心の健康問題をもつ復職者への支援の方法,
ichi-0148,がんや糖尿病などの疾患は両立支援の対象だが、メンタルヘルス疾患は対象外である。,×,治療と仕事の両立支援は、がん・メンタルヘルス・糖尿病等の様々な疾患が対象。多職種連携が基本で、柔軟な勤務制度の活用も重要。,,,,,相談・連携・復職,第7章 / 治療しながら働き続けるための支援,心の健康問題をもつ復職者への支援の方法,
ichi-0149,公法的規制とは、労働者が使用者に対して民事上の責任を追及する仕組みである。,×,公法的規制（労働安全衛生法等）は国が事業者に義務を課すもので、違反は刑事・行政罰の対象。私法的規制は民事上の責任（安全配慮義務違反による損害賠償等）。,,,,,基礎・役割,第1章 / 法的規制の枠組み（公法・私法）,メンタルヘルスケアの意義と管理監督者の役割,
ichi-0150,私法的規制とは、国が事業者に対して法律上の義務を課す仕組みである。,×,公法的規制（労働安全衛生法等）は国が事業者に義務を課すもので、違反は刑事・行政罰の対象。私法的規制は民事上の責任（安全配慮義務違反による損害賠償等）。,,,,,基礎・役割,第1章 / 法的規制の枠組み（公法・私法）,メンタルヘルスケアの意義と管理監督者の役割,
ichi-0151,労働安全衛生法は公法的規制に該当し、違反した場合は刑事罰や行政処分の対象となる。,○,公法的規制（労働安全衛生法等）は国が事業者に義務を課すもので、違反は刑事・行政罰の対象。私法的規制は民事上の責任（安全配慮義務違反による損害賠償等）。,,,,,基礎・役割,第1章 / 法的規制の枠組み（公法・私法）,メンタルヘルスケアの意義と管理監督者の役割,
ichi-0152,安全配慮義務違反に基づく損害賠償請求は、公法的規制の枠組みで行われる。,×,公法的規制（労働安全衛生法等）は国が事業者に義務を課すもので、違反は刑事・行政罰の対象。私法的規制は民事上の責任（安全配慮義務違反による損害賠償等）。,,,,,基礎・役割,第1章 / 法的規制の枠組み（公法・私法）,メンタルヘルスケアの意義と管理監督者の役割,
ichi-0153,労働者の生産性向上や職場の活性化につながる。,○,メンタルヘルスケアは生産性向上・人材定着・リスク管理・企業イメージ向上など、業績にも直結する経営上の重要課題。単なる福祉的配慮ではない。,,,,,基礎・役割,第1章 / メンタルヘルスケアが企業にもたらす意義,メンタルヘルスケアの意義と管理監督者の役割,
ichi-0154,休職・離職の防止により、人材の定着に寄与する。,○,メンタルヘルスケアは生産性向上・人材定着・リスク管理・企業イメージ向上など、業績にも直結する経営上の重要課題。単なる福祉的配慮ではない。,,,,,基礎・役割,第1章 / メンタルヘルスケアが企業にもたらす意義,メンタルヘルスケアの意義と管理監督者の役割,
ichi-0155,法的義務の履行として、安全配慮義務違反のリスクを低減できる。,○,メンタルヘルスケアは生産性向上・人材定着・リスク管理・企業イメージ向上など、業績にも直結する経営上の重要課題。単なる福祉的配慮ではない。,,,,,基礎・役割,第1章 / メンタルヘルスケアが企業にもたらす意義,メンタルヘルスケアの意義と管理監督者の役割,
ichi-0156,メンタルヘルス対策は福祉的配慮であり、企業の業績には直接関係しない。,×,メンタルヘルスケアは生産性向上・人材定着・リスク管理・企業イメージ向上など、業績にも直結する経営上の重要課題。単なる福祉的配慮ではない。,,,,,基礎・役割,第1章 / メンタルヘルスケアが企業にもたらす意義,メンタルヘルスケアの意義と管理監督者の役割,
ichi-0157,管理監督者は労働基準法上の労働時間規制の適用対象外であるため、自身の労働時間管理は不要である。,×,時間外労働の上限は原則月45時間・年360時間（労基法36条）。管理監督者も深夜業規制と健康確保措置の対象。裁量労働制適用者にも健康管理は必要。,,,,,基礎・役割,第1章 / 適切な労働時間の管理,メンタルヘルスケアの意義と管理監督者の役割,
ichi-0158,変形労働時間制を導入すれば、いかなる長時間労働も合法となる。,×,時間外労働の上限は原則月45時間・年360時間（労基法36条）。管理監督者も深夜業規制と健康確保措置の対象。裁量労働制適用者にも健康管理は必要。,,,,,基礎・役割,第1章 / 適切な労働時間の管理,メンタルヘルスケアの意義と管理監督者の役割,
ichi-0159,時間外・休日労働の上限規制として、原則月45時間・年360時間が設けられている。,○,時間外労働の上限は原則月45時間・年360時間（労基法36条）。管理監督者も深夜業規制と健康確保措置の対象。裁量労働制適用者にも健康管理は必要。,,,,,基礎・役割,第1章 / 適切な労働時間の管理,メンタルヘルスケアの意義と管理監督者の役割,
ichi-0160,裁量労働制が適用される労働者には、健康確保措置は必要ない。,×,時間外労働の上限は原則月45時間・年360時間（労基法36条）。管理監督者も深夜業規制と健康確保措置の対象。裁量労働制適用者にも健康管理は必要。,,,,,基礎・役割,第1章 / 適切な労働時間の管理,メンタルヘルスケアの意義と管理監督者の役割,
ichi-0161,メンタルヘルス不調は本人の意志の弱さや性格の問題によるものであり、精神論で克服できる。,×,メンタルヘルス不調は誰でも罹患しうる疾患であり、意志の強弱とは無関係。適切な治療・支援で回復でき、職場復帰・継続就業も可能。偏見を持たないことが重要。,,,,,基礎・役割,第2章 / 心の健康問題への正しい向き合い方,ストレスおよびメンタルヘルスに関する基礎知識,
ichi-0162,一度メンタルヘルス不調になった労働者は、再発リスクが高いため職場復帰させない方がよい。,×,メンタルヘルス不調は誰でも罹患しうる疾患であり、意志の強弱とは無関係。適切な治療・支援で回復でき、職場復帰・継続就業も可能。偏見を持たないことが重要。,,,,,基礎・役割,第2章 / 心の健康問題への正しい向き合い方,ストレスおよびメンタルヘルスに関する基礎知識,
ichi-0163,メンタルヘルス不調は誰にでも起こりうるものであり、適切な治療と支援により回復が可能である。,○,メンタルヘルス不調は誰でも罹患しうる疾患であり、意志の強弱とは無関係。適切な治療・支援で回復でき、職場復帰・継続就業も可能。偏見を持たないことが重要。,,,,,基礎・役割,第2章 / 心の健康問題への正しい向き合い方,ストレスおよびメンタルヘルスに関する基礎知識,
ichi-0164,メンタルヘルス不調の労働者は、業務能力が永続的に低下するため、重要業務から外すべきである。,×,メンタルヘルス不調は誰でも罹患しうる疾患であり、意志の強弱とは無関係。適切な治療・支援で回復でき、職場復帰・継続就業も可能。偏見を持たないことが重要。,,,,,基礎・役割,第2章 / 心の健康問題への正しい向き合い方,ストレスおよびメンタルヘルスに関する基礎知識,
ichi-0165,問題焦点型コーピングとは、ストレスを感じた際の気分転換や感情の解放を指す。,×,問題焦点型＝ストレス原因への直接的対処、情動焦点型＝感情の調整・気分転換。状況や個人の特性に応じて適切に組み合わせることが重要。コーピングスキルは学習で向上する。,,,,,職場環境・配慮,第4章 / ストレスへの対処方法,個々の労働者への配慮,
ichi-0166,情動焦点型コーピングとは、ストレスの原因そのものに働きかけて解決を図ることである。,×,問題焦点型＝ストレス原因への直接的対処、情動焦点型＝感情の調整・気分転換。状況や個人の特性に応じて適切に組み合わせることが重要。コーピングスキルは学習で向上する。,,,,,職場環境・配慮,第4章 / ストレスへの対処方法,個々の労働者への配慮,
ichi-0167,コーピングは問題焦点型と情動焦点型に大別され、状況に応じて使い分けることが効果的である。,○,問題焦点型＝ストレス原因への直接的対処、情動焦点型＝感情の調整・気分転換。状況や個人の特性に応じて適切に組み合わせることが重要。コーピングスキルは学習で向上する。,,,,,職場環境・配慮,第4章 / ストレスへの対処方法,個々の労働者への配慮,
ichi-0168,コーピングスキルは生まれつきのものであり、後天的に習得することはできない。,×,問題焦点型＝ストレス原因への直接的対処、情動焦点型＝感情の調整・気分転換。状況や個人の特性に応じて適切に組み合わせることが重要。コーピングスキルは学習で向上する。,,,,,職場環境・配慮,第4章 / ストレスへの対処方法,個々の労働者への配慮,
ichi-0169,第4ステップでは主治医が単独で最終的な職場復帰の可否を決定する。,×,第4ステップは産業医の意見を踏まえた事業者による最終決定。第5ステップは復職後の継続的なフォローアップで、状況に応じてプランの修正も行う。,,,,,相談・連携・復職,第7章 / 職場復帰の流れ：ステップ４・５とプライバシー保護,心の健康問題をもつ復職者への支援の方法,
ichi-0170,第4ステップは事業者による最終的な職場復帰の決定であり、産業医の意見を参考に行われる。,○,第4ステップは産業医の意見を踏まえた事業者による最終決定。第5ステップは復職後の継続的なフォローアップで、状況に応じてプランの修正も行う。,,,,,相談・連携・復職,第7章 / 職場復帰の流れ：ステップ４・５とプライバシー保護,心の健康問題をもつ復職者への支援の方法,
ichi-0171,第5ステップのフォローアップは、復職から1か月間のみ行えば十分である。,×,第4ステップは産業医の意見を踏まえた事業者による最終決定。第5ステップは復職後の継続的なフォローアップで、状況に応じてプランの修正も行う。,,,,,相談・連携・復職,第7章 / 職場復帰の流れ：ステップ４・５とプライバシー保護,心の健康問題をもつ復職者への支援の方法,
ichi-0172,第4・5ステップでは、職場復帰支援プランの内容を変更することはできない。,×,第4ステップは産業医の意見を踏まえた事業者による最終決定。第5ステップは復職後の継続的なフォローアップで、状況に応じてプランの修正も行う。,,,,,相談・連携・復職,第7章 / 職場復帰の流れ：ステップ４・５とプライバシー保護,心の健康問題をもつ復職者への支援の方法,
ichi-0173,治療費・入院費などの積極損害は、安全配慮義務違反に基づく損害賠償額の算定に含まれる。,○,損害賠償の対象は積極損害（治療費等）・消極損害（逸失利益）・慰謝料。使用者の事業利益は関係しない。,,,,,基礎・役割,第1章 / 労働安全衛生法と安全配慮義務,メンタルヘルスケアの意義と管理監督者の役割,
ichi-0174,休業による逸失利益は、安全配慮義務違反に基づく損害賠償額の算定に含まれる。,○,損害賠償の対象は積極損害（治療費等）・消極損害（逸失利益）・慰謝料。使用者の事業利益は関係しない。,,,,,基礎・役割,第1章 / 労働安全衛生法と安全配慮義務,メンタルヘルスケアの意義と管理監督者の役割,
ichi-0175,慰謝料は、安全配慮義務違反に基づく損害賠償額の算定に含まれる。,○,損害賠償の対象は積極損害（治療費等）・消極損害（逸失利益）・慰謝料。使用者の事業利益は関係しない。,,,,,基礎・役割,第1章 / 労働安全衛生法と安全配慮義務,メンタルヘルスケアの意義と管理監督者の役割,
ichi-0176,使用者の得た事業利益は、安全配慮義務違反に基づく損害賠償額の算定に含まれる。,×,損害賠償の対象は積極損害（治療費等）・消極損害（逸失利益）・慰謝料。使用者の事業利益は関係しない。,,,,,基礎・役割,第1章 / 労働安全衛生法と安全配慮義務,メンタルヘルスケアの意義と管理監督者の役割,
ichi-0177,安全配慮義務違反が問われうるケースとして、「労働者が通勤途中に交通事故で負傷した場合」という記述は正しい。,×,安全配慮義務違反は、使用者が予見可能な健康被害を回避する措置を怠った場合に問われる。管理監督者が過重労働を把握しながら放置したケースは典型例。,,,,,基礎・役割,第1章 / 労働安全衛生法と安全配慮義務,メンタルヘルスケアの意義と管理監督者の役割,
ichi-0178,安全配慮義務違反が問われうるケースとして、「管理監督者が部下の過重労働を把握しながら改善せず、部下がうつ病を発症した場合」という記述は正しい。,○,安全配慮義務違反は、使用者が予見可能な健康被害を回避する措置を怠った場合に問われる。管理監督者が過重労働を把握しながら放置したケースは典型例。,,,,,基礎・役割,第1章 / 労働安全衛生法と安全配慮義務,メンタルヘルスケアの意義と管理監督者の役割,
ichi-0179,安全配慮義務違反が問われうるケースとして、「労働者が業務外の個人的なトラブルにより精神的不調をきたした場合」という記述は正しい。,×,安全配慮義務違反は、使用者が予見可能な健康被害を回避する措置を怠った場合に問われる。管理監督者が過重労働を把握しながら放置したケースは典型例。,,,,,基礎・役割,第1章 / 労働安全衛生法と安全配慮義務,メンタルヘルスケアの意義と管理監督者の役割,
ichi-0180,安全配慮義務違反が問われうるケースとして、「労働者が自らの希望で時間外労働を行い、疲労を蓄積させた場合」という記述は正しい。,×,安全配慮義務違反は、使用者が予見可能な健康被害を回避する措置を怠った場合に問われる。管理監督者が過重労働を把握しながら放置したケースは典型例。,,,,,基礎・役割,第1章 / 労働安全衛生法と安全配慮義務,メンタルヘルスケアの意義と管理監督者の役割,
ichi-0181,精神障害の労災認定には、業務による強いストレスが発症の主因であることが必要であり、私的な出来事は一切考慮されない。,×,精神障害の労災認定は心理的負荷評価表を用い「強・中・弱」で判定。私的出来事も考慮される。自殺も業務起因性が認められれば労災認定される。,,,,,基礎・役割,第1章 / メンタル不調と労働災害・過重労働防止,メンタルヘルスケアの意義と管理監督者の役割,
ichi-0182,認定基準では、業務による心理的負荷の強度を「強・中・弱」の3段階で評価する。,○,精神障害の労災認定は心理的負荷評価表を用い「強・中・弱」で判定。私的出来事も考慮される。自殺も業務起因性が認められれば労災認定される。,,,,,基礎・役割,第1章 / メンタル不調と労働災害・過重労働防止,メンタルヘルスケアの意義と管理監督者の役割,
ichi-0183,自殺は労災として認定されることはない。,×,精神障害の労災認定は心理的負荷評価表を用い「強・中・弱」で判定。私的出来事も考慮される。自殺も業務起因性が認められれば労災認定される。,,,,,基礎・役割,第1章 / メンタル不調と労働災害・過重労働防止,メンタルヘルスケアの意義と管理監督者の役割,
ichi-0184,精神障害の労災認定では、発病前おおむね6か月間の業務上の出来事が評価対象となる。,○,精神障害の労災認定は心理的負荷評価表を用い「強・中・弱」で判定。私的出来事も考慮される。自殺も業務起因性が認められれば労災認定される。,,,,,基礎・役割,第1章 / メンタル不調と労働災害・過重労働防止,メンタルヘルスケアの意義と管理監督者の役割,
ichi-0185,集団分析の実施は法律で義務づけられており、実施しない場合は罰則がある。,×,集団分析は努力義務（義務ではない）。結果は職場改善に活用が望ましい。個人が特定されないよう10人未満の集団への適用は慎重に行う。,,,,,基礎・役割,第1章 / ストレスチェック制度の概要,メンタルヘルスケアの意義と管理監督者の役割,
ichi-0186,集団分析の結果は、職場環境改善のための資料として活用することが望ましい。,○,集団分析は努力義務（義務ではない）。結果は職場改善に活用が望ましい。個人が特定されないよう10人未満の集団への適用は慎重に行う。,,,,,基礎・役割,第1章 / ストレスチェック制度の概要,メンタルヘルスケアの意義と管理監督者の役割,
ichi-0187,集団分析には個人の結果をそのまま使用するため、プライバシーへの配慮は不要である。,×,集団分析は努力義務（義務ではない）。結果は職場改善に活用が望ましい。個人が特定されないよう10人未満の集団への適用は慎重に行う。,,,,,基礎・役割,第1章 / ストレスチェック制度の概要,メンタルヘルスケアの意義と管理監督者の役割,
ichi-0188,集団分析は全従業員を対象に行い、10人未満の小集団には適用できない。,×,集団分析は努力義務（義務ではない）。結果は職場改善に活用が望ましい。個人が特定されないよう10人未満の集団への適用は慎重に行う。,,,,,基礎・役割,第1章 / ストレスチェック制度の概要,メンタルヘルスケアの意義と管理監督者の役割,
ichi-0189,セクハラは男性から女性へのものに限られず、同性間や女性から男性へのものも含まれる。,○,セクハラの判断は被害者の主観も重要な要素であり、「客観的に問題ない」とは言い切れない。受け手が不快に感じれば成立しうる。,,,,,基礎・役割,第1章 / 職場のハラスメント,メンタルヘルスケアの意義と管理監督者の役割,
ichi-0190,被害者が不快と感じるかどうかにかかわらず、客観的に見て問題ない言動はセクハラにならない。,×,セクハラの判断は被害者の主観も重要な要素であり、「客観的に問題ない」とは言い切れない。受け手が不快に感じれば成立しうる。,,,,,基礎・役割,第1章 / 職場のハラスメント,メンタルヘルスケアの意義と管理監督者の役割,
ichi-0191,事業主には職場でのセクハラを防止するための雇用管理上の措置義務がある。,○,セクハラの判断は被害者の主観も重要な要素であり、「客観的に問題ない」とは言い切れない。受け手が不快に感じれば成立しうる。,,,,,基礎・役割,第1章 / 職場のハラスメント,メンタルヘルスケアの意義と管理監督者の役割,
ichi-0192,顧客や取引先からのセクハラについても、事業主は配慮が求められる。,○,セクハラの判断は被害者の主観も重要な要素であり、「客観的に問題ない」とは言い切れない。受け手が不快に感じれば成立しうる。,,,,,基礎・役割,第1章 / 職場のハラスメント,メンタルヘルスケアの意義と管理監督者の役割,
ichi-0193,精神障害による労災請求件数は近年減少傾向にある。,×,精神障害の労災請求・認定件数は増加傾向。強いストレスを感じる労働者は約6割。プレゼンティーイズムによる損失は大きく、企業経営上の重要課題。,,,,,基礎・役割,第1章 / 働く人のストレス,メンタルヘルスケアの意義と管理監督者の役割,
ichi-0194,メンタルヘルス上の理由による休職者は増加傾向にあり、職場復帰支援の重要性が高まっている。,○,精神障害の労災請求・認定件数は増加傾向。強いストレスを感じる労働者は約6割。プレゼンティーイズムによる損失は大きく、企業経営上の重要課題。,,,,,基礎・役割,第1章 / 働く人のストレス,メンタルヘルスケアの意義と管理監督者の役割,
ichi-0195,仕事による強いストレスを感じている労働者は全体の2割に満たない。,×,精神障害の労災請求・認定件数は増加傾向。強いストレスを感じる労働者は約6割。プレゼンティーイズムによる損失は大きく、企業経営上の重要課題。,,,,,基礎・役割,第1章 / 働く人のストレス,メンタルヘルスケアの意義と管理監督者の役割,
ichi-0196,メンタルヘルス不調による生産性の損失（プレゼンティーイズム）は軽微であり、経営上の問題とはならない。,×,精神障害の労災請求・認定件数は増加傾向。強いストレスを感じる労働者は約6割。プレゼンティーイズムによる損失は大きく、企業経営上の重要課題。,,,,,基礎・役割,第1章 / 働く人のストレス,メンタルヘルスケアの意義と管理監督者の役割,
ichi-0197,メンタルヘルスケアは人事部門のみの責任であり、管理監督者は関与しなくてよい。,×,メンタルヘルスケアは事業者のリーダーシップのもと、人事・産業保健スタッフ・管理監督者・労働者が一体となって組織的・計画的に推進することが重要。,,,,,基礎・役割,第1章 / 方針・計画の策定とマネジメント,メンタルヘルスケアの意義と管理監督者の役割,
ichi-0198,産業医・保健師などの産業保健スタッフは補助的な役割にとどまり、主体的な関与は不要である。,×,メンタルヘルスケアは事業者のリーダーシップのもと、人事・産業保健スタッフ・管理監督者・労働者が一体となって組織的・計画的に推進することが重要。,,,,,基礎・役割,第1章 / 方針・計画の策定とマネジメント,メンタルヘルスケアの意義と管理監督者の役割,
ichi-0199,事業者がメンタルヘルスケアの方針を表明し、全社一体で取り組む体制が重要である。,○,メンタルヘルスケアは事業者のリーダーシップのもと、人事・産業保健スタッフ・管理監督者・労働者が一体となって組織的・計画的に推進することが重要。,,,,,基礎・役割,第1章 / 方針・計画の策定とマネジメント,メンタルヘルスケアの意義と管理監督者の役割,
ichi-0200,メンタルヘルス対策は個別に対応すれば十分であり、計画的・組織的な対応は不要である。,×,メンタルヘルスケアは事業者のリーダーシップのもと、人事・産業保健スタッフ・管理監督者・労働者が一体となって組織的・計画的に推進することが重要。,,,,,基礎・役割,第1章 / 方針・計画の策定とマネジメント,メンタルヘルスケアの意義と管理監督者の役割,
ichi-0201,36協定を締結すれば、時間外労働の上限なく残業させることができる。,×,2019年施行の改正労基法により、特別条項を含めても年720時間・月100時間未満・2〜6か月平均80時間以内の上限規制が設けられた。36協定は労使協定。,,,,,基礎・役割,第1章 / 適切な労働時間の管理,メンタルヘルスケアの意義と管理監督者の役割,
ichi-0202,36協定の特別条項を適用する場合でも、年720時間の上限を超えることはできない。,○,2019年施行の改正労基法により、特別条項を含めても年720時間・月100時間未満・2〜6か月平均80時間以内の上限規制が設けられた。36協定は労使協定。,,,,,基礎・役割,第1章 / 適切な労働時間の管理,メンタルヘルスケアの意義と管理監督者の役割,
ichi-0203,36協定の締結は、使用者が単独で行えば足りる。,×,2019年施行の改正労基法により、特別条項を含めても年720時間・月100時間未満・2〜6か月平均80時間以内の上限規制が設けられた。36協定は労使協定。,,,,,基礎・役割,第1章 / 適切な労働時間の管理,メンタルヘルスケアの意義と管理監督者の役割,
ichi-0204,36協定がなければ、法定時間外労働や法定休日労働は原則として行わせることができない。,○,2019年施行の改正労基法により、特別条項を含めても年720時間・月100時間未満・2〜6か月平均80時間以内の上限規制が設けられた。36協定は労使協定。,,,,,基礎・役割,第1章 / 適切な労働時間の管理,メンタルヘルスケアの意義と管理監督者の役割,
ichi-0205,仕事の要求度が高くコントロールが低い状態は「高ストレイン」と呼ばれ、健康障害リスクが高い。,○,高要求度・低コントロールは「高ストレイン」でリスク大。高要求度・高コントロールは「アクティブ」で成長促進。後にサポートを加えた拡張モデルも提唱された。,,,,,基礎・役割,第2章 / 産業ストレス,ストレスおよびメンタルヘルスに関する基礎知識,
ichi-0206,仕事の要求度が高くコントロールも高い状態は最もストレスが大きいとされる。,×,高要求度・低コントロールは「高ストレイン」でリスク大。高要求度・高コントロールは「アクティブ」で成長促進。後にサポートを加えた拡張モデルも提唱された。,,,,,基礎・役割,第2章 / 産業ストレス,ストレスおよびメンタルヘルスに関する基礎知識,
ichi-0207,コントロールとは職場の温度・湿度などの物理的環境を指す。,×,高要求度・低コントロールは「高ストレイン」でリスク大。高要求度・高コントロールは「アクティブ」で成長促進。後にサポートを加えた拡張モデルも提唱された。,,,,,基礎・役割,第2章 / 産業ストレス,ストレスおよびメンタルヘルスに関する基礎知識,
ichi-0208,このモデルでは社会的支援（サポート）は考慮されていない。,×,高要求度・低コントロールは「高ストレイン」でリスク大。高要求度・高コントロールは「アクティブ」で成長促進。後にサポートを加えた拡張モデルも提唱された。,,,,,基礎・役割,第2章 / 産業ストレス,ストレスおよびメンタルヘルスに関する基礎知識,
ichi-0209,同じストレッサーにさらされた場合、すべての人が同じ強さのストレス反応を示す。,×,ストレス反応は心理的（不安・抑うつ等）・身体的（頭痛・不眠等）・行動的（飲酒増加・欠勤等）の3種類。個人差があり、慢性化すると疾患に発展しうる。,,,,,基礎・役割,第2章 / ストレスの基本概念と健康障害のしくみ,ストレスおよびメンタルヘルスに関する基礎知識,
ichi-0210,ストレス反応には心理的反応・身体的反応・行動的反応の3種類がある。,○,ストレス反応は心理的（不安・抑うつ等）・身体的（頭痛・不眠等）・行動的（飲酒増加・欠勤等）の3種類。個人差があり、慢性化すると疾患に発展しうる。,,,,,基礎・役割,第2章 / ストレスの基本概念と健康障害のしくみ,ストレスおよびメンタルヘルスに関する基礎知識,
ichi-0211,ストレッサーは職場の物理的環境のみを指し、人間関係は含まれない。,×,ストレス反応は心理的（不安・抑うつ等）・身体的（頭痛・不眠等）・行動的（飲酒増加・欠勤等）の3種類。個人差があり、慢性化すると疾患に発展しうる。,,,,,基礎・役割,第2章 / ストレスの基本概念と健康障害のしくみ,ストレスおよびメンタルヘルスに関する基礎知識,
ichi-0212,ストレス反応が長期間続いても、身体疾患には発展しない。,×,ストレス反応は心理的（不安・抑うつ等）・身体的（頭痛・不眠等）・行動的（飲酒増加・欠勤等）の3種類。個人差があり、慢性化すると疾患に発展しうる。,,,,,基礎・役割,第2章 / ストレスの基本概念と健康障害のしくみ,ストレスおよびメンタルヘルスに関する基礎知識,
ichi-0213,双極性障害は抑うつ状態のみが繰り返される疾患である。,×,双極性障害は躁状態と抑うつ状態が交互に出現。躁状態の特徴は気分高揚・睡眠減少・活動亢進等。治療は気分安定薬が中心。Ⅰ型は典型的な躁状態、Ⅱ型は軽躁状態。,,,,,基礎・役割,第2章 / メンタルヘルス不調とは何か,ストレスおよびメンタルヘルスに関する基礎知識,
ichi-0214,躁状態では気分が高揚し、睡眠欲求が減少し、活動性が増す。,○,双極性障害は躁状態と抑うつ状態が交互に出現。躁状態の特徴は気分高揚・睡眠減少・活動亢進等。治療は気分安定薬が中心。Ⅰ型は典型的な躁状態、Ⅱ型は軽躁状態。,,,,,基礎・役割,第2章 / メンタルヘルス不調とは何か,ストレスおよびメンタルヘルスに関する基礎知識,
ichi-0215,双極性障害の治療には抗うつ薬のみが使用される。,×,双極性障害は躁状態と抑うつ状態が交互に出現。躁状態の特徴は気分高揚・睡眠減少・活動亢進等。治療は気分安定薬が中心。Ⅰ型は典型的な躁状態、Ⅱ型は軽躁状態。,,,,,基礎・役割,第2章 / メンタルヘルス不調とは何か,ストレスおよびメンタルヘルスに関する基礎知識,
ichi-0216,双極性障害Ⅰ型はⅡ型に比べ、躁症状が軽度である。,×,双極性障害は躁状態と抑うつ状態が交互に出現。躁状態の特徴は気分高揚・睡眠減少・活動亢進等。治療は気分安定薬が中心。Ⅰ型は典型的な躁状態、Ⅱ型は軽躁状態。,,,,,基礎・役割,第2章 / メンタルヘルス不調とは何か,ストレスおよびメンタルヘルスに関する基礎知識,
ichi-0217,幻覚・妄想などの陽性症状と、感情の平板化・意欲低下などの陰性症状がある。,○,統合失調症は適切な治療・支援により就労を含む社会参加が可能。「完治不可能・就労不可」は誤り。陽性・陰性症状の理解と早期介入が重要。,,,,,基礎・役割,第2章 / メンタルヘルス不調とは何か,ストレスおよびメンタルヘルスに関する基礎知識,
ichi-0218,抗精神病薬による薬物療法が治療の中心となる。,○,統合失調症は適切な治療・支援により就労を含む社会参加が可能。「完治不可能・就労不可」は誤り。陽性・陰性症状の理解と早期介入が重要。,,,,,基礎・役割,第2章 / メンタルヘルス不調とは何か,ストレスおよびメンタルヘルスに関する基礎知識,
ichi-0219,統合失調症は完治が不可能であり、就労は一切できない。,×,統合失調症は適切な治療・支援により就労を含む社会参加が可能。「完治不可能・就労不可」は誤り。陽性・陰性症状の理解と早期介入が重要。,,,,,基礎・役割,第2章 / メンタルヘルス不調とは何か,ストレスおよびメンタルヘルスに関する基礎知識,
ichi-0220,早期発見・早期治療により、社会復帰の可能性が高まる。,○,統合失調症は適切な治療・支援により就労を含む社会参加が可能。「完治不可能・就労不可」は誤り。陽性・陰性症状の理解と早期介入が重要。,,,,,基礎・役割,第2章 / メンタルヘルス不調とは何か,ストレスおよびメンタルヘルスに関する基礎知識,
ichi-0221,仕事への努力と得られる報酬（金銭・地位・尊重）のバランスが崩れた状態がストレスを生むとするモデルである。,○,Siegristの努力−報酬不均衡モデルは、高努力・低報酬の不均衡がストレス源となるとする。過剰コミットメントも健康リスク要因として組み込まれている。,,,,,基礎・役割,第2章 / 産業ストレス,ストレスおよびメンタルヘルスに関する基礎知識,
ichi-0222,報酬が高ければ、どれだけ努力が大きくてもストレスは発生しない。,×,Siegristの努力−報酬不均衡モデルは、高努力・低報酬の不均衡がストレス源となるとする。過剰コミットメントも健康リスク要因として組み込まれている。,,,,,基礎・役割,第2章 / 産業ストレス,ストレスおよびメンタルヘルスに関する基礎知識,
ichi-0223,このモデルでは過剰コミットメント（仕事への過度なのめり込み）は考慮されない。,×,Siegristの努力−報酬不均衡モデルは、高努力・低報酬の不均衡がストレス源となるとする。過剰コミットメントも健康リスク要因として組み込まれている。,,,,,基礎・役割,第2章 / 産業ストレス,ストレスおよびメンタルヘルスに関する基礎知識,
ichi-0224,努力−報酬不均衡モデルはNIOSHが開発したものである。,×,Siegristの努力−報酬不均衡モデルは、高努力・低報酬の不均衡がストレス源となるとする。過剰コミットメントも健康リスク要因として組み込まれている。,,,,,基礎・役割,第2章 / 産業ストレス,ストレスおよびメンタルヘルスに関する基礎知識,
ichi-0225,照明・騒音・温度などの物理的作業環境はメンタルヘルスに影響しない。,×,物理的環境（騒音・照明等）、単調作業・過重作業、交替勤務・夜勤、テレワークによる孤立感も現代的なストレス要因として重要。,,,,,職場環境・配慮,第3章 / ストレスを生む職場環境の要因,職場環境等の評価および改善の方法,
ichi-0226,単調反復作業や過度な作業ペースはストレス要因となりうる。,○,物理的環境（騒音・照明等）、単調作業・過重作業、交替勤務・夜勤、テレワークによる孤立感も現代的なストレス要因として重要。,,,,,職場環境・配慮,第3章 / ストレスを生む職場環境の要因,職場環境等の評価および改善の方法,
ichi-0227,テレワークによる孤立感はストレス要因にはならない。,×,物理的環境（騒音・照明等）、単調作業・過重作業、交替勤務・夜勤、テレワークによる孤立感も現代的なストレス要因として重要。,,,,,職場環境・配慮,第3章 / ストレスを生む職場環境の要因,職場環境等の評価および改善の方法,
ichi-0228,交替勤務は身体的負担はあるが、精神的ストレスには影響しない。,×,物理的環境（騒音・照明等）、単調作業・過重作業、交替勤務・夜勤、テレワークによる孤立感も現代的なストレス要因として重要。,,,,,職場環境・配慮,第3章 / ストレスを生む職場環境の要因,職場環境等の評価および改善の方法,
ichi-0229,職業性ストレス簡易調査票は個人のストレス診断専用であり、集団での使用はできない。,×,メンタルヘルスアクションチェックリスト（職場環境改善のためのヒント集）は管理監督者が職場の改善点を洗い出すためのツール。量−コントロール判定図は集団分析に使用。,,,,,職場環境・配慮,第3章 / ストレスの評価方法,職場環境等の評価および改善の方法,
ichi-0230,メンタルヘルスアクションチェックリストは、職場環境改善の手がかりを得るためのツールである。,○,メンタルヘルスアクションチェックリスト（職場環境改善のためのヒント集）は管理監督者が職場の改善点を洗い出すためのツール。量−コントロール判定図は集団分析に使用。,,,,,職場環境・配慮,第3章 / ストレスの評価方法,職場環境等の評価および改善の方法,
ichi-0231,量−コントロール判定図は、個人の業務適性を判定するためのツールである。,×,メンタルヘルスアクションチェックリスト（職場環境改善のためのヒント集）は管理監督者が職場の改善点を洗い出すためのツール。量−コントロール判定図は集団分析に使用。,,,,,職場環境・配慮,第3章 / ストレスの評価方法,職場環境等の評価および改善の方法,
ichi-0232,職場のストレス評価ツールは専門家のみが使用できる。,×,メンタルヘルスアクションチェックリスト（職場環境改善のためのヒント集）は管理監督者が職場の改善点を洗い出すためのツール。量−コントロール判定図は集団分析に使用。,,,,,職場環境・配慮,第3章 / ストレスの評価方法,職場環境等の評価および改善の方法,
ichi-0233,仕事の分担を見直し、一部の労働者への業務集中を解消する。,○,職場環境改善は小さな取り組みの積み重ねが有効。コミュニケーション改善・業務量調整・役割明確化など、日常的にできることから始めることが重要。,,,,,職場環境・配慮,第3章 / 管理監督者による職場環境改善の進め方,職場環境等の評価および改善の方法,
ichi-0234,部下が相談しやすい雰囲気づくりのため、日頃から声かけを行う。,○,職場環境改善は小さな取り組みの積み重ねが有効。コミュニケーション改善・業務量調整・役割明確化など、日常的にできることから始めることが重要。,,,,,職場環境・配慮,第3章 / 管理監督者による職場環境改善の進め方,職場環境等の評価および改善の方法,
ichi-0235,職場環境改善は大規模な組織改革が伴わなければ意味がないため、小さな取り組みは省略する。,×,職場環境改善は小さな取り組みの積み重ねが有効。コミュニケーション改善・業務量調整・役割明確化など、日常的にできることから始めることが重要。,,,,,職場環境・配慮,第3章 / 管理監督者による職場環境改善の進め方,職場環境等の評価および改善の方法,
ichi-0236,作業手順や役割分担を明確にし、役割の曖昧さを減らす。,○,職場環境改善は小さな取り組みの積み重ねが有効。コミュニケーション改善・業務量調整・役割明確化など、日常的にできることから始めることが重要。,,,,,職場環境・配慮,第3章 / 管理監督者による職場環境改善の進め方,職場環境等の評価および改善の方法,
ichi-0237,役割葛藤とは、自分の担当業務の範囲が不明確な状態を指す。,×,役割葛藤＝相反する要求への対応、役割の曖昧さ＝担当範囲・期待が不明確、役割過負荷＝処理能力超過。管理職になるほど役割葛藤・過負荷が増える傾向。,,,,,職場環境・配慮,第3章 / ストレスを生む職場環境の要因,職場環境等の評価および改善の方法,
ichi-0238,役割の曖昧さとは、相反する役割期待や要求に同時にさらされている状態を指す。,×,役割葛藤＝相反する要求への対応、役割の曖昧さ＝担当範囲・期待が不明確、役割過負荷＝処理能力超過。管理職になるほど役割葛藤・過負荷が増える傾向。,,,,,職場環境・配慮,第3章 / ストレスを生む職場環境の要因,職場環境等の評価および改善の方法,
ichi-0239,役割の過負荷とは、与えられた役割の量が個人の処理能力を超えている状態を指す。,○,役割葛藤＝相反する要求への対応、役割の曖昧さ＝担当範囲・期待が不明確、役割過負荷＝処理能力超過。管理職になるほど役割葛藤・過負荷が増える傾向。,,,,,職場環境・配慮,第3章 / ストレスを生む職場環境の要因,職場環境等の評価および改善の方法,
ichi-0240,役割に関するストレスは職位が上がるほど低下する傾向がある。,×,役割葛藤＝相反する要求への対応、役割の曖昧さ＝担当範囲・期待が不明確、役割過負荷＝処理能力超過。管理職になるほど役割葛藤・過負荷が増える傾向。,,,,,職場環境・配慮,第3章 / ストレスを生む職場環境の要因,職場環境等の評価および改善の方法,
ichi-0241,服装や身だしなみが乱れてきた。,○,積極的な挑戦は不調のサインではなく、むしろポジティブな変化。服装の乱れ・報連相の減少・表情の暗化・口数減少・ミス増加などが「いつもと違う」サイン。,,,,,職場環境・配慮,第4章 / 部下のストレスサインを見逃さない,個々の労働者への配慮,
ichi-0242,報告・連絡・相談が少なくなった。,○,積極的な挑戦は不調のサインではなく、むしろポジティブな変化。服装の乱れ・報連相の減少・表情の暗化・口数減少・ミス増加などが「いつもと違う」サイン。,,,,,職場環境・配慮,第4章 / 部下のストレスサインを見逃さない,個々の労働者への配慮,
ichi-0243,以前より積極的に新しい仕事に挑戦するようになった。,×,積極的な挑戦は不調のサインではなく、むしろポジティブな変化。服装の乱れ・報連相の減少・表情の暗化・口数減少・ミス増加などが「いつもと違う」サイン。,,,,,職場環境・配慮,第4章 / 部下のストレスサインを見逃さない,個々の労働者への配慮,
ichi-0244,表情が暗く、口数が減った。,○,積極的な挑戦は不調のサインではなく、むしろポジティブな変化。服装の乱れ・報連相の減少・表情の暗化・口数減少・ミス増加などが「いつもと違う」サイン。,,,,,職場環境・配慮,第4章 / 部下のストレスサインを見逃さない,個々の労働者への配慮,
ichi-0245,本人が望んでいるなら、長時間労働を黙認することも管理監督者の裁量の範囲内である。,×,長時間労働への対応は業務量・優先度の整理が基本。本人の意向にかかわらず健康管理上の観点から介入が必要。原因は個人の能力だけでなく業務設計・組織の問題も大きい。,,,,,職場環境・配慮,第4章 / 過重労働の防止と対処方法,個々の労働者への配慮,
ichi-0246,業務の優先順位を整理し、不必要な業務の削減や効率化について部下と話し合う。,○,長時間労働への対応は業務量・優先度の整理が基本。本人の意向にかかわらず健康管理上の観点から介入が必要。原因は個人の能力だけでなく業務設計・組織の問題も大きい。,,,,,職場環境・配慮,第4章 / 過重労働の防止と対処方法,個々の労働者への配慮,
ichi-0247,残業が多い部下は仕事熱心であるため、特に問題はない。,×,長時間労働への対応は業務量・優先度の整理が基本。本人の意向にかかわらず健康管理上の観点から介入が必要。原因は個人の能力だけでなく業務設計・組織の問題も大きい。,,,,,職場環境・配慮,第4章 / 過重労働の防止と対処方法,個々の労働者への配慮,
ichi-0248,長時間労働は本人の能力不足が原因であるため、研修受講を命じる。,×,長時間労働への対応は業務量・優先度の整理が基本。本人の意向にかかわらず健康管理上の観点から介入が必要。原因は個人の能力だけでなく業務設計・組織の問題も大きい。,,,,,職場環境・配慮,第4章 / 過重労働の防止と対処方法,個々の労働者への配慮,
ichi-0249,昇進は望ましい出来事であるため、ストレスにはなりえない。,×,昇進・異動・海外赴任など一見ポジティブな出来事もライフイベントとしてストレスとなる。昇進うつは管理職になった直後に発症しやすい。,,,,,職場環境・配慮,第4章 / 注意すべきストレス要因とその予防,個々の労働者への配慮,
ichi-0250,「昇進うつ」は、昇進後に責任の重さや環境の変化に適応できず発症することがある。,○,昇進・異動・海外赴任など一見ポジティブな出来事もライフイベントとしてストレスとなる。昇進うつは管理職になった直後に発症しやすい。,,,,,職場環境・配慮,第4章 / 注意すべきストレス要因とその予防,個々の労働者への配慮,
ichi-0251,異動によるストレスは、本人の適応能力の低さが唯一の原因である。,×,昇進・異動・海外赴任など一見ポジティブな出来事もライフイベントとしてストレスとなる。昇進うつは管理職になった直後に発症しやすい。,,,,,職場環境・配慮,第4章 / 注意すべきストレス要因とその予防,個々の労働者への配慮,
ichi-0252,海外赴任はストレス要因にはならない。,×,昇進・異動・海外赴任など一見ポジティブな出来事もライフイベントとしてストレスとなる。昇進うつは管理職になった直後に発症しやすい。,,,,,職場環境・配慮,第4章 / 注意すべきストレス要因とその予防,個々の労働者への配慮,
ichi-0253,産業医が取得した労働者の健康情報は、事業者が自由に利用できる。,×,健康情報は要配慮個人情報（個人情報保護法）として厳格な管理が求められる。第三者提供には本人同意が原則。病名等は必要最小限の範囲にとどめる。,,,,,職場環境・配慮,第4章 / 個人情報・プライバシーへの配慮,個々の労働者への配慮,
ichi-0254,健康情報は要配慮個人情報に該当し、取得・利用・第三者提供には原則として本人の同意が必要である。,○,健康情報は要配慮個人情報（個人情報保護法）として厳格な管理が求められる。第三者提供には本人同意が原則。病名等は必要最小限の範囲にとどめる。,,,,,職場環境・配慮,第4章 / 個人情報・プライバシーへの配慮,個々の労働者への配慮,
ichi-0255,職場復帰支援のために同僚全員に休職者の病名を共有することは、支援の観点から適切である。,×,健康情報は要配慮個人情報（個人情報保護法）として厳格な管理が求められる。第三者提供には本人同意が原則。病名等は必要最小限の範囲にとどめる。,,,,,職場環境・配慮,第4章 / 個人情報・プライバシーへの配慮,個々の労働者への配慮,
ichi-0256,メンタルヘルス不調に関する情報は通常の個人情報と同様に扱えばよい。,×,健康情報は要配慮個人情報（個人情報保護法）として厳格な管理が求められる。第三者提供には本人同意が原則。病名等は必要最小限の範囲にとどめる。,,,,,職場環境・配慮,第4章 / 個人情報・プライバシーへの配慮,個々の労働者への配慮,
ichi-0257,社会的支援はストレス反応を直接的に低減させる効果のみがある。,×,社会的支援はストレスの直接効果（主効果）と緩衝効果（バッファー効果）の両方がある。情緒的・情報的・評価的・道具的の4種類があり、ストレス緩和に寄与する。,,,,,職場環境・配慮,第4章 / 職場でできるサポート,個々の労働者への配慮,
ichi-0258,上司・同僚からのサポートは、ストレッサーの影響を緩和する緩衝効果があるとされる。,○,社会的支援はストレスの直接効果（主効果）と緩衝効果（バッファー効果）の両方がある。情緒的・情報的・評価的・道具的の4種類があり、ストレス緩和に寄与する。,,,,,職場環境・配慮,第4章 / 職場でできるサポート,個々の労働者への配慮,
ichi-0259,社会的支援は業務上の支援に限定され、精神的な支えは含まれない。,×,社会的支援はストレスの直接効果（主効果）と緩衝効果（バッファー効果）の両方がある。情緒的・情報的・評価的・道具的の4種類があり、ストレス緩和に寄与する。,,,,,職場環境・配慮,第4章 / 職場でできるサポート,個々の労働者への配慮,
ichi-0260,社会的支援が多いほど、労働者の業務パフォーマンスは必ず低下する。,×,社会的支援はストレスの直接効果（主効果）と緩衝効果（バッファー効果）の両方がある。情緒的・情報的・評価的・道具的の4種類があり、ストレス緩和に寄与する。,,,,,職場環境・配慮,第4章 / 職場でできるサポート,個々の労働者への配慮,
ichi-0261,相手の話を遮らず、最後まで聴く。,○,沈黙はクライエントが内省している大切な時間であり、急かしたり話題転換したりすることは傾聴の妨げになる。沈黙を「待つ」姿勢が重要。,,,,,相談・連携・復職,第5章 / 相談を受ける際の基本姿勢,労働者からの相談への対応（話の聴き方、情報提供および助言の方法等）,
ichi-0262,相手の言葉を繰り返したり、言い換えて確認する。,○,沈黙はクライエントが内省している大切な時間であり、急かしたり話題転換したりすることは傾聴の妨げになる。沈黙を「待つ」姿勢が重要。,,,,,相談・連携・復職,第5章 / 相談を受ける際の基本姿勢,労働者からの相談への対応（話の聴き方、情報提供および助言の方法等）,
ichi-0263,相手が沈黙した場合、すぐに別の話題に切り替える。,×,沈黙はクライエントが内省している大切な時間であり、急かしたり話題転換したりすることは傾聴の妨げになる。沈黙を「待つ」姿勢が重要。,,,,,相談・連携・復職,第5章 / 相談を受ける際の基本姿勢,労働者からの相談への対応（話の聴き方、情報提供および助言の方法等）,
ichi-0264,相手の感情に共感し、受容的な態度を示す。,○,沈黙はクライエントが内省している大切な時間であり、急かしたり話題転換したりすることは傾聴の妨げになる。沈黙を「待つ」姿勢が重要。,,,,,相談・連携・復職,第5章 / 相談を受ける際の基本姿勢,労働者からの相談への対応（話の聴き方、情報提供および助言の方法等）,
ichi-0265,うつ病の初期症状は常に気分の落ち込みとして現れるため、発見は容易である。,×,うつ病は身体症状として現れることも多く（仮面うつ病）、本人も気づきにくい。管理監督者による日常観察が早期発見に重要な役割を果たす。,,,,,相談・連携・復職,第5章 / 不調の早期発見と見えにくさへの理解,労働者からの相談への対応（話の聴き方、情報提供および助言の方法等）,
ichi-0266,身体症状（頭痛・胃腸不調・不眠等）として現れる場合もあり、内科受診を繰り返すケースもある。,○,うつ病は身体症状として現れることも多く（仮面うつ病）、本人も気づきにくい。管理監督者による日常観察が早期発見に重要な役割を果たす。,,,,,相談・連携・復職,第5章 / 不調の早期発見と見えにくさへの理解,労働者からの相談への対応（話の聴き方、情報提供および助言の方法等）,
ichi-0267,うつ病患者は自分の不調を過大に訴える傾向があるため、訴えを割り引いて聞くべきである。,×,うつ病は身体症状として現れることも多く（仮面うつ病）、本人も気づきにくい。管理監督者による日常観察が早期発見に重要な役割を果たす。,,,,,相談・連携・復職,第5章 / 不調の早期発見と見えにくさへの理解,労働者からの相談への対応（話の聴き方、情報提供および助言の方法等）,
ichi-0268,早期発見には定期的な精神科受診が最も有効であり、管理監督者の観察は補助的なものにすぎない。,×,うつ病は身体症状として現れることも多く（仮面うつ病）、本人も気づきにくい。管理監督者による日常観察が早期発見に重要な役割を果たす。,,,,,相談・連携・復職,第5章 / 不調の早期発見と見えにくさへの理解,労働者からの相談への対応（話の聴き方、情報提供および助言の方法等）,
ichi-0269,「自殺したいか」と直接聞くと、自殺を促すことになるので絶対に避けるべきである。,×,自殺念慮について直接聞くことが自殺を誘発するという根拠はない。むしろ話を聴いてもらえる安心感につながる。確認後は一人にせず、速やかに専門家につなぐ。,,,,,相談・連携・復職,第5章 / 危機対応,労働者からの相談への対応（話の聴き方、情報提供および助言の方法等）,
ichi-0270,「死にたい」という訴えは気を引くための言動であることが多いため、深刻に捉えなくてよい。,×,自殺念慮について直接聞くことが自殺を誘発するという根拠はない。むしろ話を聴いてもらえる安心感につながる。確認後は一人にせず、速やかに専門家につなぐ。,,,,,相談・連携・復職,第5章 / 危機対応,労働者からの相談への対応（話の聴き方、情報提供および助言の方法等）,
ichi-0271,自殺念慮について直接確認することは、むしろ気持ちを受け止めるきっかけになりうる。,○,自殺念慮について直接聞くことが自殺を誘発するという根拠はない。むしろ話を聴いてもらえる安心感につながる。確認後は一人にせず、速やかに専門家につなぐ。,,,,,相談・連携・復職,第5章 / 危機対応,労働者からの相談への対応（話の聴き方、情報提供および助言の方法等）,
ichi-0272,自殺念慮が確認された場合、本人の秘密を守るため産業医には報告しない。,×,自殺念慮について直接聞くことが自殺を誘発するという根拠はない。むしろ話を聴いてもらえる安心感につながる。確認後は一人にせず、速やかに専門家につなぐ。,,,,,相談・連携・復職,第5章 / 危機対応,労働者からの相談への対応（話の聴き方、情報提供および助言の方法等）,
ichi-0273,相手の言葉を機械的に繰り返すことで、相手が話しにくくなる効果がある。,×,繰り返しはキーワードや感情を反映する技法で、傾聴姿勢の表現と話の促進に有効。評価や解釈は加えず、相手の言葉をそのまま返すのが基本。,,,,,相談・連携・復職,第5章 / 不調が疑われる部下への傾聴の仕方,労働者からの相談への対応（話の聴き方、情報提供および助言の方法等）,
ichi-0274,相手の言葉のキーワードを繰り返すことで、「聴いている」ことを伝え、話を促す効果がある。,○,繰り返しはキーワードや感情を反映する技法で、傾聴姿勢の表現と話の促進に有効。評価や解釈は加えず、相手の言葉をそのまま返すのが基本。,,,,,相談・連携・復職,第5章 / 不調が疑われる部下への傾聴の仕方,労働者からの相談への対応（話の聴き方、情報提供および助言の方法等）,
ichi-0275,繰り返しは話の流れを止めるため、できるだけ避けるべきである。,×,繰り返しはキーワードや感情を反映する技法で、傾聴姿勢の表現と話の促進に有効。評価や解釈は加えず、相手の言葉をそのまま返すのが基本。,,,,,相談・連携・復職,第5章 / 不調が疑われる部下への傾聴の仕方,労働者からの相談への対応（話の聴き方、情報提供および助言の方法等）,
ichi-0276,繰り返しは相手の話の内容を評価・解釈して伝え直す技法である。,×,繰り返しはキーワードや感情を反映する技法で、傾聴姿勢の表現と話の促進に有効。評価や解釈は加えず、相手の言葉をそのまま返すのが基本。,,,,,相談・連携・復職,第5章 / 不調が疑われる部下への傾聴の仕方,労働者からの相談への対応（話の聴き方、情報提供および助言の方法等）,
ichi-0277,受診先は管理監督者が一方的に指定し、本人には選択の余地を与えない。,×,受診勧奨は本人の不安に寄り添い、情報提供しながら丁寧に行う。拒否されても関係を続け、タイミングを見て再度勧める。受診後も職場での見守りを継続する。,,,,,相談・連携・復職,第5章 / 専門家・医療機関への橋渡し,労働者からの相談への対応（話の聴き方、情報提供および助言の方法等）,
ichi-0278,受診を勧めても拒否された場合、それ以上関わることはせず本人に任せる。,×,受診勧奨は本人の不安に寄り添い、情報提供しながら丁寧に行う。拒否されても関係を続け、タイミングを見て再度勧める。受診後も職場での見守りを継続する。,,,,,相談・連携・復職,第5章 / 専門家・医療機関への橋渡し,労働者からの相談への対応（話の聴き方、情報提供および助言の方法等）,
ichi-0279,受診に際して、本人が不安を感じているようであれば、受診の目的や医療機関の特徴を丁寧に説明する。,○,受診勧奨は本人の不安に寄り添い、情報提供しながら丁寧に行う。拒否されても関係を続け、タイミングを見て再度勧める。受診後も職場での見守りを継続する。,,,,,相談・連携・復職,第5章 / 専門家・医療機関への橋渡し,労働者からの相談への対応（話の聴き方、情報提供および助言の方法等）,
ichi-0280,受診後は主治医に任せるべきであり、管理監督者がフォローする必要はない。,×,受診勧奨は本人の不安に寄り添い、情報提供しながら丁寧に行う。拒否されても関係を続け、タイミングを見て再度勧める。受診後も職場での見守りを継続する。,,,,,相談・連携・復職,第5章 / 専門家・医療機関への橋渡し,労働者からの相談への対応（話の聴き方、情報提供および助言の方法等）,
ichi-0281,衛生管理者は常時10人以上の労働者を使用する事業場に選任が義務づけられている。,×,衛生管理者の選任義務は常時50人以上の事業場。健康障害防止・健康保持増進の措置実施が役割でメンタルヘルスも含む。規模に応じて専属・兼任の扱いが異なる。,,,,,相談・連携・復職,第6章 / 社内のサポート資源（産業保健スタッフ等）,社内外資源との連携,
ichi-0282,衛生管理者は労働者の健康障害防止や健康保持増進のための措置を実施する役割を担う。,○,衛生管理者の選任義務は常時50人以上の事業場。健康障害防止・健康保持増進の措置実施が役割でメンタルヘルスも含む。規模に応じて専属・兼任の扱いが異なる。,,,,,相談・連携・復職,第6章 / 社内のサポート資源（産業保健スタッフ等）,社内外資源との連携,
ichi-0283,衛生管理者はすべて専属でなければならず、兼任は認められない。,×,衛生管理者の選任義務は常時50人以上の事業場。健康障害防止・健康保持増進の措置実施が役割でメンタルヘルスも含む。規模に応じて専属・兼任の扱いが異なる。,,,,,相談・連携・復職,第6章 / 社内のサポート資源（産業保健スタッフ等）,社内外資源との連携,
ichi-0284,衛生管理者の業務は身体疾患の管理のみであり、メンタルヘルスは担当しない。,×,衛生管理者の選任義務は常時50人以上の事業場。健康障害防止・健康保持増進の措置実施が役割でメンタルヘルスも含む。規模に応じて専属・兼任の扱いが異なる。,,,,,相談・連携・復職,第6章 / 社内のサポート資源（産業保健スタッフ等）,社内外資源との連携,
ichi-0285,EAPは経営者・管理職のみを対象としたサービスである。,×,外部EAPは匿名性が高く、社内に知られたくない労働者が利用しやすい。内部EAPは社内スタッフが提供するもの。EAPは予防・早期発見・問題対処・復職支援まで幅広く対応。,,,,,相談・連携・復職,第6章 / 社外のサポート資源,社内外資源との連携,
ichi-0286,内部EAPとは、事業場外の専門機関が提供するサービスを指す。,×,外部EAPは匿名性が高く、社内に知られたくない労働者が利用しやすい。内部EAPは社内スタッフが提供するもの。EAPは予防・早期発見・問題対処・復職支援まで幅広く対応。,,,,,相談・連携・復職,第6章 / 社外のサポート資源,社内外資源との連携,
ichi-0287,外部EAPを利用することで、社内の産業保健スタッフに相談しにくい労働者が支援を受けやすくなる利点がある。,○,外部EAPは匿名性が高く、社内に知られたくない労働者が利用しやすい。内部EAPは社内スタッフが提供するもの。EAPは予防・早期発見・問題対処・復職支援まで幅広く対応。,,,,,相談・連携・復職,第6章 / 社外のサポート資源,社内外資源との連携,
ichi-0288,EAPは問題発生後の対処のみを目的としており、予防的な活用はできない。,×,外部EAPは匿名性が高く、社内に知られたくない労働者が利用しやすい。内部EAPは社内スタッフが提供するもの。EAPは予防・早期発見・問題対処・復職支援まで幅広く対応。,,,,,相談・連携・復職,第6章 / 社外のサポート資源,社内外資源との連携,
ichi-0289,心療内科は主に心理的要因による身体症状（心身症）を専門とし、精神科は精神疾患全般を扱う。,○,心療内科は心身症（心理的要因の身体症状）が専門、精神科は精神疾患全般。実際にはうつ病等を心療内科で診るケースも多く、両科の境界は曖昧になっている。,,,,,相談・連携・復職,第6章 / 医療機関の種類と適切な選び方,社内外資源との連携,
ichi-0290,うつ病は身体疾患であるため、心療内科ではなく内科を受診すべきである。,×,心療内科は心身症（心理的要因の身体症状）が専門、精神科は精神疾患全般。実際にはうつ病等を心療内科で診るケースも多く、両科の境界は曖昧になっている。,,,,,相談・連携・復職,第6章 / 医療機関の種類と適切な選び方,社内外資源との連携,
ichi-0291,精神科は入院治療のみを行い、外来診療は心療内科が担当する。,×,心療内科は心身症（心理的要因の身体症状）が専門、精神科は精神疾患全般。実際にはうつ病等を心療内科で診るケースも多く、両科の境界は曖昧になっている。,,,,,相談・連携・復職,第6章 / 医療機関の種類と適切な選び方,社内外資源との連携,
ichi-0292,心療内科と精神科はまったく異なる疾患を扱うため、受診先を間違えると治療が受けられない。,×,心療内科は心身症（心理的要因の身体症状）が専門、精神科は精神疾患全般。実際にはうつ病等を心療内科で診るケースも多く、両科の境界は曖昧になっている。,,,,,相談・連携・復職,第6章 / 医療機関の種類と適切な選び方,社内外資源との連携,
ichi-0293,試し出勤中は正式な復職とみなされるため、給与を全額支払う義務がある。,×,試し出勤はリハビリ出勤とも呼ばれ、回復状況の確認に有効。ただし法的義務ではなく、労働契約・賃金・安全衛生上の位置づけを事前に整理しておくことが重要。,,,,,相談・連携・復職,第7章 / 心の健康問題で休業した労働者の職場復帰支援,心の健康問題をもつ復職者への支援の方法,
ichi-0294,試し出勤は労働者の回復状況を確認する機会となるが、実施にあたっては制度の位置づけを明確にすることが重要である。,○,試し出勤はリハビリ出勤とも呼ばれ、回復状況の確認に有効。ただし法的義務ではなく、労働契約・賃金・安全衛生上の位置づけを事前に整理しておくことが重要。,,,,,相談・連携・復職,第7章 / 心の健康問題で休業した労働者の職場復帰支援,心の健康問題をもつ復職者への支援の方法,
ichi-0295,試し出勤制度は法律で義務づけられており、すべての事業場で導入しなければならない。,×,試し出勤はリハビリ出勤とも呼ばれ、回復状況の確認に有効。ただし法的義務ではなく、労働契約・賃金・安全衛生上の位置づけを事前に整理しておくことが重要。,,,,,相談・連携・復職,第7章 / 心の健康問題で休業した労働者の職場復帰支援,心の健康問題をもつ復職者への支援の方法,
ichi-0296,試し出勤の期間は最長1週間と定められている。,×,試し出勤はリハビリ出勤とも呼ばれ、回復状況の確認に有効。ただし法的義務ではなく、労働契約・賃金・安全衛生上の位置づけを事前に整理しておくことが重要。,,,,,相談・連携・復職,第7章 / 心の健康問題で休業した労働者の職場復帰支援,心の健康問題をもつ復職者への支援の方法,
ichi-0297,復職後1か月間は問題がなければ、その後のフォローアップは不要である。,×,フォローアップは復職後も継続し、再燃・再発の早期発見に努める。状況に応じてプランを柔軟に修正する。業務負荷は段階的に増やすことが原則。,,,,,相談・連携・復職,第7章 / 職場復帰支援で気をつけること,心の健康問題をもつ復職者への支援の方法,
ichi-0298,再発のサインに早期に気づくため、定期的な面談と体調・業務状況の確認を継続することが重要である。,○,フォローアップは復職後も継続し、再燃・再発の早期発見に努める。状況に応じてプランを柔軟に修正する。業務負荷は段階的に増やすことが原則。,,,,,相談・連携・復職,第7章 / 職場復帰支援で気をつけること,心の健康問題をもつ復職者への支援の方法,
ichi-0299,職場復帰支援プランは一度作成したら変更せず、計画通りに実施することが原則である。,×,フォローアップは復職後も継続し、再燃・再発の早期発見に努める。状況に応じてプランを柔軟に修正する。業務負荷は段階的に増やすことが原則。,,,,,相談・連携・復職,第7章 / 職場復帰支援で気をつけること,心の健康問題をもつ復職者への支援の方法,
ichi-0300,復職後の業務量は最初から元の水準に戻すことが、早期の職場適応を促す。,×,フォローアップは復職後も継続し、再燃・再発の早期発見に努める。状況に応じてプランを柔軟に修正する。業務負荷は段階的に増やすことが原則。,,,,,相談・連携・復職,第7章 / 職場復帰支援で気をつけること,心の健康問題をもつ復職者への支援の方法,
ichi-0301,復職支援のためならば、本人の同意なしに主治医から病状を聴取できる。,×,復職支援情報は要配慮個人情報。必要最小限の関係者間での共有にとどめ、本人同意のもとで関係機関と連携する。全員公開・同意なしの情報共有は不適切。,,,,,相談・連携・復職,第7章 / 職場復帰の流れ：ステップ４・５とプライバシー保護,心の健康問題をもつ復職者への支援の方法,
ichi-0302,休職・復職に関する情報は、支援に関わる必要最小限の関係者の間で、慎重に共有することが求められる。,○,復職支援情報は要配慮個人情報。必要最小限の関係者間での共有にとどめ、本人同意のもとで関係機関と連携する。全員公開・同意なしの情報共有は不適切。,,,,,相談・連携・復職,第7章 / 職場復帰の流れ：ステップ４・５とプライバシー保護,心の健康問題をもつ復職者への支援の方法,
ichi-0303,職場復帰支援プランの内容は、チームの士気向上のため職場全員に公開すべきである。,×,復職支援情報は要配慮個人情報。必要最小限の関係者間での共有にとどめ、本人同意のもとで関係機関と連携する。全員公開・同意なしの情報共有は不適切。,,,,,相談・連携・復職,第7章 / 職場復帰の流れ：ステップ４・５とプライバシー保護,心の健康問題をもつ復職者への支援の方法,
ichi-0304,産業医と主治医の連携には、本人の同意は不要である。,×,復職支援情報は要配慮個人情報。必要最小限の関係者間での共有にとどめ、本人同意のもとで関係機関と連携する。全員公開・同意なしの情報共有は不適切。,,,,,相談・連携・復職,第7章 / 職場復帰の流れ：ステップ４・５とプライバシー保護,心の健康問題をもつ復職者への支援の方法,
ichi-0305,治療中の労働者には一律に軽減業務のみを与え、通常業務に関与させないことが原則である。,×,両立支援は本人・主治医・産業医・人事・管理監督者が連携して個別対応する。通院配慮・時間単位休暇等の柔軟な対応が求められ、管理監督者の理解と協力が不可欠。,,,,,相談・連携・復職,第7章 / 治療しながら働き続けるための支援,心の健康問題をもつ復職者への支援の方法,
ichi-0306,本人の意向や主治医・産業医の意見を踏まえながら、就業上の配慮を個別に検討することが重要である。,○,両立支援は本人・主治医・産業医・人事・管理監督者が連携して個別対応する。通院配慮・時間単位休暇等の柔軟な対応が求められ、管理監督者の理解と協力が不可欠。,,,,,相談・連携・復職,第7章 / 治療しながら働き続けるための支援,心の健康問題をもつ復職者への支援の方法,
ichi-0307,両立支援は人事部門の業務であり、現場の管理監督者が関与する必要はない。,×,両立支援は本人・主治医・産業医・人事・管理監督者が連携して個別対応する。通院配慮・時間単位休暇等の柔軟な対応が求められ、管理監督者の理解と協力が不可欠。,,,,,相談・連携・復職,第7章 / 治療しながら働き続けるための支援,心の健康問題をもつ復職者への支援の方法,
ichi-0308,治療のための通院や体調不良による遅刻・早退は、就業規則違反として厳しく対処すべきである。,×,両立支援は本人・主治医・産業医・人事・管理監督者が連携して個別対応する。通院配慮・時間単位休暇等の柔軟な対応が求められ、管理監督者の理解と協力が不可欠。,,,,,相談・連携・復職,第7章 / 治療しながら働き続けるための支援,心の健康問題をもつ復職者への支援の方法,
ichi-0309,部下の不調を早期に発見し、自ら治療的介入を行うことが管理監督者の責務である。,×,ラインケアの核心は日常観察による早期気づきと専門家への橋渡し。管理監督者は治療者ではなく、気づいてつなぐ役割を担う。,,,,,基礎・役割,第1章 / ラインケアの進め方と重要性,メンタルヘルスケアの意義と管理監督者の役割,
ichi-0310,問題が顕在化するまで静観し、本人から相談があってから対応する。,×,ラインケアの核心は日常観察による早期気づきと専門家への橋渡し。管理監督者は治療者ではなく、気づいてつなぐ役割を担う。,,,,,基礎・役割,第1章 / ラインケアの進め方と重要性,メンタルヘルスケアの意義と管理監督者の役割,
ichi-0311,日常的なコミュニケーションを通じて部下の変化に気づき、必要に応じて専門家につなぐ。,○,ラインケアの核心は日常観察による早期気づきと専門家への橋渡し。管理監督者は治療者ではなく、気づいてつなぐ役割を担う。,,,,,基礎・役割,第1章 / ラインケアの進め方と重要性,メンタルヘルスケアの意義と管理監督者の役割,
ichi-0312,メンタルヘルス対策は産業医の専権事項であり、管理監督者は関与しない。,×,ラインケアの核心は日常観察による早期気づきと専門家への橋渡し。管理監督者は治療者ではなく、気づいてつなぐ役割を担う。,,,,,基礎・役割,第1章 / ラインケアの進め方と重要性,メンタルヘルスケアの意義と管理監督者の役割,
ichi-0313,この指針は厚生労働省が策定したものであり、事業場でのメンタルヘルスケア推進の基本的な考え方を示している。,○,「労働者の心の健康の保持増進のための指針」は厚生労働省が2006年策定（その後改正）。4つのケア・職場環境改善・個別支援・体制整備の枠組みを示している。,,,,,基礎・役割,第1章 / メンタルヘルスケアの考え方と進め方,メンタルヘルスケアの意義と管理監督者の役割,
ichi-0314,この指針は大企業のみに適用され、中小企業は対象外である。,×,「労働者の心の健康の保持増進のための指針」は厚生労働省が2006年策定（その後改正）。4つのケア・職場環境改善・個別支援・体制整備の枠組みを示している。,,,,,基礎・役割,第1章 / メンタルヘルスケアの考え方と進め方,メンタルヘルスケアの意義と管理監督者の役割,
ichi-0315,この指針ではセルフケアとラインによるケアの2つのケアのみを推奨している。,×,「労働者の心の健康の保持増進のための指針」は厚生労働省が2006年策定（その後改正）。4つのケア・職場環境改善・個別支援・体制整備の枠組みを示している。,,,,,基礎・役割,第1章 / メンタルヘルスケアの考え方と進め方,メンタルヘルスケアの意義と管理監督者の役割,
ichi-0316,この指針の内容は任意であり、遵守義務は一切ない。,×,「労働者の心の健康の保持増進のための指針」は厚生労働省が2006年策定（その後改正）。4つのケア・職場環境改善・個別支援・体制整備の枠組みを示している。,,,,,基礎・役割,第1章 / メンタルヘルスケアの考え方と進め方,メンタルヘルスケアの意義と管理監督者の役割,
ichi-0317,面接指導の対象は月100時間超の時間外労働者のみであり、80時間超では対象とならない。,×,一般の労働者については、月80時間超の時間外・休日労働を行い疲労の蓄積が認められる者が申し出た場合に、医師による面接指導が義務となる。月100時間超で申出不要の面接指導が義務となるのは、研究開発業務従事者や高度プロフェッショナル制度適用者など特定の場合であり、通常の労働者に一律に当てはまるわけではない。医師は面接指導結果を踏まえ、就業上の措置について事業者に意見を述べる。費用は事業者負担となる。,,,,,基礎・役割,第1章 / メンタル不調と労働災害・過重労働防止,メンタルヘルスケアの意義と管理監督者の役割,
ichi-0318,面接指導を実施した医師は、就業上の措置について事業者に意見を述べることができる。,○,一般の労働者については、月80時間超の時間外・休日労働を行い疲労の蓄積が認められる者が申し出た場合に、医師による面接指導が義務となる。月100時間超で申出不要の面接指導が義務となるのは、研究開発業務従事者や高度プロフェッショナル制度適用者など特定の場合であり、通常の労働者に一律に当てはまるわけではない。医師は面接指導結果を踏まえ、就業上の措置について事業者に意見を述べる。費用は事業者負担となる。,,,,,基礎・役割,第1章 / メンタル不調と労働災害・過重労働防止,メンタルヘルスケアの意義と管理監督者の役割,
ichi-0319,面接指導は労働者本人が費用を負担して受けるものである。,×,一般の労働者については、月80時間超の時間外・休日労働を行い疲労の蓄積が認められる者が申し出た場合に、医師による面接指導が義務となる。月100時間超で申出不要の面接指導が義務となるのは、研究開発業務従事者や高度プロフェッショナル制度適用者など特定の場合であり、通常の労働者に一律に当てはまるわけではない。医師は面接指導結果を踏まえ、就業上の措置について事業者に意見を述べる。費用は事業者負担となる。,,,,,基礎・役割,第1章 / メンタル不調と労働災害・過重労働防止,メンタルヘルスケアの意義と管理監督者の役割,
ichi-0320,面接指導の結果は本人のみに通知され、事業者には伝えられない。,×,一般の労働者については、月80時間超の時間外・休日労働を行い疲労の蓄積が認められる者が申し出た場合に、医師による面接指導が義務となる。月100時間超で申出不要の面接指導が義務となるのは、研究開発業務従事者や高度プロフェッショナル制度適用者など特定の場合であり、通常の労働者に一律に当てはまるわけではない。医師は面接指導結果を踏まえ、就業上の措置について事業者に意見を述べる。費用は事業者負担となる。,,,,,基礎・役割,第1章 / メンタル不調と労働災害・過重労働防止,メンタルヘルスケアの意義と管理監督者の役割,
ichi-0321,ストレスチェックの結果を理由とした解雇・降格・減給などの不利益取り扱いは禁止されている。,○,ストレスチェック結果を理由とした不利益取り扱いは禁止（労働安全衛生法）。面接指導は本人の申し出が必要で強制はできない。結果は実施者（医師等）から直接本人へ通知。,,,,,基礎・役割,第1章 / ストレスチェック制度の概要,メンタルヘルスケアの意義と管理監督者の役割,
ichi-0322,高ストレス判定者は、事業者の命令により強制的に医師の面接指導を受けなければならない。,×,ストレスチェック結果を理由とした不利益取り扱いは禁止（労働安全衛生法）。面接指導は本人の申し出が必要で強制はできない。結果は実施者（医師等）から直接本人へ通知。,,,,,基礎・役割,第1章 / ストレスチェック制度の概要,メンタルヘルスケアの意義と管理監督者の役割,
ichi-0323,ストレスチェックの結果は事業者が直接確認し、人事評価に活用することができる。,×,ストレスチェック結果を理由とした不利益取り扱いは禁止（労働安全衛生法）。面接指導は本人の申し出が必要で強制はできない。結果は実施者（医師等）から直接本人へ通知。,,,,,基礎・役割,第1章 / ストレスチェック制度の概要,メンタルヘルスケアの意義と管理監督者の役割,
ichi-0324,ストレスチェックを受検しない労働者に対して罰則を科すことができる。,×,ストレスチェック結果を理由とした不利益取り扱いは禁止（労働安全衛生法）。面接指導は本人の申し出が必要で強制はできない。結果は実施者（医師等）から直接本人へ通知。,,,,,基礎・役割,第1章 / ストレスチェック制度の概要,メンタルヘルスケアの意義と管理監督者の役割,
ichi-0325,コルチゾールは副腎皮質から分泌されるストレスホルモンであり、長期的なストレス応答に関与する。,○,コルチゾールは副腎皮質ホルモン（ステロイド）で慢性ストレスに関与・免疫抑制作用あり。アドレナリンは副腎髄質ホルモンで急性ストレス応答（交感神経活性化）に関与。,,,,,基礎・役割,第2章 / ストレスの基本概念と健康障害のしくみ,ストレスおよびメンタルヘルスに関する基礎知識,
ichi-0326,アドレナリンは副腎皮質から分泌され、慢性ストレスの指標として用いられる。,×,コルチゾールは副腎皮質ホルモン（ステロイド）で慢性ストレスに関与・免疫抑制作用あり。アドレナリンは副腎髄質ホルモンで急性ストレス応答（交感神経活性化）に関与。,,,,,基礎・役割,第2章 / ストレスの基本概念と健康障害のしくみ,ストレスおよびメンタルヘルスに関する基礎知識,
ichi-0327,コルチゾールが慢性的に高値となっても、免疫機能には影響しない。,×,コルチゾールは副腎皮質ホルモン（ステロイド）で慢性ストレスに関与・免疫抑制作用あり。アドレナリンは副腎髄質ホルモンで急性ストレス応答（交感神経活性化）に関与。,,,,,基礎・役割,第2章 / ストレスの基本概念と健康障害のしくみ,ストレスおよびメンタルヘルスに関する基礎知識,
ichi-0328,アドレナリンとコルチゾールはどちらも副交感神経系の活性化により分泌される。,×,コルチゾールは副腎皮質ホルモン（ステロイド）で慢性ストレスに関与・免疫抑制作用あり。アドレナリンは副腎髄質ホルモンで急性ストレス応答（交感神経活性化）に関与。,,,,,基礎・役割,第2章 / ストレスの基本概念と健康障害のしくみ,ストレスおよびメンタルヘルスに関する基礎知識,
ichi-0329,パニック発作は生命の危険がある重篤な身体疾患であるため、救急受診が必要である。,×,パニック障害はパニック発作の繰り返しと予期不安が特徴。発作自体は生命の危険はないが本人は死の恐怖を感じる。薬物療法（SSRI等）と認知行動療法が有効。,,,,,基礎・役割,第2章 / メンタルヘルス不調とは何か,ストレスおよびメンタルヘルスに関する基礎知識,
ichi-0330,パニック障害では突然起こる強い恐怖感・動悸・息切れ等のパニック発作を繰り返す。,○,パニック障害はパニック発作の繰り返しと予期不安が特徴。発作自体は生命の危険はないが本人は死の恐怖を感じる。薬物療法（SSRI等）と認知行動療法が有効。,,,,,基礎・役割,第2章 / メンタルヘルス不調とは何か,ストレスおよびメンタルヘルスに関する基礎知識,
ichi-0331,パニック障害の治療には薬物療法は有効でなく、休養のみが治療法である。,×,パニック障害はパニック発作の繰り返しと予期不安が特徴。発作自体は生命の危険はないが本人は死の恐怖を感じる。薬物療法（SSRI等）と認知行動療法が有効。,,,,,基礎・役割,第2章 / メンタルヘルス不調とは何か,ストレスおよびメンタルヘルスに関する基礎知識,
ichi-0332,パニック障害は予期不安が生じることはなく、発作時のみに症状が限定される。,×,パニック障害はパニック発作の繰り返しと予期不安が特徴。発作自体は生命の危険はないが本人は死の恐怖を感じる。薬物療法（SSRI等）と認知行動療法が有効。,,,,,基礎・役割,第2章 / メンタルヘルス不調とは何か,ストレスおよびメンタルヘルスに関する基礎知識,
ichi-0333,指示は長文のメールで詳細に伝え、本人が理解できるまで繰り返し送る。,×,ADHDへの合理的配慮として：指示は短く明確に・一つずつ・口頭と書面の併用・優先順位の明示・チェックリスト活用などが有効。本人の意欲・能力を活かすアプローチが重要。,,,,,基礎・役割,第2章 / 発達障害・心身症と正しい向き合い方,ストレスおよびメンタルヘルスに関する基礎知識,
ichi-0334,作業の優先順位を明確にし、一度に複数の指示をするのではなく、一つずつ伝える。,○,ADHDへの合理的配慮として：指示は短く明確に・一つずつ・口頭と書面の併用・優先順位の明示・チェックリスト活用などが有効。本人の意欲・能力を活かすアプローチが重要。,,,,,基礎・役割,第2章 / 発達障害・心身症と正しい向き合い方,ストレスおよびメンタルヘルスに関する基礎知識,
ichi-0335,ミスが多いため、重要業務から完全に外し、単純作業のみを担当させる。,×,ADHDへの合理的配慮として：指示は短く明確に・一つずつ・口頭と書面の併用・優先順位の明示・チェックリスト活用などが有効。本人の意欲・能力を活かすアプローチが重要。,,,,,基礎・役割,第2章 / 発達障害・心身症と正しい向き合い方,ストレスおよびメンタルヘルスに関する基礎知識,
ichi-0336,本人の努力が足りないため、厳しく指導することが改善につながる。,×,ADHDへの合理的配慮として：指示は短く明確に・一つずつ・口頭と書面の併用・優先順位の明示・チェックリスト活用などが有効。本人の意欲・能力を活かすアプローチが重要。,,,,,基礎・役割,第2章 / 発達障害・心身症と正しい向き合い方,ストレスおよびメンタルヘルスに関する基礎知識,
ichi-0337,分析結果を経営陣のみで検討し、労働者には結果を開示しない。,×,集団分析→結果フィードバック→職場での話し合い（参加型アプローチ）→改善計画立案→実施→評価のサイクルが重要。労働者参加による改善が効果的。,,,,,職場環境・配慮,第3章 / ストレスの評価方法,職場環境等の評価および改善の方法,
ichi-0338,高ストレスを示した集団を特定し、職場での話し合い（参加型改善）を通じて改善策を検討する。,○,集団分析→結果フィードバック→職場での話し合い（参加型アプローチ）→改善計画立案→実施→評価のサイクルが重要。労働者参加による改善が効果的。,,,,,職場環境・配慮,第3章 / ストレスの評価方法,職場環境等の評価および改善の方法,
ichi-0339,分析結果は保管するだけでよく、具体的な改善策への落とし込みは不要である。,×,集団分析→結果フィードバック→職場での話し合い（参加型アプローチ）→改善計画立案→実施→評価のサイクルが重要。労働者参加による改善が効果的。,,,,,職場環境・配慮,第3章 / ストレスの評価方法,職場環境等の評価および改善の方法,
ichi-0340,集団分析で問題が見つかった場合、当該部署の管理監督者を交代させることが最優先である。,×,集団分析→結果フィードバック→職場での話し合い（参加型アプローチ）→改善計画立案→実施→評価のサイクルが重要。労働者参加による改善が効果的。,,,,,職場環境・配慮,第3章 / ストレスの評価方法,職場環境等の評価および改善の方法,
ichi-0341,職場のストレス状況を把握するため、ストレスチェックや面談を実施することは、職場環境改善におけるPDCAサイクルのC（Check）に該当する活動である。,×,PDCA：P＝計画（改善策立案）、D＝実施、C＝評価・検証、A＝見直し・改善。Cは実施後の効果測定で、次のAにつなげる重要なステップ。,,,,,職場環境・配慮,第3章 / 改善策の効果を評価する,職場環境等の評価および改善の方法,
ichi-0342,ストレス要因の低減策や支援体制の整備計画を策定することは、職場環境改善におけるPDCAサイクルのC（Check）に該当する活動である。,×,PDCA：P＝計画（改善策立案）、D＝実施、C＝評価・検証、A＝見直し・改善。Cは実施後の効果測定で、次のAにつなげる重要なステップ。,,,,,職場環境・配慮,第3章 / 改善策の効果を評価する,職場環境等の評価および改善の方法,
ichi-0343,改善策を実際に職場で実施することは、職場環境改善におけるPDCAサイクルのC（Check）に該当する活動である。,×,PDCA：P＝計画（改善策立案）、D＝実施、C＝評価・検証、A＝見直し・改善。Cは実施後の効果測定で、次のAにつなげる重要なステップ。,,,,,職場環境・配慮,第3章 / 改善策の効果を評価する,職場環境等の評価および改善の方法,
ichi-0344,実施した改善策の効果を、指標を用いて検証・評価することは、職場環境改善におけるPDCAサイクルのC（Check）に該当する活動である。,○,PDCA：P＝計画（改善策立案）、D＝実施、C＝評価・検証、A＝見直し・改善。Cは実施後の効果測定で、次のAにつなげる重要なステップ。,,,,,職場環境・配慮,第3章 / 改善策の効果を評価する,職場環境等の評価および改善の方法,
ichi-0345,繁忙期に仕事量が増え、一時的に残業が増えた。,×,複数のサインが重なる場合（遅刻増加＋ミス増加＋顔色悪化）は特に注意が必要。単一の変化よりも複数の変化の組み合わせで判断することが重要。,,,,,職場環境・配慮,第4章 / 部下のストレスサインを見逃さない,個々の労働者への配慮,
ichi-0346,先月から遅刻・欠勤が増え、仕事のミスも目立つようになり、顔色が悪い。,○,複数のサインが重なる場合（遅刻増加＋ミス増加＋顔色悪化）は特に注意が必要。単一の変化よりも複数の変化の組み合わせで判断することが重要。,,,,,職場環境・配慮,第4章 / 部下のストレスサインを見逃さない,個々の労働者への配慮,
ichi-0347,新しいプロジェクトへの参加を積極的に希望するようになった。,×,複数のサインが重なる場合（遅刻増加＋ミス増加＋顔色悪化）は特に注意が必要。単一の変化よりも複数の変化の組み合わせで判断することが重要。,,,,,職場環境・配慮,第4章 / 部下のストレスサインを見逃さない,個々の労働者への配慮,
ichi-0348,チームの懇親会に積極的に参加し、以前より会話が増えた。,×,複数のサインが重なる場合（遅刻増加＋ミス増加＋顔色悪化）は特に注意が必要。単一の変化よりも複数の変化の組み合わせで判断することが重要。,,,,,職場環境・配慮,第4章 / 部下のストレスサインを見逃さない,個々の労働者への配慮,
ichi-0349,管理監督者としての立場上、ストレスを感じていることを他者に明かすべきではない。,×,管理監督者も一労働者であり、自己のストレスへの気づきと早期対処が重要。相談することは弱さではなく適切なセルフケア。組織としての支援体制も必要。,,,,,職場環境・配慮,第4章 / 管理監督者自身のセルフケア,個々の労働者への配慮,
ichi-0350,自分のストレスに気づいたら、早めに上司や産業保健スタッフに相談することも重要である。,○,管理監督者も一労働者であり、自己のストレスへの気づきと早期対処が重要。相談することは弱さではなく適切なセルフケア。組織としての支援体制も必要。,,,,,職場環境・配慮,第4章 / 管理監督者自身のセルフケア,個々の労働者への配慮,
ichi-0351,管理監督者は部下より強くあるべきであり、ストレス反応を感じたら気力で乗り越える。,×,管理監督者も一労働者であり、自己のストレスへの気づきと早期対処が重要。相談することは弱さではなく適切なセルフケア。組織としての支援体制も必要。,,,,,職場環境・配慮,第4章 / 管理監督者自身のセルフケア,個々の労働者への配慮,
ichi-0352,管理監督者のストレス管理は個人の問題であり、組織としてサポートする必要はない。,×,管理監督者も一労働者であり、自己のストレスへの気づきと早期対処が重要。相談することは弱さではなく適切なセルフケア。組織としての支援体制も必要。,,,,,職場環境・配慮,第4章 / 管理監督者自身のセルフケア,個々の労働者への配慮,
ichi-0353,業務に支障をきたすため、すぐに「泣き止むように」と指示する。,×,突然の感情的な反応には、まず安心できる場所で傾聴することが基本。すぐに解決しようとしたり、感情を抑圧させたりせず、受容的な姿勢で関わることが大切。,,,,,相談・連携・復職,第5章 / 相談を受ける際の基本姿勢,労働者からの相談への対応（話の聴き方、情報提供および助言の方法等）,
ichi-0354,「気にしすぎだ、しっかりしろ」と励まし、気持ちを切り替えさせる。,×,突然の感情的な反応には、まず安心できる場所で傾聴することが基本。すぐに解決しようとしたり、感情を抑圧させたりせず、受容的な姿勢で関わることが大切。,,,,,相談・連携・復職,第5章 / 相談を受ける際の基本姿勢,労働者からの相談への対応（話の聴き方、情報提供および助言の方法等）,
ichi-0355,落ち着ける場所に移動し、まずは話を聴く姿勢で傍に寄り添う。,○,突然の感情的な反応には、まず安心できる場所で傾聴することが基本。すぐに解決しようとしたり、感情を抑圧させたりせず、受容的な姿勢で関わることが大切。,,,,,相談・連携・復職,第5章 / 相談を受ける際の基本姿勢,労働者からの相談への対応（話の聴き方、情報提供および助言の方法等）,
ichi-0356,他の社員の目があるため、その場を離れて後ほど面談の予定を入れる。,×,突然の感情的な反応には、まず安心できる場所で傾聴することが基本。すぐに解決しようとしたり、感情を抑圧させたりせず、受容的な姿勢で関わることが大切。,,,,,相談・連携・復職,第5章 / 相談を受ける際の基本姿勢,労働者からの相談への対応（話の聴き方、情報提供および助言の方法等）,
ichi-0357,日頃から挨拶や声かけを積極的に行い、部下との関係を良好に保つ。,○,「何でも報告する」と事前に伝えることは、部下の相談意欲を阻害する。個人情報の取り扱いには配慮しつつ、必要な場合のみ関係者に相談することを基本姿勢とする。,,,,,相談・連携・復職,第5章 / なぜ管理監督者が話を聴くのか,労働者からの相談への対応（話の聴き方、情報提供および助言の方法等）,
ichi-0358,相談された内容は何でも上司や人事に報告することを、あらかじめ部下に伝えておく。,×,「何でも報告する」と事前に伝えることは、部下の相談意欲を阻害する。個人情報の取り扱いには配慮しつつ、必要な場合のみ関係者に相談することを基本姿勢とする。,,,,,相談・連携・復職,第5章 / なぜ管理監督者が話を聴くのか,労働者からの相談への対応（話の聴き方、情報提供および助言の方法等）,
ichi-0359,部下が話しやすいよう、プライバシーに配慮した相談場所を確保する。,○,「何でも報告する」と事前に伝えることは、部下の相談意欲を阻害する。個人情報の取り扱いには配慮しつつ、必要な場合のみ関係者に相談することを基本姿勢とする。,,,,,相談・連携・復職,第5章 / なぜ管理監督者が話を聴くのか,労働者からの相談への対応（話の聴き方、情報提供および助言の方法等）,
ichi-0360,相談を受けたとき、批判せず共感的に聴く姿勢を日頃から示す。,○,「何でも報告する」と事前に伝えることは、部下の相談意欲を阻害する。個人情報の取り扱いには配慮しつつ、必要な場合のみ関係者に相談することを基本姿勢とする。,,,,,相談・連携・復職,第5章 / なぜ管理監督者が話を聴くのか,労働者からの相談への対応（話の聴き方、情報提供および助言の方法等）,
ichi-0361,保健師は医師（産業医）の指示がなければ、労働者と面談することができない。,×,保健師は健康相談・保健指導・ストレスチェック補助・職場巡視・復職支援等、メンタルヘルスケアにも幅広く関与。産業医と連携して活動する重要な社内資源。,,,,,相談・連携・復職,第6章 / 社内のサポート資源（産業保健スタッフ等）,社内外資源との連携,
ichi-0362,保健師は健康相談・保健指導・職場巡視等を通じてメンタルヘルス対策に関与する。,○,保健師は健康相談・保健指導・ストレスチェック補助・職場巡視・復職支援等、メンタルヘルスケアにも幅広く関与。産業医と連携して活動する重要な社内資源。,,,,,相談・連携・復職,第6章 / 社内のサポート資源（産業保健スタッフ等）,社内外資源との連携,
ichi-0363,保健師の主な役割は身体的な健康管理のみであり、メンタルヘルスは担当しない。,×,保健師は健康相談・保健指導・ストレスチェック補助・職場巡視・復職支援等、メンタルヘルスケアにも幅広く関与。産業医と連携して活動する重要な社内資源。,,,,,相談・連携・復職,第6章 / 社内のサポート資源（産業保健スタッフ等）,社内外資源との連携,
ichi-0364,保健師は事業場内に常駐することが法律で義務づけられている。,×,保健師は健康相談・保健指導・ストレスチェック補助・職場巡視・復職支援等、メンタルヘルスケアにも幅広く関与。産業医と連携して活動する重要な社内資源。,,,,,相談・連携・復職,第6章 / 社内のサポート資源（産業保健スタッフ等）,社内外資源との連携,
ichi-0365,主治医は職場復帰の可否を最終的に決定する権限を持つ。,×,主治医＝治療・診断が役割。産業医＝職場環境・業務内容を踏まえた就業上の措置の助言が役割。職場復帰の最終決定は事業者が行う。両者の意見を参考に総合的に判断。,,,,,相談・連携・復職,第6章 / 社内外との連携が必要な理由と方法,社内外資源との連携,
ichi-0366,産業医は治療を行い、主治医は就業上の配慮について助言する。,×,主治医＝治療・診断が役割。産業医＝職場環境・業務内容を踏まえた就業上の措置の助言が役割。職場復帰の最終決定は事業者が行う。両者の意見を参考に総合的に判断。,,,,,相談・連携・復職,第6章 / 社内外との連携が必要な理由と方法,社内外資源との連携,
ichi-0367,主治医は治療が主な役割であり、産業医は職場の観点から就業上の措置について助言する。,○,主治医＝治療・診断が役割。産業医＝職場環境・業務内容を踏まえた就業上の措置の助言が役割。職場復帰の最終決定は事業者が行う。両者の意見を参考に総合的に判断。,,,,,相談・連携・復職,第6章 / 社内外との連携が必要な理由と方法,社内外資源との連携,
ichi-0368,主治医と産業医の意見が異なる場合、主治医の意見が常に優先される。,×,主治医＝治療・診断が役割。産業医＝職場環境・業務内容を踏まえた就業上の措置の助言が役割。職場復帰の最終決定は事業者が行う。両者の意見を参考に総合的に判断。,,,,,相談・連携・復職,第6章 / 社内外との連携が必要な理由と方法,社内外資源との連携,
ichi-0369,この手引きは大企業のみが活用するものであり、中小企業には適用されない。,×,「心の健康問題により休業した労働者の職場復帰支援の手引き」は厚労省が2004年策定（改訂あり）。規模問わず活用可能。5ステップで職場復帰支援の流れを示している。,,,,,相談・連携・復職,第7章 / 心の健康問題で休業した労働者の職場復帰支援,心の健康問題をもつ復職者への支援の方法,
ichi-0370,この手引きは厚生労働省が作成したものであり、職場復帰支援の流れを5つのステップで示している。,○,「心の健康問題により休業した労働者の職場復帰支援の手引き」は厚労省が2004年策定（改訂あり）。規模問わず活用可能。5ステップで職場復帰支援の流れを示している。,,,,,相談・連携・復職,第7章 / 心の健康問題で休業した労働者の職場復帰支援,心の健康問題をもつ復職者への支援の方法,
ichi-0371,この手引きでは、職場復帰の判断は主治医が単独で行うべきとされている。,×,「心の健康問題により休業した労働者の職場復帰支援の手引き」は厚労省が2004年策定（改訂あり）。規模問わず活用可能。5ステップで職場復帰支援の流れを示している。,,,,,相談・連携・復職,第7章 / 心の健康問題で休業した労働者の職場復帰支援,心の健康問題をもつ復職者への支援の方法,
ichi-0372,この手引きの活用は任意であり、法律上の根拠はない。,×,「心の健康問題により休業した労働者の職場復帰支援の手引き」は厚労省が2004年策定（改訂あり）。規模問わず活用可能。5ステップで職場復帰支援の流れを示している。,,,,,相談・連携・復職,第7章 / 心の健康問題で休業した労働者の職場復帰支援,心の健康問題をもつ復職者への支援の方法,
ichi-0373,復職直後の1週間のみリスクが高く、その後は急速に低下する。,×,うつ病等の再燃・再発は復職後数か月以内に多い。この時期の定期面談・業務負荷の段階的増加・早期サインへの対応が再発防止の鍵となる。,,,,,相談・連携・復職,第7章 / 職場復帰支援で気をつけること,心の健康問題をもつ復職者への支援の方法,
ichi-0374,復職後の数か月間は特にリスクが高く、この時期の継続的なフォローアップが重要である。,○,うつ病等の再燃・再発は復職後数か月以内に多い。この時期の定期面談・業務負荷の段階的増加・早期サインへの対応が再発防止の鍵となる。,,,,,相談・連携・復職,第7章 / 職場復帰支援で気をつけること,心の健康問題をもつ復職者への支援の方法,
ichi-0375,再発リスクは復職から1年以上経過してから高まる傾向がある。,×,うつ病等の再燃・再発は復職後数か月以内に多い。この時期の定期面談・業務負荷の段階的増加・早期サインへの対応が再発防止の鍵となる。,,,,,相談・連携・復職,第7章 / 職場復帰支援で気をつけること,心の健康問題をもつ復職者への支援の方法,
ichi-0376,復職後に再発した場合は、前回より長期の休業が必要となるため、復職自体を見直すべきである。,×,うつ病等の再燃・再発は復職後数か月以内に多い。この時期の定期面談・業務負荷の段階的増加・早期サインへの対応が再発防止の鍵となる。,,,,,相談・連携・復職,第7章 / 職場復帰支援で気をつけること,心の健康問題をもつ復職者への支援の方法,
ichi-0377,使用者に故意または過失があること、損害が発生したこと、因果関係があることが必要である。,○,不法行為責任（民法709条）の成立要件：①故意・過失、②権利・法益の侵害、③損害の発生、④因果関係。安全配慮義務違反は債務不履行（415条）と不法行為の両方で問われうる。,,,,,基礎・役割,第1章 / 法的規制の枠組み（公法・私法）,メンタルヘルスケアの意義と管理監督者の役割,
ichi-0378,労働者側に故意がある場合のみ請求が認められる。,×,不法行為責任（民法709条）の成立要件：①故意・過失、②権利・法益の侵害、③損害の発生、④因果関係。安全配慮義務違反は債務不履行（415条）と不法行為の両方で問われうる。,,,,,基礎・役割,第1章 / 法的規制の枠組み（公法・私法）,メンタルヘルスケアの意義と管理監督者の役割,
ichi-0379,不法行為責任は刑事責任であり、民事上の賠償とは無関係である。,×,不法行為責任（民法709条）の成立要件：①故意・過失、②権利・法益の侵害、③損害の発生、④因果関係。安全配慮義務違反は債務不履行（415条）と不法行為の両方で問われうる。,,,,,基礎・役割,第1章 / 法的規制の枠組み（公法・私法）,メンタルヘルスケアの意義と管理監督者の役割,
ichi-0380,損害の発生のみが証明されれば、因果関係の証明は不要である。,×,不法行為責任（民法709条）の成立要件：①故意・過失、②権利・法益の侵害、③損害の発生、④因果関係。安全配慮義務違反は債務不履行（415条）と不法行為の両方で問われうる。,,,,,基礎・役割,第1章 / 法的規制の枠組み（公法・私法）,メンタルヘルスケアの意義と管理監督者の役割,
ichi-0381,合理的配慮は、障害者から申し出があった場合のみ検討すればよく、事業者から提案することはできない。,×,合理的配慮は障害者・事業者双方の対話を通じて決定する。過重な負担にならない範囲での提供が求められ、精神障害・発達障害も対象。個別事情に応じた柔軟な対応が原則。,,,,,基礎・役割,第2章 / 障害者に関する法律（差別解消・雇用促進）,ストレスおよびメンタルヘルスに関する基礎知識,
ichi-0382,合理的配慮の提供にあたっては、事業者に過重な負担が生じない範囲で対応することが求められる。,○,合理的配慮は障害者・事業者双方の対話を通じて決定する。過重な負担にならない範囲での提供が求められ、精神障害・発達障害も対象。個別事情に応じた柔軟な対応が原則。,,,,,基礎・役割,第2章 / 障害者に関する法律（差別解消・雇用促進）,ストレスおよびメンタルヘルスに関する基礎知識,
ichi-0383,合理的配慮は身体障害者のみを対象とし、精神障害者や発達障害者は対象外である。,×,合理的配慮は障害者・事業者双方の対話を通じて決定する。過重な負担にならない範囲での提供が求められ、精神障害・発達障害も対象。個別事情に応じた柔軟な対応が原則。,,,,,基礎・役割,第2章 / 障害者に関する法律（差別解消・雇用促進）,ストレスおよびメンタルヘルスに関する基礎知識,
ichi-0384,合理的配慮の内容は法律で画一的に定められており、個別の事情は考慮されない。,×,合理的配慮は障害者・事業者双方の対話を通じて決定する。過重な負担にならない範囲での提供が求められ、精神障害・発達障害も対象。個別事情に応じた柔軟な対応が原則。,,,,,基礎・役割,第2章 / 障害者に関する法律（差別解消・雇用促進）,ストレスおよびメンタルヘルスに関する基礎知識,
ichi-0385,テレワークでは物理的な移動がないため、ストレスは発生しない。,×,テレワークのストレス要因：孤立感・コミュニケーション不足・仕事と私生活の境界の曖昧さ・自己管理への不安等。使用者の安全配慮義務はテレワーク中も適用される。,,,,,職場環境・配慮,第3章 / ストレスを生む職場環境の要因,職場環境等の評価および改善の方法,
ichi-0386,上司や同僚とのコミュニケーション機会の減少による孤立感や、仕事と家庭の境界の曖昧さがストレス要因となりうる。,○,テレワークのストレス要因：孤立感・コミュニケーション不足・仕事と私生活の境界の曖昧さ・自己管理への不安等。使用者の安全配慮義務はテレワーク中も適用される。,,,,,職場環境・配慮,第3章 / ストレスを生む職場環境の要因,職場環境等の評価および改善の方法,
ichi-0387,テレワークでは自己管理が求められるため、全労働者にとって生産性が向上する。,×,テレワークのストレス要因：孤立感・コミュニケーション不足・仕事と私生活の境界の曖昧さ・自己管理への不安等。使用者の安全配慮義務はテレワーク中も適用される。,,,,,職場環境・配慮,第3章 / ストレスを生む職場環境の要因,職場環境等の評価および改善の方法,
ichi-0388,テレワーク中の健康管理は個人の問題であり、使用者の配慮義務は免除される。,×,テレワークのストレス要因：孤立感・コミュニケーション不足・仕事と私生活の境界の曖昧さ・自己管理への不安等。使用者の安全配慮義務はテレワーク中も適用される。,,,,,職場環境・配慮,第3章 / ストレスを生む職場環境の要因,職場環境等の評価および改善の方法,
ichi-0389,自律訓練法は薬物療法の一種であり、医師の処方が必要である。,×,自律訓練法はSchultzが開発した自己催眠的リラクセーション技法。「手足が重たい」等の言語公式を繰り返すことで自律神経を調整する。練習により習得できる。,,,,,職場環境・配慮,第4章 / ストレスへの対処方法,個々の労働者への配慮,
ichi-0390,決まった言語公式を繰り返すことで全身の筋弛緩・血流改善を図り、リラクセーション状態を誘導する技法である。,○,自律訓練法はSchultzが開発した自己催眠的リラクセーション技法。「手足が重たい」等の言語公式を繰り返すことで自律神経を調整する。練習により習得できる。,,,,,職場環境・配慮,第4章 / ストレスへの対処方法,個々の労働者への配慮,
ichi-0391,自律訓練法はトレーニングを必要とせず、誰でも即座に習得できる。,×,自律訓練法はSchultzが開発した自己催眠的リラクセーション技法。「手足が重たい」等の言語公式を繰り返すことで自律神経を調整する。練習により習得できる。,,,,,職場環境・配慮,第4章 / ストレスへの対処方法,個々の労働者への配慮,
ichi-0392,自律訓練法は身体疾患にのみ有効であり、ストレス低減には効果がない。,×,自律訓練法はSchultzが開発した自己催眠的リラクセーション技法。「手足が重たい」等の言語公式を繰り返すことで自律神経を調整する。練習により習得できる。,,,,,職場環境・配慮,第4章 / ストレスへの対処方法,個々の労働者への配慮,
ichi-0393,要約とは相談者の話を評価し、良い点と悪い点をまとめて伝えることである。,×,要約は一定の話が続いた後に内容を整理して返す技法。相談者は「理解してもらえた」と感じ、話の整理にもなる。評価・批判は含めない。,,,,,相談・連携・復職,第5章 / 不調が疑われる部下への傾聴の仕方,労働者からの相談への対応（話の聴き方、情報提供および助言の方法等）,
ichi-0394,話の流れが一区切りついたところで、相談者が話した内容の要点を整理して伝えることで理解を確認する技法である。,○,要約は一定の話が続いた後に内容を整理して返す技法。相談者は「理解してもらえた」と感じ、話の整理にもなる。評価・批判は含めない。,,,,,相談・連携・復職,第5章 / 不調が疑われる部下への傾聴の仕方,労働者からの相談への対応（話の聴き方、情報提供および助言の方法等）,
ichi-0395,要約は会話の冒頭に行うもので、その後は要約せずに傾聴を続ける。,×,要約は一定の話が続いた後に内容を整理して返す技法。相談者は「理解してもらえた」と感じ、話の整理にもなる。評価・批判は含めない。,,,,,相談・連携・復職,第5章 / 不調が疑われる部下への傾聴の仕方,労働者からの相談への対応（話の聴き方、情報提供および助言の方法等）,
ichi-0396,要約の目的は話の内容を短縮して早く問題解決につなげることである。,×,要約は一定の話が続いた後に内容を整理して返す技法。相談者は「理解してもらえた」と感じ、話の整理にもなる。評価・批判は含めない。,,,,,相談・連携・復職,第5章 / 不調が疑われる部下への傾聴の仕方,労働者からの相談への対応（話の聴き方、情報提供および助言の方法等）,
ichi-0397,精神保健福祉センターは企業の人事担当者専用の相談機関である。,×,精神保健福祉センターは都道府県・政令市設置の公的機関。専門職による相談支援・普及啓発・技術支援等を行う。誰でも相談でき、紹介状は不要。医療機関ではない。,,,,,相談・連携・復職,第6章 / 社外のサポート資源,社内外資源との連携,
ichi-0398,各都道府県・政令指定都市に設置され、精神保健福祉に関する相談・支援・普及啓発等を行っている。,○,精神保健福祉センターは都道府県・政令市設置の公的機関。専門職による相談支援・普及啓発・技術支援等を行う。誰でも相談でき、紹介状は不要。医療機関ではない。,,,,,相談・連携・復職,第6章 / 社外のサポート資源,社内外資源との連携,
ichi-0399,精神保健福祉センターは医療機関であり、薬物療法を中心に治療を提供する。,×,精神保健福祉センターは都道府県・政令市設置の公的機関。専門職による相談支援・普及啓発・技術支援等を行う。誰でも相談でき、紹介状は不要。医療機関ではない。,,,,,相談・連携・復職,第6章 / 社外のサポート資源,社内外資源との連携,
ichi-0400,精神保健福祉センターへの相談には、主治医の紹介状が必要である。,×,精神保健福祉センターは都道府県・政令市設置の公的機関。専門職による相談支援・普及啓発・技術支援等を行う。誰でも相談でき、紹介状は不要。医療機関ではない。,,,,,相談・連携・復職,第6章 / 社外のサポート資源,社内外資源との連携,
ichi-0401,プレゼンティーイズムとは、労働者が欠勤・休職している状態を指す。,×,プレゼンティーイズム＝出勤しているが不調で生産性低下。アブセンティーイズム＝欠勤・休職。研究ではプレゼンティーイズムによる損失の方が大きいとされる場合も多い。,,,,,基礎・役割,第1章 / メンタルヘルスケアが企業にもたらす意義,メンタルヘルスケアの意義と管理監督者の役割,
ichi-0402,プレゼンティーイズムとは、出勤しているが心身の不調により生産性が低下している状態を指す。,○,プレゼンティーイズム＝出勤しているが不調で生産性低下。アブセンティーイズム＝欠勤・休職。研究ではプレゼンティーイズムによる損失の方が大きいとされる場合も多い。,,,,,基礎・役割,第1章 / メンタルヘルスケアが企業にもたらす意義,メンタルヘルスケアの意義と管理監督者の役割,
ichi-0403,プレゼンティーイズムによる損失はアブセンティーイズム（欠勤）による損失より常に小さい。,×,プレゼンティーイズム＝出勤しているが不調で生産性低下。アブセンティーイズム＝欠勤・休職。研究ではプレゼンティーイズムによる損失の方が大きいとされる場合も多い。,,,,,基礎・役割,第1章 / メンタルヘルスケアが企業にもたらす意義,メンタルヘルスケアの意義と管理監督者の役割,
ichi-0404,プレゼンティーイズムの測定は不可能であり、経営上の指標として用いられていない。,×,プレゼンティーイズム＝出勤しているが不調で生産性低下。アブセンティーイズム＝欠勤・休職。研究ではプレゼンティーイズムによる損失の方が大きいとされる場合も多い。,,,,,基礎・役割,第1章 / メンタルヘルスケアが企業にもたらす意義,メンタルヘルスケアの意義と管理監督者の役割,
ichi-0405,労働者の生産性・創造性の向上につながる。,○,メンタルヘルス対策は生産性向上・人材定着・リスク管理・企業イメージ向上など多面的な経営上のメリットがある。ROI（投資対効果）が高いことも示されている。,,,,,基礎・役割,第1章 / メンタルヘルスケアが企業にもたらす意義,メンタルヘルスケアの意義と管理監督者の役割,
ichi-0406,優秀な人材の定着・採用力の向上に寄与する。,○,メンタルヘルス対策は生産性向上・人材定着・リスク管理・企業イメージ向上など多面的な経営上のメリットがある。ROI（投資対効果）が高いことも示されている。,,,,,基礎・役割,第1章 / メンタルヘルスケアが企業にもたらす意義,メンタルヘルスケアの意義と管理監督者の役割,
ichi-0407,メンタルヘルス対策は費用がかかるだけで、投資対効果はない。,×,メンタルヘルス対策は生産性向上・人材定着・リスク管理・企業イメージ向上など多面的な経営上のメリットがある。ROI（投資対効果）が高いことも示されている。,,,,,基礎・役割,第1章 / メンタルヘルスケアが企業にもたらす意義,メンタルヘルスケアの意義と管理監督者の役割,
ichi-0408,安全配慮義務違反による訴訟リスクの低減に役立つ。,○,メンタルヘルス対策は生産性向上・人材定着・リスク管理・企業イメージ向上など多面的な経営上のメリットがある。ROI（投資対効果）が高いことも示されている。,,,,,基礎・役割,第1章 / メンタルヘルスケアが企業にもたらす意義,メンタルヘルスケアの意義と管理監督者の役割,
ichi-0409,セルフケアとは、労働者が自ら行うストレスへの気づきと対処を指す。,○,4つのケア：①セルフケア（労働者自身）②ラインによるケア（管理監督者）③事業場内産業保健スタッフ等によるケア（産業医・保健師等）④事業場外資源によるケア（外部機関）,,,,,基礎・役割,第1章 / メンタルヘルスケアの考え方と進め方,メンタルヘルスケアの意義と管理監督者の役割,
ichi-0410,産業医・保健師・衛生管理者等が労働者や管理監督者を支援し、職場環境改善にも関与する。,○,4つのケア：①セルフケア（労働者自身）②ラインによるケア（管理監督者）③事業場内産業保健スタッフ等によるケア（産業医・保健師等）④事業場外資源によるケア（外部機関）,,,,,基礎・役割,第1章 / メンタルヘルスケアの考え方と進め方,メンタルヘルスケアの意義と管理監督者の役割,
ichi-0411,管理監督者が日常的に部下の状況を把握し職場環境を改善することを指す。,×,4つのケア：①セルフケア（労働者自身）②ラインによるケア（管理監督者）③事業場内産業保健スタッフ等によるケア（産業医・保健師等）④事業場外資源によるケア（外部機関）,,,,,基礎・役割,第1章 / メンタルヘルスケアの考え方と進め方,メンタルヘルスケアの意義と管理監督者の役割,
ichi-0412,外部の専門機関が事業場に対して支援を提供することを指す。,×,4つのケア：①セルフケア（労働者自身）②ラインによるケア（管理監督者）③事業場内産業保健スタッフ等によるケア（産業医・保健師等）④事業場外資源によるケア（外部機関）,,,,,基礎・役割,第1章 / メンタルヘルスケアの考え方と進め方,メンタルヘルスケアの意義と管理監督者の役割,
ichi-0413,不調に気づいたらすぐに精神科への受診を命じる。,×,ラインケアの対応手順：①日常観察で変化に気づく→②声かけ・面談→③産業保健スタッフへの相談・連携→④専門家への橋渡し。早期発見・早期対応が原則。,,,,,基礎・役割,第1章 / ラインケアの進め方と重要性,メンタルヘルスケアの意義と管理監督者の役割,
ichi-0414,気づいた段階では静観し、本人から相談があるまで何もしない。,×,ラインケアの対応手順：①日常観察で変化に気づく→②声かけ・面談→③産業保健スタッフへの相談・連携→④専門家への橋渡し。早期発見・早期対応が原則。,,,,,基礎・役割,第1章 / ラインケアの進め方と重要性,メンタルヘルスケアの意義と管理監督者の役割,
ichi-0415,声かけ・面談で状況を把握し、必要に応じて産業保健スタッフと連携しながら対応する。,○,ラインケアの対応手順：①日常観察で変化に気づく→②声かけ・面談→③産業保健スタッフへの相談・連携→④専門家への橋渡し。早期発見・早期対応が原則。,,,,,基礎・役割,第1章 / ラインケアの進め方と重要性,メンタルヘルスケアの意義と管理監督者の役割,
ichi-0416,業務への影響が出てから人事部門に報告する。,×,ラインケアの対応手順：①日常観察で変化に気づく→②声かけ・面談→③産業保健スタッフへの相談・連携→④専門家への橋渡し。早期発見・早期対応が原則。,,,,,基礎・役割,第1章 / ラインケアの進め方と重要性,メンタルヘルスケアの意義と管理監督者の役割,
ichi-0417,ハラスメントに関する方針を明確化し、労働者に周知する。,○,ハラスメント相談者・被害者のプライバシー保護は事業主の重要な義務。氏名等の公表は二次被害・プライバシー侵害となり不適切。相談は秘密厳守で対応する。,,,,,基礎・役割,第1章 / 職場のハラスメント,メンタルヘルスケアの意義と管理監督者の役割,
ichi-0418,相談窓口を設置し、相談者が不利益を受けないよう体制を整える。,○,ハラスメント相談者・被害者のプライバシー保護は事業主の重要な義務。氏名等の公表は二次被害・プライバシー侵害となり不適切。相談は秘密厳守で対応する。,,,,,基礎・役割,第1章 / 職場のハラスメント,メンタルヘルスケアの意義と管理監督者の役割,
ichi-0419,ハラスメントの加害者については、懲戒等の厳正な対処方針を示す。,○,ハラスメント相談者・被害者のプライバシー保護は事業主の重要な義務。氏名等の公表は二次被害・プライバシー侵害となり不適切。相談は秘密厳守で対応する。,,,,,基礎・役割,第1章 / 職場のハラスメント,メンタルヘルスケアの意義と管理監督者の役割,
ichi-0420,ハラスメントの相談があった場合、相談者の氏名を含む詳細を全社員に公表して再発防止を図る。,×,ハラスメント相談者・被害者のプライバシー保護は事業主の重要な義務。氏名等の公表は二次被害・プライバシー侵害となり不適切。相談は秘密厳守で対応する。,,,,,基礎・役割,第1章 / 職場のハラスメント,メンタルヘルスケアの意義と管理監督者の役割,
ichi-0421,管理監督者は労働基準法上の労働時間・休憩・休日規定が適用されないため、健康管理は全て自己責任である。,×,管理監督者は労働時間・休憩・休日の規定適用除外だが、深夜業の割増賃金と健康確保措置（医師面接指導等）は適用される。部下の労働時間把握も管理監督者の責務。,,,,,基礎・役割,第1章 / 適切な労働時間の管理,メンタルヘルスケアの意義と管理監督者の役割,
ichi-0422,管理監督者であっても深夜業（午後10時〜午前5時）の割増賃金の規定は適用される。,○,管理監督者は労働時間・休憩・休日の規定適用除外だが、深夜業の割増賃金と健康確保措置（医師面接指導等）は適用される。部下の労働時間把握も管理監督者の責務。,,,,,基礎・役割,第1章 / 適切な労働時間の管理,メンタルヘルスケアの意義と管理監督者の役割,
ichi-0423,管理監督者には時間外労働の上限規制が適用されるため、残業は一切できない。,×,管理監督者は労働時間・休憩・休日の規定適用除外だが、深夜業の割増賃金と健康確保措置（医師面接指導等）は適用される。部下の労働時間把握も管理監督者の責務。,,,,,基礎・役割,第1章 / 適切な労働時間の管理,メンタルヘルスケアの意義と管理監督者の役割,
ichi-0424,管理監督者は部下の労働時間を管理する必要はなく、成果のみで評価すればよい。,×,管理監督者は労働時間・休憩・休日の規定適用除外だが、深夜業の割増賃金と健康確保措置（医師面接指導等）は適用される。部下の労働時間把握も管理監督者の責務。,,,,,基礎・役割,第1章 / 適切な労働時間の管理,メンタルヘルスケアの意義と管理監督者の役割,
ichi-0425,「心の健康づくり計画」に含めるべき事項として、「事業者のメンタルヘルスケアに関する基本方針」という記述は正しい。,○,心の健康づくり計画に個人の病名・氏名を含めることはプライバシー侵害。計画は組織としての方針・推進方法・体制・評価方法等を定めるもの。,,,,,基礎・役割,第1章 / 方針・計画の策定とマネジメント,メンタルヘルスケアの意義と管理監督者の役割,
ichi-0426,「心の健康づくり計画」に含めるべき事項として、「4つのケアの具体的な推進方法」という記述は正しい。,○,心の健康づくり計画に個人の病名・氏名を含めることはプライバシー侵害。計画は組織としての方針・推進方法・体制・評価方法等を定めるもの。,,,,,基礎・役割,第1章 / 方針・計画の策定とマネジメント,メンタルヘルスケアの意義と管理監督者の役割,
ichi-0427,「心の健康づくり計画」に含めるべき事項として、「メンタルヘルス不調者の氏名・病名の一覧」という記述は正しい。,×,心の健康づくり計画に個人の病名・氏名を含めることはプライバシー侵害。計画は組織としての方針・推進方法・体制・評価方法等を定めるもの。,,,,,基礎・役割,第1章 / 方針・計画の策定とマネジメント,メンタルヘルスケアの意義と管理監督者の役割,
ichi-0428,「心の健康づくり計画」に含めるべき事項として、「計画の実施状況の評価・見直しに関する事項」という記述は正しい。,○,心の健康づくり計画に個人の病名・氏名を含めることはプライバシー侵害。計画は組織としての方針・推進方法・体制・評価方法等を定めるもの。,,,,,基礎・役割,第1章 / 方針・計画の策定とマネジメント,メンタルヘルスケアの意義と管理監督者の役割,
ichi-0429,使用者は、労働契約に伴い、労働者がその生命、身体等の安全を確保しつつ労働できるよう、必要な配慮をする義務を負う。,○,労働契約法5条は使用者の安全配慮義務を明文化した規定。心身両面の健康を対象とし、違反は民事上の損害賠償責任（刑事罰ではない）につながる。,,,,,基礎・役割,第1章 / 法的規制の枠組み（公法・私法）,メンタルヘルスケアの意義と管理監督者の役割,
ichi-0430,労働契約法第5条は、労働者に対して自己の健康管理を義務づける規定である。,×,労働契約法5条は使用者の安全配慮義務を明文化した規定。心身両面の健康を対象とし、違反は民事上の損害賠償責任（刑事罰ではない）につながる。,,,,,基礎・役割,第1章 / 法的規制の枠組み（公法・私法）,メンタルヘルスケアの意義と管理監督者の役割,
ichi-0431,労働契約法第5条の安全配慮義務は、身体的安全のみを対象とし、精神的健康は含まれない。,×,労働契約法5条は使用者の安全配慮義務を明文化した規定。心身両面の健康を対象とし、違反は民事上の損害賠償責任（刑事罰ではない）につながる。,,,,,基礎・役割,第1章 / 法的規制の枠組み（公法・私法）,メンタルヘルスケアの意義と管理監督者の役割,
ichi-0432,労働契約法第5条に違反した場合は、直ちに刑事罰が科される。,×,労働契約法5条は使用者の安全配慮義務を明文化した規定。心身両面の健康を対象とし、違反は民事上の損害賠償責任（刑事罰ではない）につながる。,,,,,基礎・役割,第1章 / 法的規制の枠組み（公法・私法）,メンタルヘルスケアの意義と管理監督者の役割,
ichi-0433,スティグマは当事者にのみ存在し、周囲の人々の態度には影響しない。,×,スティグマ（偏見・差別意識）はメンタルヘルス不調の早期発見・受診を妨げる大きな障壁。職場での正しい知識の普及・理解促進がスティグマ解消に重要。,,,,,基礎・役割,第2章 / 心の健康問題への正しい向き合い方,ストレスおよびメンタルヘルスに関する基礎知識,
ichi-0434,スティグマにより、本人が症状を隠したり、受診を遅らせたりすることがある。,○,スティグマ（偏見・差別意識）はメンタルヘルス不調の早期発見・受診を妨げる大きな障壁。職場での正しい知識の普及・理解促進がスティグマ解消に重要。,,,,,基礎・役割,第2章 / 心の健康問題への正しい向き合い方,ストレスおよびメンタルヘルスに関する基礎知識,
ichi-0435,現代社会ではスティグマは完全に解消されており、メンタルヘルスへの偏見はない。,×,スティグマ（偏見・差別意識）はメンタルヘルス不調の早期発見・受診を妨げる大きな障壁。職場での正しい知識の普及・理解促進がスティグマ解消に重要。,,,,,基礎・役割,第2章 / 心の健康問題への正しい向き合い方,ストレスおよびメンタルヘルスに関する基礎知識,
ichi-0436,スティグマの解消には、当事者の努力のみが有効であり、周囲の理解促進は効果がない。,×,スティグマ（偏見・差別意識）はメンタルヘルス不調の早期発見・受診を妨げる大きな障壁。職場での正しい知識の普及・理解促進がスティグマ解消に重要。,,,,,基礎・役割,第2章 / 心の健康問題への正しい向き合い方,ストレスおよびメンタルヘルスに関する基礎知識,
ichi-0437,メンタルヘルス不調は特別な人だけに起こるものであり、普通の社員には無関係と伝える。,×,メンタルヘルス不調は誰にでも起こりうるという認識の共有が、相談しやすい職場文化の基盤となる。適切な支援で回復・職場復帰が可能であることも重要な知識。,,,,,基礎・役割,第2章 / 心の健康問題への正しい向き合い方,ストレスおよびメンタルヘルスに関する基礎知識,
ichi-0438,「誰でもメンタルヘルス不調になりうる」という認識を職場全体で共有し、相談しやすい環境をつくる。,○,メンタルヘルス不調は誰にでも起こりうるという認識の共有が、相談しやすい職場文化の基盤となる。適切な支援で回復・職場復帰が可能であることも重要な知識。,,,,,基礎・役割,第2章 / 心の健康問題への正しい向き合い方,ストレスおよびメンタルヘルスに関する基礎知識,
ichi-0439,メンタルヘルス不調者には過度に配慮し、業務から完全に切り離すことが最善策である。,×,メンタルヘルス不調は誰にでも起こりうるという認識の共有が、相談しやすい職場文化の基盤となる。適切な支援で回復・職場復帰が可能であることも重要な知識。,,,,,基礎・役割,第2章 / 心の健康問題への正しい向き合い方,ストレスおよびメンタルヘルスに関する基礎知識,
ichi-0440,精神疾患は治らないため、発症した場合は退職を促すことが本人のためになる。,×,メンタルヘルス不調は誰にでも起こりうるという認識の共有が、相談しやすい職場文化の基盤となる。適切な支援で回復・職場復帰が可能であることも重要な知識。,,,,,基礎・役割,第2章 / 心の健康問題への正しい向き合い方,ストレスおよびメンタルヘルスに関する基礎知識,
ichi-0441,心身症とは精神疾患の一種であり、精神科で治療する疾患である。,×,心身症は胃潰瘍・過敏性腸症候群・気管支喘息・高血圧等、心理社会的要因が発症・悪化に関与する身体疾患の総称。器質的変化を伴うこともあり、心身両面からのアプローチが必要。,,,,,基礎・役割,第2章 / 発達障害・心身症と正しい向き合い方,ストレスおよびメンタルヘルスに関する基礎知識,
ichi-0442,心身症とは、身体疾患のなかで、その発症や経過に心理社会的因子が密接に関与する病態を指す。,○,心身症は胃潰瘍・過敏性腸症候群・気管支喘息・高血圧等、心理社会的要因が発症・悪化に関与する身体疾患の総称。器質的変化を伴うこともあり、心身両面からのアプローチが必要。,,,,,基礎・役割,第2章 / 発達障害・心身症と正しい向き合い方,ストレスおよびメンタルヘルスに関する基礎知識,
ichi-0443,心身症は仮病の別称であり、器質的な異常はまったく伴わない。,×,心身症は胃潰瘍・過敏性腸症候群・気管支喘息・高血圧等、心理社会的要因が発症・悪化に関与する身体疾患の総称。器質的変化を伴うこともあり、心身両面からのアプローチが必要。,,,,,基礎・役割,第2章 / 発達障害・心身症と正しい向き合い方,ストレスおよびメンタルヘルスに関する基礎知識,
ichi-0444,心身症の治療は薬物療法のみで十分であり、心理的アプローチは不要である。,×,心身症は胃潰瘍・過敏性腸症候群・気管支喘息・高血圧等、心理社会的要因が発症・悪化に関与する身体疾患の総称。器質的変化を伴うこともあり、心身両面からのアプローチが必要。,,,,,基礎・役割,第2章 / 発達障害・心身症と正しい向き合い方,ストレスおよびメンタルヘルスに関する基礎知識,
ichi-0445,精神障害者保健福祉手帳の取得は、障害者雇用率のカウントに影響しない。,×,精神障害者保健福祉手帳（1〜3級）を持つ者は障害者雇用率の算定対象。手帳は2年ごとの更新が必要。取得は任意であり、通院中の全員が自動的に対象となるわけではない。,,,,,基礎・役割,第2章 / 障害者に関する法律（差別解消・雇用促進）,ストレスおよびメンタルヘルスに関する基礎知識,
ichi-0446,精神障害者保健福祉手帳を持つ労働者を雇用している場合、障害者雇用率にカウントできる。,○,精神障害者保健福祉手帳（1〜3級）を持つ者は障害者雇用率の算定対象。手帳は2年ごとの更新が必要。取得は任意であり、通院中の全員が自動的に対象となるわけではない。,,,,,基礎・役割,第2章 / 障害者に関する法律（差別解消・雇用促進）,ストレスおよびメンタルヘルスに関する基礎知識,
ichi-0447,手帳の取得には、精神科に通院している全員が自動的に対象となる。,×,精神障害者保健福祉手帳（1〜3級）を持つ者は障害者雇用率の算定対象。手帳は2年ごとの更新が必要。取得は任意であり、通院中の全員が自動的に対象となるわけではない。,,,,,基礎・役割,第2章 / 障害者に関する法律（差別解消・雇用促進）,ストレスおよびメンタルヘルスに関する基礎知識,
ichi-0448,精神障害者保健福祉手帳は永続的に有効であり、更新手続きは不要である。,×,精神障害者保健福祉手帳（1〜3級）を持つ者は障害者雇用率の算定対象。手帳は2年ごとの更新が必要。取得は任意であり、通院中の全員が自動的に対象となるわけではない。,,,,,基礎・役割,第2章 / 障害者に関する法律（差別解消・雇用促進）,ストレスおよびメンタルヘルスに関する基礎知識,
ichi-0449,改善策は専門家のみが決定し、現場の労働者は実施のみを担う。,×,参加型職場環境改善は、当事者である労働者が主体的に関与することで、改善策が実態に合ったものになり、定着しやすい。規模を問わず実施可能。,,,,,職場環境・配慮,第3章 / 管理監督者による職場環境改善の進め方,職場環境等の評価および改善の方法,
ichi-0450,労働者自身が職場の問題を話し合い、改善策を主体的に検討・実施することで定着しやすい。,○,参加型職場環境改善は、当事者である労働者が主体的に関与することで、改善策が実態に合ったものになり、定着しやすい。規模を問わず実施可能。,,,,,職場環境・配慮,第3章 / 管理監督者による職場環境改善の進め方,職場環境等の評価および改善の方法,
ichi-0451,参加型改善は大企業にのみ適用可能であり、小規模職場では実施できない。,×,参加型職場環境改善は、当事者である労働者が主体的に関与することで、改善策が実態に合ったものになり、定着しやすい。規模を問わず実施可能。,,,,,職場環境・配慮,第3章 / 管理監督者による職場環境改善の進め方,職場環境等の評価および改善の方法,
ichi-0452,改善効果が出るまでに数年かかるため、即効性はない。,×,参加型職場環境改善は、当事者である労働者が主体的に関与することで、改善策が実態に合ったものになり、定着しやすい。規模を問わず実施可能。,,,,,職場環境・配慮,第3章 / 管理監督者による職場環境改善の進め方,職場環境等の評価および改善の方法,
ichi-0453,改善前後のストレスチェック集団分析結果を比較することで、改善の効果を客観的に評価できる。,○,改善前後の集団分析データを比較することで、ストレス指標の変化を客観的に評価できる。欠勤率・生産性指標等も補完的な評価指標として活用できる。,,,,,職場環境・配慮,第3章 / 改善策の効果を評価する,職場環境等の評価および改善の方法,
ichi-0454,ストレスチェックの集団分析は改善効果の評価には使用できない。,×,改善前後の集団分析データを比較することで、ストレス指標の変化を客観的に評価できる。欠勤率・生産性指標等も補完的な評価指標として活用できる。,,,,,職場環境・配慮,第3章 / 改善策の効果を評価する,職場環境等の評価および改善の方法,
ichi-0455,改善効果の評価は主観的な印象によってのみ判断すべきである。,×,改善前後の集団分析データを比較することで、ストレス指標の変化を客観的に評価できる。欠勤率・生産性指標等も補完的な評価指標として活用できる。,,,,,職場環境・配慮,第3章 / 改善策の効果を評価する,職場環境等の評価および改善の方法,
ichi-0456,一度改善策を実施したら、追加の評価は不要である。,×,改善前後の集団分析データを比較することで、ストレス指標の変化を客観的に評価できる。欠勤率・生産性指標等も補完的な評価指標として活用できる。,,,,,職場環境・配慮,第3章 / 改善策の効果を評価する,職場環境等の評価および改善の方法,
ichi-0457,個人の精神疾患リスクを診断するツールとして、個人面談に活用する。,×,量−コントロール判定図は職業性ストレス簡易調査票の集団分析結果をもとに、職場のストレスレベルを視覚化するツール。改善優先度の判断・職場への結果フィードバックに活用。,,,,,職場環境・配慮,第3章 / ストレスの評価方法,職場環境等の評価および改善の方法,
ichi-0458,職場（集団）のストレス状況を把握し、高ストレス職場の特定と環境改善の優先順位づけに活用する。,○,量−コントロール判定図は職業性ストレス簡易調査票の集団分析結果をもとに、職場のストレスレベルを視覚化するツール。改善優先度の判断・職場への結果フィードバックに活用。,,,,,職場環境・配慮,第3章 / ストレスの評価方法,職場環境等の評価および改善の方法,
ichi-0459,このツールは産業医のみが使用できる専門的なツールである。,×,量−コントロール判定図は職業性ストレス簡易調査票の集団分析結果をもとに、職場のストレスレベルを視覚化するツール。改善優先度の判断・職場への結果フィードバックに活用。,,,,,職場環境・配慮,第3章 / ストレスの評価方法,職場環境等の評価および改善の方法,
ichi-0460,量−コントロール判定図の結果が悪い部署の管理監督者を処分するための根拠として使用する。,×,量−コントロール判定図は職業性ストレス簡易調査票の集団分析結果をもとに、職場のストレスレベルを視覚化するツール。改善優先度の判断・職場への結果フィードバックに活用。,,,,,職場環境・配慮,第3章 / ストレスの評価方法,職場環境等の評価および改善の方法,
ichi-0461,認知行動療法は薬物療法の補助として使われる場合があるが、単独での効果は認められていない。,×,CBTは認知（思考パターン）と行動の両面に働きかける心理療法。うつ病・不安障害・PTSD等に有効で、外来でも実施できる。薬物療法との併用や単独療法として広く活用。,,,,,職場環境・配慮,第4章 / ストレスへの対処方法,個々の労働者への配慮,
ichi-0462,認知行動療法では、出来事に対する認知（受け取り方・考え方）のパターンに働きかけ、感情や行動の変化を図る。,○,CBTは認知（思考パターン）と行動の両面に働きかける心理療法。うつ病・不安障害・PTSD等に有効で、外来でも実施できる。薬物療法との併用や単独療法として広く活用。,,,,,職場環境・配慮,第4章 / ストレスへの対処方法,個々の労働者への配慮,
ichi-0463,認知行動療法はうつ病には効果がなく、不安障害のみに有効である。,×,CBTは認知（思考パターン）と行動の両面に働きかける心理療法。うつ病・不安障害・PTSD等に有効で、外来でも実施できる。薬物療法との併用や単独療法として広く活用。,,,,,職場環境・配慮,第4章 / ストレスへの対処方法,個々の労働者への配慮,
ichi-0464,認知行動療法は長期入院が必要な治療法であり、外来では実施できない。,×,CBTは認知（思考パターン）と行動の両面に働きかける心理療法。うつ病・不安障害・PTSD等に有効で、外来でも実施できる。薬物療法との併用や単独療法として広く活用。,,,,,職場環境・配慮,第4章 / ストレスへの対処方法,個々の労働者への配慮,
ichi-0465,業務量の調整や締め切りの延長など、柔軟な業務対応を行う。,○,不調の部下への対応は個別・プライベートな場での対応が基本。他の社員の前での公開的な対応はプライバシーへの配慮に欠け、かえって本人を追い詰める可能性がある。,,,,,職場環境・配慮,第4章 / 職場でできるサポート,個々の労働者への配慮,
ichi-0466,不調の部下に対して、他の社員の前で励ましの言葉をかけ、モチベーションを高める。,×,不調の部下への対応は個別・プライベートな場での対応が基本。他の社員の前での公開的な対応はプライバシーへの配慮に欠け、かえって本人を追い詰める可能性がある。,,,,,職場環境・配慮,第4章 / 職場でできるサポート,個々の労働者への配慮,
ichi-0467,定期的な面談を通じて、体調や仕事の状況を継続的に確認する。,○,不調の部下への対応は個別・プライベートな場での対応が基本。他の社員の前での公開的な対応はプライバシーへの配慮に欠け、かえって本人を追い詰める可能性がある。,,,,,職場環境・配慮,第4章 / 職場でできるサポート,個々の労働者への配慮,
ichi-0468,必要に応じて、産業医や保健師への相談を勧める。,○,不調の部下への対応は個別・プライベートな場での対応が基本。他の社員の前での公開的な対応はプライバシーへの配慮に欠け、かえって本人を追い詰める可能性がある。,,,,,職場環境・配慮,第4章 / 職場でできるサポート,個々の労働者への配慮,
ichi-0469,人間関係は個人の問題であり、管理監督者が介入することは越権行為である。,×,人間関係のトラブルは職場のストレス要因として重大。管理監督者は日頃のコミュニケーション促進・早期察知・必要に応じた調整が求められる。,,,,,職場環境・配慮,第4章 / 注意すべきストレス要因とその予防,個々の労働者への配慮,
ichi-0470,日頃からチームの良好なコミュニケーションを促進し、問題の早期発見に努める。,○,人間関係のトラブルは職場のストレス要因として重大。管理監督者は日頃のコミュニケーション促進・早期察知・必要に応じた調整が求められる。,,,,,職場環境・配慮,第4章 / 注意すべきストレス要因とその予防,個々の労働者への配慮,
ichi-0471,職場の人間関係のトラブルは、当事者が解決するまで管理監督者は静観する。,×,人間関係のトラブルは職場のストレス要因として重大。管理監督者は日頃のコミュニケーション促進・早期察知・必要に応じた調整が求められる。,,,,,職場環境・配慮,第4章 / 注意すべきストレス要因とその予防,個々の労働者への配慮,
ichi-0472,人間関係のストレスは些細な問題であるため、優先的に対処する必要はない。,×,人間関係のトラブルは職場のストレス要因として重大。管理監督者は日頃のコミュニケーション促進・早期察知・必要に応じた調整が求められる。,,,,,職場環境・配慮,第4章 / 注意すべきストレス要因とその予防,個々の労働者への配慮,
ichi-0473,復職した労働者の病名・治療内容は、職場全員で共有することで支援の輪が広がる。,×,復職者情報は要配慮個人情報。「必要最小限の範囲・関係者」が原則。本人同意があっても無制限な共有は適切でなく、共有する内容・範囲を本人と確認して行う。,,,,,職場環境・配慮,第4章 / 個人情報・プライバシーへの配慮,個々の労働者への配慮,
ichi-0474,復職者の情報は、支援に直接関わる必要最小限の関係者の間でのみ共有し、その範囲を明確にする。,○,復職者情報は要配慮個人情報。「必要最小限の範囲・関係者」が原則。本人同意があっても無制限な共有は適切でなく、共有する内容・範囲を本人と確認して行う。,,,,,職場環境・配慮,第4章 / 個人情報・プライバシーへの配慮,個々の労働者への配慮,
ichi-0475,人事異動時には、新しい職場の全管理職に復職者の詳細な病歴を引き継ぐ。,×,復職者情報は要配慮個人情報。「必要最小限の範囲・関係者」が原則。本人同意があっても無制限な共有は適切でなく、共有する内容・範囲を本人と確認して行う。,,,,,職場環境・配慮,第4章 / 個人情報・プライバシーへの配慮,個々の労働者への配慮,
ichi-0476,復職者本人が「話してよい」と言った場合、制限なく情報共有できる。,×,復職者情報は要配慮個人情報。「必要最小限の範囲・関係者」が原則。本人同意があっても無制限な共有は適切でなく、共有する内容・範囲を本人と確認して行う。,,,,,職場環境・配慮,第4章 / 個人情報・プライバシーへの配慮,個々の労働者への配慮,
ichi-0477,部下の問題をすべて自分で解決しようとする姿勢を貫く。,×,バーンアウトは高い使命感・責任感を持つ管理監督者にも起こりうる。予防には仕事とプライベートのバランス・適切な権限委譲・助けを求める姿勢・自己のストレス管理が重要。,,,,,職場環境・配慮,第4章 / 管理監督者自身のセルフケア,個々の労働者への配慮,
ichi-0478,仕事とプライベートのバランスを保ち、休息・回復の時間を意識的に確保する。,○,バーンアウトは高い使命感・責任感を持つ管理監督者にも起こりうる。予防には仕事とプライベートのバランス・適切な権限委譲・助けを求める姿勢・自己のストレス管理が重要。,,,,,職場環境・配慮,第4章 / 管理監督者自身のセルフケア,個々の労働者への配慮,
ichi-0479,どんなに疲れていても、管理監督者は弱音を吐かず業務を続けることが職責である。,×,バーンアウトは高い使命感・責任感を持つ管理監督者にも起こりうる。予防には仕事とプライベートのバランス・適切な権限委譲・助けを求める姿勢・自己のストレス管理が重要。,,,,,職場環境・配慮,第4章 / 管理監督者自身のセルフケア,個々の労働者への配慮,
ichi-0480,バーンアウトは管理監督者に起こることはなく、一般労働者のみの問題である。,×,バーンアウトは高い使命感・責任感を持つ管理監督者にも起こりうる。予防には仕事とプライベートのバランス・適切な権限委譲・助けを求める姿勢・自己のストレス管理が重要。,,,,,職場環境・配慮,第4章 / 管理監督者自身のセルフケア,個々の労働者への配慮,
ichi-0481,業務中の発言として不適切であることを指摘し、気持ちを切り替えるよう伝える。,×,希死念慮・自殺念慮を示す言葉は必ず真剣に受け止める。一人にしない・安全確保・傾聴・専門家への速やかな連携が基本。強制入院は管理監督者の権限外。,,,,,相談・連携・復職,第5章 / 危機対応,労働者からの相談への対応（話の聴き方、情報提供および助言の方法等）,
ichi-0482,「消えてしまいたい」という言葉を真剣に受け止め、安全な場所で話を聴き、一人にしない。,○,希死念慮・自殺念慮を示す言葉は必ず真剣に受け止める。一人にしない・安全確保・傾聴・専門家への速やかな連携が基本。強制入院は管理監督者の権限外。,,,,,相談・連携・復職,第5章 / 危機対応,労働者からの相談への対応（話の聴き方、情報提供および助言の方法等）,
ichi-0483,オーバーリアクションにならないよう、さりげなく流して通常業務を続けさせる。,×,希死念慮・自殺念慮を示す言葉は必ず真剣に受け止める。一人にしない・安全確保・傾聴・専門家への速やかな連携が基本。強制入院は管理監督者の権限外。,,,,,相談・連携・復職,第5章 / 危機対応,労働者からの相談への対応（話の聴き方、情報提供および助言の方法等）,
ichi-0484,すぐに強制入院の手続きを行う。,×,希死念慮・自殺念慮を示す言葉は必ず真剣に受け止める。一人にしない・安全確保・傾聴・専門家への速やかな連携が基本。強制入院は管理監督者の権限外。,,,,,相談・連携・復職,第5章 / 危機対応,労働者からの相談への対応（話の聴き方、情報提供および助言の方法等）,
ichi-0485,事例性とは医学的な診断名・病状を指し、疾病性とは職場での問題行動を指す。,×,事例性＝職場での問題事実（遅刻・ミス・対人トラブル等）、疾病性＝医学的な病態・診断。管理監督者は疾病性の判断はせず、事例性（職場での変化・問題）をもとに対応することが重要。,,,,,相談・連携・復職,第5章 / 不調の早期発見と見えにくさへの理解,労働者からの相談への対応（話の聴き方、情報提供および助言の方法等）,
ichi-0486,管理監督者は疾病性（医学的判断）に基づいて対応し、事例性（職場での問題）は産業医が扱う。,×,事例性＝職場での問題事実（遅刻・ミス・対人トラブル等）、疾病性＝医学的な病態・診断。管理監督者は疾病性の判断はせず、事例性（職場での変化・問題）をもとに対応することが重要。,,,,,相談・連携・復職,第5章 / 不調の早期発見と見えにくさへの理解,労働者からの相談への対応（話の聴き方、情報提供および助言の方法等）,
ichi-0487,事例性とは職場で顕在化している問題（遅刻・ミス等）を指し、疾病性とは医学的な病態を指す。管理監督者は事例性に基づいて対応する。,○,事例性＝職場での問題事実（遅刻・ミス・対人トラブル等）、疾病性＝医学的な病態・診断。管理監督者は疾病性の判断はせず、事例性（職場での変化・問題）をもとに対応することが重要。,,,,,相談・連携・復職,第5章 / 不調の早期発見と見えにくさへの理解,労働者からの相談への対応（話の聴き方、情報提供および助言の方法等）,
ichi-0488,事例性と疾病性は同じ概念であり、区別する必要はない。,×,事例性＝職場での問題事実（遅刻・ミス・対人トラブル等）、疾病性＝医学的な病態・診断。管理監督者は疾病性の判断はせず、事例性（職場での変化・問題）をもとに対応することが重要。,,,,,相談・連携・復職,第5章 / 不調の早期発見と見えにくさへの理解,労働者からの相談への対応（話の聴き方、情報提供および助言の方法等）,
ichi-0489,解決策を与えることで部下が感謝し、信頼関係が深まるため問題はない。,×,管理監督者が安易に解決策を押しつけると、部下の自律性・問題解決力の発達を妨げる。まず傾聴し、本人が自ら答えを見つけるプロセスをサポートする姿勢が重要。,,,,,相談・連携・復職,第5章 / なぜ管理監督者が話を聴くのか,労働者からの相談への対応（話の聴き方、情報提供および助言の方法等）,
ichi-0490,部下が自ら考え解決する力（自律性）を損ない、依存的になる可能性がある。,○,管理監督者が安易に解決策を押しつけると、部下の自律性・問題解決力の発達を妨げる。まず傾聴し、本人が自ら答えを見つけるプロセスをサポートする姿勢が重要。,,,,,相談・連携・復職,第5章 / なぜ管理監督者が話を聴くのか,労働者からの相談への対応（話の聴き方、情報提供および助言の方法等）,
ichi-0491,管理監督者が解決策を提示することは、プロとして当然の行為であり推奨される。,×,管理監督者が安易に解決策を押しつけると、部下の自律性・問題解決力の発達を妨げる。まず傾聴し、本人が自ら答えを見つけるプロセスをサポートする姿勢が重要。,,,,,相談・連携・復職,第5章 / なぜ管理監督者が話を聴くのか,労働者からの相談への対応（話の聴き方、情報提供および助言の方法等）,
ichi-0492,相談の場では解決策を出すことが目的であり、傾聴は不要である。,×,管理監督者が安易に解決策を押しつけると、部下の自律性・問題解決力の発達を妨げる。まず傾聴し、本人が自ら答えを見つけるプロセスをサポートする姿勢が重要。,,,,,相談・連携・復職,第5章 / なぜ管理監督者が話を聴くのか,労働者からの相談への対応（話の聴き方、情報提供および助言の方法等）,
ichi-0493,管理監督者が産業医に相談する場合、必ず本人の同意を事前に得なければならない。,×,管理監督者は個人が特定されない形（匿名・一般論として）で産業医に相談・助言を求めることができる。本人を直接つなぐ際は本人への説明と同意取得が基本。,,,,,相談・連携・復職,第5章 / 専門家・医療機関への橋渡し,労働者からの相談への対応（話の聴き方、情報提供および助言の方法等）,
ichi-0494,管理監督者は本人の状況を匿名で産業医に相談し、対応方法についてアドバイスを求めることができる。,○,管理監督者は個人が特定されない形（匿名・一般論として）で産業医に相談・助言を求めることができる。本人を直接つなぐ際は本人への説明と同意取得が基本。,,,,,相談・連携・復職,第5章 / 専門家・医療機関への橋渡し,労働者からの相談への対応（話の聴き方、情報提供および助言の方法等）,
ichi-0495,産業医への相談は人事部門のみが行えるものであり、管理監督者は直接相談できない。,×,管理監督者は個人が特定されない形（匿名・一般論として）で産業医に相談・助言を求めることができる。本人を直接つなぐ際は本人への説明と同意取得が基本。,,,,,相談・連携・復職,第5章 / 専門家・医療機関への橋渡し,労働者からの相談への対応（話の聴き方、情報提供および助言の方法等）,
ichi-0496,産業医への情報提供は、本人に一切知らせずに行うことが推奨される。,×,管理監督者は個人が特定されない形（匿名・一般論として）で産業医に相談・助言を求めることができる。本人を直接つなぐ際は本人への説明と同意取得が基本。,,,,,相談・連携・復職,第5章 / 専門家・医療機関への橋渡し,労働者からの相談への対応（話の聴き方、情報提供および助言の方法等）,
ichi-0497,職場復帰を円滑に進めるため、関係するすべての部署・社員に情報を広く共有する。,×,職場復帰支援での情報共有は「本人同意・必要最小限・関係者限定」が原則。主治医→産業医への情報提供にも本人同意が必要。管理監督者への情報提供も範囲を限定して行う。,,,,,相談・連携・復職,第6章 / 社内外との連携が必要な理由と方法,社内外資源との連携,
ichi-0498,本人の同意を得たうえで、支援に必要な最小限の情報を関係者間で共有する。,○,職場復帰支援での情報共有は「本人同意・必要最小限・関係者限定」が原則。主治医→産業医への情報提供にも本人同意が必要。管理監督者への情報提供も範囲を限定して行う。,,,,,相談・連携・復職,第6章 / 社内外との連携が必要な理由と方法,社内外資源との連携,
ichi-0499,主治医・産業医間の情報共有には、本人の同意は不要である。,×,職場復帰支援での情報共有は「本人同意・必要最小限・関係者限定」が原則。主治医→産業医への情報提供にも本人同意が必要。管理監督者への情報提供も範囲を限定して行う。,,,,,相談・連携・復職,第6章 / 社内外との連携が必要な理由と方法,社内外資源との連携,
ichi-0500,人事部門は個人情報保護の観点から、管理監督者に対して一切の情報提供を行えない。,×,職場復帰支援での情報共有は「本人同意・必要最小限・関係者限定」が原則。主治医→産業医への情報提供にも本人同意が必要。管理監督者への情報提供も範囲を限定して行う。,,,,,相談・連携・復職,第6章 / 社内外との連携が必要な理由と方法,社内外資源との連携,
ichi-0501,精神科・心療内科への受診を勧めると、本人が傷つくため、まずは内科受診を勧めるべきである。,×,医療機関紹介では本人の状態・意向・地理的アクセス・専門性を考慮して情報提供する。精神科・心療内科・かかりつけ医等、状況に応じた選択肢を丁寧に説明することが重要。,,,,,相談・連携・復職,第6章 / 医療機関の種類と適切な選び方,社内外資源との連携,
ichi-0502,本人の状態・希望・アクセスしやすさ等を考慮しながら、適切な医療機関の情報を提供する。,○,医療機関紹介では本人の状態・意向・地理的アクセス・専門性を考慮して情報提供する。精神科・心療内科・かかりつけ医等、状況に応じた選択肢を丁寧に説明することが重要。,,,,,相談・連携・復職,第6章 / 医療機関の種類と適切な選び方,社内外資源との連携,
ichi-0503,初診は必ず精神科入院病棟のある病院を選ぶ。,×,医療機関紹介では本人の状態・意向・地理的アクセス・専門性を考慮して情報提供する。精神科・心療内科・かかりつけ医等、状況に応じた選択肢を丁寧に説明することが重要。,,,,,相談・連携・復職,第6章 / 医療機関の種類と適切な選び方,社内外資源との連携,
ichi-0504,医療機関の選定は産業医が一方的に決定し、本人の意向は考慮しない。,×,医療機関紹介では本人の状態・意向・地理的アクセス・専門性を考慮して情報提供する。精神科・心療内科・かかりつけ医等、状況に応じた選択肢を丁寧に説明することが重要。,,,,,相談・連携・復職,第6章 / 医療機関の種類と適切な選び方,社内外資源との連携,
ichi-0505,休業中は本人への連絡を一切絶ち、完全に療養に専念させる。,×,第1ステップでは安心して療養できる環境を整えることが重要。適度な連絡（プレッシャーにならない範囲）と制度的情報（傷病手当・休職期間等）の提供が適切な対応。,,,,,相談・連携・復職,第7章 / 職場復帰の流れ：ステップ１〜３,心の健康問題をもつ復職者への支援の方法,
ichi-0506,療養中も職場との適度な連絡を維持し、必要な情報（傷病手当・復職の流れ等）を提供する。,○,第1ステップでは安心して療養できる環境を整えることが重要。適度な連絡（プレッシャーにならない範囲）と制度的情報（傷病手当・休職期間等）の提供が適切な対応。,,,,,相談・連携・復職,第7章 / 職場復帰の流れ：ステップ１〜３,心の健康問題をもつ復職者への支援の方法,
ichi-0507,早期職場復帰を促すため、業務の状況を頻繁に連絡して危機感を持たせる。,×,第1ステップでは安心して療養できる環境を整えることが重要。適度な連絡（プレッシャーにならない範囲）と制度的情報（傷病手当・休職期間等）の提供が適切な対応。,,,,,相談・連携・復職,第7章 / 職場復帰の流れ：ステップ１〜３,心の健康問題をもつ復職者への支援の方法,
ichi-0508,休業期間中の給与は全額保障されるため、経済的な不安についての説明は不要である。,×,第1ステップでは安心して療養できる環境を整えることが重要。適度な連絡（プレッシャーにならない範囲）と制度的情報（傷病手当・休職期間等）の提供が適切な対応。,,,,,相談・連携・復職,第7章 / 職場復帰の流れ：ステップ１〜３,心の健康問題をもつ復職者への支援の方法,
ichi-0509,主治医の診断書が提出されれば、直ちに元の職場・業務に完全復帰させる。,×,主治医は治療の観点から復帰可能と判断するが、職場の実情・業務内容を踏まえた判断は産業医と事業者が行う。第3ステップで総合的に復帰可否・支援プランを検討する。,,,,,相談・連携・復職,第7章 / 職場復帰の流れ：ステップ１〜３,心の健康問題をもつ復職者への支援の方法,
ichi-0510,主治医の判断は治療上の観点からであり、産業医の意見も踏まえて職場としての復帰可否を判断する。,○,主治医は治療の観点から復帰可能と判断するが、職場の実情・業務内容を踏まえた判断は産業医と事業者が行う。第3ステップで総合的に復帰可否・支援プランを検討する。,,,,,相談・連携・復職,第7章 / 職場復帰の流れ：ステップ１〜３,心の健康問題をもつ復職者への支援の方法,
ichi-0511,主治医の診断書が提出された場合、産業医への相談は不要である。,×,主治医は治療の観点から復帰可能と判断するが、職場の実情・業務内容を踏まえた判断は産業医と事業者が行う。第3ステップで総合的に復帰可否・支援プランを検討する。,,,,,相談・連携・復職,第7章 / 職場復帰の流れ：ステップ１〜３,心の健康問題をもつ復職者への支援の方法,
ichi-0512,診断書の内容に疑問があっても、主治医の判断を尊重して即時復帰を認める。,×,主治医は治療の観点から復帰可能と判断するが、職場の実情・業務内容を踏まえた判断は産業医と事業者が行う。第3ステップで総合的に復帰可否・支援プランを検討する。,,,,,相談・連携・復職,第7章 / 職場復帰の流れ：ステップ１〜３,心の健康問題をもつ復職者への支援の方法,
ichi-0513,がん治療中は就労不可能であるため、退職を勧めることが本人のためになる。,×,がん・糖尿病・メンタルヘルス疾患等の治療と仕事の両立支援では、柔軟な勤務制度・通院配慮・職場環境調整が重要。主治医・産業医・人事・管理監督者の連携が不可欠。,,,,,相談・連携・復職,第7章 / 治療しながら働き続けるための支援,心の健康問題をもつ復職者への支援の方法,
ichi-0514,通院治療に対応するため、時間単位の有給休暇や時差出勤など柔軟な勤務制度の活用を検討する。,○,がん・糖尿病・メンタルヘルス疾患等の治療と仕事の両立支援では、柔軟な勤務制度・通院配慮・職場環境調整が重要。主治医・産業医・人事・管理監督者の連携が不可欠。,,,,,相談・連携・復職,第7章 / 治療しながら働き続けるための支援,心の健康問題をもつ復職者への支援の方法,
ichi-0515,がんは精神疾患ではないため、産業医は関与する必要がない。,×,がん・糖尿病・メンタルヘルス疾患等の治療と仕事の両立支援では、柔軟な勤務制度・通院配慮・職場環境調整が重要。主治医・産業医・人事・管理監督者の連携が不可欠。,,,,,相談・連携・復職,第7章 / 治療しながら働き続けるための支援,心の健康問題をもつ復職者への支援の方法,
ichi-0516,治療の副作用による体調変動は本人が管理すべきものであり、職場が配慮する必要はない。,×,がん・糖尿病・メンタルヘルス疾患等の治療と仕事の両立支援では、柔軟な勤務制度・通院配慮・職場環境調整が重要。主治医・産業医・人事・管理監督者の連携が不可欠。,,,,,相談・連携・復職,第7章 / 治療しながら働き続けるための支援,心の健康問題をもつ復職者への支援の方法,
ichi-0517,仕事の質・量、対人関係（セクハラ・パワハラ含む）、仕事の失敗・責任の発生は、労働安全衛生調査でストレス原因として上位に挙げられる組み合わせである。,○,労働安全衛生調査のストレス原因上位は「仕事の質・量」「対人関係」「仕事の失敗・責任」。物理的・福利厚生的な要因は上位に来ない。,,,,,基礎・役割,第1章 / 働く人のストレス,メンタルヘルスケアの意義と管理監督者の役割,
ichi-0518,通勤時間、職場の温度・湿度、休憩室の不足は、労働安全衛生調査でストレス原因として上位に挙げられる組み合わせである。,×,労働安全衛生調査のストレス原因上位は「仕事の質・量」「対人関係」「仕事の失敗・責任」。物理的・福利厚生的な要因は上位に来ない。,,,,,基礎・役割,第1章 / 働く人のストレス,メンタルヘルスケアの意義と管理監督者の役割,
ichi-0519,給与水準、福利厚生の充実度、会社の知名度は、労働安全衛生調査でストレス原因として上位に挙げられる組み合わせである。,×,労働安全衛生調査のストレス原因上位は「仕事の質・量」「対人関係」「仕事の失敗・責任」。物理的・福利厚生的な要因は上位に来ない。,,,,,基礎・役割,第1章 / 働く人のストレス,メンタルヘルスケアの意義と管理監督者の役割,
ichi-0520,社宅・寮の有無、社内食堂の質、駐車場の広さは、労働安全衛生調査でストレス原因として上位に挙げられる組み合わせである。,×,労働安全衛生調査のストレス原因上位は「仕事の質・量」「対人関係」「仕事の失敗・責任」。物理的・福利厚生的な要因は上位に来ない。,,,,,基礎・役割,第1章 / 働く人のストレス,メンタルヘルスケアの意義と管理監督者の役割,
ichi-0521,時間外・休日労働を削減するための措置を講じ、労働者の健康管理を行う。,○,過重労働防止対策では労働時間の削減・適正化、面接指導の実施、勤務間インターバルの確保等が求められる。管理監督者も労働時間把握・業務調整の中心的役割を担う。,,,,,職場環境・配慮,第4章 / 過重労働の防止と対処方法,個々の労働者への配慮,
ichi-0522,過重労働は個人の問題であり、事業者が介入する必要はない。,×,過重労働防止対策では労働時間の削減・適正化、面接指導の実施、勤務間インターバルの確保等が求められる。管理監督者も労働時間把握・業務調整の中心的役割を担う。,,,,,職場環境・配慮,第4章 / 過重労働の防止と対処方法,個々の労働者への配慮,
ichi-0523,月45時間以内の時間外労働であれば健康への影響はないため、管理は不要である。,×,過重労働防止対策では労働時間の削減・適正化、面接指導の実施、勤務間インターバルの確保等が求められる。管理監督者も労働時間把握・業務調整の中心的役割を担う。,,,,,職場環境・配慮,第4章 / 過重労働の防止と対処方法,個々の労働者への配慮,
ichi-0524,過重労働対策は人事部門のみの責任であり、管理監督者は関与しない。,×,過重労働防止対策では労働時間の削減・適正化、面接指導の実施、勤務間インターバルの確保等が求められる。管理監督者も労働時間把握・業務調整の中心的役割を担う。,,,,,職場環境・配慮,第4章 / 過重労働の防止と対処方法,個々の労働者への配慮,
ichi-0525,職場復帰支援プランに含める内容として、「復職者の過去の病歴・入院歴の詳細な記録」という記述は正しい。,×,職場復帰支援プランには、業務内容・業務量の調整、勤務時間・形態の変更、フォローアップの方法・頻度・担当者、支援期間等を具体的に定める。個人の医療情報の詳細は含めない。,,,,,相談・連携・復職,第7章 / 職場復帰の流れ：ステップ４・５とプライバシー保護,心の健康問題をもつ復職者への支援の方法,
ichi-0526,職場復帰支援プランに含める内容として、「復職後の業務内容・業務量の調整方針、フォローアップの頻度・担当者、勤務時間の変更等」という記述は正しい。,○,職場復帰支援プランには、業務内容・業務量の調整、勤務時間・形態の変更、フォローアップの方法・頻度・担当者、支援期間等を具体的に定める。個人の医療情報の詳細は含めない。,,,,,相談・連携・復職,第7章 / 職場復帰の流れ：ステップ４・５とプライバシー保護,心の健康問題をもつ復職者への支援の方法,
ichi-0527,職場復帰支援プランに含める内容として、「復職者の主治医への評価コメント」という記述は正しい。,×,職場復帰支援プランには、業務内容・業務量の調整、勤務時間・形態の変更、フォローアップの方法・頻度・担当者、支援期間等を具体的に定める。個人の医療情報の詳細は含めない。,,,,,相談・連携・復職,第7章 / 職場復帰の流れ：ステップ４・５とプライバシー保護,心の健康問題をもつ復職者への支援の方法,
ichi-0528,職場復帰支援プランに含める内容として、「復職者の給与削減計画」という記述は正しい。,×,職場復帰支援プランには、業務内容・業務量の調整、勤務時間・形態の変更、フォローアップの方法・頻度・担当者、支援期間等を具体的に定める。個人の医療情報の詳細は含めない。,,,,,相談・連携・復職,第7章 / 職場復帰の流れ：ステップ４・５とプライバシー保護,心の健康問題をもつ復職者への支援の方法,
ichi-0529,安全配慮義務違反が認められるには、損害発生が100%確実に予見できた場合に限られる。,×,予見可能性とは、通常の注意を払えば損害発生を予見できたかどうか。長時間労働・強いストレス下での健康被害は予見可能とされるケースが多い。,,,,,基礎・役割,第1章 / 労働安全衛生法と安全配慮義務,メンタルヘルスケアの意義と管理監督者の役割,
ichi-0530,長時間労働が続く部下の健康被害は一般的に予見可能であり、対策を怠った場合は義務違反となりうる。,○,予見可能性とは、通常の注意を払えば損害発生を予見できたかどうか。長時間労働・強いストレス下での健康被害は予見可能とされるケースが多い。,,,,,基礎・役割,第1章 / 労働安全衛生法と安全配慮義務,メンタルヘルスケアの意義と管理監督者の役割,
ichi-0531,過去に同様の健康被害が発生していない職場では、予見可能性はないと判断される。,×,予見可能性とは、通常の注意を払えば損害発生を予見できたかどうか。長時間労働・強いストレス下での健康被害は予見可能とされるケースが多い。,,,,,基礎・役割,第1章 / 労働安全衛生法と安全配慮義務,メンタルヘルスケアの意義と管理監督者の役割,
ichi-0532,予見可能性の判断は労働者本人が行うものであり、使用者には関係しない。,×,予見可能性とは、通常の注意を払えば損害発生を予見できたかどうか。長時間労働・強いストレス下での健康被害は予見可能とされるケースが多い。,,,,,基礎・役割,第1章 / 労働安全衛生法と安全配慮義務,メンタルヘルスケアの意義と管理監督者の役割,
ichi-0533,民事責任（債務不履行・不法行為）と刑事責任の両方が問われる場合がある。,○,安全配慮義務違反は債務不履行（民法415条）・不法行為（民法709条・715条）として民事責任が生じ、労働安全衛生法違反として刑事責任が問われる場合もある。,,,,,基礎・役割,第1章 / 労働安全衛生法と安全配慮義務,メンタルヘルスケアの意義と管理監督者の役割,
ichi-0534,安全配慮義務違反は刑事責任のみであり、民事上の損害賠償は発生しない。,×,安全配慮義務違反は債務不履行（民法415条）・不法行為（民法709条・715条）として民事責任が生じ、労働安全衛生法違反として刑事責任が問われる場合もある。,,,,,基礎・役割,第1章 / 労働安全衛生法と安全配慮義務,メンタルヘルスケアの意義と管理監督者の役割,
ichi-0535,安全配慮義務は道義的責任にとどまり、法的責任は生じない。,×,安全配慮義務違反は債務不履行（民法415条）・不法行為（民法709条・715条）として民事責任が生じ、労働安全衛生法違反として刑事責任が問われる場合もある。,,,,,基礎・役割,第1章 / 労働安全衛生法と安全配慮義務,メンタルヘルスケアの意義と管理監督者の役割,
ichi-0536,安全配慮義務違反の責任は個人（管理監督者）のみに帰属し、会社は責任を負わない。,×,安全配慮義務違反は債務不履行（民法415条）・不法行為（民法709条・715条）として民事責任が生じ、労働安全衛生法違反として刑事責任が問われる場合もある。,,,,,基礎・役割,第1章 / 労働安全衛生法と安全配慮義務,メンタルヘルスケアの意義と管理監督者の役割,
ichi-0537,過労死等防止対策推進法は、過労死した場合の遺族への補償を定めた法律である。,×,過労死等防止対策推進法（2014年）は過労死ゼロを目指し、調査研究・啓発・相談体制整備等を求める。国・地方・事業主・国民すべてに責務を課す理念法。時間外上限規制は労基法改正。,,,,,基礎・役割,第1章 / メンタル不調と労働災害・過重労働防止,メンタルヘルスケアの意義と管理監督者の役割,
ichi-0538,この法律では、国・地方公共団体・事業主・国民それぞれに過労死等防止のための責務が定められている。,○,過労死等防止対策推進法（2014年）は過労死ゼロを目指し、調査研究・啓発・相談体制整備等を求める。国・地方・事業主・国民すべてに責務を課す理念法。時間外上限規制は労基法改正。,,,,,基礎・役割,第1章 / メンタル不調と労働災害・過重労働防止,メンタルヘルスケアの意義と管理監督者の役割,
ichi-0539,この法律により、時間外労働の上限規制が直接設けられた。,×,過労死等防止対策推進法（2014年）は過労死ゼロを目指し、調査研究・啓発・相談体制整備等を求める。国・地方・事業主・国民すべてに責務を課す理念法。時間外上限規制は労基法改正。,,,,,基礎・役割,第1章 / メンタル不調と労働災害・過重労働防止,メンタルヘルスケアの意義と管理監督者の役割,
ichi-0540,この法律は民間企業のみを対象とし、公務員は適用除外である。,×,過労死等防止対策推進法（2014年）は過労死ゼロを目指し、調査研究・啓発・相談体制整備等を求める。国・地方・事業主・国民すべてに責務を課す理念法。時間外上限規制は労基法改正。,,,,,基礎・役割,第1章 / メンタル不調と労働災害・過重労働防止,メンタルヘルスケアの意義と管理監督者の役割,
ichi-0541,この時間数を超えると即座に死亡するリスクがあるため。,×,過労死認定基準（脳・心臓疾患）は医学的根拠に基づく。発症前1か月100時間超または2〜6か月平均80時間超の時間外労働が「過重業務」の目安。労基法の上限規制とは別概念。,,,,,基礎・役割,第1章 / メンタル不調と労働災害・過重労働防止,メンタルヘルスケアの意義と管理監督者の役割,
ichi-0542,この水準を超える長時間労働は、脳・心臓疾患の発症との関連が医学的に認められているため。,○,過労死認定基準（脳・心臓疾患）は医学的根拠に基づく。発症前1か月100時間超または2〜6か月平均80時間超の時間外労働が「過重業務」の目安。労基法の上限規制とは別概念。,,,,,基礎・役割,第1章 / メンタル不調と労働災害・過重労働防止,メンタルヘルスケアの意義と管理監督者の役割,
ichi-0543,労働基準法が定める時間外労働の上限がこの水準であるため。,×,過労死認定基準（脳・心臓疾患）は医学的根拠に基づく。発症前1か月100時間超または2〜6か月平均80時間超の時間外労働が「過重業務」の目安。労基法の上限規制とは別概念。,,,,,基礎・役割,第1章 / メンタル不調と労働災害・過重労働防止,メンタルヘルスケアの意義と管理監督者の役割,
ichi-0544,この水準を超えると会社が倒産するリスクが高まるため。,×,過労死認定基準（脳・心臓疾患）は医学的根拠に基づく。発症前1か月100時間超または2〜6か月平均80時間超の時間外労働が「過重業務」の目安。労基法の上限規制とは別概念。,,,,,基礎・役割,第1章 / メンタル不調と労働災害・過重労働防止,メンタルヘルスケアの意義と管理監督者の役割,
ichi-0545,メンタルヘルス対策は企業内部の問題であり、社会的な意義はない。,×,メンタルヘルス対策は個別企業の問題にとどまらず、労働力確保・医療費抑制・社会的損失低減という観点で社会全体への意義がある。ESG経営・SDGsとも連動する課題。,,,,,基礎・役割,第1章 / メンタルヘルスケアが企業にもたらす意義,メンタルヘルスケアの意義と管理監督者の役割,
ichi-0546,労働者の心の健康を守ることは、持続可能な社会・労働市場の形成に貢献する。,○,メンタルヘルス対策は個別企業の問題にとどまらず、労働力確保・医療費抑制・社会的損失低減という観点で社会全体への意義がある。ESG経営・SDGsとも連動する課題。,,,,,基礎・役割,第1章 / メンタルヘルスケアが企業にもたらす意義,メンタルヘルスケアの意義と管理監督者の役割,
ichi-0547,メンタルヘルス対策は上場企業のみに求められる社会的責任である。,×,メンタルヘルス対策は個別企業の問題にとどまらず、労働力確保・医療費抑制・社会的損失低減という観点で社会全体への意義がある。ESG経営・SDGsとも連動する課題。,,,,,基礎・役割,第1章 / メンタルヘルスケアが企業にもたらす意義,メンタルヘルスケアの意義と管理監督者の役割,
ichi-0548,メンタルヘルス対策の社会的意義は、企業イメージの向上のみである。,×,メンタルヘルス対策は個別企業の問題にとどまらず、労働力確保・医療費抑制・社会的損失低減という観点で社会全体への意義がある。ESG経営・SDGsとも連動する課題。,,,,,基礎・役割,第1章 / メンタルヘルスケアが企業にもたらす意義,メンタルヘルスケアの意義と管理監督者の役割,
ichi-0549,衛生委員会はメンタルヘルスケアに関与する必要はなく、身体的安全衛生のみを審議する。,×,衛生委員会（50人以上の事業場で設置義務）はメンタルヘルスケアの計画策定・評価・教育研修等について審議する。月1回以上の開催が必要。議事録の保存・周知も義務。,,,,,基礎・役割,第1章 / 方針・計画の策定とマネジメント,メンタルヘルスケアの意義と管理監督者の役割,
ichi-0550,心の健康づくり計画の策定・実施・評価について調査審議し、事業者に意見を述べる役割を担う。,○,衛生委員会（50人以上の事業場で設置義務）はメンタルヘルスケアの計画策定・評価・教育研修等について審議する。月1回以上の開催が必要。議事録の保存・周知も義務。,,,,,基礎・役割,第1章 / 方針・計画の策定とマネジメント,メンタルヘルスケアの意義と管理監督者の役割,
ichi-0551,衛生委員会での審議内容は機密事項であり、労働者には公表しない。,×,衛生委員会（50人以上の事業場で設置義務）はメンタルヘルスケアの計画策定・評価・教育研修等について審議する。月1回以上の開催が必要。議事録の保存・周知も義務。,,,,,基礎・役割,第1章 / 方針・計画の策定とマネジメント,メンタルヘルスケアの意義と管理監督者の役割,
ichi-0552,衛生委員会の設置義務は、常時200人以上の事業場に限られる。,×,衛生委員会（50人以上の事業場で設置義務）はメンタルヘルスケアの計画策定・評価・教育研修等について審議する。月1回以上の開催が必要。議事録の保存・周知も義務。,,,,,基礎・役割,第1章 / 方針・計画の策定とマネジメント,メンタルヘルスケアの意義と管理監督者の役割,
ichi-0553,ストレスチェックの実施時期・対象者・実施者・高ストレス者への対応方法等。,○,ストレスチェック実施計画には、実施時期・対象者・実施者（医師・保健師等）・実施方法・情報管理方針・高ストレス者への面接指導対応等を定める。個人結果の人事利用は禁止。,,,,,基礎・役割,第1章 / 方針・計画の策定とマネジメント,メンタルヘルスケアの意義と管理監督者の役割,
ichi-0554,各労働者のストレスチェック結果の詳細と個人別対策。,×,ストレスチェック実施計画には、実施時期・対象者・実施者（医師・保健師等）・実施方法・情報管理方針・高ストレス者への面接指導対応等を定める。個人結果の人事利用は禁止。,,,,,基礎・役割,第1章 / 方針・計画の策定とマネジメント,メンタルヘルスケアの意義と管理監督者の役割,
ichi-0555,ストレスチェックを実施しない理由の記録。,×,ストレスチェック実施計画には、実施時期・対象者・実施者（医師・保健師等）・実施方法・情報管理方針・高ストレス者への面接指導対応等を定める。個人結果の人事利用は禁止。,,,,,基礎・役割,第1章 / 方針・計画の策定とマネジメント,メンタルヘルスケアの意義と管理監督者の役割,
ichi-0556,実施結果に基づく人事評価の方針。,×,ストレスチェック実施計画には、実施時期・対象者・実施者（医師・保健師等）・実施方法・情報管理方針・高ストレス者への面接指導対応等を定める。個人結果の人事利用は禁止。,,,,,基礎・役割,第1章 / 方針・計画の策定とマネジメント,メンタルヘルスケアの意義と管理監督者の役割,
ichi-0557,問題が発生してから初めて職場環境の調査を始める。,×,ラインケアにおける職場環境改善は、日常観察・集団分析活用・部下の声の収集→問題の特定→改善策の検討・実施→評価のサイクルで継続的に行うことが重要。,,,,,基礎・役割,第1章 / ラインケアの進め方と重要性,メンタルヘルスケアの意義と管理監督者の役割,
ichi-0558,日常的な観察・ストレスチェック集団分析・部下との面談等を通じて職場のストレス状況を継続的に把握し、改善に取り組む。,○,ラインケアにおける職場環境改善は、日常観察・集団分析活用・部下の声の収集→問題の特定→改善策の検討・実施→評価のサイクルで継続的に行うことが重要。,,,,,基礎・役割,第1章 / ラインケアの進め方と重要性,メンタルヘルスケアの意義と管理監督者の役割,
ichi-0559,職場環境の改善は専門コンサルタントに委託するものであり、管理監督者は関与しない。,×,ラインケアにおける職場環境改善は、日常観察・集団分析活用・部下の声の収集→問題の特定→改善策の検討・実施→評価のサイクルで継続的に行うことが重要。,,,,,基礎・役割,第1章 / ラインケアの進め方と重要性,メンタルヘルスケアの意義と管理監督者の役割,
ichi-0560,ストレスの原因が個人にある場合は職場環境改善の対象外であり、個人指導のみを行う。,×,ラインケアにおける職場環境改善は、日常観察・集団分析活用・部下の声の収集→問題の特定→改善策の検討・実施→評価のサイクルで継続的に行うことが重要。,,,,,基礎・役割,第1章 / ラインケアの進め方と重要性,メンタルヘルスケアの意義と管理監督者の役割,
ichi-0561,部下のメンタルヘルス不調を自ら診断・治療すること。,×,ラインによるケアの本質は「日常の職務管理の中でのメンタルヘルス配慮」。診断・治療は専門家の領域。管理監督者は気づき・対話・環境改善・専門家への橋渡しを担う。,,,,,基礎・役割,第1章 / ラインケアの進め方と重要性,メンタルヘルスケアの意義と管理監督者の役割,
ichi-0562,日常の職務管理の中でメンタルヘルスに配慮し、不調の早期発見・対応と職場環境改善を担うこと。,○,ラインによるケアの本質は「日常の職務管理の中でのメンタルヘルス配慮」。診断・治療は専門家の領域。管理監督者は気づき・対話・環境改善・専門家への橋渡しを担う。,,,,,基礎・役割,第1章 / ラインケアの進め方と重要性,メンタルヘルスケアの意義と管理監督者の役割,
ichi-0563,産業医の業務を代行し、労働者の健康診断を実施すること。,×,ラインによるケアの本質は「日常の職務管理の中でのメンタルヘルス配慮」。診断・治療は専門家の領域。管理監督者は気づき・対話・環境改善・専門家への橋渡しを担う。,,,,,基礎・役割,第1章 / ラインケアの進め方と重要性,メンタルヘルスケアの意義と管理監督者の役割,
ichi-0564,メンタルヘルス不調者の人事異動を単独で決定すること。,×,ラインによるケアの本質は「日常の職務管理の中でのメンタルヘルス配慮」。診断・治療は専門家の領域。管理監督者は気づき・対話・環境改善・専門家への橋渡しを担う。,,,,,基礎・役割,第1章 / ラインケアの進め方と重要性,メンタルヘルスケアの意義と管理監督者の役割,
ichi-0565,「職業性ストレスモデル」における「緩衝要因」として、「仕事の量的負担」という記述は正しい。,×,NIOSH職業性ストレスモデルで緩衝要因にあたるのは社会的支援（上司・同僚・家族）。個人的要因（年齢・性格傾向等）や仕事外の要因はこれとは別のカテゴリーで、いずれもストレッサーとストレス反応の関係を修飾する。,,,,,基礎・役割,第2章 / 産業ストレス,ストレスおよびメンタルヘルスに関する基礎知識,
ichi-0566,「職業性ストレスモデル」における「緩衝要因」として、「上司・同僚・家族からの社会的支援」という記述は正しい。,○,NIOSH職業性ストレスモデルで緩衝要因にあたるのは社会的支援（上司・同僚・家族）。個人的要因（年齢・性格傾向等）や仕事外の要因はこれとは別のカテゴリーで、いずれもストレッサーとストレス反応の関係を修飾する。,,,,,基礎・役割,第2章 / 産業ストレス,ストレスおよびメンタルヘルスに関する基礎知識,
ichi-0567,「職業性ストレスモデル」における「緩衝要因」として、「職場の物理的環境」という記述は正しい。,×,NIOSH職業性ストレスモデルで緩衝要因にあたるのは社会的支援（上司・同僚・家族）。個人的要因（年齢・性格傾向等）や仕事外の要因はこれとは別のカテゴリーで、いずれもストレッサーとストレス反応の関係を修飾する。,,,,,基礎・役割,第2章 / 産業ストレス,ストレスおよびメンタルヘルスに関する基礎知識,
ichi-0568,「職業性ストレスモデル」における「緩衝要因」として、「給与水準」という記述は正しい。,×,NIOSH職業性ストレスモデルで緩衝要因にあたるのは社会的支援（上司・同僚・家族）。個人的要因（年齢・性格傾向等）や仕事外の要因はこれとは別のカテゴリーで、いずれもストレッサーとストレス反応の関係を修飾する。,,,,,基礎・役割,第2章 / 産業ストレス,ストレスおよびメンタルヘルスに関する基礎知識,
ichi-0569,職場のストレス要因のうち「仕事の要求度」に含まれるものとして、「職場の人間関係の良好さ」という記述は正しい。,×,仕事の要求度（ジョブデマンド）は業務量・スピード・難易度・精神的負荷等。コントロール（裁量度）・サポート（支援）とともにKarasek拡張モデルの3要素を構成する。,,,,,基礎・役割,第2章 / 産業ストレス,ストレスおよびメンタルヘルスに関する基礎知識,
ichi-0570,職場のストレス要因のうち「仕事の要求度」に含まれるものとして、「業務量の多さ・締め切りの厳しさ・精神的負荷の高さ」という記述は正しい。,○,仕事の要求度（ジョブデマンド）は業務量・スピード・難易度・精神的負荷等。コントロール（裁量度）・サポート（支援）とともにKarasek拡張モデルの3要素を構成する。,,,,,基礎・役割,第2章 / 産業ストレス,ストレスおよびメンタルヘルスに関する基礎知識,
ichi-0571,職場のストレス要因のうち「仕事の要求度」に含まれるものとして、「上司からの支援の充実度」という記述は正しい。,×,仕事の要求度（ジョブデマンド）は業務量・スピード・難易度・精神的負荷等。コントロール（裁量度）・サポート（支援）とともにKarasek拡張モデルの3要素を構成する。,,,,,基礎・役割,第2章 / 産業ストレス,ストレスおよびメンタルヘルスに関する基礎知識,
ichi-0572,職場のストレス要因のうち「仕事の要求度」に含まれるものとして、「職場の物理的作業環境の快適さ」という記述は正しい。,×,仕事の要求度（ジョブデマンド）は業務量・スピード・難易度・精神的負荷等。コントロール（裁量度）・サポート（支援）とともにKarasek拡張モデルの3要素を構成する。,,,,,基礎・役割,第2章 / 産業ストレス,ストレスおよびメンタルヘルスに関する基礎知識,
ichi-0573,法定雇用率を達成していない企業でも、罰則はなく報告義務もない。,×,2024年4月から民間企業の法定雇用率は2.5%で、対象は常用労働者40.0人以上の事業主。2026年7月からは2.7%・37.5人以上へ引き上げ予定。身体・知的・精神障害者が算定対象。障害者雇用納付金制度は主に常用労働者100人超の事業主が対象となる。,,,,,基礎・役割,第2章 / 障害者に関する法律（差別解消・雇用促進）,ストレスおよびメンタルヘルスに関する基礎知識,
ichi-0574,常用労働者40.0人以上の民間企業に法定雇用率（2.5%）の達成義務がある。,○,2024年4月から民間企業の法定雇用率は2.5%で、対象は常用労働者40.0人以上の事業主。2026年7月からは2.7%・37.5人以上へ引き上げ予定。身体・知的・精神障害者が算定対象。障害者雇用納付金制度は主に常用労働者100人超の事業主が対象となる。,,,,,基礎・役割,第2章 / 障害者に関する法律（差別解消・雇用促進）,ストレスおよびメンタルヘルスに関する基礎知識,
ichi-0575,法定雇用率の対象は身体障害者のみであり、知的・精神障害者は算定されない。,×,2024年4月から民間企業の法定雇用率は2.5%で、対象は常用労働者40.0人以上の事業主。2026年7月からは2.7%・37.5人以上へ引き上げ予定。身体・知的・精神障害者が算定対象。障害者雇用納付金制度は主に常用労働者100人超の事業主が対象となる。,,,,,基礎・役割,第2章 / 障害者に関する法律（差別解消・雇用促進）,ストレスおよびメンタルヘルスに関する基礎知識,
ichi-0576,法定雇用率は企業規模に関わらず一律に適用される。,×,2024年4月から民間企業の法定雇用率は2.5%で、対象は常用労働者40.0人以上の事業主。2026年7月からは2.7%・37.5人以上へ引き上げ予定。身体・知的・精神障害者が算定対象。障害者雇用納付金制度は主に常用労働者100人超の事業主が対象となる。,,,,,基礎・役割,第2章 / 障害者に関する法律（差別解消・雇用促進）,ストレスおよびメンタルヘルスに関する基礎知識,
ichi-0577,障害を理由とした採用拒否・解雇・降格等の不利益取り扱いは「不当な差別的取り扱い」に該当する。,○,障害者差別解消法は国・自治体・民間事業者に差別禁止を義務付け（2021年改正で民間も義務化）。合理的配慮の提供拒否も差別に該当。採用・処遇での差別的取り扱いは禁止。,,,,,基礎・役割,第2章 / 障害者に関する法律（差別解消・雇用促進）,ストレスおよびメンタルヘルスに関する基礎知識,
ichi-0578,民間企業では不当な差別的取り扱いの禁止は努力義務にとどまる。,×,障害者差別解消法は国・自治体・民間事業者に差別禁止を義務付け（2021年改正で民間も義務化）。合理的配慮の提供拒否も差別に該当。採用・処遇での差別的取り扱いは禁止。,,,,,基礎・役割,第2章 / 障害者に関する法律（差別解消・雇用促進）,ストレスおよびメンタルヘルスに関する基礎知識,
ichi-0579,障害者への合理的配慮の提供は差別禁止とは別の概念であり、法律上の義務はない。,×,障害者差別解消法は国・自治体・民間事業者に差別禁止を義務付け（2021年改正で民間も義務化）。合理的配慮の提供拒否も差別に該当。採用・処遇での差別的取り扱いは禁止。,,,,,基礎・役割,第2章 / 障害者に関する法律（差別解消・雇用促進）,ストレスおよびメンタルヘルスに関する基礎知識,
ichi-0580,障害者差別解消法は公的機関にのみ適用され、民間企業は対象外である。,×,障害者差別解消法は国・自治体・民間事業者に差別禁止を義務付け（2021年改正で民間も義務化）。合理的配慮の提供拒否も差別に該当。採用・処遇での差別的取り扱いは禁止。,,,,,基礎・役割,第2章 / 障害者に関する法律（差別解消・雇用促進）,ストレスおよびメンタルヘルスに関する基礎知識,
ichi-0581,対人関係のストレスは主観的なものであり、職場環境改善の対象にはならない。,×,対人関係ストレスは「仕事の質・量」と並ぶ主要なストレス要因。上司との関係・同僚との摩擦・顧客対応・ハラスメント・職場内の孤立等が含まれる。,,,,,職場環境・配慮,第3章 / ストレスを生む職場環境の要因,職場環境等の評価および改善の方法,
ichi-0582,上司・同僚・部下との関係、顧客からのクレーム、孤立感なども重要なストレス要因となる。,○,対人関係ストレスは「仕事の質・量」と並ぶ主要なストレス要因。上司との関係・同僚との摩擦・顧客対応・ハラスメント・職場内の孤立等が含まれる。,,,,,職場環境・配慮,第3章 / ストレスを生む職場環境の要因,職場環境等の評価および改善の方法,
ichi-0583,職場の対人関係問題はプライベートの人間関係とは無関係である。,×,対人関係ストレスは「仕事の質・量」と並ぶ主要なストレス要因。上司との関係・同僚との摩擦・顧客対応・ハラスメント・職場内の孤立等が含まれる。,,,,,職場環境・配慮,第3章 / ストレスを生む職場環境の要因,職場環境等の評価および改善の方法,
ichi-0584,対人関係のストレスは個人の性格の問題であり、職場環境とは関係がない。,×,対人関係ストレスは「仕事の質・量」と並ぶ主要なストレス要因。上司との関係・同僚との摩擦・顧客対応・ハラスメント・職場内の孤立等が含まれる。,,,,,職場環境・配慮,第3章 / ストレスを生む職場環境の要因,職場環境等の評価および改善の方法,
ichi-0585,新調査票は個人の精神疾患を診断するための臨床ツールである。,×,新職業性ストレス簡易調査票はポジティブ要因（上司・同僚のサポート充実度・公正な評価・キャリア形成支援等）も含む。ストレスチェックで使用義務はなく選択制。,,,,,職場環境・配慮,第3章 / ストレスの評価方法,職場環境等の評価および改善の方法,
ichi-0586,ワーク・エンゲイジメントや職場の一体感など、ポジティブな職場要因も評価項目に加えられている。,○,新職業性ストレス簡易調査票はポジティブ要因（上司・同僚のサポート充実度・公正な評価・キャリア形成支援等）も含む。ストレスチェックで使用義務はなく選択制。,,,,,職場環境・配慮,第3章 / ストレスの評価方法,職場環境等の評価および改善の方法,
ichi-0587,新調査票では集団分析ができなくなった。,×,新職業性ストレス簡易調査票はポジティブ要因（上司・同僚のサポート充実度・公正な評価・キャリア形成支援等）も含む。ストレスチェックで使用義務はなく選択制。,,,,,職場環境・配慮,第3章 / ストレスの評価方法,職場環境等の評価および改善の方法,
ichi-0588,新調査票はストレスチェック制度で使用が義務づけられている。,×,新職業性ストレス簡易調査票はポジティブ要因（上司・同僚のサポート充実度・公正な評価・キャリア形成支援等）も含む。ストレスチェックで使用義務はなく選択制。,,,,,職場環境・配慮,第3章 / ストレスの評価方法,職場環境等の評価および改善の方法,
ichi-0589,コストがかかる改善策を優先して実施することで、取り組みの本気度を示す。,×,優先順位は「高ストレス要因かつ改善可能性の高いもの」から着手するのが現実的。小さな成功体験を積み重ねることで改善の機運を高め、段階的に取り組むことが効果的。,,,,,職場環境・配慮,第3章 / 管理監督者による職場環境改善の進め方,職場環境等の評価および改善の方法,
ichi-0590,集団分析や職場での話し合いから、ストレスの高い要因・対応可能な課題を特定し、着手しやすいものから取り組む。,○,優先順位は「高ストレス要因かつ改善可能性の高いもの」から着手するのが現実的。小さな成功体験を積み重ねることで改善の機運を高め、段階的に取り組むことが効果的。,,,,,職場環境・配慮,第3章 / 管理監督者による職場環境改善の進め方,職場環境等の評価および改善の方法,
ichi-0591,全員の意見が一致した改善策のみを実施し、一部でも反対意見があれば見送る。,×,優先順位は「高ストレス要因かつ改善可能性の高いもの」から着手するのが現実的。小さな成功体験を積み重ねることで改善の機運を高め、段階的に取り組むことが効果的。,,,,,職場環境・配慮,第3章 / 管理監督者による職場環境改善の進め方,職場環境等の評価および改善の方法,
ichi-0592,改善策は一度に全て実施することで、早期の効果が期待できる。,×,優先順位は「高ストレス要因かつ改善可能性の高いもの」から着手するのが現実的。小さな成功体験を積み重ねることで改善の機運を高め、段階的に取り組むことが効果的。,,,,,職場環境・配慮,第3章 / 管理監督者による職場環境改善の進め方,職場環境等の評価および改善の方法,
ichi-0593,個人のメンタルヘルスリスクを点数化して評価するツールである。,×,メンタルヘルスアクションチェックリスト（旧：職場環境改善のためのヒント集）は職場の管理監督者・労働者が職場環境改善の着眼点を得るための参加型ツール。,,,,,職場環境・配慮,第3章 / 管理監督者による職場環境改善の進め方,職場環境等の評価および改善の方法,
ichi-0594,職場の管理監督者や労働者が職場環境の改善すべき点を話し合うための手がかりとして活用する。,○,メンタルヘルスアクションチェックリスト（旧：職場環境改善のためのヒント集）は職場の管理監督者・労働者が職場環境改善の着眼点を得るための参加型ツール。,,,,,職場環境・配慮,第3章 / 管理監督者による職場環境改善の進め方,職場環境等の評価および改善の方法,
ichi-0595,このチェックリストは産業医のみが使用できる。,×,メンタルヘルスアクションチェックリスト（旧：職場環境改善のためのヒント集）は職場の管理監督者・労働者が職場環境改善の着眼点を得るための参加型ツール。,,,,,職場環境・配慮,第3章 / 管理監督者による職場環境改善の進め方,職場環境等の評価および改善の方法,
ichi-0596,チェックリストで問題が見つかった場合、即座に職場閉鎖の根拠として使用する。,×,メンタルヘルスアクションチェックリスト（旧：職場環境改善のためのヒント集）は職場の管理監督者・労働者が職場環境改善の着眼点を得るための参加型ツール。,,,,,職場環境・配慮,第3章 / 管理監督者による職場環境改善の進め方,職場環境等の評価および改善の方法,
ichi-0597,業務の質が向上し、積極的な提案が増えた。,×,身体的ストレスサインとして頭痛・肩こり・胃腸症状・不眠・慢性疲労・食欲変化等がある。これらが急に増えた場合はメンタルヘルス不調のシグナルである可能性がある。,,,,,職場環境・配慮,第4章 / 部下のストレスサインを見逃さない,個々の労働者への配慮,
ichi-0598,頭痛・肩こり・胃腸不調・不眠・疲労感の訴えが増えた。,○,身体的ストレスサインとして頭痛・肩こり・胃腸症状・不眠・慢性疲労・食欲変化等がある。これらが急に増えた場合はメンタルヘルス不調のシグナルである可能性がある。,,,,,職場環境・配慮,第4章 / 部下のストレスサインを見逃さない,個々の労働者への配慮,
ichi-0599,職場の懇親会に積極的に参加するようになった。,×,身体的ストレスサインとして頭痛・肩こり・胃腸症状・不眠・慢性疲労・食欲変化等がある。これらが急に増えた場合はメンタルヘルス不調のシグナルである可能性がある。,,,,,職場環境・配慮,第4章 / 部下のストレスサインを見逃さない,個々の労働者への配慮,
ichi-0600,残業を自ら申し出て、積極的に業務に取り組んでいる。,×,身体的ストレスサインとして頭痛・肩こり・胃腸症状・不眠・慢性疲労・食欲変化等がある。これらが急に増えた場合はメンタルヘルス不調のシグナルである可能性がある。,,,,,職場環境・配慮,第4章 / 部下のストレスサインを見逃さない,個々の労働者への配慮,
ichi-0601,気になる変化があっても、本人から相談があるまで待つ。,×,「いつもと違う」に気づくには、普段の状態（ベースライン）を知っていることが前提。日常的なコミュニケーションと観察が早期発見の基盤。気づいたら本人への声かけが第一歩。,,,,,職場環境・配慮,第4章 / 部下のストレスサインを見逃さない,個々の労働者への配慮,
ichi-0602,日頃から部下一人ひとりの「普段の状態」を把握しておき、変化に気づいた際に声をかける。,○,「いつもと違う」に気づくには、普段の状態（ベースライン）を知っていることが前提。日常的なコミュニケーションと観察が早期発見の基盤。気づいたら本人への声かけが第一歩。,,,,,職場環境・配慮,第4章 / 部下のストレスサインを見逃さない,個々の労働者への配慮,
ichi-0603,同僚に部下の様子を調査させ、間接的に情報を収集する。,×,「いつもと違う」に気づくには、普段の状態（ベースライン）を知っていることが前提。日常的なコミュニケーションと観察が早期発見の基盤。気づいたら本人への声かけが第一歩。,,,,,職場環境・配慮,第4章 / 部下のストレスサインを見逃さない,個々の労働者への配慮,
ichi-0604,変化に気づいた際は、すぐに精神疾患の可能性を本人に伝える。,×,「いつもと違う」に気づくには、普段の状態（ベースライン）を知っていることが前提。日常的なコミュニケーションと観察が早期発見の基盤。気づいたら本人への声かけが第一歩。,,,,,職場環境・配慮,第4章 / 部下のストレスサインを見逃さない,個々の労働者への配慮,
ichi-0605,異動後は本人の自主性に任せ、管理監督者から積極的に関わらない。,×,異動・転勤・昇進等の環境変化は適応ストレスが高まる時期。入職後・異動後は特に意識的にコミュニケーションを増やし、業務の明確化・サポート体制の整備を行うことが重要。,,,,,職場環境・配慮,第4章 / 注意すべきストレス要因とその予防,個々の労働者への配慮,
ichi-0606,異動直後は環境変化によるストレスが高まりやすいため、こまめな声かけや面談でフォローする。,○,異動・転勤・昇進等の環境変化は適応ストレスが高まる時期。入職後・異動後は特に意識的にコミュニケーションを増やし、業務の明確化・サポート体制の整備を行うことが重要。,,,,,職場環境・配慮,第4章 / 注意すべきストレス要因とその予防,個々の労働者への配慮,
ichi-0607,異動後1か月は様子見とし、問題が起きてから対応すれば十分である。,×,異動・転勤・昇進等の環境変化は適応ストレスが高まる時期。入職後・異動後は特に意識的にコミュニケーションを増やし、業務の明確化・サポート体制の整備を行うことが重要。,,,,,職場環境・配慮,第4章 / 注意すべきストレス要因とその予防,個々の労働者への配慮,
ichi-0608,異動後のストレスは本人の適応力の問題であり、職場が配慮する必要はない。,×,異動・転勤・昇進等の環境変化は適応ストレスが高まる時期。入職後・異動後は特に意識的にコミュニケーションを増やし、業務の明確化・サポート体制の整備を行うことが重要。,,,,,職場環境・配慮,第4章 / 注意すべきストレス要因とその予防,個々の労働者への配慮,
ichi-0609,タイプA行動パターンは仕事熱心の表れであるため、特に対処は不要である。,×,タイプA行動パターン（競争心・時間切迫感・敵意等）は冠動脈疾患リスク因子。個人的要因としてストレス反応を修飾する。過重労働防止・リラクセーション指導等の配慮が有効。,,,,,職場環境・配慮,第4章 / 注意すべきストレス要因とその予防,個々の労働者への配慮,
ichi-0610,競争心が強く常に急いでいるタイプA行動パターンは心疾患リスクと関連があり、過重労働防止の観点から注意が必要である。,○,タイプA行動パターン（競争心・時間切迫感・敵意等）は冠動脈疾患リスク因子。個人的要因としてストレス反応を修飾する。過重労働防止・リラクセーション指導等の配慮が有効。,,,,,職場環境・配慮,第4章 / 注意すべきストレス要因とその予防,個々の労働者への配慮,
ichi-0611,タイプA行動パターンの労働者は精神疾患になりやすいため、業務から外すべきである。,×,タイプA行動パターン（競争心・時間切迫感・敵意等）は冠動脈疾患リスク因子。個人的要因としてストレス反応を修飾する。過重労働防止・リラクセーション指導等の配慮が有効。,,,,,職場環境・配慮,第4章 / 注意すべきストレス要因とその予防,個々の労働者への配慮,
ichi-0612,タイプA行動パターンは遺伝的なものであり、職場でできることは何もない。,×,タイプA行動パターン（競争心・時間切迫感・敵意等）は冠動脈疾患リスク因子。個人的要因としてストレス反応を修飾する。過重労働防止・リラクセーション指導等の配慮が有効。,,,,,職場環境・配慮,第4章 / 注意すべきストレス要因とその予防,個々の労働者への配慮,
ichi-0613,本人が不調であることを認めるまで、支援は行わない。,×,職場支援は医療的介入ではなく、業務負荷の調整・コミュニケーションの確保・専門家への橋渡し等の環境調整が中心。本人が認めていなくても配慮ある関わりは可能。,,,,,職場環境・配慮,第4章 / 職場でできるサポート,個々の労働者への配慮,
ichi-0614,業務上の負担を一時的に軽減するなど、本人が働きやすい環境を整えながら様子を見る。,○,職場支援は医療的介入ではなく、業務負荷の調整・コミュニケーションの確保・専門家への橋渡し等の環境調整が中心。本人が認めていなくても配慮ある関わりは可能。,,,,,職場環境・配慮,第4章 / 職場でできるサポート,個々の労働者への配慮,
ichi-0615,不調の部下には一切仕事を与えず、休憩室で待機させる。,×,職場支援は医療的介入ではなく、業務負荷の調整・コミュニケーションの確保・専門家への橋渡し等の環境調整が中心。本人が認めていなくても配慮ある関わりは可能。,,,,,職場環境・配慮,第4章 / 職場でできるサポート,個々の労働者への配慮,
ichi-0616,職場の支援は医療的行為に当たるため、管理監督者は関与できない。,×,職場支援は医療的介入ではなく、業務負荷の調整・コミュニケーションの確保・専門家への橋渡し等の環境調整が中心。本人が認めていなくても配慮ある関わりは可能。,,,,,職場環境・配慮,第4章 / 職場でできるサポート,個々の労働者への配慮,
ichi-0617,部下が悩みを話せるよう、相談に乗り共感する。,×,道具的サポート＝具体的な手助け・資源（人・物・時間・お金）の提供。情緒的（共感・傾聴）・情報的（情報・アドバイス）・評価的（フィードバック・承認）と区別できることが重要。,,,,,職場環境・配慮,第4章 / 職場でできるサポート,個々の労働者への配慮,
ichi-0618,問題解決のための具体的な情報・知識を提供する。,×,道具的サポート＝具体的な手助け・資源（人・物・時間・お金）の提供。情緒的（共感・傾聴）・情報的（情報・アドバイス）・評価的（フィードバック・承認）と区別できることが重要。,,,,,職場環境・配慮,第4章 / 職場でできるサポート,個々の労働者への配慮,
ichi-0619,業務量の一時的な軽減や人員の補充など、具体的な物的・人的資源の提供を行う。,○,道具的サポート＝具体的な手助け・資源（人・物・時間・お金）の提供。情緒的（共感・傾聴）・情報的（情報・アドバイス）・評価的（フィードバック・承認）と区別できることが重要。,,,,,職場環境・配慮,第4章 / 職場でできるサポート,個々の労働者への配慮,
ichi-0620,部下の業務評価を適切に行い、フィードバックする。,×,道具的サポート＝具体的な手助け・資源（人・物・時間・お金）の提供。情緒的（共感・傾聴）・情報的（情報・アドバイス）・評価的（フィードバック・承認）と区別できることが重要。,,,,,職場環境・配慮,第4章 / 職場でできるサポート,個々の労働者への配慮,
ichi-0621,相手の目を見ながら頷いて話を聴く。,○,軽視・比較・否定はNG。「誰でも〜」「それくらい〜」は相手の感情を無効化する表現。傾聴の基本は受容・共感・繰り返しであり、否定や解決策の押しつけは避ける。,,,,,相談・連携・復職,第5章 / 相談を受ける際の基本姿勢,労働者からの相談への対応（話の聴き方、情報提供および助言の方法等）,
ichi-0622,「それは気にしすぎだ」「誰でもそんなことはある」と相手の悩みを軽視する。,×,軽視・比較・否定はNG。「誰でも〜」「それくらい〜」は相手の感情を無効化する表現。傾聴の基本は受容・共感・繰り返しであり、否定や解決策の押しつけは避ける。,,,,,相談・連携・復職,第5章 / 相談を受ける際の基本姿勢,労働者からの相談への対応（話の聴き方、情報提供および助言の方法等）,
ichi-0623,相手が話し終えるまで、意見や助言を控えて最後まで聴く。,○,軽視・比較・否定はNG。「誰でも〜」「それくらい〜」は相手の感情を無効化する表現。傾聴の基本は受容・共感・繰り返しであり、否定や解決策の押しつけは避ける。,,,,,相談・連携・復職,第5章 / 相談を受ける際の基本姿勢,労働者からの相談への対応（話の聴き方、情報提供および助言の方法等）,
ichi-0624,相手の感情を受け止め、「それは辛かったですね」と共感を示す。,○,軽視・比較・否定はNG。「誰でも〜」「それくらい〜」は相手の感情を無効化する表現。傾聴の基本は受容・共感・繰り返しであり、否定や解決策の押しつけは避ける。,,,,,相談・連携・復職,第5章 / 相談を受ける際の基本姿勢,労働者からの相談への対応（話の聴き方、情報提供および助言の方法等）,
ichi-0625,クローズド・クエスチョンは「はい/いいえ」や選択式で答えられる質問で、事実確認に有効である。,○,オープン・クエスチョン（「最近どうですか？」等）＝自由な回答を引き出す。クローズド・クエスチョン（「体調はいいですか？」等）＝事実確認・会話の焦点化に有効。状況に応じて使い分ける。,,,,,相談・連携・復職,第5章 / 相談を受ける際の基本姿勢,労働者からの相談への対応（話の聴き方、情報提供および助言の方法等）,
ichi-0626,オープン・クエスチョンは相手の話を遮断するため、相談場面では使用しない。,×,オープン・クエスチョン（「最近どうですか？」等）＝自由な回答を引き出す。クローズド・クエスチョン（「体調はいいですか？」等）＝事実確認・会話の焦点化に有効。状況に応じて使い分ける。,,,,,相談・連携・復職,第5章 / 相談を受ける際の基本姿勢,労働者からの相談への対応（話の聴き方、情報提供および助言の方法等）,
ichi-0627,「最近体調はいいですか？」はオープン・クエスチョンの例である。,×,オープン・クエスチョン（「最近どうですか？」等）＝自由な回答を引き出す。クローズド・クエスチョン（「体調はいいですか？」等）＝事実確認・会話の焦点化に有効。状況に応じて使い分ける。,,,,,相談・連携・復職,第5章 / 相談を受ける際の基本姿勢,労働者からの相談への対応（話の聴き方、情報提供および助言の方法等）,
ichi-0628,クローズド・クエスチョンは相手が自由に話せるよう促す効果がある。,×,オープン・クエスチョン（「最近どうですか？」等）＝自由な回答を引き出す。クローズド・クエスチョン（「体調はいいですか？」等）＝事実確認・会話の焦点化に有効。状況に応じて使い分ける。,,,,,相談・連携・復職,第5章 / 相談を受ける際の基本姿勢,労働者からの相談への対応（話の聴き方、情報提供および助言の方法等）,
ichi-0629,早期発見することで、会社が労働者の私的な情報を把握できるようになるため。,×,早期発見・早期対応は重症化防止・回復促進の観点から重要。放置することで長期休業・退職・再発につながるリスクが高まる。早期発見は労働者保護・職場の生産性維持の両面で意義がある。,,,,,相談・連携・復職,第5章 / 不調の早期発見と見えにくさへの理解,労働者からの相談への対応（話の聴き方、情報提供および助言の方法等）,
ichi-0630,早期に発見・対応することで、重症化を防ぎ、回復期間の短縮や職場復帰の成功率向上が期待できるため。,○,早期発見・早期対応は重症化防止・回復促進の観点から重要。放置することで長期休業・退職・再発につながるリスクが高まる。早期発見は労働者保護・職場の生産性維持の両面で意義がある。,,,,,相談・連携・復職,第5章 / 不調の早期発見と見えにくさへの理解,労働者からの相談への対応（話の聴き方、情報提供および助言の方法等）,
ichi-0631,早期発見は人事評価の参考情報として活用できるため。,×,早期発見・早期対応は重症化防止・回復促進の観点から重要。放置することで長期休業・退職・再発につながるリスクが高まる。早期発見は労働者保護・職場の生産性維持の両面で意義がある。,,,,,相談・連携・復職,第5章 / 不調の早期発見と見えにくさへの理解,労働者からの相談への対応（話の聴き方、情報提供および助言の方法等）,
ichi-0632,早期発見により、不調者を速やかに業務から外すことができるため。,×,早期発見・早期対応は重症化防止・回復促進の観点から重要。放置することで長期休業・退職・再発につながるリスクが高まる。早期発見は労働者保護・職場の生産性維持の両面で意義がある。,,,,,相談・連携・復職,第5章 / 不調の早期発見と見えにくさへの理解,労働者からの相談への対応（話の聴き方、情報提供および助言の方法等）,
ichi-0633,仮面うつ病は気分の落ち込みが主症状であり、身体症状はほとんど現れない。,×,仮面うつ病（仮面抑うつ）は身体症状が主訴で抑うつが目立たないため発見が遅れやすい。内科を繰り返し受診しても改善しない場合に気づかれることも多い。,,,,,相談・連携・復職,第5章 / 不調の早期発見と見えにくさへの理解,労働者からの相談への対応（話の聴き方、情報提供および助言の方法等）,
ichi-0634,仮面うつ病では頭痛・倦怠感・胃腸症状などの身体症状が前景に出て、抑うつ気分が目立たない。,○,仮面うつ病（仮面抑うつ）は身体症状が主訴で抑うつが目立たないため発見が遅れやすい。内科を繰り返し受診しても改善しない場合に気づかれることも多い。,,,,,相談・連携・復職,第5章 / 不調の早期発見と見えにくさへの理解,労働者からの相談への対応（話の聴き方、情報提供および助言の方法等）,
ichi-0635,仮面うつ病は精神科でのみ診断可能であり、内科医には判断できない。,×,仮面うつ病（仮面抑うつ）は身体症状が主訴で抑うつが目立たないため発見が遅れやすい。内科を繰り返し受診しても改善しない場合に気づかれることも多い。,,,,,相談・連携・復職,第5章 / 不調の早期発見と見えにくさへの理解,労働者からの相談への対応（話の聴き方、情報提供および助言の方法等）,
ichi-0636,仮面うつ病は治療の必要がなく、自然回復するものである。,×,仮面うつ病（仮面抑うつ）は身体症状が主訴で抑うつが目立たないため発見が遅れやすい。内科を繰り返し受診しても改善しない場合に気づかれることも多い。,,,,,相談・連携・復職,第5章 / 不調の早期発見と見えにくさへの理解,労働者からの相談への対応（話の聴き方、情報提供および助言の方法等）,
ichi-0637,沈黙は話が終わったサインであるため、すぐに次の話題を提示する。,×,沈黙は相手の内省・感情の整理の時間として重要。急かすことは話を遮断することになる。「待つ」姿勢を示すことで、相手が自分のペースで話を続けられる環境を作る。,,,,,相談・連携・復職,第5章 / 不調が疑われる部下への傾聴の仕方,労働者からの相談への対応（話の聴き方、情報提供および助言の方法等）,
ichi-0638,沈黙は相手が考えている大切な時間であるため、急かさずに待つ姿勢を示す。,○,沈黙は相手の内省・感情の整理の時間として重要。急かすことは話を遮断することになる。「待つ」姿勢を示すことで、相手が自分のペースで話を続けられる環境を作る。,,,,,相談・連携・復職,第5章 / 不調が疑われる部下への傾聴の仕方,労働者からの相談への対応（話の聴き方、情報提供および助言の方法等）,
ichi-0639,沈黙が続く場合は面談を打ち切り、別日に改めて設定する。,×,沈黙は相手の内省・感情の整理の時間として重要。急かすことは話を遮断することになる。「待つ」姿勢を示すことで、相手が自分のペースで話を続けられる環境を作る。,,,,,相談・連携・復職,第5章 / 不調が疑われる部下への傾聴の仕方,労働者からの相談への対応（話の聴き方、情報提供および助言の方法等）,
ichi-0640,沈黙を埋めるため、こちらから積極的に意見や解決策を話す。,×,沈黙は相手の内省・感情の整理の時間として重要。急かすことは話を遮断することになる。「待つ」姿勢を示すことで、相手が自分のペースで話を続けられる環境を作る。,,,,,相談・連携・復職,第5章 / 不調が疑われる部下への傾聴の仕方,労働者からの相談への対応（話の聴き方、情報提供および助言の方法等）,
ichi-0641,相談内容はすべて上司に逐一報告しなければならない。,×,守秘義務は基本だが「絶対的」ではなく、自傷他害のリスク・緊急性が高い場合は専門家への連携が優先される。本人への事前説明と同意取得が望ましい。,,,,,相談・連携・復職,第5章 / 不調が疑われる部下への傾聴の仕方,労働者からの相談への対応（話の聴き方、情報提供および助言の方法等）,
ichi-0642,原則として相談内容は秘密を守るが、本人の生命に関わる場合など緊急性が高い場合は専門家・関係者への情報共有を行う。,○,守秘義務は基本だが「絶対的」ではなく、自傷他害のリスク・緊急性が高い場合は専門家への連携が優先される。本人への事前説明と同意取得が望ましい。,,,,,相談・連携・復職,第5章 / 不調が疑われる部下への傾聴の仕方,労働者からの相談への対応（話の聴き方、情報提供および助言の方法等）,
ichi-0643,相談内容は絶対に他言してはならず、いかなる状況でも情報共有は禁止される。,×,守秘義務は基本だが「絶対的」ではなく、自傷他害のリスク・緊急性が高い場合は専門家への連携が優先される。本人への事前説明と同意取得が望ましい。,,,,,相談・連携・復職,第5章 / 不調が疑われる部下への傾聴の仕方,労働者からの相談への対応（話の聴き方、情報提供および助言の方法等）,
ichi-0644,相談内容の共有範囲は管理監督者の判断で自由に決定できる。,×,守秘義務は基本だが「絶対的」ではなく、自傷他害のリスク・緊急性が高い場合は専門家への連携が優先される。本人への事前説明と同意取得が望ましい。,,,,,相談・連携・復職,第5章 / 不調が疑われる部下への傾聴の仕方,労働者からの相談への対応（話の聴き方、情報提供および助言の方法等）,
ichi-0645,本人が拒否しているため、それ以上は関与せず放置する。,×,受診拒否への対応：関係を断ち切らず継続的に関わることが重要。かかりつけ医から始める・産業医面談を勧める等、段階的なアプローチを検討する。強制は関係悪化につながる。,,,,,相談・連携・復職,第5章 / 専門家・医療機関への橋渡し,労働者からの相談への対応（話の聴き方、情報提供および助言の方法等）,
ichi-0646,受診を強制することは難しいが、関係を維持しながら、かかりつけ医受診やもう少し様子を見ることを提案し、継続的に声をかける。,○,受診拒否への対応：関係を断ち切らず継続的に関わることが重要。かかりつけ医から始める・産業医面談を勧める等、段階的なアプローチを検討する。強制は関係悪化につながる。,,,,,相談・連携・復職,第5章 / 専門家・医療機関への橋渡し,労働者からの相談への対応（話の聴き方、情報提供および助言の方法等）,
ichi-0647,会社の命令として強制的に受診させる手続きを即座に行う。,×,受診拒否への対応：関係を断ち切らず継続的に関わることが重要。かかりつけ医から始める・産業医面談を勧める等、段階的なアプローチを検討する。強制は関係悪化につながる。,,,,,相談・連携・復職,第5章 / 専門家・医療機関への橋渡し,労働者からの相談への対応（話の聴き方、情報提供および助言の方法等）,
ichi-0648,拒否した記録を残し、以降は本人の責任とする。,×,受診拒否への対応：関係を断ち切らず継続的に関わることが重要。かかりつけ医から始める・産業医面談を勧める等、段階的なアプローチを検討する。強制は関係悪化につながる。,,,,,相談・連携・復職,第5章 / 専門家・医療機関への橋渡し,労働者からの相談への対応（話の聴き方、情報提供および助言の方法等）,
ichi-0649,事例相談では必ず本人の実名を使い、詳細な個人情報を全て提供する。,×,匿名・一般的な形での産業医相談は管理監督者が直接行える。個人を特定する情報を含む場合は本人同意が原則。産業医との連携は早め早めに行うことが重要。,,,,,相談・連携・復職,第5章 / 専門家・医療機関への橋渡し,労働者からの相談への対応（話の聴き方、情報提供および助言の方法等）,
ichi-0650,個人が特定されない形で相談する場合は、事前の本人同意は必ずしも必要ではない。,○,匿名・一般的な形での産業医相談は管理監督者が直接行える。個人を特定する情報を含む場合は本人同意が原則。産業医との連携は早め早めに行うことが重要。,,,,,相談・連携・復職,第5章 / 専門家・医療機関への橋渡し,労働者からの相談への対応（話の聴き方、情報提供および助言の方法等）,
ichi-0651,産業医への相談は人事部長の承認が必要である。,×,匿名・一般的な形での産業医相談は管理監督者が直接行える。個人を特定する情報を含む場合は本人同意が原則。産業医との連携は早め早めに行うことが重要。,,,,,相談・連携・復職,第5章 / 専門家・医療機関への橋渡し,労働者からの相談への対応（話の聴き方、情報提供および助言の方法等）,
ichi-0652,産業医への相談内容は、後日本人に開示しなければならない。,×,匿名・一般的な形での産業医相談は管理監督者が直接行える。個人を特定する情報を含む場合は本人同意が原則。産業医との連携は早め早めに行うことが重要。,,,,,相談・連携・復職,第5章 / 専門家・医療機関への橋渡し,労働者からの相談への対応（話の聴き方、情報提供および助言の方法等）,
ichi-0653,産業医は事業者に対して健康管理上必要な措置について勧告することができ、事業者は勧告を尊重しなければならない。,○,産業医は事業者に対して勧告権を持ち、事業者は産業医の勧告を尊重しなければならない（労安衛法）。産業医の独立性・専門性を担保するための重要な権限。,,,,,相談・連携・復職,第6章 / 社内のサポート資源（産業保健スタッフ等）,社内外資源との連携,
ichi-0654,産業医の勧告は参考意見にとどまり、事業者はこれを無視しても問題ない。,×,産業医は事業者に対して勧告権を持ち、事業者は産業医の勧告を尊重しなければならない（労安衛法）。産業医の独立性・専門性を担保するための重要な権限。,,,,,相談・連携・復職,第6章 / 社内のサポート資源（産業保健スタッフ等）,社内外資源との連携,
ichi-0655,産業医の勧告権は労働者の解雇に関するものに限定されている。,×,産業医は事業者に対して勧告権を持ち、事業者は産業医の勧告を尊重しなければならない（労安衛法）。産業医の独立性・専門性を担保するための重要な権限。,,,,,相談・連携・復職,第6章 / 社内のサポート資源（産業保健スタッフ等）,社内外資源との連携,
ichi-0656,産業医の勧告は労働者に直接向けられるものであり、事業者には関係しない。,×,産業医は事業者に対して勧告権を持ち、事業者は産業医の勧告を尊重しなければならない（労安衛法）。産業医の独立性・専門性を担保するための重要な権限。,,,,,相談・連携・復職,第6章 / 社内のサポート資源（産業保健スタッフ等）,社内外資源との連携,
ichi-0657,「心の健康相談員」として社内で機能できる人材として、「保健師・看護師・精神保健福祉士・産業カウンセラー等の資格を持つスタッフ」という記述は正しい。,○,心の健康相談は保健師・看護師・精神保健福祉士・産業カウンセラー・臨床心理士等の専門資格を持つスタッフが担うことが望ましい。専門的知識と倫理的態度が求められる。,,,,,相談・連携・復職,第6章 / 社内のサポート資源（産業保健スタッフ等）,社内外資源との連携,
ichi-0658,「心の健康相談員」として社内で機能できる人材として、「経験年数10年以上のベテラン社員」という記述は正しい。,×,心の健康相談は保健師・看護師・精神保健福祉士・産業カウンセラー・臨床心理士等の専門資格を持つスタッフが担うことが望ましい。専門的知識と倫理的態度が求められる。,,,,,相談・連携・復職,第6章 / 社内のサポート資源（産業保健スタッフ等）,社内外資源との連携,
ichi-0659,「心の健康相談員」として社内で機能できる人材として、「職場の親睦会の幹事」という記述は正しい。,×,心の健康相談は保健師・看護師・精神保健福祉士・産業カウンセラー・臨床心理士等の専門資格を持つスタッフが担うことが望ましい。専門的知識と倫理的態度が求められる。,,,,,相談・連携・復職,第6章 / 社内のサポート資源（産業保健スタッフ等）,社内外資源との連携,
ichi-0660,「心の健康相談員」として社内で機能できる人材として、「労働組合の役員」という記述は正しい。,×,心の健康相談は保健師・看護師・精神保健福祉士・産業カウンセラー・臨床心理士等の専門資格を持つスタッフが担うことが望ましい。専門的知識と倫理的態度が求められる。,,,,,相談・連携・復職,第6章 / 社内のサポート資源（産業保健スタッフ等）,社内外資源との連携,
ichi-0661,「地域産業保健センター（地さんぽ）」の主な対象事業場として、「常時1000人以上の大企業」という記述は正しい。,×,地域産業保健センターは主に常時50人未満の小規模事業場向けに、産業医活動・保健指導・メンタルヘルス相談等を無料で提供する産業保健総合支援センターの地域窓口（独立行政法人労働者健康安全機構が運営）。,,,,,相談・連携・復職,第6章 / 社外のサポート資源,社内外資源との連携,
ichi-0662,「地域産業保健センター（地さんぽ）」の主な対象事業場として、「常時50人未満の小規模事業場」という記述は正しい。,○,地域産業保健センターは主に常時50人未満の小規模事業場向けに、産業医活動・保健指導・メンタルヘルス相談等を無料で提供する産業保健総合支援センターの地域窓口（独立行政法人労働者健康安全機構が運営）。,,,,,相談・連携・復職,第6章 / 社外のサポート資源,社内外資源との連携,
ichi-0663,「地域産業保健センター（地さんぽ）」の主な対象事業場として、「官公庁・公的機関」という記述は正しい。,×,地域産業保健センターは主に常時50人未満の小規模事業場向けに、産業医活動・保健指導・メンタルヘルス相談等を無料で提供する産業保健総合支援センターの地域窓口（独立行政法人労働者健康安全機構が運営）。,,,,,相談・連携・復職,第6章 / 社外のサポート資源,社内外資源との連携,
ichi-0664,「地域産業保健センター（地さんぽ）」の主な対象事業場として、「外資系企業」という記述は正しい。,×,地域産業保健センターは主に常時50人未満の小規模事業場向けに、産業医活動・保健指導・メンタルヘルス相談等を無料で提供する産業保健総合支援センターの地域窓口（独立行政法人労働者健康安全機構が運営）。,,,,,相談・連携・復職,第6章 / 社外のサポート資源,社内外資源との連携,
ichi-0665,「こころの耳」は民間企業が運営する有料の相談サービスである。,×,「こころの耳」は厚生労働省の働く人のメンタルヘルスポータルサイト。情報提供・電話相談（働く人の悩みホットライン）・SNS相談・メール相談等を提供。誰でも無料で利用可能。,,,,,相談・連携・復職,第6章 / 社外のサポート資源,社内外資源との連携,
ichi-0666,「こころの耳」は厚生労働省が運営する働く人のメンタルヘルスに関するポータルサイトであり、電話・SNS相談等も提供している。,○,「こころの耳」は厚生労働省の働く人のメンタルヘルスポータルサイト。情報提供・電話相談（働く人の悩みホットライン）・SNS相談・メール相談等を提供。誰でも無料で利用可能。,,,,,相談・連携・復職,第6章 / 社外のサポート資源,社内外資源との連携,
ichi-0667,「こころの耳」は医師のみが利用できる専門家向けサービスである。,×,「こころの耳」は厚生労働省の働く人のメンタルヘルスポータルサイト。情報提供・電話相談（働く人の悩みホットライン）・SNS相談・メール相談等を提供。誰でも無料で利用可能。,,,,,相談・連携・復職,第6章 / 社外のサポート資源,社内外資源との連携,
ichi-0668,「こころの耳」では医薬品の処方も行っている。,×,「こころの耳」は厚生労働省の働く人のメンタルヘルスポータルサイト。情報提供・電話相談（働く人の悩みホットライン）・SNS相談・メール相談等を提供。誰でも無料で利用可能。,,,,,相談・連携・復職,第6章 / 社外のサポート資源,社内外資源との連携,
ichi-0669,デイケアは入院患者のみを対象としたプログラムである。,×,精神科デイケアは外来リハビリテーションの一種。生活リズムの回復・対人スキルの向上・就労準備等を目的とし、職場復帰前のリハビリとして活用されることも多い。,,,,,相談・連携・復職,第6章 / 医療機関の種類と適切な選び方,社内外資源との連携,
ichi-0670,デイケアは外来患者が日中に通所して生活リズムの回復・社会復帰のリハビリを行うプログラムである。,○,精神科デイケアは外来リハビリテーションの一種。生活リズムの回復・対人スキルの向上・就労準備等を目的とし、職場復帰前のリハビリとして活用されることも多い。,,,,,相談・連携・復職,第6章 / 医療機関の種類と適切な選び方,社内外資源との連携,
ichi-0671,デイケアは身体的なリハビリテーションのみを目的としている。,×,精神科デイケアは外来リハビリテーションの一種。生活リズムの回復・対人スキルの向上・就労準備等を目的とし、職場復帰前のリハビリとして活用されることも多い。,,,,,相談・連携・復職,第6章 / 医療機関の種類と適切な選び方,社内外資源との連携,
ichi-0672,デイケアの利用には医師の診断書は不要である。,×,精神科デイケアは外来リハビリテーションの一種。生活リズムの回復・対人スキルの向上・就労準備等を目的とし、職場復帰前のリハビリとして活用されることも多い。,,,,,相談・連携・復職,第6章 / 医療機関の種類と適切な選び方,社内外資源との連携,
ichi-0673,職場復帰を目指す休職者に対して「リワーク支援」を提供している機関として、「職業安定所（ハローワーク）のみ」という記述は正しい。,×,リワーク（Return to Work）プログラムは精神科病院・クリニックの外来・デイケア、地域障害者職業センター（職リハリワーク）、EAP機関等で提供。認知行動療法・生活リズム調整・模擬就労等を含む。,,,,,相談・連携・復職,第6章 / 医療機関の種類と適切な選び方,社内外資源との連携,
ichi-0674,職場復帰を目指す休職者に対して「リワーク支援」を提供している機関として、「精神科病院・クリニック・地域障害者職業センター等」という記述は正しい。,○,リワーク（Return to Work）プログラムは精神科病院・クリニックの外来・デイケア、地域障害者職業センター（職リハリワーク）、EAP機関等で提供。認知行動療法・生活リズム調整・模擬就労等を含む。,,,,,相談・連携・復職,第6章 / 医療機関の種類と適切な選び方,社内外資源との連携,
ichi-0675,職場復帰を目指す休職者に対して「リワーク支援」を提供している機関として、「労働基準監督署」という記述は正しい。,×,リワーク（Return to Work）プログラムは精神科病院・クリニックの外来・デイケア、地域障害者職業センター（職リハリワーク）、EAP機関等で提供。認知行動療法・生活リズム調整・模擬就労等を含む。,,,,,相談・連携・復職,第6章 / 医療機関の種類と適切な選び方,社内外資源との連携,
ichi-0676,職場復帰を目指す休職者に対して「リワーク支援」を提供している機関として、「健康保険組合のみ」という記述は正しい。,×,リワーク（Return to Work）プログラムは精神科病院・クリニックの外来・デイケア、地域障害者職業センター（職リハリワーク）、EAP機関等で提供。認知行動療法・生活リズム調整・模擬就労等を含む。,,,,,相談・連携・復職,第6章 / 医療機関の種類と適切な選び方,社内外資源との連携,
ichi-0677,「産業保健総合支援センター（さんぽセンター）」が提供するサービスとして、「労働者の解雇手続きの支援」という記述は正しい。,×,産業保健総合支援センターは都道府県ごとに設置され、産業保健に関する相談支援・情報提供・研修・産業医等産業保健スタッフへの専門的支援を無料で提供。企業規模問わず利用可能。,,,,,相談・連携・復職,第6章 / 社内外との連携が必要な理由と方法,社内外資源との連携,
ichi-0678,「産業保健総合支援センター（さんぽセンター）」が提供するサービスとして、「産業保健に関する相談・情報提供・研修・産業保健スタッフへの専門的支援」という記述は正しい。,○,産業保健総合支援センターは都道府県ごとに設置され、産業保健に関する相談支援・情報提供・研修・産業医等産業保健スタッフへの専門的支援を無料で提供。企業規模問わず利用可能。,,,,,相談・連携・復職,第6章 / 社内外との連携が必要な理由と方法,社内外資源との連携,
ichi-0679,「産業保健総合支援センター（さんぽセンター）」が提供するサービスとして、「労災保険の給付申請手続き」という記述は正しい。,×,産業保健総合支援センターは都道府県ごとに設置され、産業保健に関する相談支援・情報提供・研修・産業医等産業保健スタッフへの専門的支援を無料で提供。企業規模問わず利用可能。,,,,,相談・連携・復職,第6章 / 社内外との連携が必要な理由と方法,社内外資源との連携,
ichi-0680,「産業保健総合支援センター（さんぽセンター）」が提供するサービスとして、「社会保険料の計算支援」という記述は正しい。,×,産業保健総合支援センターは都道府県ごとに設置され、産業保健に関する相談支援・情報提供・研修・産業医等産業保健スタッフへの専門的支援を無料で提供。企業規模問わず利用可能。,,,,,相談・連携・復職,第6章 / 社内外との連携が必要な理由と方法,社内外資源との連携,
ichi-0681,主治医と産業医の意見が異なる場合、常に主治医の意見を優先する。,×,主治医＝治療の専門家として医学的見解を提供、産業医＝職場環境・業務適性の観点で意見を述べる。両者の意見を参考に事業者（会社）が就業上の措置を決定する。連携には本人同意が必要。,,,,,相談・連携・復職,第6章 / 社内外との連携が必要な理由と方法,社内外資源との連携,
ichi-0682,主治医は治療の観点、産業医は職場・業務の観点からそれぞれ意見を述べ、事業者が最終判断を行う。,○,主治医＝治療の専門家として医学的見解を提供、産業医＝職場環境・業務適性の観点で意見を述べる。両者の意見を参考に事業者（会社）が就業上の措置を決定する。連携には本人同意が必要。,,,,,相談・連携・復職,第6章 / 社内外との連携が必要な理由と方法,社内外資源との連携,
ichi-0683,産業医は主治医の診断内容を変更する権限を持つ。,×,主治医＝治療の専門家として医学的見解を提供、産業医＝職場環境・業務適性の観点で意見を述べる。両者の意見を参考に事業者（会社）が就業上の措置を決定する。連携には本人同意が必要。,,,,,相談・連携・復職,第6章 / 社内外との連携が必要な理由と方法,社内外資源との連携,
ichi-0684,主治医と産業医の連携は本人の同意なしに行うことが推奨される。,×,主治医＝治療の専門家として医学的見解を提供、産業医＝職場環境・業務適性の観点で意見を述べる。両者の意見を参考に事業者（会社）が就業上の措置を決定する。連携には本人同意が必要。,,,,,相談・連携・復職,第6章 / 社内外との連携が必要な理由と方法,社内外資源との連携,
ichi-0685,職場復帰支援プランの作成にあたって考慮すべき事項として、「復職後の業務内容・業務量の段階的な調整方針」という記述は正しい。,○,復職支援プランには業務調整・フォローアップ方法・環境整備・支援期間等を盛り込む。過去の診断書・入院履歴の詳細はプライバシー保護の観点から不要であり、含めるべきではない。,,,,,相談・連携・復職,第7章 / 心の健康問題で休業した労働者の職場復帰支援,心の健康問題をもつ復職者への支援の方法,
ichi-0686,職場復帰支援プランの作成にあたって考慮すべき事項として、「フォローアップの頻度・担当者・期間」という記述は正しい。,○,復職支援プランには業務調整・フォローアップ方法・環境整備・支援期間等を盛り込む。過去の診断書・入院履歴の詳細はプライバシー保護の観点から不要であり、含めるべきではない。,,,,,相談・連携・復職,第7章 / 心の健康問題で休業した労働者の職場復帰支援,心の健康問題をもつ復職者への支援の方法,
ichi-0687,職場復帰支援プランの作成にあたって考慮すべき事項として、「本人の過去の診断書・入院履歴の詳細な記録」という記述は正しい。,×,復職支援プランには業務調整・フォローアップ方法・環境整備・支援期間等を盛り込む。過去の診断書・入院履歴の詳細はプライバシー保護の観点から不要であり、含めるべきではない。,,,,,相談・連携・復職,第7章 / 心の健康問題で休業した労働者の職場復帰支援,心の健康問題をもつ復職者への支援の方法,
ichi-0688,職場復帰支援プランの作成にあたって考慮すべき事項として、「職場環境の整備（座席・業務分担等）に関する配慮事項」という記述は正しい。,○,復職支援プランには業務調整・フォローアップ方法・環境整備・支援期間等を盛り込む。過去の診断書・入院履歴の詳細はプライバシー保護の観点から不要であり、含めるべきではない。,,,,,相談・連携・復職,第7章 / 心の健康問題で休業した労働者の職場復帰支援,心の健康問題をもつ復職者への支援の方法,
ichi-0689,復職後は前回の休業を忘れさせるため、以前と全く同じ業務・環境に即座に戻す。,×,再発防止には生活リズムの維持・服薬継続・ストレス管理・段階的な業務負荷増加・SOSを出しやすい環境づくりが重要。管理監督者の継続的な見守りが再発の早期発見につながる。,,,,,相談・連携・復職,第7章 / 心の健康問題で休業した労働者の職場復帰支援,心の健康問題をもつ復職者への支援の方法,
ichi-0690,復職後の生活リズム・睡眠・服薬継続等について本人と確認し、無理のないペースで業務に慣れていく支援を継続する。,○,再発防止には生活リズムの維持・服薬継続・ストレス管理・段階的な業務負荷増加・SOSを出しやすい環境づくりが重要。管理監督者の継続的な見守りが再発の早期発見につながる。,,,,,相談・連携・復職,第7章 / 心の健康問題で休業した労働者の職場復帰支援,心の健康問題をもつ復職者への支援の方法,
ichi-0691,再発防止のため、復職後は業務評価を厳しくして緊張感を持たせる。,×,再発防止には生活リズムの維持・服薬継続・ストレス管理・段階的な業務負荷増加・SOSを出しやすい環境づくりが重要。管理監督者の継続的な見守りが再発の早期発見につながる。,,,,,相談・連携・復職,第7章 / 心の健康問題で休業した労働者の職場復帰支援,心の健康問題をもつ復職者への支援の方法,
ichi-0692,復職後しばらくは職場の飲み会等の社交的な活動への参加を強制する。,×,再発防止には生活リズムの維持・服薬継続・ストレス管理・段階的な業務負荷増加・SOSを出しやすい環境づくりが重要。管理監督者の継続的な見守りが再発の早期発見につながる。,,,,,相談・連携・復職,第7章 / 心の健康問題で休業した労働者の職場復帰支援,心の健康問題をもつ復職者への支援の方法,
ichi-0693,業務上のパフォーマンスのみを評価し、体調への言及は避ける。,×,フォローアップ面談では体調（睡眠・食欲）・通院状況・業務負荷感・職場適応状況・ストレス要因等を確認。過去の掘り起こしより現在の状態把握が重要。管理監督者の関与は不可欠。,,,,,相談・連携・復職,第7章 / 職場復帰支援で気をつけること,心の健康問題をもつ復職者への支援の方法,
ichi-0694,睡眠・食欲・通院状況・業務の負荷感・職場での人間関係など、心身の状態と仕事の状況を幅広く確認する。,○,フォローアップ面談では体調（睡眠・食欲）・通院状況・業務負荷感・職場適応状況・ストレス要因等を確認。過去の掘り起こしより現在の状態把握が重要。管理監督者の関与は不可欠。,,,,,相談・連携・復職,第7章 / 職場復帰支援で気をつけること,心の健康問題をもつ復職者への支援の方法,
ichi-0695,再発防止のため、過去の休職理由について毎回詳しく聞く。,×,フォローアップ面談では体調（睡眠・食欲）・通院状況・業務負荷感・職場適応状況・ストレス要因等を確認。過去の掘り起こしより現在の状態把握が重要。管理監督者の関与は不可欠。,,,,,相談・連携・復職,第7章 / 職場復帰支援で気をつけること,心の健康問題をもつ復職者への支援の方法,
ichi-0696,フォローアップは人事部門の担当者のみが行えばよく、管理監督者は関与不要である。,×,フォローアップ面談では体調（睡眠・食欲）・通院状況・業務負荷感・職場適応状況・ストレス要因等を確認。過去の掘り起こしより現在の状態把握が重要。管理監督者の関与は不可欠。,,,,,相談・連携・復職,第7章 / 職場復帰支援で気をつけること,心の健康問題をもつ復職者への支援の方法,
ichi-0697,復職当初から通常業務・通常勤務時間でスタートすることで、早く職場に溶け込める。,×,段階的復帰は再発防止の基本原則。最初は短時間・軽作業からスタートし、2〜3か月かけて通常業務へ段階的に移行する。焦りは再発リスクを高める。,,,,,相談・連携・復職,第7章 / 職場復帰支援で気をつけること,心の健康問題をもつ復職者への支援の方法,
ichi-0698,最初は業務量・勤務時間を軽減した状態からスタートし、体調・適応状況に応じて段階的に通常業務へ移行する。,○,段階的復帰は再発防止の基本原則。最初は短時間・軽作業からスタートし、2〜3か月かけて通常業務へ段階的に移行する。焦りは再発リスクを高める。,,,,,相談・連携・復職,第7章 / 職場復帰支援で気をつけること,心の健康問題をもつ復職者への支援の方法,
ichi-0699,段階的な職場復帰は本人の甘えを助長するため、最初から通常業務で対応すべきである。,×,段階的復帰は再発防止の基本原則。最初は短時間・軽作業からスタートし、2〜3か月かけて通常業務へ段階的に移行する。焦りは再発リスクを高める。,,,,,相談・連携・復職,第7章 / 職場復帰支援で気をつけること,心の健康問題をもつ復職者への支援の方法,
ichi-0700,業務量の調整は本人の申し出がある場合のみ行えばよい。,×,段階的復帰は再発防止の基本原則。最初は短時間・軽作業からスタートし、2〜3か月かけて通常業務へ段階的に移行する。焦りは再発リスクを高める。,,,,,相談・連携・復職,第7章 / 職場復帰支援で気をつけること,心の健康問題をもつ復職者への支援の方法,
ichi-0701,メンタルヘルス対策のROIは測定が不可能であり、効果の検証はできない。,×,国内外の研究でメンタルヘルス対策のROIはプラスと示されている。休職コスト（代替人材・生産性損失）・離職コスト・プレゼンティーイズム改善効果を合算するとコストを上回る場合が多い。,,,,,基礎・役割,第1章 / メンタルヘルスケアが企業にもたらす意義,メンタルヘルスケアの意義と管理監督者の役割,
ichi-0702,メンタルヘルス対策への投資は、休職コスト削減・生産性向上・採用コスト低減等を通じてプラスのROIをもたらすとする研究が多い。,○,国内外の研究でメンタルヘルス対策のROIはプラスと示されている。休職コスト（代替人材・生産性損失）・離職コスト・プレゼンティーイズム改善効果を合算するとコストを上回る場合が多い。,,,,,基礎・役割,第1章 / メンタルヘルスケアが企業にもたらす意義,メンタルヘルスケアの意義と管理監督者の役割,
ichi-0703,メンタルヘルス対策のコストは福祉的支出であり、経営指標としては扱われない。,×,国内外の研究でメンタルヘルス対策のROIはプラスと示されている。休職コスト（代替人材・生産性損失）・離職コスト・プレゼンティーイズム改善効果を合算するとコストを上回る場合が多い。,,,,,基礎・役割,第1章 / メンタルヘルスケアが企業にもたらす意義,メンタルヘルスケアの意義と管理監督者の役割,
ichi-0704,ROIが高いのは身体的健康管理のみであり、メンタルヘルス対策のROIは低い。,×,国内外の研究でメンタルヘルス対策のROIはプラスと示されている。休職コスト（代替人材・生産性損失）・離職コスト・プレゼンティーイズム改善効果を合算するとコストを上回る場合が多い。,,,,,基礎・役割,第1章 / メンタルヘルスケアが企業にもたらす意義,メンタルヘルスケアの意義と管理監督者の役割,
ichi-0705,精神障害による労災請求・認定件数は近年増加傾向にある。,○,メンタルヘルス不調は年齢層を問わず発生しうる。40〜50代の管理職層にも多く見られ、若年層に限られるという認識は誤り。,,,,,基礎・役割,第1章 / 働く人のストレス,メンタルヘルスケアの意義と管理監督者の役割,
ichi-0706,メンタルヘルス不調による休職は若年層に限られており、中高年層には少ない。,×,メンタルヘルス不調は年齢層を問わず発生しうる。40〜50代の管理職層にも多く見られ、若年層に限られるという認識は誤り。,,,,,基礎・役割,第1章 / 働く人のストレス,メンタルヘルスケアの意義と管理監督者の役割,
ichi-0707,メンタルヘルス不調は生産性の低下・欠勤・休職を通じて職場全体に影響を及ぼす。,○,メンタルヘルス不調は年齢層を問わず発生しうる。40〜50代の管理職層にも多く見られ、若年層に限られるという認識は誤り。,,,,,基礎・役割,第1章 / 働く人のストレス,メンタルヘルスケアの意義と管理監督者の役割,
ichi-0708,強いストレスを感じる労働者の割合は依然として高い水準にある。,○,メンタルヘルス不調は年齢層を問わず発生しうる。40〜50代の管理職層にも多く見られ、若年層に限られるという認識は誤り。,,,,,基礎・役割,第1章 / 働く人のストレス,メンタルヘルスケアの意義と管理監督者の役割,
ichi-0709,債務不履行責任は刑事責任であり、不法行為責任は民事責任である。,×,安全配慮義務違反は労働契約上の債務不履行（民法415条）として、また不法行為（民法709・715条）として両方から請求されうる。同一事案で双方適用可能。,,,,,基礎・役割,第1章 / 法的規制の枠組み（公法・私法）,メンタルヘルスケアの意義と管理監督者の役割,
ichi-0710,債務不履行責任は契約関係（雇用契約）に基づくものであり、不法行為責任は契約関係がなくても成立しうる。,○,安全配慮義務違反は労働契約上の債務不履行（民法415条）として、また不法行為（民法709・715条）として両方から請求されうる。同一事案で双方適用可能。,,,,,基礎・役割,第1章 / 法的規制の枠組み（公法・私法）,メンタルヘルスケアの意義と管理監督者の役割,
ichi-0711,メンタルヘルス不調による損害賠償は債務不履行責任のみで請求できる。,×,安全配慮義務違反は労働契約上の債務不履行（民法415条）として、また不法行為（民法709・715条）として両方から請求されうる。同一事案で双方適用可能。,,,,,基礎・役割,第1章 / 法的規制の枠組み（公法・私法）,メンタルヘルスケアの意義と管理監督者の役割,
ichi-0712,両者は全く異なる要件であり、同一事案で両方が問われることはない。,×,安全配慮義務違反は労働契約上の債務不履行（民法415条）として、また不法行為（民法709・715条）として両方から請求されうる。同一事案で双方適用可能。,,,,,基礎・役割,第1章 / 法的規制の枠組み（公法・私法）,メンタルヘルスケアの意義と管理監督者の役割,
ichi-0713,パワーハラスメントの6類型に含まれないものとして、「身体的な攻撃（暴行・傷害）」という記述は正しい。,○,パワハラ6類型：①身体的攻撃②精神的攻撃③人間関係からの切り離し④過大な要求⑤過小な要求⑥個の侵害。「業務上適正な指導」はパワハラに該当しない。,,,,,基礎・役割,第1章 / 職場のハラスメント,メンタルヘルスケアの意義と管理監督者の役割,
ichi-0714,パワーハラスメントの6類型に含まれないものとして、「精神的な攻撃（脅迫・名誉毀損・侮辱）」という記述は正しい。,○,パワハラ6類型：①身体的攻撃②精神的攻撃③人間関係からの切り離し④過大な要求⑤過小な要求⑥個の侵害。「業務上適正な指導」はパワハラに該当しない。,,,,,基礎・役割,第1章 / 職場のハラスメント,メンタルヘルスケアの意義と管理監督者の役割,
ichi-0715,パワーハラスメントの6類型に含まれないものとして、「業務上適正な範囲での厳しい指導」という記述は正しい。,×,パワハラ6類型：①身体的攻撃②精神的攻撃③人間関係からの切り離し④過大な要求⑤過小な要求⑥個の侵害。「業務上適正な指導」はパワハラに該当しない。,,,,,基礎・役割,第1章 / 職場のハラスメント,メンタルヘルスケアの意義と管理監督者の役割,
ichi-0716,パワーハラスメントの6類型に含まれないものとして、「過大な要求（業務上明らかに不要・不可能なことの強制）」という記述は正しい。,○,パワハラ6類型：①身体的攻撃②精神的攻撃③人間関係からの切り離し④過大な要求⑤過小な要求⑥個の侵害。「業務上適正な指導」はパワハラに該当しない。,,,,,基礎・役割,第1章 / 職場のハラスメント,メンタルヘルスケアの意義と管理監督者の役割,
ichi-0717,人事部長・総務部長など管理的立場にある者は、ストレスチェックの実施者として認められる者の組み合わせである。,×,ストレスチェックの実施者は医師・保健師のほか、一定の研修を受けた看護師・精神保健福祉士・公認心理師。人事権を持つ者は実施者になれない（中立性確保のため）。,,,,,基礎・役割,第1章 / ストレスチェック制度の概要,メンタルヘルスケアの意義と管理監督者の役割,
ichi-0718,医師・保健師・一定の研修を受けた看護師または精神保健福祉士は、ストレスチェックの実施者として認められる者の組み合わせである。,○,ストレスチェックの実施者は医師・保健師のほか、一定の研修を受けた看護師・精神保健福祉士・公認心理師。人事権を持つ者は実施者になれない（中立性確保のため）。,,,,,基礎・役割,第1章 / ストレスチェック制度の概要,メンタルヘルスケアの意義と管理監督者の役割,
ichi-0719,産業カウンセラー・臨床心理士など民間資格保有者は、ストレスチェックの実施者として認められる者の組み合わせである。,×,ストレスチェックの実施者は医師・保健師のほか、一定の研修を受けた看護師・精神保健福祉士・公認心理師。人事権を持つ者は実施者になれない（中立性確保のため）。,,,,,基礎・役割,第1章 / ストレスチェック制度の概要,メンタルヘルスケアの意義と管理監督者の役割,
ichi-0720,衛生委員会の委員を務めたことがある者は、ストレスチェックの実施者として認められる者の組み合わせである。,×,ストレスチェックの実施者は医師・保健師のほか、一定の研修を受けた看護師・精神保健福祉士・公認心理師。人事権を持つ者は実施者になれない（中立性確保のため）。,,,,,基礎・役割,第1章 / ストレスチェック制度の概要,メンタルヘルスケアの意義と管理監督者の役割,
ichi-0721,勤務間インターバル制度は法律で義務化されており、違反した場合は罰則がある。,×,勤務間インターバル制度は2019年施行の改正労働時間等設定改善法により努力義務化（義務ではない）。EU指令では11時間が標準。健康確保・生産性向上の観点から普及が進んでいる。,,,,,基礎・役割,第1章 / 適切な労働時間の管理,メンタルヘルスケアの意義と管理監督者の役割,
ichi-0722,勤務間インターバル制度とは、終業から次の始業までに一定時間（例：11時間）の休息を確保する制度であり、現在は努力義務とされている。,○,勤務間インターバル制度は2019年施行の改正労働時間等設定改善法により努力義務化（義務ではない）。EU指令では11時間が標準。健康確保・生産性向上の観点から普及が進んでいる。,,,,,基礎・役割,第1章 / 適切な労働時間の管理,メンタルヘルスケアの意義と管理監督者の役割,
ichi-0723,勤務間インターバルは週1回確保すれば法律上の要件を満たす。,×,勤務間インターバル制度は2019年施行の改正労働時間等設定改善法により努力義務化（義務ではない）。EU指令では11時間が標準。健康確保・生産性向上の観点から普及が進んでいる。,,,,,基礎・役割,第1章 / 適切な労働時間の管理,メンタルヘルスケアの意義と管理監督者の役割,
ichi-0724,勤務間インターバル制度はすでに全企業に義務化されている。,×,勤務間インターバル制度は2019年施行の改正労働時間等設定改善法により努力義務化（義務ではない）。EU指令では11時間が標準。健康確保・生産性向上の観点から普及が進んでいる。,,,,,基礎・役割,第1章 / 適切な労働時間の管理,メンタルヘルスケアの意義と管理監督者の役割,
ichi-0725,認知的評価はストレス反応が発生した後に起こるプロセスである。,×,Lazarusの認知的評価理論：一次評価（脅威か否か）・二次評価（対処可能か）の評価プロセスがストレス反応を媒介する。同じ出来事でも評価次第でストレスの大小が変わる。,,,,,基礎・役割,第2章 / ストレスの基本概念と健康障害のしくみ,ストレスおよびメンタルヘルスに関する基礎知識,
ichi-0726,同じストレッサーでも、個人の認知的評価（脅威と感じるか否か）によってストレス反応の強さが異なる。,○,Lazarusの認知的評価理論：一次評価（脅威か否か）・二次評価（対処可能か）の評価プロセスがストレス反応を媒介する。同じ出来事でも評価次第でストレスの大小が変わる。,,,,,基礎・役割,第2章 / ストレスの基本概念と健康障害のしくみ,ストレスおよびメンタルヘルスに関する基礎知識,
ichi-0727,認知的評価は先天的なものであり、後天的に変えることはできない。,×,Lazarusの認知的評価理論：一次評価（脅威か否か）・二次評価（対処可能か）の評価プロセスがストレス反応を媒介する。同じ出来事でも評価次第でストレスの大小が変わる。,,,,,基礎・役割,第2章 / ストレスの基本概念と健康障害のしくみ,ストレスおよびメンタルヘルスに関する基礎知識,
ichi-0728,認知的評価はストレス反応には影響せず、身体的要因のみがストレスを規定する。,×,Lazarusの認知的評価理論：一次評価（脅威か否か）・二次評価（対処可能か）の評価プロセスがストレス反応を媒介する。同じ出来事でも評価次第でストレスの大小が変わる。,,,,,基礎・役割,第2章 / ストレスの基本概念と健康障害のしくみ,ストレスおよびメンタルヘルスに関する基礎知識,
ichi-0729,適応障害はストレスの原因が明確であり、原因から離れると症状が軽減しやすい。,○,適応障害は特定のストレス因子への反応として発症し、その因子から離れると改善しやすい。うつ病とは異なる診断基準があり、環境調整・心理療法が中心。職場環境改善が重要な治療介入。,,,,,基礎・役割,第2章 / メンタルヘルス不調とは何か,ストレスおよびメンタルヘルスに関する基礎知識,
ichi-0730,適応障害はうつ病と全く同じ疾患であり、治療法も同一である。,×,適応障害は特定のストレス因子への反応として発症し、その因子から離れると改善しやすい。うつ病とは異なる診断基準があり、環境調整・心理療法が中心。職場環境改善が重要な治療介入。,,,,,基礎・役割,第2章 / メンタルヘルス不調とは何か,ストレスおよびメンタルヘルスに関する基礎知識,
ichi-0731,適応障害は重篤な精神疾患であるため、必ず長期入院治療が必要である。,×,適応障害は特定のストレス因子への反応として発症し、その因子から離れると改善しやすい。うつ病とは異なる診断基準があり、環境調整・心理療法が中心。職場環境改善が重要な治療介入。,,,,,基礎・役割,第2章 / メンタルヘルス不調とは何か,ストレスおよびメンタルヘルスに関する基礎知識,
ichi-0732,適応障害は薬物療法のみが有効であり、環境調整は効果がない。,×,適応障害は特定のストレス因子への反応として発症し、その因子から離れると改善しやすい。うつ病とは異なる診断基準があり、環境調整・心理療法が中心。職場環境改善が重要な治療介入。,,,,,基礎・役割,第2章 / メンタルヘルス不調とは何か,ストレスおよびメンタルヘルスに関する基礎知識,
ichi-0733,改善策によるストレス指標の変化（欠勤率・ストレスチェックスコア等）を測定すること。,×,プロセス評価＝計画の実施状況・実施率・参加率等の評価。アウトカム評価＝ストレス指標や欠勤率等の結果指標の評価。両方を組み合わせることで改善活動の全体像を把握できる。,,,,,職場環境・配慮,第3章 / 改善策の効果を評価する,職場環境等の評価および改善の方法,
ichi-0734,改善策が計画通りに実施されているか、参加率はどうか等、実施状況を評価すること。,○,プロセス評価＝計画の実施状況・実施率・参加率等の評価。アウトカム評価＝ストレス指標や欠勤率等の結果指標の評価。両方を組み合わせることで改善活動の全体像を把握できる。,,,,,職場環境・配慮,第3章 / 改善策の効果を評価する,職場環境等の評価および改善の方法,
ichi-0735,改善策の費用対効果を金額で算出すること。,×,プロセス評価＝計画の実施状況・実施率・参加率等の評価。アウトカム評価＝ストレス指標や欠勤率等の結果指標の評価。両方を組み合わせることで改善活動の全体像を把握できる。,,,,,職場環境・配慮,第3章 / 改善策の効果を評価する,職場環境等の評価および改善の方法,
ichi-0736,改善策に関わったスタッフの満足度を評価すること。,×,プロセス評価＝計画の実施状況・実施率・参加率等の評価。アウトカム評価＝ストレス指標や欠勤率等の結果指標の評価。両方を組み合わせることで改善活動の全体像を把握できる。,,,,,職場環境・配慮,第3章 / 改善策の効果を評価する,職場環境等の評価および改善の方法,
ichi-0737,ワーク・ライフ・バランスは個人の趣味・余暇の充実を目的とするものであり、過重労働防止とは無関係である。,×,ワーク・ライフ・バランスの実現は過重労働防止・健康確保・モチベーション向上・採用力強化など多面的な効果がある。仕事と生活の調和推進のための行動指針（2007年）でも明記されている。,,,,,職場環境・配慮,第4章 / 過重労働の防止と対処方法,個々の労働者への配慮,
ichi-0738,仕事と生活の調和を図ることで、労働者の健康維持・生産性向上・過重労働防止が相互に促進される。,○,ワーク・ライフ・バランスの実現は過重労働防止・健康確保・モチベーション向上・採用力強化など多面的な効果がある。仕事と生活の調和推進のための行動指針（2007年）でも明記されている。,,,,,職場環境・配慮,第4章 / 過重労働の防止と対処方法,個々の労働者への配慮,
ichi-0739,ワーク・ライフ・バランスを推進すると業務効率が低下するため、企業にとってはデメリットが大きい。,×,ワーク・ライフ・バランスの実現は過重労働防止・健康確保・モチベーション向上・採用力強化など多面的な効果がある。仕事と生活の調和推進のための行動指針（2007年）でも明記されている。,,,,,職場環境・配慮,第4章 / 過重労働の防止と対処方法,個々の労働者への配慮,
ichi-0740,ワーク・ライフ・バランスは管理職には適用されない概念である。,×,ワーク・ライフ・バランスの実現は過重労働防止・健康確保・モチベーション向上・採用力強化など多面的な効果がある。仕事と生活の調和推進のための行動指針（2007年）でも明記されている。,,,,,職場環境・配慮,第4章 / 過重労働の防止と対処方法,個々の労働者への配慮,
ichi-0741,プライバシーマーク制度は医療機関のみを対象とした認証制度である。,×,プライバシーマーク制度はJIPDEC（日本情報経済社会推進協会）が運営する任意認定制度。個人情報保護の適切な管理体制を第三者評価する仕組みで、法的義務ではない。,,,,,職場環境・配慮,第4章 / 個人情報・プライバシーへの配慮,個々の労働者への配慮,
ichi-0742,プライバシーマーク制度は、個人情報の適切な取り扱いができる事業者を第三者機関が認定する制度である。,○,プライバシーマーク制度はJIPDEC（日本情報経済社会推進協会）が運営する任意認定制度。個人情報保護の適切な管理体制を第三者評価する仕組みで、法的義務ではない。,,,,,職場環境・配慮,第4章 / 個人情報・プライバシーへの配慮,個々の労働者への配慮,
ichi-0743,プライバシーマーク取得企業は個人情報保護法の適用が免除される。,×,プライバシーマーク制度はJIPDEC（日本情報経済社会推進協会）が運営する任意認定制度。個人情報保護の適切な管理体制を第三者評価する仕組みで、法的義務ではない。,,,,,職場環境・配慮,第4章 / 個人情報・プライバシーへの配慮,個々の労働者への配慮,
ichi-0744,プライバシーマーク制度は法律で取得が義務づけられている。,×,プライバシーマーク制度はJIPDEC（日本情報経済社会推進協会）が運営する任意認定制度。個人情報保護の適切な管理体制を第三者評価する仕組みで、法的義務ではない。,,,,,職場環境・配慮,第4章 / 個人情報・プライバシーへの配慮,個々の労働者への配慮,
ichi-0745,ストレスは我慢すれば消えるものであるため、気づく必要はない。,×,セルフモニタリングは睡眠の質・食欲・気分・イライラ・飲酒量・趣味への興味など多面的に自己観察すること。早期気づきが早期対処につながる。管理監督者も同様に重要。,,,,,職場環境・配慮,第4章 / 管理監督者自身のセルフケア,個々の労働者への配慮,
ichi-0746,自分の身体・心・行動の変化（睡眠の乱れ・イライラ増加・飲酒量増加等）に注意を払い、早期にサインを察知する。,○,セルフモニタリングは睡眠の質・食欲・気分・イライラ・飲酒量・趣味への興味など多面的に自己観察すること。早期気づきが早期対処につながる。管理監督者も同様に重要。,,,,,職場環境・配慮,第4章 / 管理監督者自身のセルフケア,個々の労働者への配慮,
ichi-0747,ストレスのサインは必ず身体症状として現れるため、健康診断結果のみを確認すればよい。,×,セルフモニタリングは睡眠の質・食欲・気分・イライラ・飲酒量・趣味への興味など多面的に自己観察すること。早期気づきが早期対処につながる。管理監督者も同様に重要。,,,,,職場環境・配慮,第4章 / 管理監督者自身のセルフケア,個々の労働者への配慮,
ichi-0748,管理監督者は部下のストレス管理が優先であり、自己モニタリングは後回しでよい。,×,セルフモニタリングは睡眠の質・食欲・気分・イライラ・飲酒量・趣味への興味など多面的に自己観察すること。早期気づきが早期対処につながる。管理監督者も同様に重要。,,,,,職場環境・配慮,第4章 / 管理監督者自身のセルフケア,個々の労働者への配慮,
ichi-0749,部下が「理解してもらえた」と感じ、職場への安心感・信頼感が高まる。,○,管理監督者の傾聴は治療行為ではなく、安心感の提供・早期発見・専門家への橋渡しが目的。「完全治療」を期待させるような認識は誤り。限界を知り、専門家に引き継ぐことも重要な役割。,,,,,相談・連携・復職,第5章 / なぜ管理監督者が話を聴くのか,労働者からの相談への対応（話の聴き方、情報提供および助言の方法等）,
ichi-0750,話を聴くだけで部下のメンタルヘルス不調を完全に治療できる。,×,管理監督者の傾聴は治療行為ではなく、安心感の提供・早期発見・専門家への橋渡しが目的。「完全治療」を期待させるような認識は誤り。限界を知り、専門家に引き継ぐことも重要な役割。,,,,,相談・連携・復職,第5章 / なぜ管理監督者が話を聴くのか,労働者からの相談への対応（話の聴き方、情報提供および助言の方法等）,
ichi-0751,部下の状況を把握することで、適切な支援や専門家への橋渡しが可能になる。,○,管理監督者の傾聴は治療行為ではなく、安心感の提供・早期発見・専門家への橋渡しが目的。「完全治療」を期待させるような認識は誤り。限界を知り、専門家に引き継ぐことも重要な役割。,,,,,相談・連携・復職,第5章 / なぜ管理監督者が話を聴くのか,労働者からの相談への対応（話の聴き方、情報提供および助言の方法等）,
ichi-0752,相談しやすい職場風土の醸成につながる。,○,管理監督者の傾聴は治療行為ではなく、安心感の提供・早期発見・専門家への橋渡しが目的。「完全治療」を期待させるような認識は誤り。限界を知り、専門家に引き継ぐことも重要な役割。,,,,,相談・連携・復職,第5章 / なぜ管理監督者が話を聴くのか,労働者からの相談への対応（話の聴き方、情報提供および助言の方法等）,
ichi-0753,自殺未遂後は職場復帰させず、そのまま退職を促すべきである。,×,自殺未遂後の職場復帰は高リスク。主治医・産業医の判断を基に慎重に進め、職場環境調整・フォローアップ体制の整備が必須。自殺念慮・再発サインへの注意が特に重要。,,,,,相談・連携・復職,第5章 / 危機対応,労働者からの相談への対応（話の聴き方、情報提供および助言の方法等）,
ichi-0754,主治医・産業医と連携しながら、段階的な職場復帰支援を行い、再発防止のための環境整備を図る。,○,自殺未遂後の職場復帰は高リスク。主治医・産業医の判断を基に慎重に進め、職場環境調整・フォローアップ体制の整備が必須。自殺念慮・再発サインへの注意が特に重要。,,,,,相談・連携・復職,第5章 / 危機対応,労働者からの相談への対応（話の聴き方、情報提供および助言の方法等）,
ichi-0755,自殺未遂の事実は本人の名誉のため、職場内では一切触れてはならない。,×,自殺未遂後の職場復帰は高リスク。主治医・産業医の判断を基に慎重に進め、職場環境調整・フォローアップ体制の整備が必須。自殺念慮・再発サインへの注意が特に重要。,,,,,相談・連携・復職,第5章 / 危機対応,労働者からの相談への対応（話の聴き方、情報提供および助言の方法等）,
ichi-0756,復職後は特別扱いせず、通常業務をすぐに再開させることが回復を早める。,×,自殺未遂後の職場復帰は高リスク。主治医・産業医の判断を基に慎重に進め、職場環境調整・フォローアップ体制の整備が必須。自殺念慮・再発サインへの注意が特に重要。,,,,,相談・連携・復職,第5章 / 危機対応,労働者からの相談への対応（話の聴き方、情報提供および助言の方法等）,
ichi-0757,ゲートキーパーとは、自殺念慮のある人の入院手続きを行う専門家を指す。,×,ゲートキーパーは「命の門番」の意。気づく・傾聴する・つなぐ・見守るの4つの役割を担い、管理監督者を含む誰もがゲートキーパーになれる。自殺総合対策大綱でも普及が推進されている。,,,,,相談・連携・復職,第5章 / 危機対応,労働者からの相談への対応（話の聴き方、情報提供および助言の方法等）,
ichi-0758,ゲートキーパーとは、自殺のサインに気づき、声をかけ、話を聴き、必要に応じて専門家につなぐ役割を担う人を指す。,○,ゲートキーパーは「命の門番」の意。気づく・傾聴する・つなぐ・見守るの4つの役割を担い、管理監督者を含む誰もがゲートキーパーになれる。自殺総合対策大綱でも普及が推進されている。,,,,,相談・連携・復職,第5章 / 危機対応,労働者からの相談への対応（話の聴き方、情報提供および助言の方法等）,
ichi-0759,ゲートキーパーは精神科医・心理士のみが担える役割である。,×,ゲートキーパーは「命の門番」の意。気づく・傾聴する・つなぐ・見守るの4つの役割を担い、管理監督者を含む誰もがゲートキーパーになれる。自殺総合対策大綱でも普及が推進されている。,,,,,相談・連携・復職,第5章 / 危機対応,労働者からの相談への対応（話の聴き方、情報提供および助言の方法等）,
ichi-0760,ゲートキーパー活動は自殺念慮を高めるリスクがあるため、一般の管理監督者は行うべきでない。,×,ゲートキーパーは「命の門番」の意。気づく・傾聴する・つなぐ・見守るの4つの役割を担い、管理監督者を含む誰もがゲートキーパーになれる。自殺総合対策大綱でも普及が推進されている。,,,,,相談・連携・復職,第5章 / 危機対応,労働者からの相談への対応（話の聴き方、情報提供および助言の方法等）,
ichi-0761,職場復帰支援の各ステップと「主な実施内容」の組み合わせとして、「第1ステップ：職場復帰支援プランの最終決定」という記述は正しい。,×,第1＝休業開始・療養、第2＝主治医の復帰可能診断書、第3＝職場としての復帰可否判断とプラン作成、第4＝最終的な復帰決定、第5＝フォローアップ。各ステップの内容と順序の正確な理解が重要。,,,,,相談・連携・復職,第7章 / 職場復帰の流れ：ステップ１〜３,心の健康問題をもつ復職者への支援の方法,
ichi-0762,職場復帰支援の各ステップと「主な実施内容」の組み合わせとして、「第2ステップ：主治医による職場復帰可能の意見書（診断書）の作成・提出」という記述は正しい。,○,第1＝休業開始・療養、第2＝主治医の復帰可能診断書、第3＝職場としての復帰可否判断とプラン作成、第4＝最終的な復帰決定、第5＝フォローアップ。各ステップの内容と順序の正確な理解が重要。,,,,,相談・連携・復職,第7章 / 職場復帰の流れ：ステップ１〜３,心の健康問題をもつ復職者への支援の方法,
ichi-0763,職場復帰支援の各ステップと「主な実施内容」の組み合わせとして、「第3ステップ：職場復帰後のフォローアップ」という記述は正しい。,×,第1＝休業開始・療養、第2＝主治医の復帰可能診断書、第3＝職場としての復帰可否判断とプラン作成、第4＝最終的な復帰決定、第5＝フォローアップ。各ステップの内容と順序の正確な理解が重要。,,,,,相談・連携・復職,第7章 / 職場復帰の流れ：ステップ１〜３,心の健康問題をもつ復職者への支援の方法,
ichi-0764,職場復帰支援の各ステップと「主な実施内容」の組み合わせとして、「第4ステップ：病気休業開始と休業中のケア」という記述は正しい。,×,第1＝休業開始・療養、第2＝主治医の復帰可能診断書、第3＝職場としての復帰可否判断とプラン作成、第4＝最終的な復帰決定、第5＝フォローアップ。各ステップの内容と順序の正確な理解が重要。,,,,,相談・連携・復職,第7章 / 職場復帰の流れ：ステップ１〜３,心の健康問題をもつ復職者への支援の方法,
ichi-0765,「職場復帰支援プラン」に記載すべき内容として、「復職後の業務内容・業務量・勤務時間の調整方針」という記述は正しい。,○,復職支援プランは社内の対応方針を定めるもの。主治医・家族への「定期報告義務」を職場が課すことはプライバシー侵害・越権行為になりうる。必要な連携は本人同意のもとで個別に行う。,,,,,相談・連携・復職,第7章 / 職場復帰の流れ：ステップ１〜３,心の健康問題をもつ復職者への支援の方法,
ichi-0766,「職場復帰支援プラン」に記載すべき内容として、「フォローアップの実施方法・頻度・担当者」という記述は正しい。,○,復職支援プランは社内の対応方針を定めるもの。主治医・家族への「定期報告義務」を職場が課すことはプライバシー侵害・越権行為になりうる。必要な連携は本人同意のもとで個別に行う。,,,,,相談・連携・復職,第7章 / 職場復帰の流れ：ステップ１〜３,心の健康問題をもつ復職者への支援の方法,
ichi-0767,復職者の主治医・家族への定期的な報告義務,×,復職支援プランは社内の対応方針を定めるもの。主治医・家族への「定期報告義務」を職場が課すことはプライバシー侵害・越権行為になりうる。必要な連携は本人同意のもとで個別に行う。,,,,,相談・連携・復職,第7章 / 職場復帰の流れ：ステップ１〜３,心の健康問題をもつ復職者への支援の方法,
ichi-0768,「職場復帰支援プラン」に記載すべき内容として、「再休業となった場合の対応方針」という記述は正しい。,○,復職支援プランは社内の対応方針を定めるもの。主治医・家族への「定期報告義務」を職場が課すことはプライバシー侵害・越権行為になりうる。必要な連携は本人同意のもとで個別に行う。,,,,,相談・連携・復職,第7章 / 職場復帰の流れ：ステップ１〜３,心の健康問題をもつ復職者への支援の方法,
ichi-0769,ストレスチェックの「高ストレス者」の定義として、「全労働者の上位5%に該当する者」という記述は正しい。,×,高ストレス者の判定基準は実施者（医師等）が設定。一般的に「ストレス反応が高い」または「ストレス要因が高くかつサポートが低い」状態の者。全体の約10%程度が目安。,,,,,基礎・役割,第1章 / ストレスチェック制度の概要,メンタルヘルスケアの意義と管理監督者の役割,
ichi-0770,ストレスチェックの「高ストレス者」の定義として、「ストレス反応が高い者、またはストレス要因が高くサポートが低い者」という記述は正しい。,○,高ストレス者の判定基準は実施者（医師等）が設定。一般的に「ストレス反応が高い」または「ストレス要因が高くかつサポートが低い」状態の者。全体の約10%程度が目安。,,,,,基礎・役割,第1章 / ストレスチェック制度の概要,メンタルヘルスケアの意義と管理監督者の役割,
ichi-0771,ストレスチェックの「高ストレス者」の定義として、「欠勤日数が月3日以上の者」という記述は正しい。,×,高ストレス者の判定基準は実施者（医師等）が設定。一般的に「ストレス反応が高い」または「ストレス要因が高くかつサポートが低い」状態の者。全体の約10%程度が目安。,,,,,基礎・役割,第1章 / ストレスチェック制度の概要,メンタルヘルスケアの意義と管理監督者の役割,
ichi-0772,ストレスチェックの「高ストレス者」の定義として、「主治医が高ストレスと診断した者」という記述は正しい。,×,高ストレス者の判定基準は実施者（医師等）が設定。一般的に「ストレス反応が高い」または「ストレス要因が高くかつサポートが低い」状態の者。全体の約10%程度が目安。,,,,,基礎・役割,第1章 / ストレスチェック制度の概要,メンタルヘルスケアの意義と管理監督者の役割,
ichi-0773,受検は全労働者に義務づけられており、拒否した場合は懲戒処分の対象となる。,×,ストレスチェックの受検は労働者の任意。強制・不利益取り扱いは禁止。派遣労働者は派遣元が実施義務を負う。短時間労働者も一定要件を満たす場合は対象。,,,,,基礎・役割,第1章 / ストレスチェック制度の概要,メンタルヘルスケアの意義と管理監督者の役割,
ichi-0774,受検は労働者本人の意思によるものであり、事業者は強制できない。,○,ストレスチェックの受検は労働者の任意。強制・不利益取り扱いは禁止。派遣労働者は派遣元が実施義務を負う。短時間労働者も一定要件を満たす場合は対象。,,,,,基礎・役割,第1章 / ストレスチェック制度の概要,メンタルヘルスケアの意義と管理監督者の役割,
ichi-0775,派遣労働者は派遣元・派遣先どちらのストレスチェックも受検する義務がある。,×,ストレスチェックの受検は労働者の任意。強制・不利益取り扱いは禁止。派遣労働者は派遣元が実施義務を負う。短時間労働者も一定要件を満たす場合は対象。,,,,,基礎・役割,第1章 / ストレスチェック制度の概要,メンタルヘルスケアの意義と管理監督者の役割,
ichi-0776,アルバイト・パートタイム労働者は対象外である。,×,ストレスチェックの受検は労働者の任意。強制・不利益取り扱いは禁止。派遣労働者は派遣元が実施義務を負う。短時間労働者も一定要件を満たす場合は対象。,,,,,基礎・役割,第1章 / ストレスチェック制度の概要,メンタルヘルスケアの意義と管理監督者の役割,
ichi-0777,一次予防は不調者の職場復帰支援、二次予防は早期発見・早期対応、三次予防は発症予防を指す。,×,一次予防＝ストレス要因の低減・健康増進（発症前）、二次予防＝早期発見・早期対応（発症初期）、三次予防＝治療・職場復帰・再発防止（回復期）。すべての段階で管理監督者が関与する。,,,,,基礎・役割,第1章 / メンタルヘルスケアの考え方と進め方,メンタルヘルスケアの意義と管理監督者の役割,
ichi-0778,一次予防は発症予防・健康促進、二次予防は早期発見・早期対応、三次予防は職場復帰・再発防止を指す。,○,一次予防＝ストレス要因の低減・健康増進（発症前）、二次予防＝早期発見・早期対応（発症初期）、三次予防＝治療・職場復帰・再発防止（回復期）。すべての段階で管理監督者が関与する。,,,,,基礎・役割,第1章 / メンタルヘルスケアの考え方と進め方,メンタルヘルスケアの意義と管理監督者の役割,
ichi-0779,三段階の予防はすべて産業医のみが担うものである。,×,一次予防＝ストレス要因の低減・健康増進（発症前）、二次予防＝早期発見・早期対応（発症初期）、三次予防＝治療・職場復帰・再発防止（回復期）。すべての段階で管理監督者が関与する。,,,,,基礎・役割,第1章 / メンタルヘルスケアの考え方と進め方,メンタルヘルスケアの意義と管理監督者の役割,
ichi-0780,三次予防まで対応すれば一次予防は不要になる。,×,一次予防＝ストレス要因の低減・健康増進（発症前）、二次予防＝早期発見・早期対応（発症初期）、三次予防＝治療・職場復帰・再発防止（回復期）。すべての段階で管理監督者が関与する。,,,,,基礎・役割,第1章 / メンタルヘルスケアの考え方と進め方,メンタルヘルスケアの意義と管理監督者の役割,
ichi-0781,ストレスに気づくための知識を身につける。,○,セルフケアは労働者自身が行うもので診断・治療は含まれない。セルフケアの内容：ストレスへの気づき・自己管理・リラクセーション・相談・受診行動など。,,,,,基礎・役割,第1章 / メンタルヘルスケアの考え方と進め方,メンタルヘルスケアの意義と管理監督者の役割,
ichi-0782,自分のストレス状態を自己管理し、必要に応じて相談・受診する。,○,セルフケアは労働者自身が行うもので診断・治療は含まれない。セルフケアの内容：ストレスへの気づき・自己管理・リラクセーション・相談・受診行動など。,,,,,基礎・役割,第1章 / メンタルヘルスケアの考え方と進め方,メンタルヘルスケアの意義と管理監督者の役割,
ichi-0783,部下のメンタルヘルス不調を自ら診断・治療する。,×,セルフケアは労働者自身が行うもので診断・治療は含まれない。セルフケアの内容：ストレスへの気づき・自己管理・リラクセーション・相談・受診行動など。,,,,,基礎・役割,第1章 / メンタルヘルスケアの考え方と進め方,メンタルヘルスケアの意義と管理監督者の役割,
ichi-0784,睡眠・運動・食事など生活習慣を整える。,○,セルフケアは労働者自身が行うもので診断・治療は含まれない。セルフケアの内容：ストレスへの気づき・自己管理・リラクセーション・相談・受診行動など。,,,,,基礎・役割,第1章 / メンタルヘルスケアの考え方と進め方,メンタルヘルスケアの意義と管理監督者の役割,
ichi-0785,がん・脳卒中・急性心筋梗塞・糖尿病・精神疾患は、五大疾病に含まれる組み合わせである。,○,厚生労働省は2011年に精神疾患を「五大疾病」（がん・脳卒中・急性心筋梗塞・糖尿病・精神疾患）に加えた。精神疾患が主要疾患として位置づけられたことは重要な背景知識。,,,,,基礎・役割,第1章 / 働く人のストレス,メンタルヘルスケアの意義と管理監督者の役割,
ichi-0786,がん・脳卒中・骨折・糖尿病・アレルギーは、五大疾病に含まれる組み合わせである。,×,厚生労働省は2011年に精神疾患を「五大疾病」（がん・脳卒中・急性心筋梗塞・糖尿病・精神疾患）に加えた。精神疾患が主要疾患として位置づけられたことは重要な背景知識。,,,,,基礎・役割,第1章 / 働く人のストレス,メンタルヘルスケアの意義と管理監督者の役割,
ichi-0787,高血圧・骨粗しょう症・糖尿病・がん・肝疾患は、五大疾病に含まれる組み合わせである。,×,厚生労働省は2011年に精神疾患を「五大疾病」（がん・脳卒中・急性心筋梗塞・糖尿病・精神疾患）に加えた。精神疾患が主要疾患として位置づけられたことは重要な背景知識。,,,,,基礎・役割,第1章 / 働く人のストレス,メンタルヘルスケアの意義と管理監督者の役割,
ichi-0788,精神疾患・骨折・がん・歯周病・糖尿病は、五大疾病に含まれる組み合わせである。,×,厚生労働省は2011年に精神疾患を「五大疾病」（がん・脳卒中・急性心筋梗塞・糖尿病・精神疾患）に加えた。精神疾患が主要疾患として位置づけられたことは重要な背景知識。,,,,,基礎・役割,第1章 / 働く人のストレス,メンタルヘルスケアの意義と管理監督者の役割,
ichi-0789,メンタルヘルス不調の経済的損失は欠勤・休職コストのみである。,×,プレゼンティーイズムの損失はアブセンティーイズム（欠勤）の損失より2〜3倍大きいとされる研究もある。メンタルヘルス対策の費用対効果は経営判断の重要な指標となっている。,,,,,基礎・役割,第1章 / 働く人のストレス,メンタルヘルスケアの意義と管理監督者の役割,
ichi-0790,出勤していても不調により生産性が低下する「プレゼンティーイズム」による損失は、欠勤による損失より大きいとする研究もある。,○,プレゼンティーイズムの損失はアブセンティーイズム（欠勤）の損失より2〜3倍大きいとされる研究もある。メンタルヘルス対策の費用対効果は経営判断の重要な指標となっている。,,,,,基礎・役割,第1章 / 働く人のストレス,メンタルヘルスケアの意義と管理監督者の役割,
ichi-0791,メンタルヘルス不調の経済的損失は個人の問題であり、企業の財務指標には影響しない。,×,プレゼンティーイズムの損失はアブセンティーイズム（欠勤）の損失より2〜3倍大きいとされる研究もある。メンタルヘルス対策の費用対効果は経営判断の重要な指標となっている。,,,,,基礎・役割,第1章 / 働く人のストレス,メンタルヘルスケアの意義と管理監督者の役割,
ichi-0792,経済的損失の算出は不可能であるため、投資判断の根拠にはならない。,×,プレゼンティーイズムの損失はアブセンティーイズム（欠勤）の損失より2〜3倍大きいとされる研究もある。メンタルヘルス対策の費用対効果は経営判断の重要な指標となっている。,,,,,基礎・役割,第1章 / 働く人のストレス,メンタルヘルスケアの意義と管理監督者の役割,
ichi-0793,労働安全衛生法は民事責任を規定し、労働契約法は刑事責任を規定する。,×,労働安全衛生法（公法）＝事業者への行政義務・刑事罰。労働契約法（私法）5条＝安全配慮義務を民事上の契約義務として規定。両法は相互補完的に機能する。,,,,,基礎・役割,第1章 / 法的規制の枠組み（公法・私法）,メンタルヘルスケアの意義と管理監督者の役割,
ichi-0794,労働安全衛生法は公法として行政規制・刑事罰を定め、労働契約法は私法として民事上の義務を定める。,○,労働安全衛生法（公法）＝事業者への行政義務・刑事罰。労働契約法（私法）5条＝安全配慮義務を民事上の契約義務として規定。両法は相互補完的に機能する。,,,,,基礎・役割,第1章 / 法的規制の枠組み（公法・私法）,メンタルヘルスケアの意義と管理監督者の役割,
ichi-0795,両法律はまったく独立しており、内容に重複はない。,×,労働安全衛生法（公法）＝事業者への行政義務・刑事罰。労働契約法（私法）5条＝安全配慮義務を民事上の契約義務として規定。両法は相互補完的に機能する。,,,,,基礎・役割,第1章 / 法的規制の枠組み（公法・私法）,メンタルヘルスケアの意義と管理監督者の役割,
ichi-0796,労働契約法は労働安全衛生法の下位規定であり、労働安全衛生法に反しない範囲でのみ適用される。,×,労働安全衛生法（公法）＝事業者への行政義務・刑事罰。労働契約法（私法）5条＝安全配慮義務を民事上の契約義務として規定。両法は相互補完的に機能する。,,,,,基礎・役割,第1章 / 法的規制の枠組み（公法・私法）,メンタルヘルスケアの意義と管理監督者の役割,
ichi-0797,被害者と加害者を同じ部署に置き続け、自然な解決を待つ。,×,ハラスメント事後対応：①事実確認②被害者のケア③加害者への適切な措置（懲戒等）④再発防止策⑤プライバシー保護。被害者の意向を尊重しつつ組織として対応する。,,,,,基礎・役割,第1章 / 職場のハラスメント,メンタルヘルスケアの意義と管理監督者の役割,
ichi-0798,事実確認を行ったうえで、被害者へのケア・加害者への措置・再発防止策の実施を組織として行う。,○,ハラスメント事後対応：①事実確認②被害者のケア③加害者への適切な措置（懲戒等）④再発防止策⑤プライバシー保護。被害者の意向を尊重しつつ組織として対応する。,,,,,基礎・役割,第1章 / 職場のハラスメント,メンタルヘルスケアの意義と管理監督者の役割,
ichi-0799,外部に知られないよう、内部だけで穏便に処理する。,×,ハラスメント事後対応：①事実確認②被害者のケア③加害者への適切な措置（懲戒等）④再発防止策⑤プライバシー保護。被害者の意向を尊重しつつ組織として対応する。,,,,,基礎・役割,第1章 / 職場のハラスメント,メンタルヘルスケアの意義と管理監督者の役割,
ichi-0800,被害者が訴えを取り下げれば、それ以上の対応は不要である。,×,ハラスメント事後対応：①事実確認②被害者のケア③加害者への適切な措置（懲戒等）④再発防止策⑤プライバシー保護。被害者の意向を尊重しつつ組織として対応する。,,,,,基礎・役割,第1章 / 職場のハラスメント,メンタルヘルスケアの意義と管理監督者の役割,
ichi-0801,1日の労働時間の上限を8時間に固定すること。,×,勤務間インターバル制度の目的は終業〜始業間の休息確保。例えば11時間のインターバルを設けることで最低限の睡眠・生活時間を確保し、過重労働・健康障害を防ぐ。,,,,,基礎・役割,第1章 / 適切な労働時間の管理,メンタルヘルスケアの意義と管理監督者の役割,
ichi-0802,終業から翌日の始業までに一定の休息時間を確保することで、労働者の睡眠・生活時間を守ること。,○,勤務間インターバル制度の目的は終業〜始業間の休息確保。例えば11時間のインターバルを設けることで最低限の睡眠・生活時間を確保し、過重労働・健康障害を防ぐ。,,,,,基礎・役割,第1章 / 適切な労働時間の管理,メンタルヘルスケアの意義と管理監督者の役割,
ichi-0803,月の残業時間をゼロにすること。,×,勤務間インターバル制度の目的は終業〜始業間の休息確保。例えば11時間のインターバルを設けることで最低限の睡眠・生活時間を確保し、過重労働・健康障害を防ぐ。,,,,,基礎・役割,第1章 / 適切な労働時間の管理,メンタルヘルスケアの意義と管理監督者の役割,
ichi-0804,週休3日制を義務化すること。,×,勤務間インターバル制度の目的は終業〜始業間の休息確保。例えば11時間のインターバルを設けることで最低限の睡眠・生活時間を確保し、過重労働・健康障害を防ぐ。,,,,,基礎・役割,第1章 / 適切な労働時間の管理,メンタルヘルスケアの意義と管理監督者の役割,
ichi-0805,心理的負荷評価表は労働者本人が自己評価するためのツールである。,×,心理的負荷評価表は業務上の出来事（いじめ・長時間労働・事故等）の心理的負荷を強・中・弱で評価。「強」が認定の要件の一つだが、それだけで自動認定はされない。,,,,,基礎・役割,第1章 / メンタル不調と労働災害・過重労働防止,メンタルヘルスケアの意義と管理監督者の役割,
ichi-0806,精神障害の労災認定に用いられるもので、業務上の出来事を「強・中・弱」の3段階で評価する。,○,心理的負荷評価表は業務上の出来事（いじめ・長時間労働・事故等）の心理的負荷を強・中・弱で評価。「強」が認定の要件の一つだが、それだけで自動認定はされない。,,,,,基礎・役割,第1章 / メンタル不調と労働災害・過重労働防止,メンタルヘルスケアの意義と管理監督者の役割,
ichi-0807,心理的負荷評価表の「強」に該当するだけで自動的に労災認定される。,×,心理的負荷評価表は業務上の出来事（いじめ・長時間労働・事故等）の心理的負荷を強・中・弱で評価。「強」が認定の要件の一つだが、それだけで自動認定はされない。,,,,,基礎・役割,第1章 / メンタル不調と労働災害・過重労働防止,メンタルヘルスケアの意義と管理監督者の役割,
ichi-0808,心理的負荷評価表は身体疾患の労災認定にも使用される。,×,心理的負荷評価表は業務上の出来事（いじめ・長時間労働・事故等）の心理的負荷を強・中・弱で評価。「強」が認定の要件の一つだが、それだけで自動認定はされない。,,,,,基礎・役割,第1章 / メンタル不調と労働災害・過重労働防止,メンタルヘルスケアの意義と管理監督者の役割,
ichi-0809,「ラインケア研修」で管理監督者が学ぶべき内容として、「精神疾患の診断方法と処方薬の知識」という記述は正しい。,×,ラインケア研修では：メンタルヘルスの基礎知識、ストレスサインへの気づき、相談対応の基本（傾聴）、専門家への橋渡し、職場環境改善の進め方、個人情報の取り扱い等を学ぶ。,,,,,基礎・役割,第1章 / ラインケアの進め方と重要性,メンタルヘルスケアの意義と管理監督者の役割,
ichi-0810,「ラインケア研修」で管理監督者が学ぶべき内容として、「メンタルヘルスの基礎知識・部下への気づきと対応・相談対応・職場環境改善の方法」という記述は正しい。,○,ラインケア研修では：メンタルヘルスの基礎知識、ストレスサインへの気づき、相談対応の基本（傾聴）、専門家への橋渡し、職場環境改善の進め方、個人情報の取り扱い等を学ぶ。,,,,,基礎・役割,第1章 / ラインケアの進め方と重要性,メンタルヘルスケアの意義と管理監督者の役割,
ichi-0811,「ラインケア研修」で管理監督者が学ぶべき内容として、「労働基準法の罰則規定の詳細」という記述は正しい。,×,ラインケア研修では：メンタルヘルスの基礎知識、ストレスサインへの気づき、相談対応の基本（傾聴）、専門家への橋渡し、職場環境改善の進め方、個人情報の取り扱い等を学ぶ。,,,,,基礎・役割,第1章 / ラインケアの進め方と重要性,メンタルヘルスケアの意義と管理監督者の役割,
ichi-0812,「ラインケア研修」で管理監督者が学ぶべき内容として、「健康保険の給付計算方法」という記述は正しい。,×,ラインケア研修では：メンタルヘルスの基礎知識、ストレスサインへの気づき、相談対応の基本（傾聴）、専門家への橋渡し、職場環境改善の進め方、個人情報の取り扱い等を学ぶ。,,,,,基礎・役割,第1章 / ラインケアの進め方と重要性,メンタルヘルスケアの意義と管理監督者の役割,
ichi-0813,管理監督者向けの研修のみを実施すれば、すべての従業員への対応が完了する。,×,教育研修・情報提供は対象者（労働者・管理監督者・産業保健スタッフ）ごとに内容を変えて実施する。定期的な実施と、新任者研修・節目研修の組み合わせが効果的。,,,,,基礎・役割,第1章 / 方針・計画の策定とマネジメント,メンタルヘルスケアの意義と管理監督者の役割,
ichi-0814,管理監督者・一般労働者・産業保健スタッフそれぞれの立場に応じた研修・情報提供が必要である。,○,教育研修・情報提供は対象者（労働者・管理監督者・産業保健スタッフ）ごとに内容を変えて実施する。定期的な実施と、新任者研修・節目研修の組み合わせが効果的。,,,,,基礎・役割,第1章 / 方針・計画の策定とマネジメント,メンタルヘルスケアの意義と管理監督者の役割,
ichi-0815,教育研修は採用時の一度のみで十分であり、定期的な実施は不要である。,×,教育研修・情報提供は対象者（労働者・管理監督者・産業保健スタッフ）ごとに内容を変えて実施する。定期的な実施と、新任者研修・節目研修の組み合わせが効果的。,,,,,基礎・役割,第1章 / 方針・計画の策定とマネジメント,メンタルヘルスケアの意義と管理監督者の役割,
ichi-0816,情報提供は管理監督者から口頭で行えば十分であり、文書・研修は不要である。,×,教育研修・情報提供は対象者（労働者・管理監督者・産業保健スタッフ）ごとに内容を変えて実施する。定期的な実施と、新任者研修・節目研修の組み合わせが効果的。,,,,,基礎・役割,第1章 / 方針・計画の策定とマネジメント,メンタルヘルスケアの意義と管理監督者の役割,
ichi-0817,問題焦点型と感情焦点型の2種類のみが存在し、それ以外のコーピングはない。,×,コーピングは問題焦点型・情動焦点型・回避型・社会的支援希求型等に分類される。状況に応じた適切なコーピングの組み合わせが重要で、短期的な回避も時に有効。,,,,,基礎・役割,第2章 / 産業ストレス,ストレスおよびメンタルヘルスに関する基礎知識,
ichi-0818,問題焦点型（原因への直接対処）・情動焦点型（感情の調整）・回避型（問題から距離を置く）などに分類される。,○,コーピングは問題焦点型・情動焦点型・回避型・社会的支援希求型等に分類される。状況に応じた適切なコーピングの組み合わせが重要で、短期的な回避も時に有効。,,,,,基礎・役割,第2章 / 産業ストレス,ストレスおよびメンタルヘルスに関する基礎知識,
ichi-0819,コーピングは個人の性格で決まるものであり、意識的に変えることはできない。,×,コーピングは問題焦点型・情動焦点型・回避型・社会的支援希求型等に分類される。状況に応じた適切なコーピングの組み合わせが重要で、短期的な回避も時に有効。,,,,,基礎・役割,第2章 / 産業ストレス,ストレスおよびメンタルヘルスに関する基礎知識,
ichi-0820,回避型コーピングは常に有害であり、絶対に使うべきでない。,×,コーピングは問題焦点型・情動焦点型・回避型・社会的支援希求型等に分類される。状況に応じた適切なコーピングの組み合わせが重要で、短期的な回避も時に有効。,,,,,基礎・役割,第2章 / 産業ストレス,ストレスおよびメンタルヘルスに関する基礎知識,
ichi-0821,慢性的なストレスが引き起こす健康障害として、「高血圧・心疾患などの循環器疾患」という記述は正しい。,○,慢性ストレスは免疫抑制・循環器疾患・消化器疾患・睡眠障害・うつ病等を引き起こす。感覚器能力が増強するというのは誤り（急性期の一時的な感覚鋭敏化は起こりうるが）。,,,,,基礎・役割,第2章 / ストレスの基本概念と健康障害のしくみ,ストレスおよびメンタルヘルスに関する基礎知識,
ichi-0822,慢性的なストレスが引き起こす健康障害として、「免疫機能の低下による感染症リスクの増大」という記述は正しい。,○,慢性ストレスは免疫抑制・循環器疾患・消化器疾患・睡眠障害・うつ病等を引き起こす。感覚器能力が増強するというのは誤り（急性期の一時的な感覚鋭敏化は起こりうるが）。,,,,,基礎・役割,第2章 / ストレスの基本概念と健康障害のしくみ,ストレスおよびメンタルヘルスに関する基礎知識,
ichi-0823,慢性的なストレスが引き起こす健康障害として、「視力・聴力など感覚器能力の一時的な増強」という記述は正しい。,×,慢性ストレスは免疫抑制・循環器疾患・消化器疾患・睡眠障害・うつ病等を引き起こす。感覚器能力が増強するというのは誤り（急性期の一時的な感覚鋭敏化は起こりうるが）。,,,,,基礎・役割,第2章 / ストレスの基本概念と健康障害のしくみ,ストレスおよびメンタルヘルスに関する基礎知識,
ichi-0824,慢性的なストレスが引き起こす健康障害として、「消化器系疾患（胃潰瘍・過敏性腸症候群等）」という記述は正しい。,○,慢性ストレスは免疫抑制・循環器疾患・消化器疾患・睡眠障害・うつ病等を引き起こす。感覚器能力が増強するというのは誤り（急性期の一時的な感覚鋭敏化は起こりうるが）。,,,,,基礎・役割,第2章 / ストレスの基本概念と健康障害のしくみ,ストレスおよびメンタルヘルスに関する基礎知識,
ichi-0825,「気合で治せ」「根性が足りない」など精神論で励ます。,×,不調の部下への基本姿勢は「普通に接しながら、必要な配慮を行う」。過剰な特別扱い・回避どちらも不適切。普通のコミュニケーションを維持しつつ業務負荷を調整する。,,,,,基礎・役割,第2章 / 心の健康問題への正しい向き合い方,ストレスおよびメンタルヘルスに関する基礎知識,
ichi-0826,「病気だから特別扱い」ではなく、一人の人として接しながら業務上の配慮を行う。,○,不調の部下への基本姿勢は「普通に接しながら、必要な配慮を行う」。過剰な特別扱い・回避どちらも不適切。普通のコミュニケーションを維持しつつ業務負荷を調整する。,,,,,基礎・役割,第2章 / 心の健康問題への正しい向き合い方,ストレスおよびメンタルヘルスに関する基礎知識,
ichi-0827,不調者は危険なため、業務から完全に隔離して接触を避ける。,×,不調の部下への基本姿勢は「普通に接しながら、必要な配慮を行う」。過剰な特別扱い・回避どちらも不適切。普通のコミュニケーションを維持しつつ業務負荷を調整する。,,,,,基礎・役割,第2章 / 心の健康問題への正しい向き合い方,ストレスおよびメンタルヘルスに関する基礎知識,
ichi-0828,医療知識がないため、不調の部下には一切関わらない方がよい。,×,不調の部下への基本姿勢は「普通に接しながら、必要な配慮を行う」。過剰な特別扱い・回避どちらも不適切。普通のコミュニケーションを維持しつつ業務負荷を調整する。,,,,,基礎・役割,第2章 / 心の健康問題への正しい向き合い方,ストレスおよびメンタルヘルスに関する基礎知識,
ichi-0829,アルコール依存症は意志の弱さの問題であり、医療的治療は不要である。,×,アルコール依存症は「否認」が特徴的で、本人が「自分は依存症ではない」と主張しやすい。脳の疾患として位置づけられ、意志の問題ではない。断酒・外来・入院・自助グループ等の治療がある。,,,,,基礎・役割,第2章 / メンタルヘルス不調とは何か,ストレスおよびメンタルヘルスに関する基礎知識,
ichi-0830,アルコール依存症は「否認の病」とも呼ばれ、本人が問題を認識しにくい特徴がある。,○,アルコール依存症は「否認」が特徴的で、本人が「自分は依存症ではない」と主張しやすい。脳の疾患として位置づけられ、意志の問題ではない。断酒・外来・入院・自助グループ等の治療がある。,,,,,基礎・役割,第2章 / メンタルヘルス不調とは何か,ストレスおよびメンタルヘルスに関する基礎知識,
ichi-0831,飲酒量を自分でコントロールできれば、依存症の心配はない。,×,アルコール依存症は「否認」が特徴的で、本人が「自分は依存症ではない」と主張しやすい。脳の疾患として位置づけられ、意志の問題ではない。断酒・外来・入院・自助グループ等の治療がある。,,,,,基礎・役割,第2章 / メンタルヘルス不調とは何か,ストレスおよびメンタルヘルスに関する基礎知識,
ichi-0832,アルコール依存症の治療は入院治療のみで、外来での対応は不可能である。,×,アルコール依存症は「否認」が特徴的で、本人が「自分は依存症ではない」と主張しやすい。脳の疾患として位置づけられ、意志の問題ではない。断酒・外来・入院・自助グループ等の治療がある。,,,,,基礎・役割,第2章 / メンタルヘルス不調とは何か,ストレスおよびメンタルヘルスに関する基礎知識,
ichi-0833,ASDのある人は全員、知的障害を伴う。,×,ASD（自閉スペクトラム症）の特性：社会的コミュニケーション困難・非言語コミュニケーションの困難・こだわり・感覚過敏等。知的障害を伴わないケースも多く、成人後も特性は継続する。,,,,,基礎・役割,第2章 / 発達障害・心身症と正しい向き合い方,ストレスおよびメンタルヘルスに関する基礎知識,
ichi-0834,社会的コミュニケーションの困難さと、限定的・反復的な行動パターンが主な特性である。,○,ASD（自閉スペクトラム症）の特性：社会的コミュニケーション困難・非言語コミュニケーションの困難・こだわり・感覚過敏等。知的障害を伴わないケースも多く、成人後も特性は継続する。,,,,,基礎・役割,第2章 / 発達障害・心身症と正しい向き合い方,ストレスおよびメンタルヘルスに関する基礎知識,
ichi-0835,ASDは成人になると自然に症状が消失する。,×,ASD（自閉スペクトラム症）の特性：社会的コミュニケーション困難・非言語コミュニケーションの困難・こだわり・感覚過敏等。知的障害を伴わないケースも多く、成人後も特性は継続する。,,,,,基礎・役割,第2章 / 発達障害・心身症と正しい向き合い方,ストレスおよびメンタルヘルスに関する基礎知識,
ichi-0836,ASDは男性にのみ見られる障害である。,×,ASD（自閉スペクトラム症）の特性：社会的コミュニケーション困難・非言語コミュニケーションの困難・こだわり・感覚過敏等。知的障害を伴わないケースも多く、成人後も特性は継続する。,,,,,基礎・役割,第2章 / 発達障害・心身症と正しい向き合い方,ストレスおよびメンタルヘルスに関する基礎知識,
ichi-0837,IBSは消化器系の器質的疾患であり、心理的要因は関係しない。,×,IBS（過敏性腸症候群）は腹痛・便通異常が続くが器質的疾患が見つからない機能性消化管障害。心理的ストレスで悪化しやすく、心身症的側面を持つ。生活習慣改善・ストレス管理が重要。,,,,,基礎・役割,第2章 / 発達障害・心身症と正しい向き合い方,ストレスおよびメンタルヘルスに関する基礎知識,
ichi-0838,IBSは腹痛・下痢・便秘などの症状を繰り返すが、器質的異常が認められず、ストレスとの関連が深い。,○,IBS（過敏性腸症候群）は腹痛・便通異常が続くが器質的疾患が見つからない機能性消化管障害。心理的ストレスで悪化しやすく、心身症的側面を持つ。生活習慣改善・ストレス管理が重要。,,,,,基礎・役割,第2章 / 発達障害・心身症と正しい向き合い方,ストレスおよびメンタルヘルスに関する基礎知識,
ichi-0839,IBSはがんの前駆症状であるため、即座に外科的治療が必要である。,×,IBS（過敏性腸症候群）は腹痛・便通異常が続くが器質的疾患が見つからない機能性消化管障害。心理的ストレスで悪化しやすく、心身症的側面を持つ。生活習慣改善・ストレス管理が重要。,,,,,基礎・役割,第2章 / 発達障害・心身症と正しい向き合い方,ストレスおよびメンタルヘルスに関する基礎知識,
ichi-0840,IBSは薬物療法のみが有効であり、生活習慣・ストレス管理は関係しない。,×,IBS（過敏性腸症候群）は腹痛・便通異常が続くが器質的疾患が見つからない機能性消化管障害。心理的ストレスで悪化しやすく、心身症的側面を持つ。生活習慣改善・ストレス管理が重要。,,,,,基礎・役割,第2章 / 発達障害・心身症と正しい向き合い方,ストレスおよびメンタルヘルスに関する基礎知識,
ichi-0841,この奨励金は障害者を雇用している全事業者に自動的に支給される。,×,障害者職場定着支援奨励金（現：障害者雇用安定助成金等）は事業者が職場定着のための支援措置を講じた場合に支給される。申請が必要で自動支給ではない。,,,,,基礎・役割,第2章 / 障害者に関する法律（差別解消・雇用促進）,ストレスおよびメンタルヘルスに関する基礎知識,
ichi-0842,障害者の職場定着を支援する取り組みを行った事業者に対して、一定の条件のもとで支給される助成制度である。,○,障害者職場定着支援奨励金（現：障害者雇用安定助成金等）は事業者が職場定着のための支援措置を講じた場合に支給される。申請が必要で自動支給ではない。,,,,,基礎・役割,第2章 / 障害者に関する法律（差別解消・雇用促進）,ストレスおよびメンタルヘルスに関する基礎知識,
ichi-0843,この奨励金は障害者本人に直接支給されるものである。,×,障害者職場定着支援奨励金（現：障害者雇用安定助成金等）は事業者が職場定着のための支援措置を講じた場合に支給される。申請が必要で自動支給ではない。,,,,,基礎・役割,第2章 / 障害者に関する法律（差別解消・雇用促進）,ストレスおよびメンタルヘルスに関する基礎知識,
ichi-0844,この奨励金の対象は身体障害者のみである。,×,障害者職場定着支援奨励金（現：障害者雇用安定助成金等）は事業者が職場定着のための支援措置を講じた場合に支給される。申請が必要で自動支給ではない。,,,,,基礎・役割,第2章 / 障害者に関する法律（差別解消・雇用促進）,ストレスおよびメンタルヘルスに関する基礎知識,
ichi-0845,業務の進め方・順序を自分で決められる自由度が高い。,×,仕事のコントロール（裁量度）が低い＝やり方・ペース・順序等を自分で決められない状態。高要求度＋低コントロールの組み合わせが最もストレスが高い（高ストレイン）。,,,,,職場環境・配慮,第3章 / ストレスを生む職場環境の要因,職場環境等の評価および改善の方法,
ichi-0846,業務手順が厳密に決められており、自分で判断・工夫する余地がほとんどない。,○,仕事のコントロール（裁量度）が低い＝やり方・ペース・順序等を自分で決められない状態。高要求度＋低コントロールの組み合わせが最もストレスが高い（高ストレイン）。,,,,,職場環境・配慮,第3章 / ストレスを生む職場環境の要因,職場環境等の評価および改善の方法,
ichi-0847,上司からの支援が十分に得られる。,×,仕事のコントロール（裁量度）が低い＝やり方・ペース・順序等を自分で決められない状態。高要求度＋低コントロールの組み合わせが最もストレスが高い（高ストレイン）。,,,,,職場環境・配慮,第3章 / ストレスを生む職場環境の要因,職場環境等の評価および改善の方法,
ichi-0848,業務目標が明確で達成感を得やすい。,×,仕事のコントロール（裁量度）が低い＝やり方・ペース・順序等を自分で決められない状態。高要求度＋低コントロールの組み合わせが最もストレスが高い（高ストレイン）。,,,,,職場環境・配慮,第3章 / ストレスを生む職場環境の要因,職場環境等の評価および改善の方法,
ichi-0849,組織風土はメンタルヘルスとは無関係であり、個人の気質のみが重要である。,×,心理的安全性（失敗・相談を否定されない雰囲気）が高い職場はストレス緩和・不調の早期発見・助け合いが促進される。管理監督者の行動・姿勢がチームの心理的安全性を大きく左右する。,,,,,職場環境・配慮,第3章 / ストレスを生む職場環境の要因,職場環境等の評価および改善の方法,
ichi-0850,心理的安全性が高く相談しやすい組織風土は、ストレス緩和・早期発見・回復促進に寄与する。,○,心理的安全性（失敗・相談を否定されない雰囲気）が高い職場はストレス緩和・不調の早期発見・助け合いが促進される。管理監督者の行動・姿勢がチームの心理的安全性を大きく左右する。,,,,,職場環境・配慮,第3章 / ストレスを生む職場環境の要因,職場環境等の評価および改善の方法,
ichi-0851,厳しい組織風土は生産性を高めるため、メンタルヘルスへの悪影響はない。,×,心理的安全性（失敗・相談を否定されない雰囲気）が高い職場はストレス緩和・不調の早期発見・助け合いが促進される。管理監督者の行動・姿勢がチームの心理的安全性を大きく左右する。,,,,,職場環境・配慮,第3章 / ストレスを生む職場環境の要因,職場環境等の評価および改善の方法,
ichi-0852,組織風土の改善は経営トップのみが行えるものであり、管理監督者には変えられない。,×,心理的安全性（失敗・相談を否定されない雰囲気）が高い職場はストレス緩和・不調の早期発見・助け合いが促進される。管理監督者の行動・姿勢がチームの心理的安全性を大きく左右する。,,,,,職場環境・配慮,第3章 / ストレスを生む職場環境の要因,職場環境等の評価および改善の方法,
ichi-0853,仕事のストレス要因・ストレス反応・修飾要因（サポート等）の3領域から構成される。,○,職業性ストレス簡易調査票（57項目）は①仕事のストレス要因（量・コントロール・対人関係等）②ストレス反応（身体・心理・行動）③修飾要因（上司・同僚・家族のサポート）の3領域。,,,,,職場環境・配慮,第3章 / ストレスの評価方法,職場環境等の評価および改善の方法,
ichi-0854,身体的健康のみを評価する調査票である。,×,職業性ストレス簡易調査票（57項目）は①仕事のストレス要因（量・コントロール・対人関係等）②ストレス反応（身体・心理・行動）③修飾要因（上司・同僚・家族のサポート）の3領域。,,,,,職場環境・配慮,第3章 / ストレスの評価方法,職場環境等の評価および改善の方法,
ichi-0855,離職意向と仕事への満足度のみを問う調査票である。,×,職業性ストレス簡易調査票（57項目）は①仕事のストレス要因（量・コントロール・対人関係等）②ストレス反応（身体・心理・行動）③修飾要因（上司・同僚・家族のサポート）の3領域。,,,,,職場環境・配慮,第3章 / ストレスの評価方法,職場環境等の評価および改善の方法,
ichi-0856,職場の物理的環境のみを評価する調査票である。,×,職業性ストレス簡易調査票（57項目）は①仕事のストレス要因（量・コントロール・対人関係等）②ストレス反応（身体・心理・行動）③修飾要因（上司・同僚・家族のサポート）の3領域。,,,,,職場環境・配慮,第3章 / ストレスの評価方法,職場環境等の評価および改善の方法,
ichi-0857,株価・配当金・営業利益は、職場環境改善の評価指標として活用できる組み合わせである。,×,職場環境改善の評価指標：ストレスチェック集団分析結果・欠勤率・休職者数・離職率・生産性指標・労災件数等。複数の指標を組み合わせて多面的に評価することが重要。,,,,,職場環境・配慮,第3章 / 改善策の効果を評価する,職場環境等の評価および改善の方法,
ichi-0858,ストレスチェックスコアの変化・欠勤率・離職率・生産性指標は、職場環境改善の評価指標として活用できる組み合わせである。,○,職場環境改善の評価指標：ストレスチェック集団分析結果・欠勤率・休職者数・離職率・生産性指標・労災件数等。複数の指標を組み合わせて多面的に評価することが重要。,,,,,職場環境・配慮,第3章 / 改善策の効果を評価する,職場環境等の評価および改善の方法,
ichi-0859,社員食堂の満足度・社内報の発行部数は、職場環境改善の評価指標として活用できる組み合わせである。,×,職場環境改善の評価指標：ストレスチェック集団分析結果・欠勤率・休職者数・離職率・生産性指標・労災件数等。複数の指標を組み合わせて多面的に評価することが重要。,,,,,職場環境・配慮,第3章 / 改善策の効果を評価する,職場環境等の評価および改善の方法,
ichi-0860,採用応募者数・面接通過率は、職場環境改善の評価指標として活用できる組み合わせである。,×,職場環境改善の評価指標：ストレスチェック集団分析結果・欠勤率・休職者数・離職率・生産性指標・労災件数等。複数の指標を組み合わせて多面的に評価することが重要。,,,,,職場環境・配慮,第3章 / 改善策の効果を評価する,職場環境等の評価および改善の方法,
ichi-0861,改善計画は一度立案したら変更せず、計画通りに実行することが最優先である。,×,改善計画のポイント：①具体的・実現可能な施策②優先順位の明確化③担当者・期限の設定④評価指標の設定⑤労働者参加による立案。PDCAサイクルで継続的に改善する。,,,,,職場環境・配慮,第3章 / 管理監督者による職場環境改善の進め方,職場環境等の評価および改善の方法,
ichi-0862,実現可能性・優先度・具体的な実施方法・評価指標・担当者を明確にして計画を立案する。,○,改善計画のポイント：①具体的・実現可能な施策②優先順位の明確化③担当者・期限の設定④評価指標の設定⑤労働者参加による立案。PDCAサイクルで継続的に改善する。,,,,,職場環境・配慮,第3章 / 管理監督者による職場環境改善の進め方,職場環境等の評価および改善の方法,
ichi-0863,改善計画は管理監督者が単独で立案し、部下には計画完成後に通知する。,×,改善計画のポイント：①具体的・実現可能な施策②優先順位の明確化③担当者・期限の設定④評価指標の設定⑤労働者参加による立案。PDCAサイクルで継続的に改善する。,,,,,職場環境・配慮,第3章 / 管理監督者による職場環境改善の進め方,職場環境等の評価および改善の方法,
ichi-0864,改善計画は大規模な施策のみを対象とし、日常的な小さな改善は計画に含めない。,×,改善計画のポイント：①具体的・実現可能な施策②優先順位の明確化③担当者・期限の設定④評価指標の設定⑤労働者参加による立案。PDCAサイクルで継続的に改善する。,,,,,職場環境・配慮,第3章 / 管理監督者による職場環境改善の進め方,職場環境等の評価および改善の方法,
ichi-0865,「行動面」のストレスサインとして、「集中力・記憶力の低下」という記述は正しい。,×,ストレス反応の種類：①身体的（頭痛・不眠・胃腸症状等）②心理的（抑うつ・不安・イライラ等）③行動的（飲酒増加・欠勤・作業ミス・遅刻等）。行動面のサインは外から見えやすい。,,,,,職場環境・配慮,第4章 / 部下のストレスサインを見逃さない,個々の労働者への配慮,
ichi-0866,「行動面」のストレスサインとして、「飲酒量の増加・喫煙量の増加・遅刻・欠勤の増加」という記述は正しい。,○,ストレス反応の種類：①身体的（頭痛・不眠・胃腸症状等）②心理的（抑うつ・不安・イライラ等）③行動的（飲酒増加・欠勤・作業ミス・遅刻等）。行動面のサインは外から見えやすい。,,,,,職場環境・配慮,第4章 / 部下のストレスサインを見逃さない,個々の労働者への配慮,
ichi-0867,「行動面」のストレスサインとして、「頭痛・肩こり・不眠」という記述は正しい。,×,ストレス反応の種類：①身体的（頭痛・不眠・胃腸症状等）②心理的（抑うつ・不安・イライラ等）③行動的（飲酒増加・欠勤・作業ミス・遅刻等）。行動面のサインは外から見えやすい。,,,,,職場環境・配慮,第4章 / 部下のストレスサインを見逃さない,個々の労働者への配慮,
ichi-0868,「行動面」のストレスサインとして、「気分の落ち込み・不安感・イライラ」という記述は正しい。,×,ストレス反応の種類：①身体的（頭痛・不眠・胃腸症状等）②心理的（抑うつ・不安・イライラ等）③行動的（飲酒増加・欠勤・作業ミス・遅刻等）。行動面のサインは外から見えやすい。,,,,,職場環境・配慮,第4章 / 部下のストレスサインを見逃さない,個々の労働者への配慮,
ichi-0869,業務分担を曖昧にすることで、柔軟な対応ができるようにする。,×,役割ストレス予防：役割の明確化（何をすべきか・誰が担当か）・役割葛藤の解消（矛盾する要求の調整）・役割過負荷の解消（業務量の適正化）が重要。管理監督者のコミュニケーションが鍵。,,,,,職場環境・配慮,第4章 / 注意すべきストレス要因とその予防,個々の労働者への配慮,
ichi-0870,業務の役割・責任範囲・優先順位を明確に伝え、相互理解を促進する。,○,役割ストレス予防：役割の明確化（何をすべきか・誰が担当か）・役割葛藤の解消（矛盾する要求の調整）・役割過負荷の解消（業務量の適正化）が重要。管理監督者のコミュニケーションが鍵。,,,,,職場環境・配慮,第4章 / 注意すべきストレス要因とその予防,個々の労働者への配慮,
ichi-0871,役割ストレスは個人の問題であるため、職場での対応はしない。,×,役割ストレス予防：役割の明確化（何をすべきか・誰が担当か）・役割葛藤の解消（矛盾する要求の調整）・役割過負荷の解消（業務量の適正化）が重要。管理監督者のコミュニケーションが鍵。,,,,,職場環境・配慮,第4章 / 注意すべきストレス要因とその予防,個々の労働者への配慮,
ichi-0872,部下の役割を常に変化させることで、マンネリ化を防ぐ。,×,役割ストレス予防：役割の明確化（何をすべきか・誰が担当か）・役割葛藤の解消（矛盾する要求の調整）・役割過負荷の解消（業務量の適正化）が重要。管理監督者のコミュニケーションが鍵。,,,,,職場環境・配慮,第4章 / 注意すべきストレス要因とその予防,個々の労働者への配慮,
ichi-0873,マインドフルネスとは過去の失敗を振り返り、反省を深めることである。,×,マインドフルネスは「今ここ」への非評価的注意集中。ストレス低減・再発予防・集中力向上に有効。MBSRやMBCTとして医療・産業場面で広く活用されている。宗教的背景は不要。,,,,,職場環境・配慮,第4章 / ストレスへの対処方法,個々の労働者への配慮,
ichi-0874,マインドフルネスとは今この瞬間の体験に意図的に注意を向け、評価せずに観察する実践である。,○,マインドフルネスは「今ここ」への非評価的注意集中。ストレス低減・再発予防・集中力向上に有効。MBSRやMBCTとして医療・産業場面で広く活用されている。宗教的背景は不要。,,,,,職場環境・配慮,第4章 / ストレスへの対処方法,個々の労働者への配慮,
ichi-0875,マインドフルネスは瞑想の一種であり、宗教的信念がないと効果がない。,×,マインドフルネスは「今ここ」への非評価的注意集中。ストレス低減・再発予防・集中力向上に有効。MBSRやMBCTとして医療・産業場面で広く活用されている。宗教的背景は不要。,,,,,職場環境・配慮,第4章 / ストレスへの対処方法,個々の労働者への配慮,
ichi-0876,マインドフルネスはうつ病患者のみに有効な技法である。,×,マインドフルネスは「今ここ」への非評価的注意集中。ストレス低減・再発予防・集中力向上に有効。MBSRやMBCTとして医療・産業場面で広く活用されている。宗教的背景は不要。,,,,,職場環境・配慮,第4章 / ストレスへの対処方法,個々の労働者への配慮,
ichi-0877,一人で問題を抱え込み、誰にも相談しない。,×,社会的支援希求型コーピングは他者への相談・援助要請。一人で抱え込まず助けを求めることは有効なコーピング。「相談する」という行動自体がストレス緩和に寄与する。,,,,,職場環境・配慮,第4章 / ストレスへの対処方法,個々の労働者への配慮,
ichi-0878,上司・同僚・家族・専門家に悩みを打ち明けたり、助けを求めたりする。,○,社会的支援希求型コーピングは他者への相談・援助要請。一人で抱え込まず助けを求めることは有効なコーピング。「相談する」という行動自体がストレス緩和に寄与する。,,,,,職場環境・配慮,第4章 / ストレスへの対処方法,個々の労働者への配慮,
ichi-0879,問題から目を背けて娯楽に没頭する。,×,社会的支援希求型コーピングは他者への相談・援助要請。一人で抱え込まず助けを求めることは有効なコーピング。「相談する」という行動自体がストレス緩和に寄与する。,,,,,職場環境・配慮,第4章 / ストレスへの対処方法,個々の労働者への配慮,
ichi-0880,問題の原因を徹底的に分析し、対策を自分で考える。,×,社会的支援希求型コーピングは他者への相談・援助要請。一人で抱え込まず助けを求めることは有効なコーピング。「相談する」という行動自体がストレス緩和に寄与する。,,,,,職場環境・配慮,第4章 / ストレスへの対処方法,個々の労働者への配慮,
ichi-0881,裁量労働制が適用される労働者には安全配慮義務は適用されない。,×,裁量労働制は労働時間の算定方法が異なるだけで、実際の健康管理・安全配慮義務は免除されない。長時間労働になりやすいリスクもあり、健康確保措置は必要。,,,,,職場環境・配慮,第4章 / 過重労働の防止と対処方法,個々の労働者への配慮,
ichi-0882,裁量労働制適用者であっても健康確保措置（健康診断・面接指導等）を行う義務がある。,○,裁量労働制は労働時間の算定方法が異なるだけで、実際の健康管理・安全配慮義務は免除されない。長時間労働になりやすいリスクもあり、健康確保措置は必要。,,,,,職場環境・配慮,第4章 / 過重労働の防止と対処方法,個々の労働者への配慮,
ichi-0883,裁量労働制では労働時間管理が不要であるため、過重労働は問題にならない。,×,裁量労働制は労働時間の算定方法が異なるだけで、実際の健康管理・安全配慮義務は免除されない。長時間労働になりやすいリスクもあり、健康確保措置は必要。,,,,,職場環境・配慮,第4章 / 過重労働の防止と対処方法,個々の労働者への配慮,
ichi-0884,裁量労働制適用者には時間外労働は発生しないため、長時間労働は起こらない。,×,裁量労働制は労働時間の算定方法が異なるだけで、実際の健康管理・安全配慮義務は免除されない。長時間労働になりやすいリスクもあり、健康確保措置は必要。,,,,,職場環境・配慮,第4章 / 過重労働の防止と対処方法,個々の労働者への配慮,
ichi-0885,正確な情報共有のため、病名・症状を詳しく説明する。,×,休職理由の説明は本人同意のもとで必要最小限にとどめる。「体調不良で療養中」等の表現で十分なことが多い。病名・詳細症状の開示はプライバシー侵害になりうる。,,,,,職場環境・配慮,第4章 / 個人情報・プライバシーへの配慮,個々の労働者への配慮,
ichi-0886,本人の同意を得たうえで、「療養のため休んでいる」等の必要最小限の情報にとどめる。,○,休職理由の説明は本人同意のもとで必要最小限にとどめる。「体調不良で療養中」等の表現で十分なことが多い。病名・詳細症状の開示はプライバシー侵害になりうる。,,,,,職場環境・配慮,第4章 / 個人情報・プライバシーへの配慮,個々の労働者への配慮,
ichi-0887,同僚の不安を解消するため、主治医から得た情報を全て伝える。,×,休職理由の説明は本人同意のもとで必要最小限にとどめる。「体調不良で療養中」等の表現で十分なことが多い。病名・詳細症状の開示はプライバシー侵害になりうる。,,,,,職場環境・配慮,第4章 / 個人情報・プライバシーへの配慮,個々の労働者への配慮,
ichi-0888,休職理由を全く説明しないことがプライバシー保護の観点から唯一正しい対応である。,×,休職理由の説明は本人同意のもとで必要最小限にとどめる。「体調不良で療養中」等の表現で十分なことが多い。病名・詳細症状の開示はプライバシー侵害になりうる。,,,,,職場環境・配慮,第4章 / 個人情報・プライバシーへの配慮,個々の労働者への配慮,
ichi-0889,仕事への意欲が低い状態が続くことで徐々にバーンアウトに至る。,×,バーンアウトは熱心に働く人が心身の資源を使い果たした状態。情緒的消耗感・脱人格化・個人的達成感の低下が三徴候。長期間の蓄積で発症し、回復にも時間を要する。,,,,,職場環境・配慮,第4章 / 管理監督者自身のセルフケア,個々の労働者への配慮,
ichi-0890,高い使命感・過度な責任感で長期間頑張り続け、心身の資源が枯渇することでバーンアウトに至ることが多い。,○,バーンアウトは熱心に働く人が心身の資源を使い果たした状態。情緒的消耗感・脱人格化・個人的達成感の低下が三徴候。長期間の蓄積で発症し、回復にも時間を要する。,,,,,職場環境・配慮,第4章 / 管理監督者自身のセルフケア,個々の労働者への配慮,
ichi-0891,バーンアウトはストレス要因がまったくない職場でのみ発生する。,×,バーンアウトは熱心に働く人が心身の資源を使い果たした状態。情緒的消耗感・脱人格化・個人的達成感の低下が三徴候。長期間の蓄積で発症し、回復にも時間を要する。,,,,,職場環境・配慮,第4章 / 管理監督者自身のセルフケア,個々の労働者への配慮,
ichi-0892,バーンアウトは一時的な疲労であり、1〜2日の休息で回復する。,×,バーンアウトは熱心に働く人が心身の資源を使い果たした状態。情緒的消耗感・脱人格化・個人的達成感の低下が三徴候。長期間の蓄積で発症し、回復にも時間を要する。,,,,,職場環境・配慮,第4章 / 管理監督者自身のセルフケア,個々の労働者への配慮,
ichi-0893,「情報的サポート」の具体例として、「業務量を一時的に減らす」という記述は正しい。,×,情報的サポート＝問題解決に役立つ情報・知識・アドバイスの提供。相談窓口の案内・制度の説明・専門家の紹介等が含まれる。道具的（業務調整）・情緒的（共感）・評価的（フィードバック）と区別する。,,,,,職場環境・配慮,第4章 / 職場でできるサポート,個々の労働者への配慮,
ichi-0894,悩みを聞いて共感する,×,情報的サポート＝問題解決に役立つ情報・知識・アドバイスの提供。相談窓口の案内・制度の説明・専門家の紹介等が含まれる。道具的（業務調整）・情緒的（共感）・評価的（フィードバック）と区別する。,,,,,職場環境・配慮,第4章 / 職場でできるサポート,個々の労働者への配慮,
ichi-0895,「情報的サポート」の具体例として、「産業医面談・EAP等の利用方法を教える」という記述は正しい。,○,情報的サポート＝問題解決に役立つ情報・知識・アドバイスの提供。相談窓口の案内・制度の説明・専門家の紹介等が含まれる。道具的（業務調整）・情緒的（共感）・評価的（フィードバック）と区別する。,,,,,職場環境・配慮,第4章 / 職場でできるサポート,個々の労働者への配慮,
ichi-0896,部下の業務成果を適切に評価する,×,情報的サポート＝問題解決に役立つ情報・知識・アドバイスの提供。相談窓口の案内・制度の説明・専門家の紹介等が含まれる。道具的（業務調整）・情緒的（共感）・評価的（フィードバック）と区別する。,,,,,職場環境・配慮,第4章 / 職場でできるサポート,個々の労働者への配慮,
ichi-0897,言語情報よりも非言語情報の方が必ず正確であるため。,×,メラビアンの法則：人への印象は言語7%・声のトーン38%・視覚情報55%とされる。うなずき・アイコンタクト・身体の向き・表情などが「聴いている」というメッセージを伝える。,,,,,相談・連携・復職,第5章 / 相談を受ける際の基本姿勢,労働者からの相談への対応（話の聴き方、情報提供および助言の方法等）,
ichi-0898,表情・視線・姿勢・声のトーン等の非言語メッセージが、傾聴の姿勢や共感を伝えるうえで重要な役割を果たすため。,○,メラビアンの法則：人への印象は言語7%・声のトーン38%・視覚情報55%とされる。うなずき・アイコンタクト・身体の向き・表情などが「聴いている」というメッセージを伝える。,,,,,相談・連携・復職,第5章 / 相談を受ける際の基本姿勢,労働者からの相談への対応（話の聴き方、情報提供および助言の方法等）,
ichi-0899,非言語コミュニケーションは意識的にコントロールできないため、考慮する必要はない。,×,メラビアンの法則：人への印象は言語7%・声のトーン38%・視覚情報55%とされる。うなずき・アイコンタクト・身体の向き・表情などが「聴いている」というメッセージを伝える。,,,,,相談・連携・復職,第5章 / 相談を受ける際の基本姿勢,労働者からの相談への対応（話の聴き方、情報提供および助言の方法等）,
ichi-0900,相談者は言語情報のみを受け取り、非言語情報は無視する傾向があるため。,×,メラビアンの法則：人への印象は言語7%・声のトーン38%・視覚情報55%とされる。うなずき・アイコンタクト・身体の向き・表情などが「聴いている」というメッセージを伝える。,,,,,相談・連携・復職,第5章 / 相談を受ける際の基本姿勢,労働者からの相談への対応（話の聴き方、情報提供および助言の方法等）,
ichi-0901,事例性に基づく対応は医療的判断を含むため、専門家の知識が必要である。,×,事例性＝職場で観察できる客観的な変化（遅刻・ミス・対人問題等）に基づく対応。医学的診断を必要とせず、管理監督者が担える対応の根拠となる。疾病性の判断は専門家に委ねる。,,,,,相談・連携・復職,第5章 / 不調の早期発見と見えにくさへの理解,労働者からの相談への対応（話の聴き方、情報提供および助言の方法等）,
ichi-0902,「遅刻が増えた」「ミスが多い」等の客観的な事実に基づいて対応するため、医学的知識がなくても適切に対応できる。,○,事例性＝職場で観察できる客観的な変化（遅刻・ミス・対人問題等）に基づく対応。医学的診断を必要とせず、管理監督者が担える対応の根拠となる。疾病性の判断は専門家に委ねる。,,,,,相談・連携・復職,第5章 / 不調の早期発見と見えにくさへの理解,労働者からの相談への対応（話の聴き方、情報提供および助言の方法等）,
ichi-0903,事例性に基づく対応は、疾病性（診断名）が確定してから行うものである。,×,事例性＝職場で観察できる客観的な変化（遅刻・ミス・対人問題等）に基づく対応。医学的診断を必要とせず、管理監督者が担える対応の根拠となる。疾病性の判断は専門家に委ねる。,,,,,相談・連携・復職,第5章 / 不調の早期発見と見えにくさへの理解,労働者からの相談への対応（話の聴き方、情報提供および助言の方法等）,
ichi-0904,事例性に基づく対応では個人情報保護の配慮は不要である。,×,事例性＝職場で観察できる客観的な変化（遅刻・ミス・対人問題等）に基づく対応。医学的診断を必要とせず、管理監督者が担える対応の根拠となる。疾病性の判断は専門家に委ねる。,,,,,相談・連携・復職,第5章 / 不調の早期発見と見えにくさへの理解,労働者からの相談への対応（話の聴き方、情報提供および助言の方法等）,
ichi-0905,健康診断の数値のみを確認すればよい。,×,早期発見の観察：業務パフォーマンス変化・出勤状況・対人関係の変化・表情・身だしなみ・発言内容等を日常的に観察。ストレスチェックはツールの一つで、日常観察が基盤。,,,,,相談・連携・復職,第5章 / 不調の早期発見と見えにくさへの理解,労働者からの相談への対応（話の聴き方、情報提供および助言の方法等）,
ichi-0906,業務の質・量の変化、出勤状況、コミュニケーションの変化、表情・言動の変化など複数の側面を継続的に観察する。,○,早期発見の観察：業務パフォーマンス変化・出勤状況・対人関係の変化・表情・身だしなみ・発言内容等を日常的に観察。ストレスチェックはツールの一つで、日常観察が基盤。,,,,,相談・連携・復職,第5章 / 不調の早期発見と見えにくさへの理解,労働者からの相談への対応（話の聴き方、情報提供および助言の方法等）,
ichi-0907,部下の私生活について調査し、ストレス要因を特定する。,×,早期発見の観察：業務パフォーマンス変化・出勤状況・対人関係の変化・表情・身だしなみ・発言内容等を日常的に観察。ストレスチェックはツールの一つで、日常観察が基盤。,,,,,相談・連携・復職,第5章 / 不調の早期発見と見えにくさへの理解,労働者からの相談への対応（話の聴き方、情報提供および助言の方法等）,
ichi-0908,年1回のストレスチェックのみで早期発見は十分である。,×,早期発見の観察：業務パフォーマンス変化・出勤状況・対人関係の変化・表情・身だしなみ・発言内容等を日常的に観察。ストレスチェックはツールの一つで、日常観察が基盤。,,,,,相談・連携・復職,第5章 / 不調の早期発見と見えにくさへの理解,労働者からの相談への対応（話の聴き方、情報提供および助言の方法等）,
ichi-0909,管理監督者が全ての問題を解決できるスキルを持つこと。,×,相談しやすい職場の要件：心理的安全性（話しても批判・否定されない）・守秘への信頼・管理監督者の傾聴姿勢・問題が起きても不利益を受けないという安心感。ハード面より関係性・文化が重要。,,,,,相談・連携・復職,第5章 / なぜ管理監督者が話を聴くのか,労働者からの相談への対応（話の聴き方、情報提供および助言の方法等）,
ichi-0910,失敗・弱みを見せても否定されない心理的安全性と、相談しても不利益が生じないという信頼感。,○,相談しやすい職場の要件：心理的安全性（話しても批判・否定されない）・守秘への信頼・管理監督者の傾聴姿勢・問題が起きても不利益を受けないという安心感。ハード面より関係性・文化が重要。,,,,,相談・連携・復職,第5章 / なぜ管理監督者が話を聴くのか,労働者からの相談への対応（話の聴き方、情報提供および助言の方法等）,
ichi-0911,相談専用の豪華な部屋を完備すること。,×,相談しやすい職場の要件：心理的安全性（話しても批判・否定されない）・守秘への信頼・管理監督者の傾聴姿勢・問題が起きても不利益を受けないという安心感。ハード面より関係性・文化が重要。,,,,,相談・連携・復職,第5章 / なぜ管理監督者が話を聴くのか,労働者からの相談への対応（話の聴き方、情報提供および助言の方法等）,
ichi-0912,相談した内容は必ず人事評価に反映されないという保証書を全員に配付すること。,×,相談しやすい職場の要件：心理的安全性（話しても批判・否定されない）・守秘への信頼・管理監督者の傾聴姿勢・問題が起きても不利益を受けないという安心感。ハード面より関係性・文化が重要。,,,,,相談・連携・復職,第5章 / なぜ管理監督者が話を聴くのか,労働者からの相談への対応（話の聴き方、情報提供および助言の方法等）,
ichi-0913,相手の感情に完全に同化し、自分も同じ感情を持つことである。,×,共感的理解（ロジャーズ）は相手の内的枠組みで理解しようとしつつ、自分の客観性を失わない姿勢。「同情（同化）」とは異なる。「それは辛かったのですね」と感情を受け止める表現が共感的応答。,,,,,相談・連携・復職,第5章 / 不調が疑われる部下への傾聴の仕方,労働者からの相談への対応（話の聴き方、情報提供および助言の方法等）,
ichi-0914,相手の立場・感情を理解しようとしながら、自分は客観性を保って関わることである。,○,共感的理解（ロジャーズ）は相手の内的枠組みで理解しようとしつつ、自分の客観性を失わない姿勢。「同情（同化）」とは異なる。「それは辛かったのですね」と感情を受け止める表現が共感的応答。,,,,,相談・連携・復職,第5章 / 不調が疑われる部下への傾聴の仕方,労働者からの相談への対応（話の聴き方、情報提供および助言の方法等）,
ichi-0915,相手の話に同意・賛成することである。,×,共感的理解（ロジャーズ）は相手の内的枠組みで理解しようとしつつ、自分の客観性を失わない姿勢。「同情（同化）」とは異なる。「それは辛かったのですね」と感情を受け止める表現が共感的応答。,,,,,相談・連携・復職,第5章 / 不調が疑われる部下への傾聴の仕方,労働者からの相談への対応（話の聴き方、情報提供および助言の方法等）,
ichi-0916,相手の問題の解決策を的確に示すことである。,×,共感的理解（ロジャーズ）は相手の内的枠組みで理解しようとしつつ、自分の客観性を失わない姿勢。「同情（同化）」とは異なる。「それは辛かったのですね」と感情を受け止める表現が共感的応答。,,,,,相談・連携・復職,第5章 / 不調が疑われる部下への傾聴の仕方,労働者からの相談への対応（話の聴き方、情報提供および助言の方法等）,
ichi-0917,業績が向上し、新しい目標を立てている。,×,自殺の警告サイン：言語的サイン（「死にたい」）・行動サイン（大切なものを整理・譲る）・情緒サイン（突然の落ち着き・別れを告げる）。これらのサインに気づいたら迷わず声をかける。,,,,,相談・連携・復職,第5章 / 危機対応,労働者からの相談への対応（話の聴き方、情報提供および助言の方法等）,
ichi-0918,自殺防止の観点から管理監督者が知っておくべき「警告サイン」として、「「死にたい」「消えたい」という発言、大切なものを人に譲る、突然の落ち着きなど」という記述は正しい。,○,自殺の警告サイン：言語的サイン（「死にたい」）・行動サイン（大切なものを整理・譲る）・情緒サイン（突然の落ち着き・別れを告げる）。これらのサインに気づいたら迷わず声をかける。,,,,,相談・連携・復職,第5章 / 危機対応,労働者からの相談への対応（話の聴き方、情報提供および助言の方法等）,
ichi-0919,残業が増え、仕事熱心になっている。,×,自殺の警告サイン：言語的サイン（「死にたい」）・行動サイン（大切なものを整理・譲る）・情緒サイン（突然の落ち着き・別れを告げる）。これらのサインに気づいたら迷わず声をかける。,,,,,相談・連携・復職,第5章 / 危機対応,労働者からの相談への対応（話の聴き方、情報提供および助言の方法等）,
ichi-0920,同僚との交流が活発になっている。,×,自殺の警告サイン：言語的サイン（「死にたい」）・行動サイン（大切なものを整理・譲る）・情緒サイン（突然の落ち着き・別れを告げる）。これらのサインに気づいたら迷わず声をかける。,,,,,相談・連携・復職,第5章 / 危機対応,労働者からの相談への対応（話の聴き方、情報提供および助言の方法等）,
ichi-0921,管理監督者が産業医に詳細な病状を報告し、産業医から本人に連絡させる。,×,産業医面談への橋渡し：管理監督者→本人へ勧奨→本人の意向確認→面談設定（人事・産業保健スタッフと連携）。強制は逆効果。早期段階からの活用が重要で、メリットを説明して動機づける。,,,,,相談・連携・復職,第5章 / 専門家・医療機関への橋渡し,労働者からの相談への対応（話の聴き方、情報提供および助言の方法等）,
ichi-0922,管理監督者が本人に産業医面談を勧め、本人の意向を確認しながら面談の調整を行う。,○,産業医面談への橋渡し：管理監督者→本人へ勧奨→本人の意向確認→面談設定（人事・産業保健スタッフと連携）。強制は逆効果。早期段階からの活用が重要で、メリットを説明して動機づける。,,,,,相談・連携・復職,第5章 / 専門家・医療機関への橋渡し,労働者からの相談への対応（話の聴き方、情報提供および助言の方法等）,
ichi-0923,本人の同意なく、産業医に診察を命じる通知を出す。,×,産業医面談への橋渡し：管理監督者→本人へ勧奨→本人の意向確認→面談設定（人事・産業保健スタッフと連携）。強制は逆効果。早期段階からの活用が重要で、メリットを説明して動機づける。,,,,,相談・連携・復職,第5章 / 専門家・医療機関への橋渡し,労働者からの相談への対応（話の聴き方、情報提供および助言の方法等）,
ichi-0924,産業医面談は問題が深刻化してから実施するものであり、軽微な段階では不要である。,×,産業医面談への橋渡し：管理監督者→本人へ勧奨→本人の意向確認→面談設定（人事・産業保健スタッフと連携）。強制は逆効果。早期段階からの活用が重要で、メリットを説明して動機づける。,,,,,相談・連携・復職,第5章 / 専門家・医療機関への橋渡し,労働者からの相談への対応（話の聴き方、情報提供および助言の方法等）,
ichi-0925,産業カウンセラーは精神科医と同等の診断・治療を行う資格を持つ。,×,産業カウンセラーは日本産業カウンセラー協会の民間資格。職場での相談支援・心理的問題へのカウンセリング・職場復帰支援等を担う。医師ではなく診断・処方はできない。配置義務なし。,,,,,相談・連携・復職,第6章 / 社内のサポート資源（産業保健スタッフ等）,社内外資源との連携,
ichi-0926,産業カウンセラーは労働者の心理的問題への相談支援・カウンセリングを行い、職場のメンタルヘルス対策を支援する。,○,産業カウンセラーは日本産業カウンセラー協会の民間資格。職場での相談支援・心理的問題へのカウンセリング・職場復帰支援等を担う。医師ではなく診断・処方はできない。配置義務なし。,,,,,相談・連携・復職,第6章 / 社内のサポート資源（産業保健スタッフ等）,社内外資源との連携,
ichi-0927,産業カウンセラーは衛生管理者の業務を代行する役割を担う。,×,産業カウンセラーは日本産業カウンセラー協会の民間資格。職場での相談支援・心理的問題へのカウンセリング・職場復帰支援等を担う。医師ではなく診断・処方はできない。配置義務なし。,,,,,相談・連携・復職,第6章 / 社内のサポート資源（産業保健スタッフ等）,社内外資源との連携,
ichi-0928,産業カウンセラーは法律上、すべての事業場に配置が義務づけられている。,×,産業カウンセラーは日本産業カウンセラー協会の民間資格。職場での相談支援・心理的問題へのカウンセリング・職場復帰支援等を担う。医師ではなく診断・処方はできない。配置義務なし。,,,,,相談・連携・復職,第6章 / 社内のサポート資源（産業保健スタッフ等）,社内外資源との連携,
ichi-0929,公認心理師は医師の資格を持つ者が取得できる称号である。,×,公認心理師は2017年施行の公認心理師法に基づく日本初の心理職国家資格。医師ではなく処方権はない。臨床心理士は民間資格。職場・医療・教育・福祉等で活躍する心理支援の専門家。,,,,,相談・連携・復職,第6章 / 社内のサポート資源（産業保健スタッフ等）,社内外資源との連携,
ichi-0930,公認心理師は2017年施行の公認心理師法に基づく国家資格であり、心理的支援の専門家として職場でも活躍している。,○,公認心理師は2017年施行の公認心理師法に基づく日本初の心理職国家資格。医師ではなく処方権はない。臨床心理士は民間資格。職場・医療・教育・福祉等で活躍する心理支援の専門家。,,,,,相談・連携・復職,第6章 / 社内のサポート資源（産業保健スタッフ等）,社内外資源との連携,
ichi-0931,公認心理師は精神科での処方権を持つ。,×,公認心理師は2017年施行の公認心理師法に基づく日本初の心理職国家資格。医師ではなく処方権はない。臨床心理士は民間資格。職場・医療・教育・福祉等で活躍する心理支援の専門家。,,,,,相談・連携・復職,第6章 / 社内のサポート資源（産業保健スタッフ等）,社内外資源との連携,
ichi-0932,公認心理師と臨床心理士は同じ資格である。,×,公認心理師は2017年施行の公認心理師法に基づく日本初の心理職国家資格。医師ではなく処方権はない。臨床心理士は民間資格。職場・医療・教育・福祉等で活躍する心理支援の専門家。,,,,,相談・連携・復職,第6章 / 社内のサポート資源（産業保健スタッフ等）,社内外資源との連携,
ichi-0933,企業の人事部門が運営する社内相談窓口である。,×,「働く人の悩みホットライン」は日本産業カウンセラー協会が運営。産業カウンセラーが対応する無料電話相談。匿名で利用可能。「こころの耳」とは別のサービス。,,,,,相談・連携・復職,第6章 / 社外のサポート資源,社内外資源との連携,
ichi-0934,産業カウンセラーが対応する電話相談サービスで、働く人のメンタルヘルスに関する悩みを匿名で相談できる。,○,「働く人の悩みホットライン」は日本産業カウンセラー協会が運営。産業カウンセラーが対応する無料電話相談。匿名で利用可能。「こころの耳」とは別のサービス。,,,,,相談・連携・復職,第6章 / 社外のサポート資源,社内外資源との連携,
ichi-0935,精神科医が直接対応し、診断・処方も行う電話サービスである。,×,「働く人の悩みホットライン」は日本産業カウンセラー協会が運営。産業カウンセラーが対応する無料電話相談。匿名で利用可能。「こころの耳」とは別のサービス。,,,,,相談・連携・復職,第6章 / 社外のサポート資源,社内外資源との連携,
ichi-0936,利用には事前の予約と有料の会員登録が必要である。,×,「働く人の悩みホットライン」は日本産業カウンセラー協会が運営。産業カウンセラーが対応する無料電話相談。匿名で利用可能。「こころの耳」とは別のサービス。,,,,,相談・連携・復職,第6章 / 社外のサポート資源,社内外資源との連携,
ichi-0937,障害者の入院治療を専門とする医療施設である。,×,障害者就業・生活支援センターは就業面（職場定着・就労継続支援）と生活面（日常生活・地域生活）の両方を一体的に支援する機関。職場への定着支援・事業主への助言も行う。,,,,,相談・連携・復職,第6章 / 社外のサポート資源,社内外資源との連携,
ichi-0938,障害者の就業と日常生活の両面を一体的に支援するセンターであり、職場定着支援も行う。,○,障害者就業・生活支援センターは就業面（職場定着・就労継続支援）と生活面（日常生活・地域生活）の両方を一体的に支援する機関。職場への定着支援・事業主への助言も行う。,,,,,相談・連携・復職,第6章 / 社外のサポート資源,社内外資源との連携,
ichi-0939,障害者の採用を代行する人材紹介会社である。,×,障害者就業・生活支援センターは就業面（職場定着・就労継続支援）と生活面（日常生活・地域生活）の両方を一体的に支援する機関。職場への定着支援・事業主への助言も行う。,,,,,相談・連携・復職,第6章 / 社外のサポート資源,社内外資源との連携,
ichi-0940,障害者年金の申請手続きのみを支援する機関である。,×,障害者就業・生活支援センターは就業面（職場定着・就労継続支援）と生活面（日常生活・地域生活）の両方を一体的に支援する機関。職場への定着支援・事業主への助言も行う。,,,,,相談・連携・復職,第6章 / 社外のサポート資源,社内外資源との連携,
ichi-0941,「精神科への受診は恥ずかしいことではなく、適切な治療を受けることが早期回復につながる」と伝える。,○,受診勧奨では不安や偏見を和らげる説明が重要。精神科受診の事実は個人情報であり会社への報告義務はない（本人同意が原則）。早期受診・治療の利点を丁寧に伝える。,,,,,相談・連携・復職,第6章 / 医療機関の種類と適切な選び方,社内外資源との連携,
ichi-0942,「精神科に行くと、入院させられる可能性が高い」と正直に伝える。,×,受診勧奨では不安や偏見を和らげる説明が重要。精神科受診の事実は個人情報であり会社への報告義務はない（本人同意が原則）。早期受診・治療の利点を丁寧に伝える。,,,,,相談・連携・復職,第6章 / 医療機関の種類と適切な選び方,社内外資源との連携,
ichi-0943,「受診しなくても自然に治るから様子を見よう」と伝える。,×,受診勧奨では不安や偏見を和らげる説明が重要。精神科受診の事実は個人情報であり会社への報告義務はない（本人同意が原則）。早期受診・治療の利点を丁寧に伝える。,,,,,相談・連携・復職,第6章 / 医療機関の種類と適切な選び方,社内外資源との連携,
ichi-0944,「精神科への受診は会社に報告義務があるので、受診前に必ず許可を取るよう」伝える。,×,受診勧奨では不安や偏見を和らげる説明が重要。精神科受診の事実は個人情報であり会社への報告義務はない（本人同意が原則）。早期受診・治療の利点を丁寧に伝える。,,,,,相談・連携・復職,第6章 / 医療機関の種類と適切な選び方,社内外資源との連携,
ichi-0945,訪問看護はメンタルヘルス疾患には適用されない。,×,精神科訪問看護は精神疾患を持つ在宅患者への看護サービス。服薬確認・精神症状の観察・日常生活支援・家族へのサポート・社会復帰支援等を提供。地域で安心して暮らすための重要な支援。,,,,,相談・連携・復職,第6章 / 医療機関の種類と適切な選び方,社内外資源との連携,
ichi-0946,精神科訪問看護として、在宅療養中の精神疾患患者への服薬管理・生活支援・家族支援等を提供する。,○,精神科訪問看護は精神疾患を持つ在宅患者への看護サービス。服薬確認・精神症状の観察・日常生活支援・家族へのサポート・社会復帰支援等を提供。地域で安心して暮らすための重要な支援。,,,,,相談・連携・復職,第6章 / 医療機関の種類と適切な選び方,社内外資源との連携,
ichi-0947,訪問看護は入院中の患者のみを対象とする。,×,精神科訪問看護は精神疾患を持つ在宅患者への看護サービス。服薬確認・精神症状の観察・日常生活支援・家族へのサポート・社会復帰支援等を提供。地域で安心して暮らすための重要な支援。,,,,,相談・連携・復職,第6章 / 医療機関の種類と適切な選び方,社内外資源との連携,
ichi-0948,訪問看護は身体疾患のみを対象とし、精神疾患は除外されている。,×,精神科訪問看護は精神疾患を持つ在宅患者への看護サービス。服薬確認・精神症状の観察・日常生活支援・家族へのサポート・社会復帰支援等を提供。地域で安心して暮らすための重要な支援。,,,,,相談・連携・復職,第6章 / 医療機関の種類と適切な選び方,社内外資源との連携,
ichi-0949,管理監督者は産業保健チームの一員ではなく、チームとは別に独立して活動する。,×,管理監督者は職場の最前線として部下の変化を最も早く察知できる立場。産業保健スタッフへの情報共有・連携の橋渡し役として産業保健チームの重要な一員。,,,,,相談・連携・復職,第6章 / 社内外との連携が必要な理由と方法,社内外資源との連携,
ichi-0950,日常的な職場観察・部下との関係構築を通じて得た情報を産業保健スタッフに共有し、連携の起点となる。,○,管理監督者は職場の最前線として部下の変化を最も早く察知できる立場。産業保健スタッフへの情報共有・連携の橋渡し役として産業保健チームの重要な一員。,,,,,相談・連携・復職,第6章 / 社内外との連携が必要な理由と方法,社内外資源との連携,
ichi-0951,管理監督者は産業保健スタッフの指示に従うだけでよく、主体的な関与は不要である。,×,管理監督者は職場の最前線として部下の変化を最も早く察知できる立場。産業保健スタッフへの情報共有・連携の橋渡し役として産業保健チームの重要な一員。,,,,,相談・連携・復職,第6章 / 社内外との連携が必要な理由と方法,社内外資源との連携,
ichi-0952,産業保健チームへの情報提供は人事部門のみが行うものである。,×,管理監督者は職場の最前線として部下の変化を最も早く察知できる立場。産業保健スタッフへの情報共有・連携の橋渡し役として産業保健チームの重要な一員。,,,,,相談・連携・復職,第6章 / 社内外との連携が必要な理由と方法,社内外資源との連携,
ichi-0953,主治医の診断内容を確認し、必要に応じて修正する。,×,管理監督者の復職支援における役割：職場環境の整備・同僚への適切な説明・業務調整・定期的な面談・フォローアップ・再発サインへの注意。プランに基づき日常的に支援を継続する。,,,,,相談・連携・復職,第7章 / 心の健康問題で休業した労働者の職場復帰支援,心の健康問題をもつ復職者への支援の方法,
ichi-0954,復職者が職場に安心して戻れるよう環境を整え、復職支援プランに沿ったフォローアップを行う。,○,管理監督者の復職支援における役割：職場環境の整備・同僚への適切な説明・業務調整・定期的な面談・フォローアップ・再発サインへの注意。プランに基づき日常的に支援を継続する。,,,,,相談・連携・復職,第7章 / 心の健康問題で休業した労働者の職場復帰支援,心の健康問題をもつ復職者への支援の方法,
ichi-0955,復職支援は人事・産業医のみが担うものであり、管理監督者は業務管理のみに専念する。,×,管理監督者の復職支援における役割：職場環境の整備・同僚への適切な説明・業務調整・定期的な面談・フォローアップ・再発サインへの注意。プランに基づき日常的に支援を継続する。,,,,,相談・連携・復職,第7章 / 心の健康問題で休業した労働者の職場復帰支援,心の健康問題をもつ復職者への支援の方法,
ichi-0956,復職者の過去の病歴を職場全員に説明し、理解を促す。,×,管理監督者の復職支援における役割：職場環境の整備・同僚への適切な説明・業務調整・定期的な面談・フォローアップ・再発サインへの注意。プランに基づき日常的に支援を継続する。,,,,,相談・連携・復職,第7章 / 心の健康問題で休業した労働者の職場復帰支援,心の健康問題をもつ復職者への支援の方法,
ichi-0957,時間単位の年休は医療目的には使用できない。,×,時間単位年休（労基法39条4項）は労使協定により年5日を限度に1時間単位で取得可能。通院・治療のための柔軟な休暇取得に活用でき、両立支援の重要なツール。,,,,,相談・連携・復職,第7章 / 治療しながら働き続けるための支援,心の健康問題をもつ復職者への支援の方法,
ichi-0958,通院・検査・副作用回復等のために1時間単位で取得できることが、治療と仕事の両立に役立つ。,○,時間単位年休（労基法39条4項）は労使協定により年5日を限度に1時間単位で取得可能。通院・治療のための柔軟な休暇取得に活用でき、両立支援の重要なツール。,,,,,相談・連携・復職,第7章 / 治療しながら働き続けるための支援,心の健康問題をもつ復職者への支援の方法,
ichi-0959,時間単位の年休は法律上すべての企業で義務づけられている。,×,時間単位年休（労基法39条4項）は労使協定により年5日を限度に1時間単位で取得可能。通院・治療のための柔軟な休暇取得に活用でき、両立支援の重要なツール。,,,,,相談・連携・復職,第7章 / 治療しながら働き続けるための支援,心の健康問題をもつ復職者への支援の方法,
ichi-0960,時間単位の年休は半日単位の取得に変更されるため、両立支援には使えない。,×,時間単位年休（労基法39条4項）は労使協定により年5日を限度に1時間単位で取得可能。通院・治療のための柔軟な休暇取得に活用でき、両立支援の重要なツール。,,,,,相談・連携・復職,第7章 / 治療しながら働き続けるための支援,心の健康問題をもつ復職者への支援の方法,
ichi-0961,短時間勤務制度は育児・介護目的のみに使用でき、疾病治療には適用されない。,×,短時間勤務は育児・介護だけでなく疾病治療のための就業継続支援としても活用できる。労使協定や就業規則で定めることで柔軟な働き方を可能にする。,,,,,相談・連携・復職,第7章 / 治療しながら働き続けるための支援,心の健康問題をもつ復職者への支援の方法,
ichi-0962,疾病治療中の労働者に対して短時間勤務制度を活用することで、体力・体調の回復を支援しながら就業継続を可能にする。,○,短時間勤務は育児・介護だけでなく疾病治療のための就業継続支援としても活用できる。労使協定や就業規則で定めることで柔軟な働き方を可能にする。,,,,,相談・連携・復職,第7章 / 治療しながら働き続けるための支援,心の健康問題をもつ復職者への支援の方法,
ichi-0963,短時間勤務では賃金が減少するため、両立支援の観点からは導入すべきでない。,×,短時間勤務は育児・介護だけでなく疾病治療のための就業継続支援としても活用できる。労使協定や就業規則で定めることで柔軟な働き方を可能にする。,,,,,相談・連携・復職,第7章 / 治療しながら働き続けるための支援,心の健康問題をもつ復職者への支援の方法,
ichi-0964,短時間勤務制度の導入は全事業主に法律で義務づけられている。,×,短時間勤務は育児・介護だけでなく疾病治療のための就業継続支援としても活用できる。労使協定や就業規則で定めることで柔軟な働き方を可能にする。,,,,,相談・連携・復職,第7章 / 治療しながら働き続けるための支援,心の健康問題をもつ復職者への支援の方法,
ichi-0965,業務への積極的な取り組みと発言の増加。,×,再発サイン：①休業前と同様のストレス状況②睡眠障害の再燃③欠勤・遅刻の再増加④表情・言動の変化⑤服薬の自己中断等。これらのサインを早期に察知してプランを修正する。,,,,,相談・連携・復職,第7章 / 職場復帰の流れ：ステップ４・５とプライバシー保護,心の健康問題をもつ復職者への支援の方法,
ichi-0966,睡眠の乱れの再発・欠勤の増加・表情の変化・以前と同様のストレス要因への露出。,○,再発サイン：①休業前と同様のストレス状況②睡眠障害の再燃③欠勤・遅刻の再増加④表情・言動の変化⑤服薬の自己中断等。これらのサインを早期に察知してプランを修正する。,,,,,相談・連携・復職,第7章 / 職場復帰の流れ：ステップ４・５とプライバシー保護,心の健康問題をもつ復職者への支援の方法,
ichi-0967,体重の増加と食欲の回復。,×,再発サイン：①休業前と同様のストレス状況②睡眠障害の再燃③欠勤・遅刻の再増加④表情・言動の変化⑤服薬の自己中断等。これらのサインを早期に察知してプランを修正する。,,,,,相談・連携・復職,第7章 / 職場復帰の流れ：ステップ４・５とプライバシー保護,心の健康問題をもつ復職者への支援の方法,
ichi-0968,残業を自ら申し出るようになること。,×,再発サイン：①休業前と同様のストレス状況②睡眠障害の再燃③欠勤・遅刻の再増加④表情・言動の変化⑤服薬の自己中断等。これらのサインを早期に察知してプランを修正する。,,,,,相談・連携・復職,第7章 / 職場復帰の流れ：ステップ４・５とプライバシー保護,心の健康問題をもつ復職者への支援の方法,
ichi-0969,復職者が戻ることを同僚には知らせず、突然出勤させる。,×,復職者受け入れ準備：①同僚への適切な説明（詳細な病状は不要、「体調が回復して戻る」等）②業務分担・席の調整③相談できる雰囲気の醸成④孤立防止。本人の意向を尊重して進める。,,,,,相談・連携・復職,第7章 / 職場復帰支援で気をつけること,心の健康問題をもつ復職者への支援の方法,
ichi-0970,同僚への適切な説明（プライバシーに配慮した範囲で）・業務分担の調整・受け入れ体制の整備を事前に行う。,○,復職者受け入れ準備：①同僚への適切な説明（詳細な病状は不要、「体調が回復して戻る」等）②業務分担・席の調整③相談できる雰囲気の醸成④孤立防止。本人の意向を尊重して進める。,,,,,相談・連携・復職,第7章 / 職場復帰支援で気をつけること,心の健康問題をもつ復職者への支援の方法,
ichi-0971,復職者には特別扱いが必要なため、専用のスペースを用意して他の社員と完全に分離する。,×,復職者受け入れ準備：①同僚への適切な説明（詳細な病状は不要、「体調が回復して戻る」等）②業務分担・席の調整③相談できる雰囲気の醸成④孤立防止。本人の意向を尊重して進める。,,,,,相談・連携・復職,第7章 / 職場復帰支援で気をつけること,心の健康問題をもつ復職者への支援の方法,
ichi-0972,同僚全員に復職者の病名・治療内容を詳しく説明し、配慮を求める。,×,復職者受け入れ準備：①同僚への適切な説明（詳細な病状は不要、「体調が回復して戻る」等）②業務分担・席の調整③相談できる雰囲気の醸成④孤立防止。本人の意向を尊重して進める。,,,,,相談・連携・復職,第7章 / 職場復帰支援で気をつけること,心の健康問題をもつ復職者への支援の方法,
ichi-0973,実施者は全労働者の結果を事業者に報告する義務がある。,×,ストレスチェック個人結果の事業者への提供は本人同意が必要。同意なき提供・結果を用いた不利益取り扱いは禁止。集団分析結果は同意なく提供可能。,,,,,基礎・役割,第1章 / ストレスチェック制度の概要,メンタルヘルスケアの意義と管理監督者の役割,
ichi-0974,実施者は本人の同意なく事業者に個人の結果を提供してはならない。,○,ストレスチェック個人結果の事業者への提供は本人同意が必要。同意なき提供・結果を用いた不利益取り扱いは禁止。集団分析結果は同意なく提供可能。,,,,,基礎・役割,第1章 / ストレスチェック制度の概要,メンタルヘルスケアの意義と管理監督者の役割,
ichi-0975,高ストレス者の結果は本人の同意なく事業者に提供してよい。,×,ストレスチェック個人結果の事業者への提供は本人同意が必要。同意なき提供・結果を用いた不利益取り扱いは禁止。集団分析結果は同意なく提供可能。,,,,,基礎・役割,第1章 / ストレスチェック制度の概要,メンタルヘルスケアの意義と管理監督者の役割,
ichi-0976,ストレスチェック結果は人事評価に積極的に活用すべきである。,×,ストレスチェック個人結果の事業者への提供は本人同意が必要。同意なき提供・結果を用いた不利益取り扱いは禁止。集団分析結果は同意なく提供可能。,,,,,基礎・役割,第1章 / ストレスチェック制度の概要,メンタルヘルスケアの意義と管理監督者の役割,
ichi-0977,「事業場外資源によるケア」として活用できるものとして、「社内の産業医・保健師」という記述は正しい。,×,事業場外資源は事業場の外にある支援機関。外部EAP・精神保健福祉センター・産業保健総合支援センター・地域産業保健センター・医療機関等。4つのケアの最も外側の支援層。,,,,,基礎・役割,第1章 / メンタルヘルスケアの考え方と進め方,メンタルヘルスケアの意義と管理監督者の役割,
ichi-0978,「事業場外資源によるケア」として活用できるものとして、「外部EAP機関・精神保健福祉センター・産業保健総合支援センター等」という記述は正しい。,○,事業場外資源は事業場の外にある支援機関。外部EAP・精神保健福祉センター・産業保健総合支援センター・地域産業保健センター・医療機関等。4つのケアの最も外側の支援層。,,,,,基礎・役割,第1章 / メンタルヘルスケアの考え方と進め方,メンタルヘルスケアの意義と管理監督者の役割,
ichi-0979,「事業場外資源によるケア」として活用できるものとして、「労働基準監督署」という記述は正しい。,×,事業場外資源は事業場の外にある支援機関。外部EAP・精神保健福祉センター・産業保健総合支援センター・地域産業保健センター・医療機関等。4つのケアの最も外側の支援層。,,,,,基礎・役割,第1章 / メンタルヘルスケアの考え方と進め方,メンタルヘルスケアの意義と管理監督者の役割,
ichi-0980,「事業場外資源によるケア」として活用できるものとして、「社内の人事部門」という記述は正しい。,×,事業場外資源は事業場の外にある支援機関。外部EAP・精神保健福祉センター・産業保健総合支援センター・地域産業保健センター・医療機関等。4つのケアの最も外側の支援層。,,,,,基礎・役割,第1章 / メンタルヘルスケアの考え方と進め方,メンタルヘルスケアの意義と管理監督者の役割,
ichi-0981,使用者責任は、使用者が直接損害を与えた場合にのみ成立する。,×,使用者責任（民法715条）は被用者の業務上不法行為に対する使用者の連帯責任。ハラスメントによる損害賠償にも適用される。被用者自身の不法行為責任も並存する。,,,,,基礎・役割,第1章 / 法的規制の枠組み（公法・私法）,メンタルヘルスケアの意義と管理監督者の役割,
ichi-0982,使用者は被用者が業務上の不法行為により他者に損害を与えた場合、その損害を賠償する責任を負う。,○,使用者責任（民法715条）は被用者の業務上不法行為に対する使用者の連帯責任。ハラスメントによる損害賠償にも適用される。被用者自身の不法行為責任も並存する。,,,,,基礎・役割,第1章 / 法的規制の枠組み（公法・私法）,メンタルヘルスケアの意義と管理監督者の役割,
ichi-0983,使用者責任が成立すれば、加害者である被用者は一切責任を負わない。,×,使用者責任（民法715条）は被用者の業務上不法行為に対する使用者の連帯責任。ハラスメントによる損害賠償にも適用される。被用者自身の不法行為責任も並存する。,,,,,基礎・役割,第1章 / 法的規制の枠組み（公法・私法）,メンタルヘルスケアの意義と管理監督者の役割,
ichi-0984,使用者責任はハラスメント被害には適用されない。,×,使用者責任（民法715条）は被用者の業務上不法行為に対する使用者の連帯責任。ハラスメントによる損害賠償にも適用される。被用者自身の不法行為責任も並存する。,,,,,基礎・役割,第1章 / 法的規制の枠組み（公法・私法）,メンタルヘルスケアの意義と管理監督者の役割,
ichi-0985,マタハラは女性労働者のみが被害者となりうる。,×,マタハラは育介法・均等法で事業主の防止義務あり。男性の育休取得を理由としたハラスメント（パタハラ）も含まれる。降格等の不利益取り扱いは本人同意があっても原則違法。,,,,,基礎・役割,第1章 / 職場のハラスメント,メンタルヘルスケアの意義と管理監督者の役割,
ichi-0986,妊娠・出産・育児休業等を理由とした不利益取り扱いや就業環境を害する言動が対象となる。,○,マタハラは育介法・均等法で事業主の防止義務あり。男性の育休取得を理由としたハラスメント（パタハラ）も含まれる。降格等の不利益取り扱いは本人同意があっても原則違法。,,,,,基礎・役割,第1章 / 職場のハラスメント,メンタルヘルスケアの意義と管理監督者の役割,
ichi-0987,マタハラ防止のための事業主の措置義務は努力義務にとどまる。,×,マタハラは育介法・均等法で事業主の防止義務あり。男性の育休取得を理由としたハラスメント（パタハラ）も含まれる。降格等の不利益取り扱いは本人同意があっても原則違法。,,,,,基礎・役割,第1章 / 職場のハラスメント,メンタルヘルスケアの意義と管理監督者の役割,
ichi-0988,育児休業の取得を理由とした降格は、本人が同意していれば問題ない。,×,マタハラは育介法・均等法で事業主の防止義務あり。男性の育休取得を理由としたハラスメント（パタハラ）も含まれる。降格等の不利益取り扱いは本人同意があっても原則違法。,,,,,基礎・役割,第1章 / 職場のハラスメント,メンタルヘルスケアの意義と管理監督者の役割,
ichi-0989,不調が疑われる部下の業務量・業務内容・勤務形態等を柔軟に調整する。,○,業務上の配慮：業務量の軽減・締め切り調整・シフト変更・業務内容変更等。不利益取り扱いは禁止。配慮と不利益取り扱いの違いを理解し、適切な支援を行うことが重要。,,,,,基礎・役割,第1章 / ラインケアの進め方と重要性,メンタルヘルスケアの意義と管理監督者の役割,
ichi-0990,不調が疑われる部下を即座に解雇する。,×,業務上の配慮：業務量の軽減・締め切り調整・シフト変更・業務内容変更等。不利益取り扱いは禁止。配慮と不利益取り扱いの違いを理解し、適切な支援を行うことが重要。,,,,,基礎・役割,第1章 / ラインケアの進め方と重要性,メンタルヘルスケアの意義と管理監督者の役割,
ichi-0991,不調を理由に部下の給与を一方的に減額する。,×,業務上の配慮：業務量の軽減・締め切り調整・シフト変更・業務内容変更等。不利益取り扱いは禁止。配慮と不利益取り扱いの違いを理解し、適切な支援を行うことが重要。,,,,,基礎・役割,第1章 / ラインケアの進め方と重要性,メンタルヘルスケアの意義と管理監督者の役割,
ichi-0992,不調の部下には何もせず回復を待つ。,×,業務上の配慮：業務量の軽減・締め切り調整・シフト変更・業務内容変更等。不利益取り扱いは禁止。配慮と不利益取り扱いの違いを理解し、適切な支援を行うことが重要。,,,,,基礎・役割,第1章 / ラインケアの進め方と重要性,メンタルヘルスケアの意義と管理監督者の役割,
ichi-0993,メンタルヘルスケアの推進状況を「評価・見直し」する際に参照すべき情報として、「競合他社の株価や業績」という記述は正しい。,×,メンタルヘルスケアの評価指標：ストレスチェック結果・休職者数・離職率・相談窓口利用件数・研修実施率・職場環境改善の実施状況等。定期的に評価しPDCAサイクルを回す。,,,,,基礎・役割,第1章 / 方針・計画の策定とマネジメント,メンタルヘルスケアの意義と管理監督者の役割,
ichi-0994,メンタルヘルスケアの推進状況を「評価・見直し」する際に参照すべき情報として、「ストレスチェック集団分析結果・休職者数・研修実施率・相談件数等」という記述は正しい。,○,メンタルヘルスケアの評価指標：ストレスチェック結果・休職者数・離職率・相談窓口利用件数・研修実施率・職場環境改善の実施状況等。定期的に評価しPDCAサイクルを回す。,,,,,基礎・役割,第1章 / 方針・計画の策定とマネジメント,メンタルヘルスケアの意義と管理監督者の役割,
ichi-0995,メンタルヘルスケアの推進状況を「評価・見直し」する際に参照すべき情報として、「社内食堂の利用率」という記述は正しい。,×,メンタルヘルスケアの評価指標：ストレスチェック結果・休職者数・離職率・相談窓口利用件数・研修実施率・職場環境改善の実施状況等。定期的に評価しPDCAサイクルを回す。,,,,,基礎・役割,第1章 / 方針・計画の策定とマネジメント,メンタルヘルスケアの意義と管理監督者の役割,
ichi-0996,メンタルヘルスケアの推進状況を「評価・見直し」する際に参照すべき情報として、「社員旅行の参加率」という記述は正しい。,×,メンタルヘルスケアの評価指標：ストレスチェック結果・休職者数・離職率・相談窓口利用件数・研修実施率・職場環境改善の実施状況等。定期的に評価しPDCAサイクルを回す。,,,,,基礎・役割,第1章 / 方針・計画の策定とマネジメント,メンタルヘルスケアの意義と管理監督者の役割,
ichi-0997,業務起因性の認定は、業務が疾病の唯一の原因である場合に限られる。,×,業務起因性は業務が発症の「有力な原因」であることが要件。私的要因が重なっていても業務要因が主因であれば認定される場合がある。判断は労働基準監督署・審査機関が行う。,,,,,基礎・役割,第1章 / メンタル不調と労働災害・過重労働防止,メンタルヘルスケアの意義と管理監督者の役割,
ichi-0998,業務上の出来事が発症の有力な原因のひとつであることが認められれば、業務起因性が認定される場合がある。,○,業務起因性は業務が発症の「有力な原因」であることが要件。私的要因が重なっていても業務要因が主因であれば認定される場合がある。判断は労働基準監督署・審査機関が行う。,,,,,基礎・役割,第1章 / メンタル不調と労働災害・過重労働防止,メンタルヘルスケアの意義と管理監督者の役割,
ichi-0999,私的な出来事が重なっていれば、業務起因性は認定されない。,×,業務起因性は業務が発症の「有力な原因」であることが要件。私的要因が重なっていても業務要因が主因であれば認定される場合がある。判断は労働基準監督署・審査機関が行う。,,,,,基礎・役割,第1章 / メンタル不調と労働災害・過重労働防止,メンタルヘルスケアの意義と管理監督者の役割,
ichi-1000,業務起因性の判断は労働者本人が行うものである。,×,業務起因性は業務が発症の「有力な原因」であることが要件。私的要因が重なっていても業務要因が主因であれば認定される場合がある。判断は労働基準監督署・審査機関が行う。,,,,,基礎・役割,第1章 / メンタル不調と労働災害・過重労働防止,メンタルヘルスケアの意義と管理監督者の役割,
ichi-1001,「ワーク・エンゲイジメント」を高める職場資源として、「業務量の増大と締め切りの厳格化」という記述は正しい。,×,ワーク・エンゲイジメントを高める職場資源（JD-Rモデル）：社会的サポート・自律性・成長機会・フィードバック・目標の明確さ等。職場資源が豊富なほどエンゲイジメントが高まる。,,,,,基礎・役割,第2章 / 産業ストレス,ストレスおよびメンタルヘルスに関する基礎知識,
ichi-1002,「ワーク・エンゲイジメント」を高める職場資源として、「上司・同僚からのサポート・成長の機会・業務の自律性・目標の明確さ」という記述は正しい。,○,ワーク・エンゲイジメントを高める職場資源（JD-Rモデル）：社会的サポート・自律性・成長機会・フィードバック・目標の明確さ等。職場資源が豊富なほどエンゲイジメントが高まる。,,,,,基礎・役割,第2章 / 産業ストレス,ストレスおよびメンタルヘルスに関する基礎知識,
ichi-1003,「ワーク・エンゲイジメント」を高める職場資源として、「監視の強化と評価基準の厳格化」という記述は正しい。,×,ワーク・エンゲイジメントを高める職場資源（JD-Rモデル）：社会的サポート・自律性・成長機会・フィードバック・目標の明確さ等。職場資源が豊富なほどエンゲイジメントが高まる。,,,,,基礎・役割,第2章 / 産業ストレス,ストレスおよびメンタルヘルスに関する基礎知識,
ichi-1004,「ワーク・エンゲイジメント」を高める職場資源として、「残業の義務化と有給休暇の取得制限」という記述は正しい。,×,ワーク・エンゲイジメントを高める職場資源（JD-Rモデル）：社会的サポート・自律性・成長機会・フィードバック・目標の明確さ等。職場資源が豊富なほどエンゲイジメントが高まる。,,,,,基礎・役割,第2章 / 産業ストレス,ストレスおよびメンタルヘルスに関する基礎知識,
ichi-1005,同じストレッサーに対してすべての人が同じ反応を示すため、個人差は存在しない。,×,ストレス反応の個人差は①認知的評価（脅威かどうかの判断）②コーピングスキル③社会的支援の有無④個人的要因（性格・経験・価値観等）によって生じる。同じ職場でも反応は様々。,,,,,基礎・役割,第2章 / ストレスの基本概念と健康障害のしくみ,ストレスおよびメンタルヘルスに関する基礎知識,
ichi-1006,認知的評価・コーピングスキル・社会的支援・個人的要因（性格・経験等）の違いによって個人差が生じる。,○,ストレス反応の個人差は①認知的評価（脅威かどうかの判断）②コーピングスキル③社会的支援の有無④個人的要因（性格・経験・価値観等）によって生じる。同じ職場でも反応は様々。,,,,,基礎・役割,第2章 / ストレスの基本概念と健康障害のしくみ,ストレスおよびメンタルヘルスに関する基礎知識,
ichi-1007,個人差は遺伝子のみで決まるものであり、環境的要因は無関係である。,×,ストレス反応の個人差は①認知的評価（脅威かどうかの判断）②コーピングスキル③社会的支援の有無④個人的要因（性格・経験・価値観等）によって生じる。同じ職場でも反応は様々。,,,,,基礎・役割,第2章 / ストレスの基本概念と健康障害のしくみ,ストレスおよびメンタルヘルスに関する基礎知識,
ichi-1008,ストレス反応の個人差は年齢のみによって決まる。,×,ストレス反応の個人差は①認知的評価（脅威かどうかの判断）②コーピングスキル③社会的支援の有無④個人的要因（性格・経験・価値観等）によって生じる。同じ職場でも反応は様々。,,,,,基礎・役割,第2章 / ストレスの基本概念と健康障害のしくみ,ストレスおよびメンタルヘルスに関する基礎知識,
ichi-1009,睡眠障害はメンタルヘルス不調の結果としてのみ生じ、原因にはなりえない。,×,睡眠障害とメンタルヘルスは双方向の関係。うつ病・不安障害の症状として不眠が現れる一方、慢性的な睡眠不足はうつ病・不安障害のリスクを高める。睡眠管理はメンタルヘルスケアの基本。,,,,,基礎・役割,第2章 / メンタルヘルス不調とは何か,ストレスおよびメンタルヘルスに関する基礎知識,
ichi-1010,睡眠障害はうつ病等のメンタルヘルス不調の症状でもあり、睡眠不足がメンタルヘルス不調のリスクを高める双方向の関係がある。,○,睡眠障害とメンタルヘルスは双方向の関係。うつ病・不安障害の症状として不眠が現れる一方、慢性的な睡眠不足はうつ病・不安障害のリスクを高める。睡眠管理はメンタルヘルスケアの基本。,,,,,基礎・役割,第2章 / メンタルヘルス不調とは何か,ストレスおよびメンタルヘルスに関する基礎知識,
ichi-1011,十分な睡眠をとっていれば、どんなストレスも問題にはならない。,×,睡眠障害とメンタルヘルスは双方向の関係。うつ病・不安障害の症状として不眠が現れる一方、慢性的な睡眠不足はうつ病・不安障害のリスクを高める。睡眠管理はメンタルヘルスケアの基本。,,,,,基礎・役割,第2章 / メンタルヘルス不調とは何か,ストレスおよびメンタルヘルスに関する基礎知識,
ichi-1012,睡眠障害は身体疾患であり、精神科では治療しない。,×,睡眠障害とメンタルヘルスは双方向の関係。うつ病・不安障害の症状として不眠が現れる一方、慢性的な睡眠不足はうつ病・不安障害のリスクを高める。睡眠管理はメンタルヘルスケアの基本。,,,,,基礎・役割,第2章 / メンタルヘルス不調とは何か,ストレスおよびメンタルヘルスに関する基礎知識,
ichi-1013,うつ病に対する誤った偏見（スティグマ）として、「「うつ病は誰でもなりうる疾患である」」という記述は正しい。,○,スティグマ（偏見）の典型例：「怠け・甘え」「意志が弱い」「危険な人」等。「誰でもなりうる疾患」「治療で回復できる」は正しい認識。スティグマの解消が受診促進・早期対応につながる。,,,,,基礎・役割,第2章 / 心の健康問題への正しい向き合い方,ストレスおよびメンタルヘルスに関する基礎知識,
ichi-1014,うつ病に対する誤った偏見（スティグマ）として、「「うつ病は怠けや甘えである」」という記述は正しい。,×,スティグマ（偏見）の典型例：「怠け・甘え」「意志が弱い」「危険な人」等。「誰でもなりうる疾患」「治療で回復できる」は正しい認識。スティグマの解消が受診促進・早期対応につながる。,,,,,基礎・役割,第2章 / 心の健康問題への正しい向き合い方,ストレスおよびメンタルヘルスに関する基礎知識,
ichi-1015,うつ病に対する誤った偏見（スティグマ）として、「「うつ病は適切な治療で回復できる」」という記述は正しい。,○,スティグマ（偏見）の典型例：「怠け・甘え」「意志が弱い」「危険な人」等。「誰でもなりうる疾患」「治療で回復できる」は正しい認識。スティグマの解消が受診促進・早期対応につながる。,,,,,基礎・役割,第2章 / 心の健康問題への正しい向き合い方,ストレスおよびメンタルヘルスに関する基礎知識,
ichi-1016,うつ病に対する誤った偏見（スティグマ）として、「「うつ病の人に励ましの言葉をかけることは逆効果の場合がある」」という記述は正しい。,○,スティグマ（偏見）の典型例：「怠け・甘え」「意志が弱い」「危険な人」等。「誰でもなりうる疾患」「治療で回復できる」は正しい認識。スティグマの解消が受診促進・早期対応につながる。,,,,,基礎・役割,第2章 / 心の健康問題への正しい向き合い方,ストレスおよびメンタルヘルスに関する基礎知識,
ichi-1017,精神障害者保健福祉手帳は1〜3級に分類され、1級が最も障害が重い。,○,精神障害者保健福祉手帳は1〜3級（1級：最重度、2級：中程度、3級：軽度）。2年ごとに更新が必要。等級によらず就労支援の対象となりうる。判定は都道府県知事が行う。,,,,,基礎・役割,第2章 / 障害者に関する法律（差別解消・雇用促進）,ストレスおよびメンタルヘルスに関する基礎知識,
ichi-1018,精神障害者保健福祉手帳は1〜5級に分類される。,×,精神障害者保健福祉手帳は1〜3級（1級：最重度、2級：中程度、3級：軽度）。2年ごとに更新が必要。等級によらず就労支援の対象となりうる。判定は都道府県知事が行う。,,,,,基礎・役割,第2章 / 障害者に関する法律（差別解消・雇用促進）,ストレスおよびメンタルヘルスに関する基礎知識,
ichi-1019,等級が高いほど就労支援の対象から外れる。,×,精神障害者保健福祉手帳は1〜3級（1級：最重度、2級：中程度、3級：軽度）。2年ごとに更新が必要。等級によらず就労支援の対象となりうる。判定は都道府県知事が行う。,,,,,基礎・役割,第2章 / 障害者に関する法律（差別解消・雇用促進）,ストレスおよびメンタルヘルスに関する基礎知識,
ichi-1020,等級の判定は主治医ではなく事業主が行う。,×,精神障害者保健福祉手帳は1〜3級（1級：最重度、2級：中程度、3級：軽度）。2年ごとに更新が必要。等級によらず就労支援の対象となりうる。判定は都道府県知事が行う。,,,,,基礎・役割,第2章 / 障害者に関する法律（差別解消・雇用促進）,ストレスおよびメンタルヘルスに関する基礎知識,
ichi-1021,職場の物理的環境（騒音・照明・温度・有害物質等）はメンタルヘルスとは無関係である。,×,物理的作業環境（騒音・振動・照明・温熱環境・有害化学物質等）もストレス要因。慢性的な曝露は集中力低下・疲労・睡眠障害・身体疾患につながる。作業環境管理はメンタルヘルス対策の一部。,,,,,職場環境・配慮,第3章 / ストレスを生む職場環境の要因,職場環境等の評価および改善の方法,
ichi-1022,騒音・過度な照明・不適切な温湿度・有害物質曝露等はストレス要因となり、身体的・精神的健康に影響を与える。,○,物理的作業環境（騒音・振動・照明・温熱環境・有害化学物質等）もストレス要因。慢性的な曝露は集中力低下・疲労・睡眠障害・身体疾患につながる。作業環境管理はメンタルヘルス対策の一部。,,,,,職場環境・配慮,第3章 / ストレスを生む職場環境の要因,職場環境等の評価および改善の方法,
ichi-1023,物理的環境の改善はコストがかかるため、メンタルヘルス対策には含めない。,×,物理的作業環境（騒音・振動・照明・温熱環境・有害化学物質等）もストレス要因。慢性的な曝露は集中力低下・疲労・睡眠障害・身体疾患につながる。作業環境管理はメンタルヘルス対策の一部。,,,,,職場環境・配慮,第3章 / ストレスを生む職場環境の要因,職場環境等の評価および改善の方法,
ichi-1024,物理的環境のストレス影響は短期間で消失し、慢性的な健康被害にはつながらない。,×,物理的作業環境（騒音・振動・照明・温熱環境・有害化学物質等）もストレス要因。慢性的な曝露は集中力低下・疲労・睡眠障害・身体疾患につながる。作業環境管理はメンタルヘルス対策の一部。,,,,,職場環境・配慮,第3章 / ストレスを生む職場環境の要因,職場環境等の評価および改善の方法,
ichi-1025,「職場環境等の把握と改善」における「定性的評価」の方法として、「ストレスチェックの数値データの集計」という記述は正しい。,×,定性的評価：職場巡視・ヒアリング・グループディスカッション・面談等で得る質的情報。定量的評価（数値）との組み合わせで職場の実態を多面的に把握する。,,,,,職場環境・配慮,第3章 / ストレスの評価方法,職場環境等の評価および改善の方法,
ichi-1026,「職場環境等の把握と改善」における「定性的評価」の方法として、「職場巡視・グループインタビュー・個別面談等による質的な情報収集」という記述は正しい。,○,定性的評価：職場巡視・ヒアリング・グループディスカッション・面談等で得る質的情報。定量的評価（数値）との組み合わせで職場の実態を多面的に把握する。,,,,,職場環境・配慮,第3章 / ストレスの評価方法,職場環境等の評価および改善の方法,
ichi-1027,「職場環境等の把握と改善」における「定性的評価」の方法として、「欠勤率・離職率の統計分析」という記述は正しい。,×,定性的評価：職場巡視・ヒアリング・グループディスカッション・面談等で得る質的情報。定量的評価（数値）との組み合わせで職場の実態を多面的に把握する。,,,,,職場環境・配慮,第3章 / ストレスの評価方法,職場環境等の評価および改善の方法,
ichi-1028,「職場環境等の把握と改善」における「定性的評価」の方法として、「生産性指標の数値化」という記述は正しい。,×,定性的評価：職場巡視・ヒアリング・グループディスカッション・面談等で得る質的情報。定量的評価（数値）との組み合わせで職場の実態を多面的に把握する。,,,,,職場環境・配慮,第3章 / ストレスの評価方法,職場環境等の評価および改善の方法,
ichi-1029,コミュニケーションの改善は生産性には無関係だが、職場の雰囲気をよくする効果がある。,×,コミュニケーション改善は社会的支援を高め、ストレス緩和・早期発見・相談しやすい文化づくりに貢献する。朝礼・1on1・チームミーティング等の日常的な取り組みが重要。,,,,,職場環境・配慮,第3章 / 管理監督者による職場環境改善の進め方,職場環境等の評価および改善の方法,
ichi-1030,良好なコミュニケーションは社会的支援を高め、ストレス緩和・早期発見・職場の一体感醸成につながる。,○,コミュニケーション改善は社会的支援を高め、ストレス緩和・早期発見・相談しやすい文化づくりに貢献する。朝礼・1on1・チームミーティング等の日常的な取り組みが重要。,,,,,職場環境・配慮,第3章 / 管理監督者による職場環境改善の進め方,職場環境等の評価および改善の方法,
ichi-1031,コミュニケーション改善は個人の努力であり、組織としての取り組みは不要である。,×,コミュニケーション改善は社会的支援を高め、ストレス緩和・早期発見・相談しやすい文化づくりに貢献する。朝礼・1on1・チームミーティング等の日常的な取り組みが重要。,,,,,職場環境・配慮,第3章 / 管理監督者による職場環境改善の進め方,職場環境等の評価および改善の方法,
ichi-1032,コミュニケーション改善の効果は短期的なものにとどまり、長期的な健康には影響しない。,×,コミュニケーション改善は社会的支援を高め、ストレス緩和・早期発見・相談しやすい文化づくりに貢献する。朝礼・1on1・チームミーティング等の日常的な取り組みが重要。,,,,,職場環境・配慮,第3章 / 管理監督者による職場環境改善の進め方,職場環境等の評価および改善の方法,
ichi-1033,一度大きな改善を行えば、その後の継続的な取り組みは不要である。,×,職場環境改善は「一度やれば終わり」ではなく継続的なサイクルが重要。職場・組織は常に変化するため、定期的な評価と改善の繰り返しが必要。管理監督者・労働者が主体的に参加することが鍵。,,,,,職場環境・配慮,第3章 / 改善策の効果を評価する,職場環境等の評価および改善の方法,
ichi-1034,PDCAサイクルを繰り返し、評価結果を次の計画に反映させながら継続的に改善し続けることが重要である。,○,職場環境改善は「一度やれば終わり」ではなく継続的なサイクルが重要。職場・組織は常に変化するため、定期的な評価と改善の繰り返しが必要。管理監督者・労働者が主体的に参加することが鍵。,,,,,職場環境・配慮,第3章 / 改善策の効果を評価する,職場環境等の評価および改善の方法,
ichi-1035,改善策は毎年全て入れ替えることで新鮮さを保つ。,×,職場環境改善は「一度やれば終わり」ではなく継続的なサイクルが重要。職場・組織は常に変化するため、定期的な評価と改善の繰り返しが必要。管理監督者・労働者が主体的に参加することが鍵。,,,,,職場環境・配慮,第3章 / 改善策の効果を評価する,職場環境等の評価および改善の方法,
ichi-1036,改善の評価は外部専門家のみが行えるものである。,×,職場環境改善は「一度やれば終わり」ではなく継続的なサイクルが重要。職場・組織は常に変化するため、定期的な評価と改善の繰り返しが必要。管理監督者・労働者が主体的に参加することが鍵。,,,,,職場環境・配慮,第3章 / 改善策の効果を評価する,職場環境等の評価および改善の方法,
ichi-1037,「最近うつ病になってない？病院に行った方がいい」と直接伝える。,×,最初の声かけは「いつもと違う様子に気づいた」という観察事実をもとに、診断的にならず自然に声をかけることが基本。プライバシーに配慮した場所で、相手が話しやすい雰囲気をつくる。,,,,,職場環境・配慮,第4章 / 部下のストレスサインを見逃さない,個々の労働者への配慮,
ichi-1038,「最近少し元気がないように見えるけど、何かあった？」と自然に声をかける。,○,最初の声かけは「いつもと違う様子に気づいた」という観察事実をもとに、診断的にならず自然に声をかけることが基本。プライバシーに配慮した場所で、相手が話しやすい雰囲気をつくる。,,,,,職場環境・配慮,第4章 / 部下のストレスサインを見逃さない,個々の労働者への配慮,
ichi-1039,気づいても本人から相談があるまで何もしない。,×,最初の声かけは「いつもと違う様子に気づいた」という観察事実をもとに、診断的にならず自然に声をかけることが基本。プライバシーに配慮した場所で、相手が話しやすい雰囲気をつくる。,,,,,職場環境・配慮,第4章 / 部下のストレスサインを見逃さない,個々の労働者への配慮,
ichi-1040,同僚を通じて間接的に状況を探る。,×,最初の声かけは「いつもと違う様子に気づいた」という観察事実をもとに、診断的にならず自然に声をかけることが基本。プライバシーに配慮した場所で、相手が話しやすい雰囲気をつくる。,,,,,職場環境・配慮,第4章 / 部下のストレスサインを見逃さない,個々の労働者への配慮,
ichi-1041,上司からの過度な叱責・批判が続いている。,○,良好な人間関係・同僚からの協力はストレスを緩和する保護要因。過度な叱責・無視・孤立・顧客からのハラスメントはストレス要因。良い人間関係づくりも管理監督者の重要な役割。,,,,,職場環境・配慮,第4章 / 注意すべきストレス要因とその予防,個々の労働者への配慮,
ichi-1042,同僚との良好な協力関係のもとで業務が進んでいる。,×,良好な人間関係・同僚からの協力はストレスを緩和する保護要因。過度な叱責・無視・孤立・顧客からのハラスメントはストレス要因。良い人間関係づくりも管理監督者の重要な役割。,,,,,職場環境・配慮,第4章 / 注意すべきストレス要因とその予防,個々の労働者への配慮,
ichi-1043,同僚から無視・孤立させられている。,○,良好な人間関係・同僚からの協力はストレスを緩和する保護要因。過度な叱責・無視・孤立・顧客からのハラスメントはストレス要因。良い人間関係づくりも管理監督者の重要な役割。,,,,,職場環境・配慮,第4章 / 注意すべきストレス要因とその予防,個々の労働者への配慮,
ichi-1044,顧客からの理不尽なクレームが頻繁に発生している。,○,良好な人間関係・同僚からの協力はストレスを緩和する保護要因。過度な叱責・無視・孤立・顧客からのハラスメントはストレス要因。良い人間関係づくりも管理監督者の重要な役割。,,,,,職場環境・配慮,第4章 / 注意すべきストレス要因とその予防,個々の労働者への配慮,
ichi-1045,「リラクセーション法」として職場でも活用できるものとして、「過度な飲酒・喫煙・過食」という記述は正しい。,×,リラクセーション法：自律訓練法・漸進的筋弛緩法・呼吸法（腹式呼吸）・マインドフルネス・ヨガ等。飲酒・喫煙・過食は回避コーピングであり健康的なリラクセーションとは異なる。,,,,,職場環境・配慮,第4章 / ストレスへの対処方法,個々の労働者への配慮,
ichi-1046,「リラクセーション法」として職場でも活用できるものとして、「自律訓練法・漸進的筋弛緩法・呼吸法・マインドフルネス」という記述は正しい。,○,リラクセーション法：自律訓練法・漸進的筋弛緩法・呼吸法（腹式呼吸）・マインドフルネス・ヨガ等。飲酒・喫煙・過食は回避コーピングであり健康的なリラクセーションとは異なる。,,,,,職場環境・配慮,第4章 / ストレスへの対処方法,個々の労働者への配慮,
ichi-1047,「リラクセーション法」として職場でも活用できるものとして、「長時間のゲーム・SNSへの没頭」という記述は正しい。,×,リラクセーション法：自律訓練法・漸進的筋弛緩法・呼吸法（腹式呼吸）・マインドフルネス・ヨガ等。飲酒・喫煙・過食は回避コーピングであり健康的なリラクセーションとは異なる。,,,,,職場環境・配慮,第4章 / ストレスへの対処方法,個々の労働者への配慮,
ichi-1048,「リラクセーション法」として職場でも活用できるものとして、「強度の高い運動のみ」という記述は正しい。,×,リラクセーション法：自律訓練法・漸進的筋弛緩法・呼吸法（腹式呼吸）・マインドフルネス・ヨガ等。飲酒・喫煙・過食は回避コーピングであり健康的なリラクセーションとは異なる。,,,,,職場環境・配慮,第4章 / ストレスへの対処方法,個々の労働者への配慮,
ichi-1049,特別条項を結べば時間外労働に上限はなく、どれだけでも残業させることができる。,×,2019年施行の改正労基法により特別条項にも上限規制。年720時間・単月100時間未満・複数月平均80時間以内・月45時間超は年6回まで。上限違反は罰則対象（罰金・懲役）。,,,,,職場環境・配慮,第4章 / 過重労働の防止と対処方法,個々の労働者への配慮,
ichi-1050,特別条項を適用しても、年720時間・月100時間未満・2〜6か月平均80時間以内の上限がある。,○,2019年施行の改正労基法により特別条項にも上限規制。年720時間・単月100時間未満・複数月平均80時間以内・月45時間超は年6回まで。上限違反は罰則対象（罰金・懲役）。,,,,,職場環境・配慮,第4章 / 過重労働の防止と対処方法,個々の労働者への配慮,
ichi-1051,管理監督者であっても、過重労働による健康障害防止の観点から健康確保への配慮が必要である。,○,2019年施行の改正労基法により特別条項にも上限規制。年720時間・単月100時間未満・複数月平均80時間以内・月45時間超は年6回まで。上限違反は罰則対象（罰金・懲役）。,,,,,職場環境・配慮,第4章 / 過重労働の防止と対処方法,個々の労働者への配慮,
ichi-1052,特別条項の適用は月1回まで認められている。,×,2019年施行の改正労基法により特別条項にも上限規制。年720時間・単月100時間未満・複数月平均80時間以内・月45時間超は年6回まで。上限違反は罰則対象（罰金・懲役）。,,,,,職場環境・配慮,第4章 / 過重労働の防止と対処方法,個々の労働者への配慮,
ichi-1053,評価的サポートとは、業務マニュアルや参考資料を提供することである。,×,評価的サポート＝業務遂行に対する適切なフィードバック・承認・評価。「よくできた」「この点を改善しよう」等の具体的フィードバックが該当。情報（アドバイス）・道具（手助け）・情緒（共感）と区別する。,,,,,職場環境・配慮,第4章 / 職場でできるサポート,個々の労働者への配慮,
ichi-1054,部下の業務成果を認め「よくできた」とフィードバックする。,○,評価的サポート＝業務遂行に対する適切なフィードバック・承認・評価。「よくできた」「この点を改善しよう」等の具体的フィードバックが該当。情報（アドバイス）・道具（手助け）・情緒（共感）と区別する。,,,,,職場環境・配慮,第4章 / 職場でできるサポート,個々の労働者への配慮,
ichi-1055,評価的サポートとは、業務の一部を代わりに行うことである。,×,評価的サポート＝業務遂行に対する適切なフィードバック・承認・評価。「よくできた」「この点を改善しよう」等の具体的フィードバックが該当。情報（アドバイス）・道具（手助け）・情緒（共感）と区別する。,,,,,職場環境・配慮,第4章 / 職場でできるサポート,個々の労働者への配慮,
ichi-1056,評価的サポートとは、悩みを聴いて共感することである。,×,評価的サポート＝業務遂行に対する適切なフィードバック・承認・評価。「よくできた」「この点を改善しよう」等の具体的フィードバックが該当。情報（アドバイス）・道具（手助け）・情緒（共感）と区別する。,,,,,職場環境・配慮,第4章 / 職場でできるサポート,個々の労働者への配慮,
ichi-1057,健康情報は通常の個人情報と同様に扱えばよく、特別な保護は不要である。,×,要配慮個人情報（個人情報保護法）：人種・信条・病歴・障害・犯罪歴等。健康情報は原則として本人同意のもとで取得し、目的外利用・第三者提供は厳しく制限される。,,,,,職場環境・配慮,第4章 / 個人情報・プライバシーへの配慮,個々の労働者への配慮,
ichi-1058,病歴・健康診断結果・ストレスチェック結果等の健康情報は要配慮個人情報に該当し、取得・利用・提供に特別な配慮が必要である。,○,要配慮個人情報（個人情報保護法）：人種・信条・病歴・障害・犯罪歴等。健康情報は原則として本人同意のもとで取得し、目的外利用・第三者提供は厳しく制限される。,,,,,職場環境・配慮,第4章 / 個人情報・プライバシーへの配慮,個々の労働者への配慮,
ichi-1059,要配慮個人情報は事業者が自由に取得・利用できる。,×,要配慮個人情報（個人情報保護法）：人種・信条・病歴・障害・犯罪歴等。健康情報は原則として本人同意のもとで取得し、目的外利用・第三者提供は厳しく制限される。,,,,,職場環境・配慮,第4章 / 個人情報・プライバシーへの配慮,個々の労働者への配慮,
ichi-1060,要配慮個人情報の概念は医療機関にのみ適用される。,×,要配慮個人情報（個人情報保護法）：人種・信条・病歴・障害・犯罪歴等。健康情報は原則として本人同意のもとで取得し、目的外利用・第三者提供は厳しく制限される。,,,,,職場環境・配慮,第4章 / 個人情報・プライバシーへの配慮,個々の労働者への配慮,
ichi-1061,管理監督者が専門家に相談することは、マネジメント能力の欠如を示すものである。,×,管理監督者も一労働者。自身の健康・ストレスについて産業医・保健師に相談することは推奨される行動。相談内容は守秘義務が適用される。相談できる管理監督者の姿勢が職場文化を変える。,,,,,職場環境・配慮,第4章 / 管理監督者自身のセルフケア,個々の労働者への配慮,
ichi-1062,管理監督者も労働者のひとりとして、自身の健康について専門家に相談することは適切で重要なことである。,○,管理監督者も一労働者。自身の健康・ストレスについて産業医・保健師に相談することは推奨される行動。相談内容は守秘義務が適用される。相談できる管理監督者の姿勢が職場文化を変える。,,,,,職場環境・配慮,第4章 / 管理監督者自身のセルフケア,個々の労働者への配慮,
ichi-1063,管理監督者の相談内容は人事部門に自動的に報告される。,×,管理監督者も一労働者。自身の健康・ストレスについて産業医・保健師に相談することは推奨される行動。相談内容は守秘義務が適用される。相談できる管理監督者の姿勢が職場文化を変える。,,,,,職場環境・配慮,第4章 / 管理監督者自身のセルフケア,個々の労働者への配慮,
ichi-1064,管理監督者は部下の指導者であるため、相談するより指導する立場を維持すべきである。,×,管理監督者も一労働者。自身の健康・ストレスについて産業医・保健師に相談することは推奨される行動。相談内容は守秘義務が適用される。相談できる管理監督者の姿勢が職場文化を変える。,,,,,職場環境・配慮,第4章 / 管理監督者自身のセルフケア,個々の労働者への配慮,
ichi-1065,ジョハリの窓は、自分と他者の認識の違いを4つの領域で示したモデルである。,○,ジョハリの窓：開放・盲点・秘密・未知の4領域で自己開示と他者フィードバックの関係を示す。開放領域を広げることでコミュニケーションが円滑になる。相談・フィードバックの重要性を示唆。,,,,,相談・連携・復職,第5章 / 相談を受ける際の基本姿勢,労働者からの相談への対応（話の聴き方、情報提供および助言の方法等）,
ichi-1066,ジョハリの窓は、職場の物理的環境を4象限で評価するツールである。,×,ジョハリの窓：開放・盲点・秘密・未知の4領域で自己開示と他者フィードバックの関係を示す。開放領域を広げることでコミュニケーションが円滑になる。相談・フィードバックの重要性を示唆。,,,,,相談・連携・復職,第5章 / 相談を受ける際の基本姿勢,労働者からの相談への対応（話の聴き方、情報提供および助言の方法等）,
ichi-1067,ジョハリの窓は、ストレスの強度を数値化するモデルである。,×,ジョハリの窓：開放・盲点・秘密・未知の4領域で自己開示と他者フィードバックの関係を示す。開放領域を広げることでコミュニケーションが円滑になる。相談・フィードバックの重要性を示唆。,,,,,相談・連携・復職,第5章 / 相談を受ける際の基本姿勢,労働者からの相談への対応（話の聴き方、情報提供および助言の方法等）,
ichi-1068,ジョハリの窓は、業務効率を改善するためのフレームワークである。,×,ジョハリの窓：開放・盲点・秘密・未知の4領域で自己開示と他者フィードバックの関係を示す。開放領域を広げることでコミュニケーションが円滑になる。相談・フィードバックの重要性を示唆。,,,,,相談・連携・復職,第5章 / 相談を受ける際の基本姿勢,労働者からの相談への対応（話の聴き方、情報提供および助言の方法等）,
ichi-1069,一つのサインでも見つかれば、すぐにメンタルヘルス不調と判断できる。,×,単一のサインより複数サインの重なりの方が不調の可能性が高い。「最近ミスが増えた、表情が暗い、遅刻が増えた」など複数変化の組み合わせが声かけ・対応のタイミングの判断材料となる。,,,,,相談・連携・復職,第5章 / 不調の早期発見と見えにくさへの理解,労働者からの相談への対応（話の聴き方、情報提供および助言の方法等）,
ichi-1070,遅刻・ミス増加・表情の変化など複数のサインが重なる場合は、特に注意が必要なシグナルである。,○,単一のサインより複数サインの重なりの方が不調の可能性が高い。「最近ミスが増えた、表情が暗い、遅刻が増えた」など複数変化の組み合わせが声かけ・対応のタイミングの判断材料となる。,,,,,相談・連携・復職,第5章 / 不調の早期発見と見えにくさへの理解,労働者からの相談への対応（話の聴き方、情報提供および助言の方法等）,
ichi-1071,サインは医師のみが判断できるものであり、管理監督者が判断することは禁止されている。,×,単一のサインより複数サインの重なりの方が不調の可能性が高い。「最近ミスが増えた、表情が暗い、遅刻が増えた」など複数変化の組み合わせが声かけ・対応のタイミングの判断材料となる。,,,,,相談・連携・復職,第5章 / 不調の早期発見と見えにくさへの理解,労働者からの相談への対応（話の聴き方、情報提供および助言の方法等）,
ichi-1072,1か月以上継続しなければサインとは言えない。,×,単一のサインより複数サインの重なりの方が不調の可能性が高い。「最近ミスが増えた、表情が暗い、遅刻が増えた」など複数変化の組み合わせが声かけ・対応のタイミングの判断材料となる。,,,,,相談・連携・復職,第5章 / 不調の早期発見と見えにくさへの理解,労働者からの相談への対応（話の聴き方、情報提供および助言の方法等）,
ichi-1073,管理監督者は十分に話を聴けば、どんな問題も解決できる。,×,管理監督者の傾聴の役割は「聴いてつなぐ」こと。医療的治療・専門的カウンセリングは専門家の領域。限界を認識して適切に専門家につなぐことが、かえって部下への最善の支援となる。,,,,,相談・連携・復職,第5章 / なぜ管理監督者が話を聴くのか,労働者からの相談への対応（話の聴き方、情報提供および助言の方法等）,
ichi-1074,管理監督者の傾聴には限界があり、専門的な治療・支援が必要な場合は速やかに専門家につなぐことが重要である。,○,管理監督者の傾聴の役割は「聴いてつなぐ」こと。医療的治療・専門的カウンセリングは専門家の領域。限界を認識して適切に専門家につなぐことが、かえって部下への最善の支援となる。,,,,,相談・連携・復職,第5章 / なぜ管理監督者が話を聴くのか,労働者からの相談への対応（話の聴き方、情報提供および助言の方法等）,
ichi-1075,限界を認識したら、その時点で部下との関わりを断つべきである。,×,管理監督者の傾聴の役割は「聴いてつなぐ」こと。医療的治療・専門的カウンセリングは専門家の領域。限界を認識して適切に専門家につなぐことが、かえって部下への最善の支援となる。,,,,,相談・連携・復職,第5章 / なぜ管理監督者が話を聴くのか,労働者からの相談への対応（話の聴き方、情報提供および助言の方法等）,
ichi-1076,管理監督者が限界を感じたら、問題を人事部門に丸投げすればよい。,×,管理監督者の傾聴の役割は「聴いてつなぐ」こと。医療的治療・専門的カウンセリングは専門家の領域。限界を認識して適切に専門家につなぐことが、かえって部下への最善の支援となる。,,,,,相談・連携・復職,第5章 / なぜ管理監督者が話を聴くのか,労働者からの相談への対応（話の聴き方、情報提供および助言の方法等）,
ichi-1077,他の社員が見聞きできるオープンスペースで行うことで、透明性を確保する。,×,相談面談の環境設定：個室・静かな場所・プライバシー確保・遮断された空間。オープンスペースでは話しにくく、立ち話は相手を不安にさせる。安心して話せる環境づくりが傾聴の前提条件。,,,,,相談・連携・復職,第5章 / 不調が疑われる部下への傾聴の仕方,労働者からの相談への対応（話の聴き方、情報提供および助言の方法等）,
ichi-1078,プライバシーが確保された個室や、他者に見られない静かな場所で行う。,○,相談面談の環境設定：個室・静かな場所・プライバシー確保・遮断された空間。オープンスペースでは話しにくく、立ち話は相手を不安にさせる。安心して話せる環境づくりが傾聴の前提条件。,,,,,相談・連携・復職,第5章 / 不調が疑われる部下への傾聴の仕方,労働者からの相談への対応（話の聴き方、情報提供および助言の方法等）,
ichi-1079,相談は業務中に立ち話で短時間に済ませる。,×,相談面談の環境設定：個室・静かな場所・プライバシー確保・遮断された空間。オープンスペースでは話しにくく、立ち話は相手を不安にさせる。安心して話せる環境づくりが傾聴の前提条件。,,,,,相談・連携・復職,第5章 / 不調が疑われる部下への傾聴の仕方,労働者からの相談への対応（話の聴き方、情報提供および助言の方法等）,
ichi-1080,場所は本人に選ばせず、管理監督者が一方的に決定する。,×,相談面談の環境設定：個室・静かな場所・プライバシー確保・遮断された空間。オープンスペースでは話しにくく、立ち話は相手を不安にさせる。安心して話せる環境づくりが傾聴の前提条件。,,,,,相談・連携・復職,第5章 / 不調が疑われる部下への傾聴の仕方,労働者からの相談への対応（話の聴き方、情報提供および助言の方法等）,
ichi-1081,本人の自殺念慮の原因を徹底的に分析し、根本的な解決策を提示する。,×,危機介入の優先順位：①安全確保（一人にしない）②専門家への速やかな連絡③本人への安心感の提供。原因分析・根本解決は後回し。「大丈夫」という言葉を額面通りに受け取らない。,,,,,相談・連携・復職,第5章 / 危機対応,労働者からの相談への対応（話の聴き方、情報提供および助言の方法等）,
ichi-1082,本人の安全確保（一人にしない・安全な場所への移動）を最優先し、速やかに産業医・専門家・救急に連絡する。,○,危機介入の優先順位：①安全確保（一人にしない）②専門家への速やかな連絡③本人への安心感の提供。原因分析・根本解決は後回し。「大丈夫」という言葉を額面通りに受け取らない。,,,,,相談・連携・復職,第5章 / 危機対応,労働者からの相談への対応（話の聴き方、情報提供および助言の方法等）,
ichi-1083,本人が「大丈夫」と言えば、それ以上の介入は不要である。,×,危機介入の優先順位：①安全確保（一人にしない）②専門家への速やかな連絡③本人への安心感の提供。原因分析・根本解決は後回し。「大丈夫」という言葉を額面通りに受け取らない。,,,,,相談・連携・復職,第5章 / 危機対応,労働者からの相談への対応（話の聴き方、情報提供および助言の方法等）,
ichi-1084,危機状況は個人の問題であるため、会社は関与すべきでない。,×,危機介入の優先順位：①安全確保（一人にしない）②専門家への速やかな連絡③本人への安心感の提供。原因分析・根本解決は後回し。「大丈夫」という言葉を額面通りに受け取らない。,,,,,相談・連携・復職,第5章 / 危機対応,労働者からの相談への対応（話の聴き方、情報提供および助言の方法等）,
ichi-1085,かかりつけ医は精神疾患の専門家であるため、精神科より適切な治療ができる。,×,精神科・心療内科への受診に抵抗がある場合、まずかかりつけ医への相談が受診のステップとなりうる。かかりつけ医から精神科・心療内科への紹介という流れが現実的なケースも多い。,,,,,相談・連携・復職,第5章 / 専門家・医療機関への橋渡し,労働者からの相談への対応（話の聴き方、情報提供および助言の方法等）,
ichi-1086,精神科・心療内科への受診に抵抗がある場合、まずかかりつけ医に相談することで受診のハードルが下がる。,○,精神科・心療内科への受診に抵抗がある場合、まずかかりつけ医への相談が受診のステップとなりうる。かかりつけ医から精神科・心療内科への紹介という流れが現実的なケースも多い。,,,,,相談・連携・復職,第5章 / 専門家・医療機関への橋渡し,労働者からの相談への対応（話の聴き方、情報提供および助言の方法等）,
ichi-1087,かかりつけ医への相談は無意味であり、最初から精神科を受診すべきである。,×,精神科・心療内科への受診に抵抗がある場合、まずかかりつけ医への相談が受診のステップとなりうる。かかりつけ医から精神科・心療内科への紹介という流れが現実的なケースも多い。,,,,,相談・連携・復職,第5章 / 専門家・医療機関への橋渡し,労働者からの相談への対応（話の聴き方、情報提供および助言の方法等）,
ichi-1088,かかりつけ医はメンタルヘルス問題は扱わないため、別の窓口を案内すべきである。,×,精神科・心療内科への受診に抵抗がある場合、まずかかりつけ医への相談が受診のステップとなりうる。かかりつけ医から精神科・心療内科への紹介という流れが現実的なケースも多い。,,,,,相談・連携・復職,第5章 / 専門家・医療機関への橋渡し,労働者からの相談への対応（話の聴き方、情報提供および助言の方法等）,
ichi-1089,産業保健スタッフは事業者から求められた場合、すべての相談内容を報告する義務がある。,×,産業医・保健師・看護師・産業カウンセラー等はそれぞれの職業倫理・法令上の守秘義務を負う。本人の同意なき情報提供は原則禁止。生命の危険等の緊急時は例外となる場合がある。,,,,,相談・連携・復職,第6章 / 社内のサポート資源（産業保健スタッフ等）,社内外資源との連携,
ichi-1090,産業保健スタッフには職業上の守秘義務があり、相談内容を本人の同意なく第三者に提供することは原則禁止される。,○,産業医・保健師・看護師・産業カウンセラー等はそれぞれの職業倫理・法令上の守秘義務を負う。本人の同意なき情報提供は原則禁止。生命の危険等の緊急時は例外となる場合がある。,,,,,相談・連携・復職,第6章 / 社内のサポート資源（産業保健スタッフ等）,社内外資源との連携,
ichi-1091,産業保健スタッフの守秘義務は管理監督者からの問い合わせには適用されない。,×,産業医・保健師・看護師・産業カウンセラー等はそれぞれの職業倫理・法令上の守秘義務を負う。本人の同意なき情報提供は原則禁止。生命の危険等の緊急時は例外となる場合がある。,,,,,相談・連携・復職,第6章 / 社内のサポート資源（産業保健スタッフ等）,社内外資源との連携,
ichi-1092,守秘義務はカウンセラーにのみ適用され、産業医・保健師には関係ない。,×,産業医・保健師・看護師・産業カウンセラー等はそれぞれの職業倫理・法令上の守秘義務を負う。本人の同意なき情報提供は原則禁止。生命の危険等の緊急時は例外となる場合がある。,,,,,相談・連携・復職,第6章 / 社内のサポート資源（産業保健スタッフ等）,社内外資源との連携,
ichi-1093,外部EAPは事業場内のスタッフが提供するサービスである。,×,外部EAP（Employee Assistance Program）：事業場外の専門機関が提供。匿名性が高く社内に知られにくいため相談しやすい。カウンセリング・情報提供・職場復帰支援等を提供。費用は通常事業者負担。,,,,,相談・連携・復職,第6章 / 社外のサポート資源,社内外資源との連携,
ichi-1094,外部EAPは事業場外の専門機関が提供し、社内に知られずに相談できる匿名性の高さが利点のひとつである。,○,外部EAP（Employee Assistance Program）：事業場外の専門機関が提供。匿名性が高く社内に知られにくいため相談しやすい。カウンセリング・情報提供・職場復帰支援等を提供。費用は通常事業者負担。,,,,,相談・連携・復職,第6章 / 社外のサポート資源,社内外資源との連携,
ichi-1095,外部EAPは医師が常駐しており、薬の処方も行う。,×,外部EAP（Employee Assistance Program）：事業場外の専門機関が提供。匿名性が高く社内に知られにくいため相談しやすい。カウンセリング・情報提供・職場復帰支援等を提供。費用は通常事業者負担。,,,,,相談・連携・復職,第6章 / 社外のサポート資源,社内外資源との連携,
ichi-1096,外部EAPの費用は全額労働者本人が負担する。,×,外部EAP（Employee Assistance Program）：事業場外の専門機関が提供。匿名性が高く社内に知られにくいため相談しやすい。カウンセリング・情報提供・職場復帰支援等を提供。費用は通常事業者負担。,,,,,相談・連携・復職,第6章 / 社外のサポート資源,社内外資源との連携,
ichi-1097,うつ病と診断されたすべての患者に入院治療が必要である。,×,精神科の治療は外来が中心。入院は①自傷他害リスクが高い②外来治療で改善しない③急性症状への集中治療が必要④服薬管理・環境調整が必要な場合等に検討。長期入院より短期集中・地域移行が主流。,,,,,相談・連携・復職,第6章 / 医療機関の種類と適切な選び方,社内外資源との連携,
ichi-1098,自傷他害のリスクが高い・外来治療で改善しない・集中的な治療が必要な場合等に入院が検討される。,○,精神科の治療は外来が中心。入院は①自傷他害リスクが高い②外来治療で改善しない③急性症状への集中治療が必要④服薬管理・環境調整が必要な場合等に検討。長期入院より短期集中・地域移行が主流。,,,,,相談・連携・復職,第6章 / 医療機関の種類と適切な選び方,社内外資源との連携,
ichi-1099,精神科の治療はすべて入院が前提である。,×,精神科の治療は外来が中心。入院は①自傷他害リスクが高い②外来治療で改善しない③急性症状への集中治療が必要④服薬管理・環境調整が必要な場合等に検討。長期入院より短期集中・地域移行が主流。,,,,,相談・連携・復職,第6章 / 医療機関の種類と適切な選び方,社内外資源との連携,
ichi-1100,入院治療は本人が強く希望した場合のみ適用される。,×,精神科の治療は外来が中心。入院は①自傷他害リスクが高い②外来治療で改善しない③急性症状への集中治療が必要④服薬管理・環境調整が必要な場合等に検討。長期入院より短期集中・地域移行が主流。,,,,,相談・連携・復職,第6章 / 医療機関の種類と適切な選び方,社内外資源との連携,
ichi-1101,情報提供依頼書は本人の同意なく主治医に送付できる。,×,情報提供依頼書の送付には本人同意が必要。職場の業務内容・環境・復帰条件等を添付して主治医が職場の実情を理解したうえで意見を述べられるようにする。産業医と連携して送付内容を検討する。,,,,,相談・連携・復職,第6章 / 社内外との連携が必要な理由と方法,社内外資源との連携,
ichi-1102,本人の同意を得たうえで、職場復帰支援に必要な業務内容・環境等の情報を添えて主治医に送付する。,○,情報提供依頼書の送付には本人同意が必要。職場の業務内容・環境・復帰条件等を添付して主治医が職場の実情を理解したうえで意見を述べられるようにする。産業医と連携して送付内容を検討する。,,,,,相談・連携・復職,第6章 / 社内外との連携が必要な理由と方法,社内外資源との連携,
ichi-1103,情報提供依頼書の内容は事業者が一方的に決定すればよい。,×,情報提供依頼書の送付には本人同意が必要。職場の業務内容・環境・復帰条件等を添付して主治医が職場の実情を理解したうえで意見を述べられるようにする。産業医と連携して送付内容を検討する。,,,,,相談・連携・復職,第6章 / 社内外との連携が必要な理由と方法,社内外資源との連携,
ichi-1104,情報提供依頼書は人事部長名でのみ送付できる。,×,情報提供依頼書の送付には本人同意が必要。職場の業務内容・環境・復帰条件等を添付して主治医が職場の実情を理解したうえで意見を述べられるようにする。産業医と連携して送付内容を検討する。,,,,,相談・連携・復職,第6章 / 社内外との連携が必要な理由と方法,社内外資源との連携,
ichi-1105,体調の回復を確認しながら、無理のないペースで徐々に通常業務の水準に近づける。,○,段階的復帰の原則：①最初は短時間・軽作業②体調・適応状況を定期確認③無理のないペースで負荷を増加④2〜3か月を目安に通常業務へ移行。焦りは再発リスクを高める。,,,,,相談・連携・復職,第7章 / 心の健康問題で休業した労働者の職場復帰支援,心の健康問題をもつ復職者への支援の方法,
ichi-1106,復職後2週間で完全に通常業務に戻すことが標準的なスケジュールである。,×,段階的復帰の原則：①最初は短時間・軽作業②体調・適応状況を定期確認③無理のないペースで負荷を増加④2〜3か月を目安に通常業務へ移行。焦りは再発リスクを高める。,,,,,相談・連携・復職,第7章 / 心の健康問題で休業した労働者の職場復帰支援,心の健康問題をもつ復職者への支援の方法,
ichi-1107,業務負荷の増減は本人の申し出のみに基づいて決定する。,×,段階的復帰の原則：①最初は短時間・軽作業②体調・適応状況を定期確認③無理のないペースで負荷を増加④2〜3か月を目安に通常業務へ移行。焦りは再発リスクを高める。,,,,,相談・連携・復職,第7章 / 心の健康問題で休業した労働者の職場復帰支援,心の健康問題をもつ復職者への支援の方法,
ichi-1108,段階的な業務移行は復職者の自立心を損なうため、最初から通常業務で対応する。,×,段階的復帰の原則：①最初は短時間・軽作業②体調・適応状況を定期確認③無理のないペースで負荷を増加④2〜3か月を目安に通常業務へ移行。焦りは再発リスクを高める。,,,,,相談・連携・復職,第7章 / 心の健康問題で休業した労働者の職場復帰支援,心の健康問題をもつ復職者への支援の方法,
ichi-1109,傷病手当金は会社が支払うものである。,×,傷病手当金は健康保険（協会けんぽ・組合健保）から支給。業務外の疾病・負傷による休業時に給与の約2/3を最長1年6か月支給。会社の給与ではない。申請は本人・会社・医師の三者が書類作成。,,,,,相談・連携・復職,第7章 / 治療しながら働き続けるための支援,心の健康問題をもつ復職者への支援の方法,
ichi-1110,傷病手当金は健康保険から支給され、業務外の病気・けがによる休業中に支払われる給与の約3分の2相当額が最長1年6か月支給される。,○,傷病手当金は健康保険（協会けんぽ・組合健保）から支給。業務外の疾病・負傷による休業時に給与の約2/3を最長1年6か月支給。会社の給与ではない。申請は本人・会社・医師の三者が書類作成。,,,,,相談・連携・復職,第7章 / 治療しながら働き続けるための支援,心の健康問題をもつ復職者への支援の方法,
ichi-1111,傷病手当金を受け取ると、復職後の給与が減額される。,×,傷病手当金は健康保険（協会けんぽ・組合健保）から支給。業務外の疾病・負傷による休業時に給与の約2/3を最長1年6か月支給。会社の給与ではない。申請は本人・会社・医師の三者が書類作成。,,,,,相談・連携・復職,第7章 / 治療しながら働き続けるための支援,心の健康問題をもつ復職者への支援の方法,
ichi-1112,傷病手当金の申請は医師のみが行える。,×,傷病手当金は健康保険（協会けんぽ・組合健保）から支給。業務外の疾病・負傷による休業時に給与の約2/3を最長1年6か月支給。会社の給与ではない。申請は本人・会社・医師の三者が書類作成。,,,,,相談・連携・復職,第7章 / 治療しながら働き続けるための支援,心の健康問題をもつ復職者への支援の方法,
ichi-1113,「最終的な職場復帰の決定」（第4ステップ）で確認すべき事項として、「復職者の家族構成と経済状況」という記述は正しい。,×,第4ステップ（最終的な職場復帰決定）：産業医意見書・復職支援プラン・就業上の配慮（時短・業務制限等）・フォローアップ体制を事業者が確認・決定する。形式的な決定でなく内容を十分に確認する。,,,,,相談・連携・復職,第7章 / 職場復帰の流れ：ステップ４・５とプライバシー保護,心の健康問題をもつ復職者への支援の方法,
ichi-1114,「最終的な職場復帰の決定」（第4ステップ）で確認すべき事項として、「産業医の意見・復職支援プランの内容・就業上の配慮事項・フォローアップ体制の確認」という記述は正しい。,○,第4ステップ（最終的な職場復帰決定）：産業医意見書・復職支援プラン・就業上の配慮（時短・業務制限等）・フォローアップ体制を事業者が確認・決定する。形式的な決定でなく内容を十分に確認する。,,,,,相談・連携・復職,第7章 / 職場復帰の流れ：ステップ４・５とプライバシー保護,心の健康問題をもつ復職者への支援の方法,
ichi-1115,「最終的な職場復帰の決定」（第4ステップ）で確認すべき事項として、「復職者の過去の職場でのトラブル歴」という記述は正しい。,×,第4ステップ（最終的な職場復帰決定）：産業医意見書・復職支援プラン・就業上の配慮（時短・業務制限等）・フォローアップ体制を事業者が確認・決定する。形式的な決定でなく内容を十分に確認する。,,,,,相談・連携・復職,第7章 / 職場復帰の流れ：ステップ４・５とプライバシー保護,心の健康問題をもつ復職者への支援の方法,
ichi-1116,「最終的な職場復帰の決定」（第4ステップ）で確認すべき事項として、「復職後の昇給・昇格スケジュール」という記述は正しい。,×,第4ステップ（最終的な職場復帰決定）：産業医意見書・復職支援プラン・就業上の配慮（時短・業務制限等）・フォローアップ体制を事業者が確認・決定する。形式的な決定でなく内容を十分に確認する。,,,,,相談・連携・復職,第7章 / 職場復帰の流れ：ステップ４・５とプライバシー保護,心の健康問題をもつ復職者への支援の方法,
ichi-1117,同僚全員に病名・治療内容を詳しく説明し、特別な配慮を求める。,×,同僚への説明は本人の意向確認が前提。病名等の詳細は不要で「療養から戻った」「サポートをお願いしたい」等の最小限の情報を伝える。過剰な情報は偏見・噂の原因になりうる。,,,,,相談・連携・復職,第7章 / 職場復帰支援で気をつけること,心の健康問題をもつ復職者への支援の方法,
ichi-1118,本人の意向を確認したうえで、「体調が回復して戻ってきた」等の必要最小限の説明にとどめる。,○,同僚への説明は本人の意向確認が前提。病名等の詳細は不要で「療養から戻った」「サポートをお願いしたい」等の最小限の情報を伝える。過剰な情報は偏見・噂の原因になりうる。,,,,,相談・連携・復職,第7章 / 職場復帰支援で気をつけること,心の健康問題をもつ復職者への支援の方法,
ichi-1119,復職者についての説明は一切行わず、何も知らせない。,×,同僚への説明は本人の意向確認が前提。病名等の詳細は不要で「療養から戻った」「サポートをお願いしたい」等の最小限の情報を伝える。過剰な情報は偏見・噂の原因になりうる。,,,,,相談・連携・復職,第7章 / 職場復帰支援で気をつけること,心の健康問題をもつ復職者への支援の方法,
ichi-1120,人事部門が一方的に説明文書を配付する。,×,同僚への説明は本人の意向確認が前提。病名等の詳細は不要で「療養から戻った」「サポートをお願いしたい」等の最小限の情報を伝える。過剰な情報は偏見・噂の原因になりうる。,,,,,相談・連携・復職,第7章 / 職場復帰支援で気をつけること,心の健康問題をもつ復職者への支援の方法,
ichi-1121,過労死等防止啓発月間は1月である。,×,過労死等防止啓発月間は毎年11月。この期間にシンポジウム・相談窓口の周知等が集中的に行われる。過労死等防止対策推進法（2014年）に基づく取り組み。,,,,,基礎・役割,第1章 / 働く人のストレス,メンタルヘルスケアの意義と管理監督者の役割,
ichi-1122,過労死等防止啓発月間は6月である。,×,過労死等防止啓発月間は毎年11月。この期間にシンポジウム・相談窓口の周知等が集中的に行われる。過労死等防止対策推進法（2014年）に基づく取り組み。,,,,,基礎・役割,第1章 / 働く人のストレス,メンタルヘルスケアの意義と管理監督者の役割,
ichi-1123,過労死等防止啓発月間は11月である。,○,過労死等防止啓発月間は毎年11月。この期間にシンポジウム・相談窓口の周知等が集中的に行われる。過労死等防止対策推進法（2014年）に基づく取り組み。,,,,,基礎・役割,第1章 / 働く人のストレス,メンタルヘルスケアの意義と管理監督者の役割,
ichi-1124,過労死等防止啓発月間は3月である。,×,過労死等防止啓発月間は毎年11月。この期間にシンポジウム・相談窓口の周知等が集中的に行われる。過労死等防止対策推進法（2014年）に基づく取り組み。,,,,,基礎・役割,第1章 / 働く人のストレス,メンタルヘルスケアの意義と管理監督者の役割,
ichi-1125,自分のストレス状態を客観的に把握し、ストレスへの対処法を身につける。,○,セルフケアの内容：自身のストレスへの気づき・自己管理・ストレス対処法の習得・相談行動・受診行動等。診断・治療・他者のケアはセルフケアではなく専門家や管理監督者の役割。,,,,,基礎・役割,第1章 / メンタルヘルスケアの考え方と進め方,メンタルヘルスケアの意義と管理監督者の役割,
ichi-1126,部下のメンタルヘルス不調を診断する。,×,セルフケアの内容：自身のストレスへの気づき・自己管理・ストレス対処法の習得・相談行動・受診行動等。診断・治療・他者のケアはセルフケアではなく専門家や管理監督者の役割。,,,,,基礎・役割,第1章 / メンタルヘルスケアの考え方と進め方,メンタルヘルスケアの意義と管理監督者の役割,
ichi-1127,職場環境の問題を一人で解決する。,×,セルフケアの内容：自身のストレスへの気づき・自己管理・ストレス対処法の習得・相談行動・受診行動等。診断・治療・他者のケアはセルフケアではなく専門家や管理監督者の役割。,,,,,基礎・役割,第1章 / メンタルヘルスケアの考え方と進め方,メンタルヘルスケアの意義と管理監督者の役割,
ichi-1128,産業医の代わりに健康相談を担当する。,×,セルフケアの内容：自身のストレスへの気づき・自己管理・ストレス対処法の習得・相談行動・受診行動等。診断・治療・他者のケアはセルフケアではなく専門家や管理監督者の役割。,,,,,基礎・役割,第1章 / メンタルヘルスケアの考え方と進め方,メンタルヘルスケアの意義と管理監督者の役割,
ichi-1129,仕事への意欲が高い人には起こらない。,×,バーンアウト（Maslach）の3要素：①情緒的消耗感（エネルギー枯渇）②脱人格化（人に無関心・冷淡化）③個人的達成感の低下。熱意ある人が慢性ストレスで消耗した状態。,,,,,基礎・役割,第2章 / 産業ストレス,ストレスおよびメンタルヘルスに関する基礎知識,
ichi-1130,情緒的消耗感・脱人格化・個人的達成感の低下の3つが主要な症状とされる。,○,バーンアウト（Maslach）の3要素：①情緒的消耗感（エネルギー枯渇）②脱人格化（人に無関心・冷淡化）③個人的達成感の低下。熱意ある人が慢性ストレスで消耗した状態。,,,,,基礎・役割,第2章 / 産業ストレス,ストレスおよびメンタルヘルスに関する基礎知識,
ichi-1131,バーンアウトは一時的な疲労であり、1〜2日の休養で完全回復する。,×,バーンアウト（Maslach）の3要素：①情緒的消耗感（エネルギー枯渇）②脱人格化（人に無関心・冷淡化）③個人的達成感の低下。熱意ある人が慢性ストレスで消耗した状態。,,,,,基礎・役割,第2章 / 産業ストレス,ストレスおよびメンタルヘルスに関する基礎知識,
ichi-1132,バーンアウトは特定の職業にのみ見られる現象である。,×,バーンアウト（Maslach）の3要素：①情緒的消耗感（エネルギー枯渇）②脱人格化（人に無関心・冷淡化）③個人的達成感の低下。熱意ある人が慢性ストレスで消耗した状態。,,,,,基礎・役割,第2章 / 産業ストレス,ストレスおよびメンタルヘルスに関する基礎知識,
ichi-1133,「急性ストレス反応」として見られる身体的変化として、「心拍数の低下・血圧の低下・筋肉の弛緩」という記述は正しい。,×,急性ストレス（闘争・逃走反応）：交感神経活性化→心拍数・血圧上昇・アドレナリン・ノルアドレナリン分泌増加・筋肉への血流増加。消化機能は抑制、免疫は慢性期に低下する。,,,,,基礎・役割,第2章 / ストレスの基本概念と健康障害のしくみ,ストレスおよびメンタルヘルスに関する基礎知識,
ichi-1134,「急性ストレス反応」として見られる身体的変化として、「心拍数の上昇・血圧の上昇・アドレナリンの分泌増加」という記述は正しい。,○,急性ストレス（闘争・逃走反応）：交感神経活性化→心拍数・血圧上昇・アドレナリン・ノルアドレナリン分泌増加・筋肉への血流増加。消化機能は抑制、免疫は慢性期に低下する。,,,,,基礎・役割,第2章 / ストレスの基本概念と健康障害のしくみ,ストレスおよびメンタルヘルスに関する基礎知識,
ichi-1135,「急性ストレス反応」として見られる身体的変化として、「消化機能の亢進と食欲の増大」という記述は正しい。,×,急性ストレス（闘争・逃走反応）：交感神経活性化→心拍数・血圧上昇・アドレナリン・ノルアドレナリン分泌増加・筋肉への血流増加。消化機能は抑制、免疫は慢性期に低下する。,,,,,基礎・役割,第2章 / ストレスの基本概念と健康障害のしくみ,ストレスおよびメンタルヘルスに関する基礎知識,
ichi-1136,「急性ストレス反応」として見られる身体的変化として、「免疫機能の急激な向上」という記述は正しい。,×,急性ストレス（闘争・逃走反応）：交感神経活性化→心拍数・血圧上昇・アドレナリン・ノルアドレナリン分泌増加・筋肉への血流増加。消化機能は抑制、免疫は慢性期に低下する。,,,,,基礎・役割,第2章 / ストレスの基本概念と健康障害のしくみ,ストレスおよびメンタルヘルスに関する基礎知識,
ichi-1137,交替勤務・夜勤は身体的な問題のみであり、精神的健康への影響はない。,×,交替勤務・夜勤のリスク：概日リズム（サーカディアンリズム）の乱れ・慢性睡眠不足・家族・社会との時間のズレによる孤立感・消化器・循環器疾患リスクの増加。健康管理の特別な配慮が必要。,,,,,職場環境・配慮,第3章 / ストレスを生む職場環境の要因,職場環境等の評価および改善の方法,
ichi-1138,概日リズムの乱れ・睡眠障害・社会的孤立感がメンタルヘルスリスクとなりうる。,○,交替勤務・夜勤のリスク：概日リズム（サーカディアンリズム）の乱れ・慢性睡眠不足・家族・社会との時間のズレによる孤立感・消化器・循環器疾患リスクの増加。健康管理の特別な配慮が必要。,,,,,職場環境・配慮,第3章 / ストレスを生む職場環境の要因,職場環境等の評価および改善の方法,
ichi-1139,夜勤手当が支給されるため、夜勤者のストレスは少ない。,×,交替勤務・夜勤のリスク：概日リズム（サーカディアンリズム）の乱れ・慢性睡眠不足・家族・社会との時間のズレによる孤立感・消化器・循環器疾患リスクの増加。健康管理の特別な配慮が必要。,,,,,職場環境・配慮,第3章 / ストレスを生む職場環境の要因,職場環境等の評価および改善の方法,
ichi-1140,交替勤務はストレスを感じにくい働き方として推奨されている。,×,交替勤務・夜勤のリスク：概日リズム（サーカディアンリズム）の乱れ・慢性睡眠不足・家族・社会との時間のズレによる孤立感・消化器・循環器疾患リスクの増加。健康管理の特別な配慮が必要。,,,,,職場環境・配慮,第3章 / ストレスを生む職場環境の要因,職場環境等の評価および改善の方法,
ichi-1141,個人の精神疾患を診断する目的で使用する。,×,職業性ストレス簡易調査票の活用：ストレスチェック実施・個人へのフィードバック・集団分析による職場環境改善。診断ツールではなく予防・改善のためのスクリーニングツール。,,,,,職場環境・配慮,第3章 / ストレスの評価方法,職場環境等の評価および改善の方法,
ichi-1142,ストレスチェック制度の実施ツールとして、また集団分析を通じた職場環境改善の基礎データとして活用する。,○,職業性ストレス簡易調査票の活用：ストレスチェック実施・個人へのフィードバック・集団分析による職場環境改善。診断ツールではなく予防・改善のためのスクリーニングツール。,,,,,職場環境・配慮,第3章 / ストレスの評価方法,職場環境等の評価および改善の方法,
ichi-1143,労災認定の証拠書類として単独で使用する。,×,職業性ストレス簡易調査票の活用：ストレスチェック実施・個人へのフィードバック・集団分析による職場環境改善。診断ツールではなく予防・改善のためのスクリーニングツール。,,,,,職場環境・配慮,第3章 / ストレスの評価方法,職場環境等の評価および改善の方法,
ichi-1144,採用選考における性格評価ツールとして使用する。,×,職業性ストレス簡易調査票の活用：ストレスチェック実施・個人へのフィードバック・集団分析による職場環境改善。診断ツールではなく予防・改善のためのスクリーニングツール。,,,,,職場環境・配慮,第3章 / ストレスの評価方法,職場環境等の評価および改善の方法,
ichi-1145,新しい業務を担当して最初の1週間にミスが増えた。,×,不調のサインとしてのパフォーマンス低下は、以前できていたことができなくなる「変化」が重要。新業務・繁忙期・環境変化による一時的な低下との区別が必要。継続性・複数サインの組み合わせで判断。,,,,,職場環境・配慮,第4章 / 部下のストレスサインを見逃さない,個々の労働者への配慮,
ichi-1146,以前は問題なくこなせていた業務のミスが急増し、集中力・判断力の低下が目立つようになった。,○,不調のサインとしてのパフォーマンス低下は、以前できていたことができなくなる「変化」が重要。新業務・繁忙期・環境変化による一時的な低下との区別が必要。継続性・複数サインの組み合わせで判断。,,,,,職場環境・配慮,第4章 / 部下のストレスサインを見逃さない,個々の労働者への配慮,
ichi-1147,繁忙期に一時的に業務量が増え、対応が追いつかない状態が続いている。,×,不調のサインとしてのパフォーマンス低下は、以前できていたことができなくなる「変化」が重要。新業務・繁忙期・環境変化による一時的な低下との区別が必要。継続性・複数サインの組み合わせで判断。,,,,,職場環境・配慮,第4章 / 部下のストレスサインを見逃さない,個々の労働者への配慮,
ichi-1148,新任管理職として着任直後に業務の把握に時間がかかっている。,×,不調のサインとしてのパフォーマンス低下は、以前できていたことができなくなる「変化」が重要。新業務・繁忙期・環境変化による一時的な低下との区別が必要。継続性・複数サインの組み合わせで判断。,,,,,職場環境・配慮,第4章 / 部下のストレスサインを見逃さない,個々の労働者への配慮,
ichi-1149,漸進的筋弛緩法は特定の薬物を使用するリラクセーション法である。,×,漸進的筋弛緩法（Jacobson）：筋肉の緊張→弛緩の繰り返しにより身体全体のリラクセーションを誘導。薬不要・練習で習得可能・副作用なし。不安・緊張・不眠等に有効。職場でも活用できる。,,,,,職場環境・配慮,第4章 / ストレスへの対処方法,個々の労働者への配慮,
ichi-1150,身体の各部位の筋肉を意図的に緊張させてから弛緩させることで、全身のリラクセーションを図る技法である。,○,漸進的筋弛緩法（Jacobson）：筋肉の緊張→弛緩の繰り返しにより身体全体のリラクセーションを誘導。薬不要・練習で習得可能・副作用なし。不安・緊張・不眠等に有効。職場でも活用できる。,,,,,職場環境・配慮,第4章 / ストレスへの対処方法,個々の労働者への配慮,
ichi-1151,漸進的筋弛緩法は重篤な疾患のみに使用される医療処置である。,×,漸進的筋弛緩法（Jacobson）：筋肉の緊張→弛緩の繰り返しにより身体全体のリラクセーションを誘導。薬不要・練習で習得可能・副作用なし。不安・緊張・不眠等に有効。職場でも活用できる。,,,,,職場環境・配慮,第4章 / ストレスへの対処方法,個々の労働者への配慮,
ichi-1152,漸進的筋弛緩法は10秒以内に習得できる簡単な技法である。,×,漸進的筋弛緩法（Jacobson）：筋肉の緊張→弛緩の繰り返しにより身体全体のリラクセーションを誘導。薬不要・練習で習得可能・副作用なし。不安・緊張・不眠等に有効。職場でも活用できる。,,,,,職場環境・配慮,第4章 / ストレスへの対処方法,個々の労働者への配慮,
ichi-1153,「早く話してください、時間がありません」と急かす。,×,ためらいへの対応：受容・安心感の提供が基本。急かし・追及・打ち切りはすべて逆効果。「話したいときに話せばよい」という姿勢を示すことで、徐々に心を開いてもらえる関係性を育む。,,,,,相談・連携・復職,第5章 / 相談を受ける際の基本姿勢,労働者からの相談への対応（話の聴き方、情報提供および助言の方法等）,
ichi-1154,「無理に話さなくていいですよ、ゆっくりで大丈夫です」と声をかけ、安心感を与える。,○,ためらいへの対応：受容・安心感の提供が基本。急かし・追及・打ち切りはすべて逆効果。「話したいときに話せばよい」という姿勢を示すことで、徐々に心を開いてもらえる関係性を育む。,,,,,相談・連携・復職,第5章 / 相談を受ける際の基本姿勢,労働者からの相談への対応（話の聴き方、情報提供および助言の方法等）,
ichi-1155,話をしないなら面談を打ち切る。,×,ためらいへの対応：受容・安心感の提供が基本。急かし・追及・打ち切りはすべて逆効果。「話したいときに話せばよい」という姿勢を示すことで、徐々に心を開いてもらえる関係性を育む。,,,,,相談・連携・復職,第5章 / 相談を受ける際の基本姿勢,労働者からの相談への対応（話の聴き方、情報提供および助言の方法等）,
ichi-1156,「何を隠しているのですか」と追及する。,×,ためらいへの対応：受容・安心感の提供が基本。急かし・追及・打ち切りはすべて逆効果。「話したいときに話せばよい」という姿勢を示すことで、徐々に心を開いてもらえる関係性を育む。,,,,,相談・連携・復職,第5章 / 相談を受ける際の基本姿勢,労働者からの相談への対応（話の聴き方、情報提供および助言の方法等）,
ichi-1157,全員に毎週メンタルヘルスに関するアンケートを実施する。,×,見えにくさへの対策：日常的なコミュニケーション・関係性の構築・観察習慣が基盤。監視ではなく関心を持って関わる姿勢が、部下が話しやすい環境をつくり、早期発見につながる。,,,,,相談・連携・復職,第5章 / 不調の早期発見と見えにくさへの理解,労働者からの相談への対応（話の聴き方、情報提供および助言の方法等）,
ichi-1158,日頃から声かけ・観察・コミュニケーションを意識的に行い、相談しやすい関係性を構築する。,○,見えにくさへの対策：日常的なコミュニケーション・関係性の構築・観察習慣が基盤。監視ではなく関心を持って関わる姿勢が、部下が話しやすい環境をつくり、早期発見につながる。,,,,,相談・連携・復職,第5章 / 不調の早期発見と見えにくさへの理解,労働者からの相談への対応（話の聴き方、情報提供および助言の方法等）,
ichi-1159,見えにくいため管理監督者には対応が不可能であり、専門家に任せる。,×,見えにくさへの対策：日常的なコミュニケーション・関係性の構築・観察習慣が基盤。監視ではなく関心を持って関わる姿勢が、部下が話しやすい環境をつくり、早期発見につながる。,,,,,相談・連携・復職,第5章 / 不調の早期発見と見えにくさへの理解,労働者からの相談への対応（話の聴き方、情報提供および助言の方法等）,
ichi-1160,気になる部下を毎日監視し、行動を記録する。,×,見えにくさへの対策：日常的なコミュニケーション・関係性の構築・観察習慣が基盤。監視ではなく関心を持って関わる姿勢が、部下が話しやすい環境をつくり、早期発見につながる。,,,,,相談・連携・復職,第5章 / 不調の早期発見と見えにくさへの理解,労働者からの相談への対応（話の聴き方、情報提供および助言の方法等）,
ichi-1161,「産業保健スタッフとの連携」において管理監督者が提供できる情報として、「部下の家庭の詳細な状況と経済状態」という記述は正しい。,×,管理監督者が産業保健スタッフに提供する情報は事例性（職場での客観的変化）が中心。業務状況・勤怠・対人関係の変化等。私的情報・医療情報の取得・提供はプライバシー侵害となりうる。,,,,,相談・連携・復職,第6章 / 社内のサポート資源（産業保健スタッフ等）,社内外資源との連携,
ichi-1162,「産業保健スタッフとの連携」において管理監督者が提供できる情報として、「職場での具体的な業務状況・パフォーマンスの変化・勤怠状況等の事例性に関する情報」という記述は正しい。,○,管理監督者が産業保健スタッフに提供する情報は事例性（職場での客観的変化）が中心。業務状況・勤怠・対人関係の変化等。私的情報・医療情報の取得・提供はプライバシー侵害となりうる。,,,,,相談・連携・復職,第6章 / 社内のサポート資源（産業保健スタッフ等）,社内外資源との連携,
ichi-1163,「産業保健スタッフとの連携」において管理監督者が提供できる情報として、「部下の交友関係や私生活の詳細」という記述は正しい。,×,管理監督者が産業保健スタッフに提供する情報は事例性（職場での客観的変化）が中心。業務状況・勤怠・対人関係の変化等。私的情報・医療情報の取得・提供はプライバシー侵害となりうる。,,,,,相談・連携・復職,第6章 / 社内のサポート資源（産業保健スタッフ等）,社内外資源との連携,
ichi-1164,「産業保健スタッフとの連携」において管理監督者が提供できる情報として、「部下の過去の学歴・職歴の詳細」という記述は正しい。,×,管理監督者が産業保健スタッフに提供する情報は事例性（職場での客観的変化）が中心。業務状況・勤怠・対人関係の変化等。私的情報・医療情報の取得・提供はプライバシー侵害となりうる。,,,,,相談・連携・復職,第6章 / 社内のサポート資源（産業保健スタッフ等）,社内外資源との連携,
ichi-1165,自助グループは医師の指導のもとで行う医療行為の一種である。,×,自助グループ（当事者グループ）は同じ悩みを持つ人同士の相互支援の場。AA（アルコール）・断酒会・家族会等。孤立感の解消・当事者ならではの共感・回復のロールモデルとなる等の効果がある。,,,,,相談・連携・復職,第6章 / 社外のサポート資源,社内外資源との連携,
ichi-1166,同じ問題・経験を持つ仲間が集まり、経験の共有・相互支援・孤立感の解消を図るグループ活動である。,○,自助グループ（当事者グループ）は同じ悩みを持つ人同士の相互支援の場。AA（アルコール）・断酒会・家族会等。孤立感の解消・当事者ならではの共感・回復のロールモデルとなる等の効果がある。,,,,,相談・連携・復職,第6章 / 社外のサポート資源,社内外資源との連携,
ichi-1167,自助グループは専門的治療の代替として、医療機関の受診を不要にする。,×,自助グループ（当事者グループ）は同じ悩みを持つ人同士の相互支援の場。AA（アルコール）・断酒会・家族会等。孤立感の解消・当事者ならではの共感・回復のロールモデルとなる等の効果がある。,,,,,相談・連携・復職,第6章 / 社外のサポート資源,社内外資源との連携,
ichi-1168,自助グループは企業が義務的に設置しなければならないものである。,×,自助グループ（当事者グループ）は同じ悩みを持つ人同士の相互支援の場。AA（アルコール）・断酒会・家族会等。孤立感の解消・当事者ならではの共感・回復のロールモデルとなる等の効果がある。,,,,,相談・連携・復職,第6章 / 社外のサポート資源,社内外資源との連携,
ichi-1169,就業規則に定める休職期間の上限を超えた場合は、自動的に退職となるため職場復帰支援は不要になる。,×,休職期間の上限は就業規則で定めるもの（法律の一律規定なし）。期間満了は退職・解雇事由となりうるが、できる限り復職支援を続け、期間の延長も含めて検討することが望ましい。,,,,,相談・連携・復職,第7章 / 心の健康問題で休業した労働者の職場復帰支援,心の健康問題をもつ復職者への支援の方法,
ichi-1170,休職期間の上限に近づいた場合も、職場復帰の可能性を丁寧に検討し、可能な限り復職支援を継続することが望ましい。,○,休職期間の上限は就業規則で定めるもの（法律の一律規定なし）。期間満了は退職・解雇事由となりうるが、できる限り復職支援を続け、期間の延長も含めて検討することが望ましい。,,,,,相談・連携・復職,第7章 / 心の健康問題で休業した労働者の職場復帰支援,心の健康問題をもつ復職者への支援の方法,
ichi-1171,休職期間の上限は法律で一律に定められている。,×,休職期間の上限は就業規則で定めるもの（法律の一律規定なし）。期間満了は退職・解雇事由となりうるが、できる限り復職支援を続け、期間の延長も含めて検討することが望ましい。,,,,,相談・連携・復職,第7章 / 心の健康問題で休業した労働者の職場復帰支援,心の健康問題をもつ復職者への支援の方法,
ichi-1172,休職期間の上限を過ぎた場合、会社は直ちに解雇できる。,×,休職期間の上限は就業規則で定めるもの（法律の一律規定なし）。期間満了は退職・解雇事由となりうるが、できる限り復職支援を続け、期間の延長も含めて検討することが望ましい。,,,,,相談・連携・復職,第7章 / 心の健康問題で休業した労働者の職場復帰支援,心の健康問題をもつ復職者への支援の方法,
ichi-1173,「職場復帰可否の判断」（第3ステップ）で確認すべき事項として、「復職者の趣味と特技」という記述は正しい。,×,第3ステップでの確認事項：①病状の回復状況（主治医・産業医意見）②業務遂行能力（通勤・集中力・規則的生活等）③職場環境・支援体制の整備状況④就業上の配慮内容。総合的に復帰可否を判断。,,,,,相談・連携・復職,第7章 / 職場復帰の流れ：ステップ１〜３,心の健康問題をもつ復職者への支援の方法,
ichi-1174,「職場復帰可否の判断」（第3ステップ）で確認すべき事項として、「労働者の病状の回復度・業務遂行能力・職場環境の整備状況・支援体制の確認」という記述は正しい。,○,第3ステップでの確認事項：①病状の回復状況（主治医・産業医意見）②業務遂行能力（通勤・集中力・規則的生活等）③職場環境・支援体制の整備状況④就業上の配慮内容。総合的に復帰可否を判断。,,,,,相談・連携・復職,第7章 / 職場復帰の流れ：ステップ１〜３,心の健康問題をもつ復職者への支援の方法,
ichi-1175,「職場復帰可否の判断」（第3ステップ）で確認すべき事項として、「復職後の昇給額」という記述は正しい。,×,第3ステップでの確認事項：①病状の回復状況（主治医・産業医意見）②業務遂行能力（通勤・集中力・規則的生活等）③職場環境・支援体制の整備状況④就業上の配慮内容。総合的に復帰可否を判断。,,,,,相談・連携・復職,第7章 / 職場復帰の流れ：ステップ１〜３,心の健康問題をもつ復職者への支援の方法,
ichi-1176,「職場復帰可否の判断」（第3ステップ）で確認すべき事項として、「主治医の資格と経験年数」という記述は正しい。,×,第3ステップでの確認事項：①病状の回復状況（主治医・産業医意見）②業務遂行能力（通勤・集中力・規則的生活等）③職場環境・支援体制の整備状況④就業上の配慮内容。総合的に復帰可否を判断。,,,,,相談・連携・復職,第7章 / 職場復帰の流れ：ステップ１〜３,心の健康問題をもつ復職者への支援の方法,
ichi-1177,フォローアップ面談は年1回で十分である。,×,フォローアップ面談の頻度：復職直後は頻繁（週1〜2回）に行い、状態が安定してきたら月1回・2〜3か月に1回と徐々に間隔を広げる。状態の変化に応じて柔軟に調整することが重要。,,,,,相談・連携・復職,第7章 / 職場復帰の流れ：ステップ４・５とプライバシー保護,心の健康問題をもつ復職者への支援の方法,
ichi-1178,復職直後は高頻度（週1回等）で行い、安定してきたら間隔を広げるなど、状態に応じて柔軟に設定する。,○,フォローアップ面談の頻度：復職直後は頻繁（週1〜2回）に行い、状態が安定してきたら月1回・2〜3か月に1回と徐々に間隔を広げる。状態の変化に応じて柔軟に調整することが重要。,,,,,相談・連携・復職,第7章 / 職場復帰の流れ：ステップ４・５とプライバシー保護,心の健康問題をもつ復職者への支援の方法,
ichi-1179,フォローアップ面談は本人から申し出があった場合のみ実施する。,×,フォローアップ面談の頻度：復職直後は頻繁（週1〜2回）に行い、状態が安定してきたら月1回・2〜3か月に1回と徐々に間隔を広げる。状態の変化に応じて柔軟に調整することが重要。,,,,,相談・連携・復職,第7章 / 職場復帰の流れ：ステップ４・５とプライバシー保護,心の健康問題をもつ復職者への支援の方法,
ichi-1180,フォローアップ面談の頻度は人事部門が一律に決定する。,×,フォローアップ面談の頻度：復職直後は頻繁（週1〜2回）に行い、状態が安定してきたら月1回・2〜3か月に1回と徐々に間隔を広げる。状態の変化に応じて柔軟に調整することが重要。,,,,,相談・連携・復職,第7章 / 職場復帰の流れ：ステップ４・５とプライバシー保護,心の健康問題をもつ復職者への支援の方法,
ichi-1181,がん治療中は業務遂行が困難であるため、治療が終了するまで業務から外す。,×,がんの両立支援：治療スケジュールに合わせた柔軟な勤務調整（通院休暇・時短・テレワーク等）。病名公表は本人の意思に委ねる。業績評価は能力・成果に基づき行うが負荷軽減の配慮は行う。,,,,,相談・連携・復職,第7章 / 治療しながら働き続けるための支援,心の健康問題をもつ復職者への支援の方法,
ichi-1182,主治医・産業医と連携し、治療スケジュール・副作用の状況に応じた柔軟な勤務調整を行う。,○,がんの両立支援：治療スケジュールに合わせた柔軟な勤務調整（通院休暇・時短・テレワーク等）。病名公表は本人の意思に委ねる。業績評価は能力・成果に基づき行うが負荷軽減の配慮は行う。,,,,,相談・連携・復職,第7章 / 治療しながら働き続けるための支援,心の健康問題をもつ復職者への支援の方法,
ichi-1183,がん患者は職場に伝える義務があるため、必ず全員に病名を公表させる。,×,がんの両立支援：治療スケジュールに合わせた柔軟な勤務調整（通院休暇・時短・テレワーク等）。病名公表は本人の意思に委ねる。業績評価は能力・成果に基づき行うが負荷軽減の配慮は行う。,,,,,相談・連携・復職,第7章 / 治療しながら働き続けるための支援,心の健康問題をもつ復職者への支援の方法,
ichi-1184,がん治療中は業績評価の対象から完全に除外する。,×,がんの両立支援：治療スケジュールに合わせた柔軟な勤務調整（通院休暇・時短・テレワーク等）。病名公表は本人の意思に委ねる。業績評価は能力・成果に基づき行うが負荷軽減の配慮は行う。,,,,,相談・連携・復職,第7章 / 治療しながら働き続けるための支援,心の健康問題をもつ復職者への支援の方法,
ichi-1185,再発・再燃が確認された場合は、直ちに解雇の手続きを開始する。,×,再発・再燃時の対応：早期発見→プラン見直し→業務負荷の再調整→産業医相談→必要なら再休業。再発は失敗ではなく回復過程の一部として捉え、批判せず支援を継続することが重要。,,,,,相談・連携・復職,第7章 / 職場復帰支援で気をつけること,心の健康問題をもつ復職者への支援の方法,
ichi-1186,再発のサインを早期に察知し、職場復帰支援プランを見直しながら、必要に応じて休業を視野に入れた対応を産業医・人事と連携して行う。,○,再発・再燃時の対応：早期発見→プラン見直し→業務負荷の再調整→産業医相談→必要なら再休業。再発は失敗ではなく回復過程の一部として捉え、批判せず支援を継続することが重要。,,,,,相談・連携・復職,第7章 / 職場復帰支援で気をつけること,心の健康問題をもつ復職者への支援の方法,
ichi-1187,再発した場合は本人の意欲の問題であるため、職場は関与しない。,×,再発・再燃時の対応：早期発見→プラン見直し→業務負荷の再調整→産業医相談→必要なら再休業。再発は失敗ではなく回復過程の一部として捉え、批判せず支援を継続することが重要。,,,,,相談・連携・復職,第7章 / 職場復帰支援で気をつけること,心の健康問題をもつ復職者への支援の方法,
ichi-1188,再発・再燃は予防できないものであるため、起きてから対応すれば十分である。,×,再発・再燃時の対応：早期発見→プラン見直し→業務負荷の再調整→産業医相談→必要なら再休業。再発は失敗ではなく回復過程の一部として捉え、批判せず支援を継続することが重要。,,,,,相談・連携・復職,第7章 / 職場復帰支援で気をつけること,心の健康問題をもつ復職者への支援の方法,
ichi-1189,まず写真を撮って記録し、後で対応を検討する。,×,緊急事態対応：①119番救急要請②本人の安全確保（一人にしない）③上司・管理職・人事への報告④他の社員への影響配慮（二次被害防止）。迷わず救急・専門家に連絡することが最優先。,,,,,相談・連携・復職,第5章 / 危機対応,労働者からの相談への対応（話の聴き方、情報提供および助言の方法等）,
ichi-1190,119番（救急）への連絡・本人の安全確保・上司・人事への報告を速やかに行う。,○,緊急事態対応：①119番救急要請②本人の安全確保（一人にしない）③上司・管理職・人事への報告④他の社員への影響配慮（二次被害防止）。迷わず救急・専門家に連絡することが最優先。,,,,,相談・連携・復職,第5章 / 危機対応,労働者からの相談への対応（話の聴き方、情報提供および助言の方法等）,
ichi-1191,本人が「大丈夫」と言えば救急を呼ばなくてよい。,×,緊急事態対応：①119番救急要請②本人の安全確保（一人にしない）③上司・管理職・人事への報告④他の社員への影響配慮（二次被害防止）。迷わず救急・専門家に連絡することが最優先。,,,,,相談・連携・復職,第5章 / 危機対応,労働者からの相談への対応（話の聴き方、情報提供および助言の方法等）,
ichi-1192,他の社員への影響を考慮して、発見した事実を隠す。,×,緊急事態対応：①119番救急要請②本人の安全確保（一人にしない）③上司・管理職・人事への報告④他の社員への影響配慮（二次被害防止）。迷わず救急・専門家に連絡することが最優先。,,,,,相談・連携・復職,第5章 / 危機対応,労働者からの相談への対応（話の聴き方、情報提供および助言の方法等）,
ichi-1193,氏名・住所・電話番号は、要配慮個人情報に該当する。,×,要配慮個人情報（個人情報保護法2条3項）：人種・信条・社会的身分・病歴・犯罪歴・犯罪被害歴・障害・健康診断結果等。取得には原則本人同意が必要。氏名・住所は通常の個人情報。,,,,,職場環境・配慮,第4章 / 個人情報・プライバシーへの配慮,個々の労働者への配慮,
ichi-1194,病歴・障害・人種・犯罪歴等は、要配慮個人情報に該当する。,○,要配慮個人情報（個人情報保護法2条3項）：人種・信条・社会的身分・病歴・犯罪歴・犯罪被害歴・障害・健康診断結果等。取得には原則本人同意が必要。氏名・住所は通常の個人情報。,,,,,職場環境・配慮,第4章 / 個人情報・プライバシーへの配慮,個々の労働者への配慮,
ichi-1195,趣味・嗜好・ブログの内容は、要配慮個人情報に該当する。,×,要配慮個人情報（個人情報保護法2条3項）：人種・信条・社会的身分・病歴・犯罪歴・犯罪被害歴・障害・健康診断結果等。取得には原則本人同意が必要。氏名・住所は通常の個人情報。,,,,,職場環境・配慮,第4章 / 個人情報・プライバシーへの配慮,個々の労働者への配慮,
ichi-1196,職歴・学歴は、要配慮個人情報に該当する。,×,要配慮個人情報（個人情報保護法2条3項）：人種・信条・社会的身分・病歴・犯罪歴・犯罪被害歴・障害・健康診断結果等。取得には原則本人同意が必要。氏名・住所は通常の個人情報。,,,,,職場環境・配慮,第4章 / 個人情報・プライバシーへの配慮,個々の労働者への配慮,
ichi-1197,多職種が関わることで責任の所在が曖昧になるため、一人の専門家に集中させる方がよい。,×,多職種連携の意義：各専門職の強みを組み合わせた包括的支援。産業医（医学的判断）＋保健師（健康指導）＋カウンセラー（心理支援）＋人事（制度・環境）＋管理監督者（日常支援）の協働。,,,,,相談・連携・復職,第6章 / 社内外との連携が必要な理由と方法,社内外資源との連携,
ichi-1198,産業医・保健師・カウンセラー・人事・管理監督者がそれぞれの専門性・立場を活かして連携することで、より包括的で効果的な支援が可能になる。,○,多職種連携の意義：各専門職の強みを組み合わせた包括的支援。産業医（医学的判断）＋保健師（健康指導）＋カウンセラー（心理支援）＋人事（制度・環境）＋管理監督者（日常支援）の協働。,,,,,相談・連携・復職,第6章 / 社内外との連携が必要な理由と方法,社内外資源との連携,
ichi-1199,多職種連携は大企業にのみ実現可能であり、中小企業では不要である。,×,多職種連携の意義：各専門職の強みを組み合わせた包括的支援。産業医（医学的判断）＋保健師（健康指導）＋カウンセラー（心理支援）＋人事（制度・環境）＋管理監督者（日常支援）の協働。,,,,,相談・連携・復職,第6章 / 社内外との連携が必要な理由と方法,社内外資源との連携,
ichi-1200,多職種連携は個人情報の共有が必要なため、プライバシー保護の観点から避けるべきである。,×,多職種連携の意義：各専門職の強みを組み合わせた包括的支援。産業医（医学的判断）＋保健師（健康指導）＋カウンセラー（心理支援）＋人事（制度・環境）＋管理監督者（日常支援）の協働。,,,,,相談・連携・復職,第6章 / 社内外との連携が必要な理由と方法,社内外資源との連携,
