slug,title,category,tags,summary,confusion_point,pattern_rows,article_title,article_lead,exam_points,common_mistakes,memory_tip,related_terms,faq_1_question,faq_1_answer,faq_2_question,faq_2_answer,faq_3_question,faq_3_answer,faq_4_question,faq_4_answer
stress-kenkou-kon,35条説明と37条書面の取り違え,契約・実務,宅建業法;書面,契約前の説明と契約後の交付を逆に選ぶ典型パターンを整理します。,契約前後の順序,"[{""topic"": ""実施時期"", ""wrong"": ""37条書面は契約前に交付"", ""correct"": ""35条説明は契約前、37条書面は原則契約後5日以内"", ""trap"": ""説明と交付の順序""}, {""topic"": ""担当者"", ""wrong"": ""37条書面も宅建士が説明"", ""correct"": ""35条説明は宅建士、37条書面は交付義務"", ""trap"": ""説明義務と交付義務の混同""}, {""topic"": ""電磁的方法"", ""wrong"": ""口頭のみで可"", ""correct"": ""書面または電磁的方法で説明・交付"", ""trap"": ""口頭のみOKと誤認""}]",35条説明と37条書面の取り違え｜誤答パターン,35条と37条は「いつ・誰が・何を」がセット問題です。契約前後の順序を逆にすると不正解になりやすい定番パターンです。契約前の説明と契約後の交付を逆に選ぶ典型パターンを整理します。試験で押さえるべき点は、35条=契約前の説明、37条=契約後の交付、宅建士の関与範囲。,35条=契約前の説明;37条=契約後の交付;宅建士の関与範囲,35条と37条を同じタイミングだと思い込むと誤答,前に35・後に37と順序で覚える,36協定;4つのケア,35条と37条の違いは？,35条は契約前の重要事項説明、37条は契約後の書面交付が基本です。35条=契約前の説明。37条=契約後の交付。宅建士の関与範囲。前に35・後に37と順序で覚える。誤りやすいのは「35条と37条を同じタイミングだと思い込むと誤答」と捉えることです。,契約前に必要なのは？,重要事項説明（35条）です。35条=契約前の説明。37条=契約後の交付。宅建士の関与範囲。前に35・後に37と順序で覚える。誤りやすいのは「35条と37条を同じタイミングだと思い込むと誤答」と捉えることです。,37条書面のタイミングは？,原則契約後5日以内の交付です。35条=契約前の説明。37条=契約後の交付。宅建士の関与範囲。前に35・後に37と順序で覚える。誤りやすいのは「35条と37条を同じタイミングだと思い込むと誤答」と捉えることです。,よくある誤答は？,37条を契約前とする肢が定番の引っかけです。35条=契約前の説明。37条=契約後の交付。宅建士の関与範囲。前に35・後に37と順序で覚える。誤りやすいのは「35条と37条を同じタイミングだと思い込むと誤答」と捉えることです。
harassment-ruigetsu-kon,媒介と代理の混同,契約・実務,契約;宅建業法,双方代理禁止と表示義務の問題で媒介・代理を取り違えるパターン。,双方代理可否,"[{""topic"": ""契約の性質"", ""wrong"": ""媒介も双方代理できる"", ""correct"": ""代理は双方代理禁止、媒介は原則可能（表示等の要件）"", ""trap"": ""双方代理の可否""}, {""topic"": ""名義"", ""wrong"": ""媒介でも自分の名で契約"", ""correct"": ""媒介は媒介者の名義、代理は本人の名義"", ""trap"": ""名義の違い""}, {""topic"": ""報酬"", ""wrong"": ""代理は報酬なし"", ""correct"": ""契約類型と報酬は別。問題文の条件確認"", ""trap"": ""報酬の有無を固定観念で判断""}]",媒介と代理の混同｜誤答パターン,媒介は仲立ち、代理は本人の代わりに契約します。双方代理禁止は代理に関する典型肢です。双方代理禁止と表示義務の問題で媒介・代理を取り違えるパターン。試験で押さえるべき点は、代理は双方代理禁止、媒介は原則双方代理可、名義が異なる。,代理は双方代理禁止;媒介は原則双方代理可;名義が異なる,媒介と代理を同じとみなすと名義・効果で誤答,媒介=仲立ち・代理=代行と役割で整理,36協定;4つのケア,媒介と代理の違いは？,媒介は契約の仲立ち、代理は本人の代理人として契約します。代理は双方代理禁止。媒介は原則双方代理可。名義が異なる。媒介=仲立ち・代理=代行と役割で整理。誤りやすいのは「媒介と代理を同じとみなすと名義・効果で誤答」と捉えることです。,双方代理禁止は？,代理において原則禁止される制度です。代理は双方代理禁止。媒介は原則双方代理可。名義が異なる。媒介=仲立ち・代理=代行と役割で整理。誤りやすいのは「媒介と代理を同じとみなすと名義・効果で誤答」と捉えることです。,名義の違いは何ですか？,媒介は媒介者、代理は本人の名義で契約します。代理は双方代理禁止。媒介は原則双方代理可。名義が異なる。媒介=仲立ち・代理=代行と役割で整理。誤りやすいのは「媒介と代理を同じとみなすと名義・効果で誤答」と捉えることです。,試験の引っかけは？,双方代理可否を媒介・代理で逆にする肢です。代理は双方代理禁止。媒介は原則双方代理可。名義が異なる。媒介=仲立ち・代理=代行と役割で整理。誤りやすいのは「媒介と代理を同じとみなすと名義・効果で誤答」と捉えることです。
linecare-counseling-kon,地上権と土地賃借権,法令・制度,権利;借地借家,借地権の類型で地上権と賃借権を混同するパターン。,対価・物権性,"[{""topic"": ""対価"", ""wrong"": ""地上権も地代必須"", ""correct"": ""地上権は地代なしも可、賃借権は地代が本質"", ""trap"": ""地代の要否""}, {""topic"": ""物権・債権"", ""wrong"": ""土地賃借権も物権"", ""correct"": ""地上権は物権、土地賃借権は債権性"", ""trap"": ""物権性の有無""}, {""topic"": ""期間"", ""wrong"": ""地上権は1年超"", ""correct"": ""普通借地30年は地上権・賃借権双方に適用"", ""trap"": ""期間規定の適用範囲""}]",地上権と土地賃借権の混同｜誤答パターン,借地権は地上権と土地賃借権に大別されます。地代の要否と物権性の有無が定番の引っかけです。借地権の類型で地上権と賃借権を混同するパターン。試験で押さえるべき点は、地上権=物権、土地賃借権=債権、地代なし地上権あり。,地上権=物権;土地賃借権=債権;地代なし地上権あり,地上権にも必ず地代が要ると誤認,物権は地上権・債権性は土地賃借権と覚える,36協定;4つのケア,地上権と賃借権の違いは？,地上権は物権で地代なしも可、土地賃借権は債権性で地代が本質です。地上権=物権。土地賃借権=債権。地代なし地上権あり。物権は地上権・債権性は土地賃借権と覚える。誤りやすいのは「地上権にも必ず地代が要ると誤認」と捉えることです。,地代なしの借地権は？,地上権であれば地代なしも成立し得ます。地上権=物権。土地賃借権=債権。地代なし地上権あり。物権は地上権・債権性は土地賃借権と覚える。誤りやすいのは「地上権にも必ず地代が要ると誤認」と捉えることです。借地権の類型で地上権と賃借権を混同するパターン。,普通借地30年は？,地上権・土地賃借権双方に適用されます。地上権=物権。土地賃借権=債権。地代なし地上権あり。物権は地上権・債権性は土地賃借権と覚える。誤りやすいのは「地上権にも必ず地代が要ると誤認」と捉えることです。借地権の類型で地上権と賃借権を混同するパターン。,典型的な誤答例は何ですか？,土地賃借権を物権とする肢が典型です。地上権=物権。土地賃借権=債権。地代なし地上権あり。物権は地上権・債権性は土地賃借権と覚える。誤りやすいのは「地上権にも必ず地代が要ると誤認」と捉えることです。借地権の類型で地上権と賃借権を混同するパターン。
kyushoku-fukki-kon,先取特権の順位,法令・制度,担保;民法,一般先取・不動産先取・動産先取の順位を取り違えるパターン。,法定先取順位,"[{""topic"": ""不動産の順位"", ""wrong"": ""一般先取が不動産でも最優先"", ""correct"": ""不動産先取特権が不動産では最優先"", ""trap"": ""目的物ごとの順位""}, {""topic"": ""動産の順位"", ""wrong"": ""不動産先取が動産にも適用"", ""correct"": ""動産先取特権が動産では最優先"", ""trap"": ""不動産先取の適用対象""}, {""topic"": ""一般先取"", ""wrong"": ""常に第1順位"", ""correct"": ""一般先取は最後（他の先取の後）"", ""trap"": ""一般先取の位置づけ""}]",先取特権の順位｜誤答パターン,先取特権は目的物（不動産・動産）ごとに優先順位が変わります。一般先取が常に最優先ではありません。一般先取・不動産先取・動産先取の順位を取り違えるパターン。試験で押さえるべき点は、不動産=不動産先取、動産=動産先取、一般先取は最後。,不動産=不動産先取;動産=動産先取;一般先取は最後,一般先取を最優先と固定すると誤答,不動産は不動産先取・動産は動産先取・一般は最後,36協定;4つのケア,不動産の先取順位は？,不動産先取特権が最優先です。不動産=不動産先取。動産=動産先取。一般先取は最後。不動産は不動産先取・動産は動産先取・一般は最後。誤りやすいのは「一般先取を最優先と固定すると誤答」と捉えることです。一般先取・不動産先取・動産先取の順位を取り違えるパターン。,動産の先取順位は？,動産先取特権が最優先です。不動産=不動産先取。動産=動産先取。一般先取は最後。不動産は不動産先取・動産は動産先取・一般は最後。誤りやすいのは「一般先取を最優先と固定すると誤答」と捉えることです。一般先取・不動産先取・動産先取の順位を取り違えるパターン。,一般先取の位置は？,他の先取特権の後です。不動産=不動産先取。動産=動産先取。一般先取は最後。不動産は不動産先取・動産は動産先取・一般は最後。誤りやすいのは「一般先取を最優先と固定すると誤答」と捉えることです。一般先取・不動産先取・動産先取の順位を取り違えるパターン。,典型誤答は何ですか？,一般先取を常に第1順位とする肢です。不動産=不動産先取。動産=動産先取。一般先取は最後。不動産は不動産先取・動産は動産先取・一般は最後。誤りやすいのは「一般先取を最優先と固定すると誤答」と捉えることです。
sangyoui-counselor-kon,固定資産税と都市計画税,設備・その他,税;法令,標準税率や納税義務者を取り違えるパターン。,税率・義務者,"[{""topic"": ""税率（標準）"", ""wrong"": ""都市計画税1.4%"", ""correct"": ""固定資産税1.4%、都市計画税0.3%（標準）"", ""trap"": ""税率の入れ替え""}, {""topic"": ""納税義務者"", ""wrong"": ""借主が常に納税"", ""correct"": ""原則所有者が納税義務者"", ""trap"": ""契約上の負担と公法上の義務""}, {""topic"": ""課税標準"", ""wrong"": ""取引価格がそのまま課税標準"", ""correct"": ""固定資産税評価額等をベース"", ""trap"": ""評価額と取引価格""}]",固定資産税と都市計画税の混同｜誤答パターン,税率1.4%と0.3%の組み合わせ、納税義務者は所有者が定番です。取引価格と評価額も混同しやすい点です。標準税率や納税義務者を取り違えるパターン。試験で押さえるべき点は、固定1.4%・都市計画0.3%、納税義務者は所有者、評価額ベース。,固定1.4%・都市計画0.3%;納税義務者は所有者;評価額ベース,税率1.4%と0.3%を入れ替えて覚えると即不正解になります,固定1.4%・都市計画0.3%と税率をセットで覚える,36協定;4つのケア,標準税率は？,固定資産税1.4%、都市計画税0.3%が標準です。固定1.4%・都市計画0.3%。納税義務者は所有者。評価額ベース。誤りやすいのは「税率1.4%と0.3%を入れ替えて覚えると即不正解になります」と捉えることです。,納税義務者は誰ですか？,原則固定資産の所有者です。固定1.4%・都市計画0.3%。納税義務者は所有者。評価額ベース。誤りやすいのは「税率1.4%と0.3%を入れ替えて覚えると即不正解になります」と捉えることです。標準税率や納税義務者を取り違えるパターン。,借主負担特約は？,私法上の負担であり、公法上の義務者は別です。固定1.4%・都市計画0.3%。納税義務者は所有者。評価額ベース。誤りやすいのは「税率1.4%と0.3%を入れ替えて覚えると即不正解になります」と捉えることです。,典型的な誤答例は？,税率1.4%と0.3%を入れ替える肢です。固定1.4%・都市計画0.3%。納税義務者は所有者。評価額ベース。誤りやすいのは「税率1.4%と0.3%を入れ替えて覚えると即不正解になります」と捉えることです。
kanrishoku-sekinin-kon,クーリング・オフと手付解除,契約・実務,契約;解除,無条件解除と手付倍返しを混同するパターン。,解除の効果,"[{""topic"": ""クーリング・オフ"", ""wrong"": ""手付倍返しが必要"", ""correct"": ""書面で無条件解除可能（対象取引）"", ""trap"": ""対価返還の要否""}, {""topic"": ""手付解除"", ""wrong"": ""相手方の同意が必要"", ""correct"": ""手付放棄・倍返しで解除"", ""trap"": ""解除の要件""}, {""topic"": ""期間"", ""wrong"": ""手付解除も8日"", ""correct"": ""クーリング・オフは8日（対象取引）"", ""trap"": ""期間の適用""}]",クーリング・オフと手付解除の混同｜誤答パターン,クーリング・オフは無条件解除、手付解除は手付金を放棄または倍返しします。効果と期間を混同しないでください。無条件解除と手付倍返しを混同するパターン。試験で押さえるべき点は、クーリング・オフ=無条件、手付=倍返し、期間は制度ごとに異なる。,クーリング・オフ=無条件;手付=倍返し;期間は制度ごとに異なる,手付解除に倍返し不要と答えると誤答,無条件解除はCO・手付解除は倍返しと整理,36協定;4つのケア,クーリング・オフの効果は？,書面交付から一定期間、無条件に解除できます。クーリング・オフ=無条件。手付=倍返し。期間は制度ごとに異なる。無条件解除はCO・手付解除は倍返しと整理。誤りやすいのは「手付解除に倍返し不要と答えると誤答」と捉えることです。,手付解除の要件は？,手付金を放棄または倍返しで解除します。クーリング・オフ=無条件。手付=倍返し。期間は制度ごとに異なる。無条件解除はCO・手付解除は倍返しと整理。誤りやすいのは「手付解除に倍返し不要と答えると誤答」と捉えることです。,8日はどちらの制度？,クーリング・オフの典型期間です。クーリング・オフ=無条件。手付=倍返し。期間は制度ごとに異なる。無条件解除はCO・手付解除は倍返しと整理。誤りやすいのは「手付解除に倍返し不要と答えると誤答」と捉えることです。,典型的な誤答例は？,手付解除にも無条件解除を当てはめる肢です。クーリング・オフ=無条件。手付=倍返し。期間は制度ごとに異なる。無条件解除はCO・手付解除は倍返しと整理。誤りやすいのは「手付解除に倍返し不要と答えると誤答」と捉えることです。
mensetsu-gimu-kon,合格基準と出題範囲の取り違え,法令・制度,合格基準;出題範囲,「何を学ぶか」と「何点取ればよいか」を混同する典型パターンです。,両方とも要項に載るため、片方だけ確認して計画が偏る。,"[{""topic"": ""混同"", ""wrong"": ""テンプレの例示数字をそのまま本番の正として暗記"", ""correct"": ""試験要項・公式情報で年度ごとに確認"", ""trap"": ""プレースホルダー""}, {""topic"": ""情報源"", ""wrong"": ""非公式ブログだけで申込判断"", ""correct"": ""試験実施団体の公式情報を優先"", ""trap"": ""一次情報""}, {""topic"": ""学習"", ""wrong"": ""一問一答だけで総合演習を省略"", ""correct"": ""過去問・実践演習で時間配分も練習"", ""trap"": ""演習バランス""}]",【テンプレ】合格基準と出題範囲の誤答パターン,合格基準だけ見て範囲外学習をしたり、範囲だけ見て目標点設定を忘れたりするミスを整理します。「何を学ぶか」と「何点取ればよいか」を混同する典型パターンです。試験で押さえるべき点は、範囲＝学習対象、基準＝目標点、要項で同時確認。,範囲＝学習対象;基準＝目標点;要項で同時確認,合格点だけ暗記し範囲を無視;範囲だけ広げ基準点無視,「何を／何点」をセットで確認。,36協定;4つのケア,合格基準と出題範囲の取り違えとは何ですか？,「何を学ぶか」と「何点取ればよいか」を混同する典型パターンです。 テンプレートの学習導線例として掲載しています。範囲＝学習対象。基準＝目標点。要項で同時確認。「何を／何点」をセットで確認。誤りやすいのは「合格点だけ暗記し範囲を無視」と捉えることです。,テンプレートでの対策は？,比較表・数値早見・誤答タブを組み合わせ、公式情報で裏取りする流れを想定しています。範囲＝学習対象。基準＝目標点。要項で同時確認。「何を／何点」をセットで確認。誤りやすいのは「合格点だけ暗記し範囲を無視」と捉えることです。,本番サイトではどうなりますか？,各試験サイトで同型のハブを拡充し、試験固有の内容に差し替えます。範囲＝学習対象。基準＝目標点。要項で同時確認。「何を／何点」をセットで確認。誤りやすいのは「合格点だけ暗記し範囲を無視」と捉えることです。,関連ページは？,関連用語リンクから用語解説・比較表へ移動できます。範囲＝学習対象。基準＝目標点。要項で同時確認。「何を／何点」をセットで確認。誤りやすいのは「合格点だけ暗記し範囲を無視」と捉えることです。「何を学ぶか」と「何点取ればよいか」を混同する典型パターンです。
shokuba-fukki-kon,一問一答と実践演習の取り違え,契約・実務,一問一答;模擬試験,短時間点検と本番形式演習の目的を同一視する誤りです。,どちらも「演習」に見えるため、時間配分練習が不足しがち。,"[{""topic"": ""混同"", ""wrong"": ""テンプレの例示数字をそのまま本番の正として暗記"", ""correct"": ""試験要項・公式情報で年度ごとに確認"", ""trap"": ""プレースホルダー""}, {""topic"": ""情報源"", ""wrong"": ""非公式ブログだけで申込判断"", ""correct"": ""試験実施団体の公式情報を優先"", ""trap"": ""一次情報""}, {""topic"": ""学習"", ""wrong"": ""一問一答だけで総合演習を省略"", ""correct"": ""過去問・実践演習で時間配分も練習"", ""trap"": ""演習バランス""}]",【テンプレ】一問一答と実践演習の誤答パターン,一問一答は知識の点検、実践演習は総合力・時間配分の訓練です。テンプレートの3モード構成の理解用です。短時間点検と本番形式演習の目的を同一視する誤りです。試験で押さえるべき点は、点検＝一問一答、総合＝実践、過去問は論点把握。,点検＝一問一答;総合＝実践;過去問は論点把握,一問一答のみで足りる;実践演習を初期から偏重,「点検→論点→総合」の順。,36協定;4つのケア,一問一答と実践演習の取り違えとは何ですか？,短時間点検と本番形式演習の目的を同一視する誤りです。 テンプレートの学習導線例として掲載しています。点検＝一問一答。総合＝実践。過去問は論点把握。「点検→論点→総合」の順。誤りやすいのは「一問一答のみで足りる」と捉えることです。,テンプレートでの対策は？,比較表・数値早見・誤答タブを組み合わせ、公式情報で裏取りする流れを想定しています。点検＝一問一答。総合＝実践。過去問は論点把握。「点検→論点→総合」の順。誤りやすいのは「一問一答のみで足りる」と捉えることです。,本番サイトではどうなりますか？,各試験サイトで同型のハブを拡充し、試験固有の内容に差し替えます。点検＝一問一答。総合＝実践。過去問は論点把握。「点検→論点→総合」の順。誤りやすいのは「一問一答のみで足りる」と捉えることです。短時間点検と本番形式演習の目的を同一視する誤りです。,関連ページは？,関連用語リンクから用語解説・比較表へ移動できます。点検＝一問一答。総合＝実践。過去問は論点把握。「点検→論点→総合」の順。誤りやすいのは「一問一答のみで足りる」と捉えることです。短時間点検と本番形式演習の目的を同一視する誤りです。
mental-teigi-kon,用語解説だけで比較表を読まない,設備・その他,用語解説;比較表,定義は分かったが差分表を見ず、類似語の引っかけに弱くなるパターンです。,用語ページだけ巡回し、比較表タブを使わない。,"[{""topic"": ""混同"", ""wrong"": ""テンプレの例示数字をそのまま本番の正として暗記"", ""correct"": ""試験要項・公式情報で年度ごとに確認"", ""trap"": ""プレースホルダー""}, {""topic"": ""情報源"", ""wrong"": ""非公式ブログだけで申込判断"", ""correct"": ""試験実施団体の公式情報を優先"", ""trap"": ""一次情報""}, {""topic"": ""学習"", ""wrong"": ""一問一答だけで総合演習を省略"", ""correct"": ""過去問・実践演習で時間配分も練習"", ""trap"": ""演習バランス""}]",【テンプレ】用語と比較表の使い分けミス,用語解説で意味を押さえたあと、比較表で差分を確認する流れがテンプレートの想定学習経路です。定義は分かったが差分表を見ず、類似語の引っかけに弱くなるパターンです。試験で押さえるべき点は、意味＝用語、差分＝比較、往復で定着。,意味＝用語;差分＝比較;往復で定着,用語だけで完結;比較表を見ない,用語のあと比較表へ。,36協定;4つのケア,用語解説だけで比較表を読まないとは何ですか？,定義は分かったが差分表を見ず、類似語の引っかけに弱くなるパターンです。 テンプレートの学習導線例として掲載しています。意味＝用語。差分＝比較。往復で定着。用語のあと比較表へ。誤りやすいのは「用語だけで完結」と捉えることです。,テンプレートでの対策は？,比較表・数値早見・誤答タブを組み合わせ、公式情報で裏取りする流れを想定しています。意味＝用語。差分＝比較。往復で定着。用語のあと比較表へ。誤りやすいのは「用語だけで完結」と捉えることです。定義は分かったが差分表を見ず、類似語の引っかけに弱くなるパターンです。,本番サイトではどうなりますか？,各試験サイトで同型のハブを拡充し、試験固有の内容に差し替えます。意味＝用語。差分＝比較。往復で定着。用語のあと比較表へ。誤りやすいのは「用語だけで完結」と捉えることです。定義は分かったが差分表を見ず、類似語の引っかけに弱くなるパターンです。,関連ページは？,関連用語リンクから用語解説・比較表へ移動できます。意味＝用語。差分＝比較。往復で定着。用語のあと比較表へ。誤りやすいのは「用語だけで完結」と捉えることです。定義は分かったが差分表を見ず、類似語の引っかけに弱くなるパターンです。
goukaku-kamoku-kon,試験要項以外だけで申込判断,法令・制度,試験要項;公式情報,SNSや古い記事だけで受験資格・日程を判断する誤りです。,要項の年度更新を見落とす。,"[{""topic"": ""混同"", ""wrong"": ""テンプレの例示数字をそのまま本番の正として暗記"", ""correct"": ""試験要項・公式情報で年度ごとに確認"", ""trap"": ""プレースホルダー""}, {""topic"": ""情報源"", ""wrong"": ""非公式ブログだけで申込判断"", ""correct"": ""試験実施団体の公式情報を優先"", ""trap"": ""一次情報""}, {""topic"": ""学習"", ""wrong"": ""一問一答だけで総合演習を省略"", ""correct"": ""過去問・実践演習で時間配分も練習"", ""trap"": ""演習バランス""}]",【テンプレ】公式情報優先の誤答パターン,非公式情報と食い違う場合は試験実施団体の公式情報を優先してください。テンプレートのフッター注意書きと同じ原則です。SNSや古い記事だけで受験資格・日程を判断する誤りです。試験で押さえるべき点は、要項は年度更新、公式優先、申込前再確認。,要項は年度更新;公式優先;申込前再確認,古い要項;非公式のみ;更新見落とし,申込前に要項の最新版。,36協定;4つのケア,試験要項以外だけで申込判断とは何ですか？,SNSや古い記事だけで受験資格・日程を判断する誤りです。 テンプレートの学習導線例として掲載しています。要項は年度更新。公式優先。申込前再確認。申込前に要項の最新版。誤りやすいのは「古い要項」と捉えることです。,テンプレートでの対策は？,比較表・数値早見・誤答タブを組み合わせ、公式情報で裏取りする流れを想定しています。要項は年度更新。公式優先。申込前再確認。申込前に要項の最新版。誤りやすいのは「古い要項」と捉えることです。SNSや古い記事だけで受験資格・日程を判断する誤りです。,本番サイトではどうなりますか？,各試験サイトで同型のハブを拡充し、試験固有の内容に差し替えます。要項は年度更新。公式優先。申込前再確認。申込前に要項の最新版。誤りやすいのは「古い要項」と捉えることです。SNSや古い記事だけで受験資格・日程を判断する誤りです。,関連ページは？,関連用語リンクから用語解説・比較表へ移動できます。要項は年度更新。公式優先。申込前再確認。申込前に要項の最新版。誤りやすいのは「古い要項」と捉えることです。SNSや古い記事だけで受験資格・日程を判断する誤りです。
s31-kon-stress-mensetsu,ストレス制度と面接制度の混同,職場環境・配慮,メンタルヘルスII種;;誤答,ストレス制度と面接制度の混同で発生する典型誤答を4パターンで整理します。,制度名が似ているため条件文の読み飛ばしが起きやすい。,"[{""topic"": ""制度判定"", ""wrong"": ""名称だけで判断"", ""correct"": ""主体と目的を併読"", ""trap"": ""類似語の入替え""}, {""topic"": ""数値判定"", ""wrong"": ""数字だけ比較"", ""correct"": ""条件文まで確認"", ""trap"": ""近似値の誤誘導""}, {""topic"": ""手順判定"", ""wrong"": ""時系列を逆に読む"", ""correct"": ""発生前後を区別"", ""trap"": ""手順語の見落とし""}, {""topic"": ""情報管理"", ""wrong"": ""共有範囲を拡大"", ""correct"": ""必要最小限で運用"", ""trap"": ""配慮不足の誤答""}]",ストレス制度と面接制度の混同｜メンタルヘルスII種,誤答は知識不足だけでなく、読み方の癖でも発生します。どの型で間違えたかを分類して復習すると、短期間でも改善の再現性が高まります。,誤答型を分類する;原因を1行で記録;同型問題を連続再演習する,誤答理由を残さない;同じ型を放置する;制度差を確認しない,「何を読み落としたか」を毎回書く。,ストレスチェック;面接指導;長時間労働,「ストレス制度と面接制度の混同」の試験での位置づけは？,誤答は知識不足だけでなく、読み方の癖でも発生します。どの型で間違えたかを分類して復習すると、短期間でも改善の再現性が高まります。 試験では誤答型を分類するを軸に、関連条文・数値・主体の取り違えを照合してください。,「ストレス制度と面接制度の混同」でよくある誤答パターンは？,誤答理由を残さない;同じ型を放置する;制度差を確認しない 誤答肢では原因を1行で記録の主語や条件が入れ替わることが多いので、比較表で整理してください。 過去問で正誤の型を分類し、試験要項で数値・期限を照合してください。,「ストレス制度と面接制度の混同」の覚え方・確認手順は？,「ストレス制度と面接制度の混同」では誤答型を分類するを軸に、条文・数値・主体の取り違えを比較表で整理してください。 典型誤答は誤答理由を残さない;同じ型を放置する;制度差を確認しない。 過去問では条件文の主語入れ替え肢に注意してください。,「ストレス制度と面接制度の混同」の公式情報はどこで確認しますか？,「ストレス制度と面接制度の混同」では誤答型を分類するを軸に、条文・数値・主体の取り違えを比較表で整理してください。 典型誤答は誤答理由を残さない;同じ型を放置する;制度差を確認しない。 過去問では条件文の主語入れ替え肢に注意してください。
s31-kon-line-role,ラインケア主体の取り違え,基礎・役割,メンタルヘルスII種;;誤答,ラインケア主体の取り違えで発生する典型誤答を4パターンで整理します。,制度名が似ているため条件文の読み飛ばしが起きやすい。,"[{""topic"": ""制度判定"", ""wrong"": ""名称だけで判断"", ""correct"": ""主体と目的を併読"", ""trap"": ""類似語の入替え""}, {""topic"": ""数値判定"", ""wrong"": ""数字だけ比較"", ""correct"": ""条件文まで確認"", ""trap"": ""近似値の誤誘導""}, {""topic"": ""手順判定"", ""wrong"": ""時系列を逆に読む"", ""correct"": ""発生前後を区別"", ""trap"": ""手順語の見落とし""}, {""topic"": ""情報管理"", ""wrong"": ""共有範囲を拡大"", ""correct"": ""必要最小限で運用"", ""trap"": ""配慮不足の誤答""}]",ラインケア主体の取り違え｜メンタルヘルスII種,誤答は知識不足だけでなく、読み方の癖でも発生します。どの型で間違えたかを分類して復習すると、短期間でも改善の再現性が高まります。,誤答型を分類する;原因を1行で記録;同型問題を連続再演習する,誤答理由を残さない;同じ型を放置する;制度差を確認しない,「何を読み落としたか」を毎回書く。,メンタルヘルス不調の定義;管理監督者への教育研修・情報提供;人事労務管理スタッフ,「ラインケア主体の取り違え」の試験での位置づけは？,誤答は知識不足だけでなく、読み方の癖でも発生します。どの型で間違えたかを分類して復習すると、短期間でも改善の再現性が高まります。 試験では誤答型を分類するを軸に、関連条文・数値・主体の取り違えを照合してください。,「ラインケア主体の取り違え」でよくある誤答パターンは？,誤答理由を残さない;同じ型を放置する;制度差を確認しない 誤答肢では原因を1行で記録の主語や条件が入れ替わることが多いので、比較表で整理してください。 過去問で正誤の型を分類し、試験要項で数値・期限を照合してください。,「ラインケア主体の取り違え」の覚え方・確認手順は？,「ラインケア主体の取り違え」では誤答型を分類するを軸に、条文・数値・主体の取り違えを比較表で整理してください。 典型誤答は誤答理由を残さない;同じ型を放置する;制度差を確認しない。 過去問では条件文の主語入れ替え肢に注意してください。,「ラインケア主体の取り違え」の公式情報はどこで確認しますか？,「ラインケア主体の取り違え」では誤答型を分類するを軸に、条文・数値・主体の取り違えを比較表で整理してください。 典型誤答は誤答理由を残さない;同じ型を放置する;制度差を確認しない。 過去問では条件文の主語入れ替え肢に注意してください。
s31-kon-harassment-seido,ハラスメント制度名の混同,職場環境・配慮,メンタルヘルスII種;;誤答,ハラスメント制度名の混同で発生する典型誤答を4パターンで整理します。,制度名が似ているため条件文の読み飛ばしが起きやすい。,"[{""topic"": ""制度判定"", ""wrong"": ""名称だけで判断"", ""correct"": ""主体と目的を併読"", ""trap"": ""類似語の入替え""}, {""topic"": ""数値判定"", ""wrong"": ""数字だけ比較"", ""correct"": ""条件文まで確認"", ""trap"": ""近似値の誤誘導""}, {""topic"": ""手順判定"", ""wrong"": ""時系列を逆に読む"", ""correct"": ""発生前後を区別"", ""trap"": ""手順語の見落とし""}, {""topic"": ""情報管理"", ""wrong"": ""共有範囲を拡大"", ""correct"": ""必要最小限で運用"", ""trap"": ""配慮不足の誤答""}]",ハラスメント制度名の混同｜メンタルヘルスII種,誤答は知識不足だけでなく、読み方の癖でも発生します。どの型で間違えたかを分類して復習すると、短期間でも改善の再現性が高まります。,誤答型を分類する;原因を1行で記録;同型問題を連続再演習する,誤答理由を残さない;同じ型を放置する;制度差を確認しない,「何を読み落としたか」を毎回書く。,ストレスチェック;面接指導;長時間労働,「ハラスメント制度名の混同」の試験での位置づけは？,誤答は知識不足だけでなく、読み方の癖でも発生します。どの型で間違えたかを分類して復習すると、短期間でも改善の再現性が高まります。 試験では誤答型を分類するを軸に、関連条文・数値・主体の取り違えを照合してください。,「ハラスメント制度名の混同」でよくある誤答パターンは？,誤答理由を残さない;同じ型を放置する;制度差を確認しない 誤答肢では原因を1行で記録の主語や条件が入れ替わることが多いので、比較表で整理してください。 過去問で正誤の型を分類し、試験要項で数値・期限を照合してください。,「ハラスメント制度名の混同」の覚え方・確認手順は？,「ハラスメント制度名の混同」では誤答型を分類するを軸に、条文・数値・主体の取り違えを比較表で整理してください。 典型誤答は誤答理由を残さない;同じ型を放置する;制度差を確認しない。 過去問では条件文の主語入れ替え肢に注意してください。,「ハラスメント制度名の混同」の公式情報はどこで確認しますか？,「ハラスメント制度名の混同」では誤答型を分類するを軸に、条文・数値・主体の取り違えを比較表で整理してください。 典型誤答は誤答理由を残さない;同じ型を放置する;制度差を確認しない。 過去問では条件文の主語入れ替え肢に注意してください。
s31-kon-fukki-step,復職ステップ順序の典型誤答,相談・連携・復職,メンタルヘルスII種;;誤答,復職ステップ順序の逆転で発生する典型誤答を4パターンで整理します。,制度名が似ているため条件文の読み飛ばしが起きやすい。,"[{""topic"": ""制度判定"", ""wrong"": ""名称だけで判断"", ""correct"": ""主体と目的を併読"", ""trap"": ""類似語の入替え"", ""nuance"": ""逆転""}, {""topic"": ""数値判定"", ""wrong"": ""数字だけ比較"", ""correct"": ""条件文まで確認"", ""trap"": ""近似値の誤誘導"", ""nuance"": ""逆転""}, {""topic"": ""手順判定"", ""wrong"": ""時系列を逆に読む"", ""correct"": ""発生前後を区別"", ""trap"": ""手順語の見落とし"", ""nuance"": ""逆転""}, {""topic"": ""情報管理"", ""wrong"": ""共有範囲を拡大"", ""correct"": ""必要最小限で運用"", ""trap"": ""配慮不足の誤答"", ""nuance"": ""逆転""}, {""topic"": ""制度判定"", ""wrong"": ""名称だけで判断"", ""correct"": ""主体と目的を併読"", ""trap"": ""類似語の入替え"", ""nuance"": ""誤認""}, {""topic"": ""手順判定"", ""wrong"": ""時系列を逆に読む"", ""correct"": ""休職→復職の順を固定"", ""trap"": ""ステップの混同"", ""nuance"": ""誤認""}, {""topic"": ""数値判定"", ""wrong"": ""数字だけ比較"", ""correct"": ""条件文まで確認"", ""trap"": ""近似値の誤誘導"", ""nuance"": ""誤認""}, {""topic"": ""情報管理"", ""wrong"": ""共有範囲を拡大"", ""correct"": ""必要最小限で運用"", ""trap"": ""プライバシー誤答"", ""nuance"": ""誤認""}]",復職ステップ順序の逆転｜メンタルヘルスII種,誤答はプロセスと主体の読み落としが中心です。型を分類し、比較表へ戻って根拠を再確認してください。,誤答型を分類する;原因を1行で記録;同型問題を連続再演習する,誤答理由を残さない;同じ型を放置する;制度差を確認しない,「何を読み落としたか」を毎回書く。,休職;復職;段階的復職,「復職ステップ順序の逆転」の試験での位置づけは？,誤答は知識不足だけでなく、読み方の癖でも発生します。どの型で間違えたかを分類して復習すると、短期間でも改善の再現性が高まります。 試験では誤答型を分類するを軸に、関連条文・数値・主体の取り違えを照合してください。,「復職ステップ順序の逆転」でよくある誤答パターンは？,誤答理由を残さない;同じ型を放置する;制度差を確認しない 誤答肢では原因を1行で記録の主語や条件が入れ替わることが多いので、比較表で整理してください。 過去問で正誤の型を分類し、試験要項で数値・期限を照合してください。,「復職ステップ順序の逆転」の覚え方・確認手順は？,「復職ステップ順序の逆転」では誤答型を分類するを軸に、条文・数値・主体の取り違えを比較表で整理してください。 典型誤答は誤答理由を残さない;同じ型を放置する;制度差を確認しない。 過去問では条件文の主語入れ替え肢に注意してください。,「復職ステップ順序の逆転」の公式情報はどこで確認しますか？,「復職ステップ順序の逆転」では誤答型を分類するを軸に、条文・数値・主体の取り違えを比較表で整理してください。 典型誤答は誤答理由を残さない;同じ型を放置する;制度差を確認しない。 過去問では条件文の主語入れ替え肢に注意してください。
s31-kon-privacy-share,情報共有範囲の誤認,相談・連携・復職,メンタルヘルスII種;;誤答,情報共有範囲の誤認で発生する典型誤答を4パターンで整理します。,制度名が似ているため条件文の読み飛ばしが起きやすい。,"[{""topic"": ""制度判定"", ""wrong"": ""名称だけで判断"", ""correct"": ""主体と目的を併読"", ""trap"": ""類似語の入替え""}, {""topic"": ""数値判定"", ""wrong"": ""数字だけ比較"", ""correct"": ""条件文まで確認"", ""trap"": ""近似値の誤誘導""}, {""topic"": ""手順判定"", ""wrong"": ""時系列を逆に読む"", ""correct"": ""発生前後を区別"", ""trap"": ""手順語の見落とし""}, {""topic"": ""情報管理"", ""wrong"": ""共有範囲を拡大"", ""correct"": ""必要最小限で運用"", ""trap"": ""配慮不足の誤答""}]",情報共有範囲の誤認｜メンタルヘルスII種,誤答は知識不足だけでなく、読み方の癖でも発生します。どの型で間違えたかを分類して復習すると、短期間でも改善の再現性が高まります。,誤答型を分類する;原因を1行で記録;同型問題を連続再演習する,誤答理由を残さない;同じ型を放置する;制度差を確認しない,「何を読み落としたか」を毎回書く。,休職;復職;段階的復職,「情報共有範囲の誤認」の試験での位置づけは？,誤答は知識不足だけでなく、読み方の癖でも発生します。どの型で間違えたかを分類して復習すると、短期間でも改善の再現性が高まります。 試験では誤答型を分類するを軸に、関連条文・数値・主体の取り違えを照合してください。,「情報共有範囲の誤認」でよくある誤答パターンは？,誤答理由を残さない;同じ型を放置する;制度差を確認しない 誤答肢では原因を1行で記録の主語や条件が入れ替わることが多いので、比較表で整理してください。 過去問で正誤の型を分類し、試験要項で数値・期限を照合してください。,「情報共有範囲の誤認」の覚え方・確認手順は？,「情報共有範囲の誤認」では誤答型を分類するを軸に、条文・数値・主体の取り違えを比較表で整理してください。 典型誤答は誤答理由を残さない;同じ型を放置する;制度差を確認しない。 過去問では条件文の主語入れ替え肢に注意してください。,「情報共有範囲の誤認」の公式情報はどこで確認しますか？,「情報共有範囲の誤認」では誤答型を分類するを軸に、条文・数値・主体の取り違えを比較表で整理してください。 典型誤答は誤答理由を残さない;同じ型を放置する;制度差を確認しない。 過去問では条件文の主語入れ替え肢に注意してください。
s31-kon-kenshin-purpose,健診目的の取り違え,職場環境・配慮,メンタルヘルスII種;;誤答,健診目的の取り違えで発生する典型誤答を4パターンで整理します。,制度名が似ているため条件文の読み飛ばしが起きやすい。,"[{""topic"": ""制度判定"", ""wrong"": ""名称だけで判断"", ""correct"": ""主体と目的を併読"", ""trap"": ""類似語の入替え""}, {""topic"": ""数値判定"", ""wrong"": ""数字だけ比較"", ""correct"": ""条件文まで確認"", ""trap"": ""近似値の誤誘導""}, {""topic"": ""手順判定"", ""wrong"": ""時系列を逆に読む"", ""correct"": ""発生前後を区別"", ""trap"": ""手順語の見落とし""}, {""topic"": ""情報管理"", ""wrong"": ""共有範囲を拡大"", ""correct"": ""必要最小限で運用"", ""trap"": ""配慮不足の誤答""}]",健診目的の取り違え｜メンタルヘルスII種,誤答は知識不足だけでなく、読み方の癖でも発生します。どの型で間違えたかを分類して復習すると、短期間でも改善の再現性が高まります。,誤答型を分類する;原因を1行で記録;同型問題を連続再演習する,誤答理由を残さない;同じ型を放置する;制度差を確認しない,「何を読み落としたか」を毎回書く。,ストレスチェック;面接指導;長時間労働,「健診目的の取り違え」の試験での位置づけは？,誤答は知識不足だけでなく、読み方の癖でも発生します。どの型で間違えたかを分類して復習すると、短期間でも改善の再現性が高まります。 試験では誤答型を分類するを軸に、関連条文・数値・主体の取り違えを照合してください。,「健診目的の取り違え」でよくある誤答パターンは？,誤答理由を残さない;同じ型を放置する;制度差を確認しない 誤答肢では原因を1行で記録の主語や条件が入れ替わることが多いので、比較表で整理してください。 過去問で正誤の型を分類し、試験要項で数値・期限を照合してください。,「健診目的の取り違え」の覚え方・確認手順は？,「健診目的の取り違え」では誤答型を分類するを軸に、条文・数値・主体の取り違えを比較表で整理してください。 典型誤答は誤答理由を残さない;同じ型を放置する;制度差を確認しない。 過去問では条件文の主語入れ替え肢に注意してください。,「健診目的の取り違え」の公式情報はどこで確認しますか？,「健診目的の取り違え」では誤答型を分類するを軸に、条文・数値・主体の取り違えを比較表で整理してください。 典型誤答は誤答理由を残さない;同じ型を放置する;制度差を確認しない。 過去問では条件文の主語入れ替え肢に注意してください。
s31-kon-kenshu-hissu,管理監督者研修の任意誤認,基礎・役割,メンタルヘルスII種;;誤答,管理監督者研修の任意誤認で発生する典型誤答を4パターンで整理します。,制度名が似ているため条件文の読み飛ばしが起きやすい。,"[{""topic"": ""制度判定"", ""wrong"": ""名称だけで判断"", ""correct"": ""主体と目的を併読"", ""trap"": ""類似語の入替え""}, {""topic"": ""数値判定"", ""wrong"": ""数字だけ比較"", ""correct"": ""条件文まで確認"", ""trap"": ""近似値の誤誘導""}, {""topic"": ""手順判定"", ""wrong"": ""時系列を逆に読む"", ""correct"": ""発生前後を区別"", ""trap"": ""手順語の見落とし""}, {""topic"": ""情報管理"", ""wrong"": ""共有範囲を拡大"", ""correct"": ""必要最小限で運用"", ""trap"": ""配慮不足の誤答""}]",管理監督者研修の任意誤認｜メンタルヘルスII種,誤答は知識不足だけでなく、読み方の癖でも発生します。どの型で間違えたかを分類して復習すると、短期間でも改善の再現性が高まります。,誤答型を分類する;原因を1行で記録;同型問題を連続再演習する,誤答理由を残さない;同じ型を放置する;制度差を確認しない,「何を読み落としたか」を毎回書く。,メンタルヘルス不調の定義;管理監督者への教育研修・情報提供;人事労務管理スタッフ,「管理監督者研修の任意誤認」の試験での位置づけは？,誤答は知識不足だけでなく、読み方の癖でも発生します。どの型で間違えたかを分類して復習すると、短期間でも改善の再現性が高まります。 試験では誤答型を分類するを軸に、関連条文・数値・主体の取り違えを照合してください。,「管理監督者研修の任意誤認」でよくある誤答パターンは？,誤答理由を残さない;同じ型を放置する;制度差を確認しない 誤答肢では原因を1行で記録の主語や条件が入れ替わることが多いので、比較表で整理してください。 過去問で正誤の型を分類し、試験要項で数値・期限を照合してください。,「管理監督者研修の任意誤認」の覚え方・確認手順は？,「管理監督者研修の任意誤認」では誤答型を分類するを軸に、条文・数値・主体の取り違えを比較表で整理してください。 典型誤答は誤答理由を残さない;同じ型を放置する;制度差を確認しない。 過去問では条件文の主語入れ替え肢に注意してください。,「管理監督者研修の任意誤認」の公式情報はどこで確認しますか？,「管理監督者研修の任意誤認」では誤答型を分類するを軸に、条文・数値・主体の取り違えを比較表で整理してください。 典型誤答は誤答理由を残さない;同じ型を放置する;制度差を確認しない。 過去問では条件文の主語入れ替え肢に注意してください。
s31-kon-jinji-sangyoui,人事と産業医の役割逆転,相談・連携・復職,メンタルヘルスII種;;誤答,人事と産業医の役割逆転で発生する典型誤答を4パターンで整理します。,制度名が似ているため条件文の読み飛ばしが起きやすい。,"[{""topic"": ""制度判定"", ""wrong"": ""名称だけで判断"", ""correct"": ""主体と目的を併読"", ""trap"": ""類似語の入替え""}, {""topic"": ""数値判定"", ""wrong"": ""数字だけ比較"", ""correct"": ""条件文まで確認"", ""trap"": ""近似値の誤誘導""}, {""topic"": ""手順判定"", ""wrong"": ""時系列を逆に読む"", ""correct"": ""発生前後を区別"", ""trap"": ""手順語の見落とし""}, {""topic"": ""情報管理"", ""wrong"": ""共有範囲を拡大"", ""correct"": ""必要最小限で運用"", ""trap"": ""配慮不足の誤答""}]",人事と産業医の役割逆転｜メンタルヘルスII種,誤答は知識不足だけでなく、読み方の癖でも発生します。どの型で間違えたかを分類して復習すると、短期間でも改善の再現性が高まります。,誤答型を分類する;原因を1行で記録;同型問題を連続再演習する,誤答理由を残さない;同じ型を放置する;制度差を確認しない,「何を読み落としたか」を毎回書く。,休職;復職;段階的復職,「人事と産業医の役割逆転」の試験での位置づけは？,誤答は知識不足だけでなく、読み方の癖でも発生します。どの型で間違えたかを分類して復習すると、短期間でも改善の再現性が高まります。 試験では誤答型を分類するを軸に、関連条文・数値・主体の取り違えを照合してください。,「人事と産業医の役割逆転」でよくある誤答パターンは？,誤答理由を残さない;同じ型を放置する;制度差を確認しない 誤答肢では原因を1行で記録の主語や条件が入れ替わることが多いので、比較表で整理してください。 過去問で正誤の型を分類し、試験要項で数値・期限を照合してください。,「人事と産業医の役割逆転」の覚え方・確認手順は？,「人事と産業医の役割逆転」では誤答型を分類するを軸に、条文・数値・主体の取り違えを比較表で整理してください。 典型誤答は誤答理由を残さない;同じ型を放置する;制度差を確認しない。 過去問では条件文の主語入れ替え肢に注意してください。,「人事と産業医の役割逆転」の公式情報はどこで確認しますか？,「人事と産業医の役割逆転」では誤答型を分類するを軸に、条文・数値・主体の取り違えを比較表で整理してください。 典型誤答は誤答理由を残さない;同じ型を放置する;制度差を確認しない。 過去問では条件文の主語入れ替え肢に注意してください。
s31-kon-youkou-kyu,旧要項の数値流用,基礎・役割,メンタルヘルスII種;;誤答,旧要項の数値流用で発生する典型誤答を4パターンで整理します。,制度名が似ているため条件文の読み飛ばしが起きやすい。,"[{""topic"": ""制度判定"", ""wrong"": ""名称だけで判断"", ""correct"": ""主体と目的を併読"", ""trap"": ""類似語の入替え""}, {""topic"": ""数値判定"", ""wrong"": ""数字だけ比較"", ""correct"": ""条件文まで確認"", ""trap"": ""近似値の誤誘導""}, {""topic"": ""手順判定"", ""wrong"": ""時系列を逆に読む"", ""correct"": ""発生前後を区別"", ""trap"": ""手順語の見落とし""}, {""topic"": ""情報管理"", ""wrong"": ""共有範囲を拡大"", ""correct"": ""必要最小限で運用"", ""trap"": ""配慮不足の誤答""}]",旧要項の数値流用｜メンタルヘルスII種,誤答は知識不足だけでなく、読み方の癖でも発生します。どの型で間違えたかを分類して復習すると、短期間でも改善の再現性が高まります。,誤答型を分類する;原因を1行で記録;同型問題を連続再演習する,誤答理由を残さない;同じ型を放置する;制度差を確認しない,「何を読み落としたか」を毎回書く。,メンタルヘルス不調の定義;管理監督者への教育研修・情報提供;人事労務管理スタッフ,「旧要項の数値流用」の試験での位置づけは？,誤答は知識不足だけでなく、読み方の癖でも発生します。どの型で間違えたかを分類して復習すると、短期間でも改善の再現性が高まります。 試験では誤答型を分類するを軸に、関連条文・数値・主体の取り違えを照合してください。,「旧要項の数値流用」でよくある誤答パターンは？,誤答理由を残さない;同じ型を放置する;制度差を確認しない 誤答肢では原因を1行で記録の主語や条件が入れ替わることが多いので、比較表で整理してください。 過去問で正誤の型を分類し、試験要項で数値・期限を照合してください。,「旧要項の数値流用」の覚え方・確認手順は？,「旧要項の数値流用」では誤答型を分類するを軸に、条文・数値・主体の取り違えを比較表で整理してください。 典型誤答は誤答理由を残さない;同じ型を放置する;制度差を確認しない。 過去問では条件文の主語入れ替え肢に注意してください。,「旧要項の数値流用」の公式情報はどこで確認しますか？,「旧要項の数値流用」では誤答型を分類するを軸に、条文・数値・主体の取り違えを比較表で整理してください。 典型誤答は誤答理由を残さない;同じ型を放置する;制度差を確認しない。 過去問では条件文の主語入れ替え肢に注意してください。
s31-kon-goukaku-kijun,合格基準と範囲の混同,基礎・役割,メンタルヘルスII種;;誤答,合格基準と範囲の混同で発生する典型誤答を4パターンで整理します。,制度名が似ているため条件文の読み飛ばしが起きやすい。,"[{""topic"": ""制度判定"", ""wrong"": ""名称だけで判断"", ""correct"": ""主体と目的を併読"", ""trap"": ""類似語の入替え""}, {""topic"": ""数値判定"", ""wrong"": ""数字だけ比較"", ""correct"": ""条件文まで確認"", ""trap"": ""近似値の誤誘導""}, {""topic"": ""手順判定"", ""wrong"": ""時系列を逆に読む"", ""correct"": ""発生前後を区別"", ""trap"": ""手順語の見落とし""}, {""topic"": ""情報管理"", ""wrong"": ""共有範囲を拡大"", ""correct"": ""必要最小限で運用"", ""trap"": ""配慮不足の誤答""}]",合格基準と範囲の混同｜メンタルヘルスII種,誤答は知識不足だけでなく、読み方の癖でも発生します。どの型で間違えたかを分類して復習すると、短期間でも改善の再現性が高まります。,誤答型を分類する;原因を1行で記録;同型問題を連続再演習する,誤答理由を残さない;同じ型を放置する;制度差を確認しない,「何を読み落としたか」を毎回書く。,メンタルヘルス不調の定義;管理監督者への教育研修・情報提供;人事労務管理スタッフ,「合格基準と範囲の混同」の試験での位置づけは？,誤答は知識不足だけでなく、読み方の癖でも発生します。どの型で間違えたかを分類して復習すると、短期間でも改善の再現性が高まります。 試験では誤答型を分類するを軸に、関連条文・数値・主体の取り違えを照合してください。,「合格基準と範囲の混同」でよくある誤答パターンは？,誤答理由を残さない;同じ型を放置する;制度差を確認しない 誤答肢では原因を1行で記録の主語や条件が入れ替わることが多いので、比較表で整理してください。 過去問で正誤の型を分類し、試験要項で数値・期限を照合してください。,「合格基準と範囲の混同」の覚え方・確認手順は？,「合格基準と範囲の混同」では誤答型を分類するを軸に、条文・数値・主体の取り違えを比較表で整理してください。 典型誤答は誤答理由を残さない;同じ型を放置する;制度差を確認しない。 過去問では条件文の主語入れ替え肢に注意してください。,「合格基準と範囲の混同」の公式情報はどこで確認しますか？,「合格基準と範囲の混同」では誤答型を分類するを軸に、条文・数値・主体の取り違えを比較表で整理してください。 典型誤答は誤答理由を残さない;同じ型を放置する;制度差を確認しない。 過去問では条件文の主語入れ替え肢に注意してください。
s32-kon-kyushoku,休職と解雇手続の混同,相談・連携・復職,メンタルヘルスII種;;誤答,休職と解雇手続の混同で発生する典型誤答を4パターンで整理します。,復職・面接・集団分析は名称が似るため条件文の読み飛ばしが起きやすい。,"[{""topic"": ""制度判定"", ""wrong"": ""名称だけで判断"", ""correct"": ""主体と目的を併読"", ""trap"": ""類似語の入替え""}, {""topic"": ""手順判定"", ""wrong"": ""時系列を逆に読む"", ""correct"": ""休職→復職の順を固定"", ""trap"": ""ステップの混同""}, {""topic"": ""数値判定"", ""wrong"": ""数字だけ比較"", ""correct"": ""条件文まで確認"", ""trap"": ""近似値の誤誘導""}, {""topic"": ""情報管理"", ""wrong"": ""共有範囲を拡大"", ""correct"": ""必要最小限で運用"", ""trap"": ""プライバシー誤答""}]",休職と解雇手続の混同｜メンタルヘルスII種,誤答はプロセスと主体の読み落としが中心です。型を分類し、比較表へ戻って根拠を再確認してください。,誤答型を分類;原因を1行記録;同型を連続再演習,理由を残さない;同型を放置;要項未確認,「何を読み落としたか」を毎回書く。,休職;復職;段階的復職,「休職と解雇手続の混同」の試験での位置づけは？,誤答はプロセスと主体の読み落としが中心です。型を分類し、比較表へ戻って根拠を再確認してください。 試験では誤答型を分類を軸に、関連条文・数値・主体の取り違えを照合してください。 過去問で正誤の型を分類し、試験要項で数値・期限を照合してください。,「休職と解雇手続の混同」でよくある誤答パターンは？,「休職と解雇手続の混同」では誤答型を分類を軸に、条文・数値・主体の取り違えを比較表で整理してください。 典型誤答は理由を残さない;同型を放置;要項未確認。 過去問では条件文の主語入れ替え肢に注意してください。,「休職と解雇手続の混同」の覚え方・確認手順は？,「休職と解雇手続の混同」では誤答型を分類を軸に、条文・数値・主体の取り違えを比較表で整理してください。 典型誤答は理由を残さない;同型を放置;要項未確認。 過去問では条件文の主語入れ替え肢に注意してください。,「休職と解雇手続の混同」の公式情報はどこで確認しますか？,「休職と解雇手続の混同」では誤答型を分類を軸に、条文・数値・主体の取り違えを比較表で整理してください。 典型誤答は理由を残さない;同型を放置;要項未確認。 過去問では条件文の主語入れ替え肢に注意してください。
s34-kon-kyushoku,休職と復職手続の混同,相談・連携・復職,メンタルヘルスII種;;誤答,休職と復職手続の混同で発生する典型誤答を4パターンで整理します。,再発防止・配置転換・産業保健師・過重労働は名称が似るため条件文の読み飛ばしが起きやすい。,"[{""topic"": ""制度判定"", ""wrong"": ""名称だけで判断"", ""correct"": ""主体と目的を併読"", ""trap"": ""類似語の入替え""}, {""topic"": ""手順判定"", ""wrong"": ""時系列を逆に読む"", ""correct"": ""相談→配慮→復職の順を固定"", ""trap"": ""ステップの混同""}, {""topic"": ""数値判定"", ""wrong"": ""数字だけ比較"", ""correct"": ""条件文まで確認"", ""trap"": ""近似値の誤誘導""}, {""topic"": ""情報管理"", ""wrong"": ""共有範囲を拡大"", ""correct"": ""必要最小限で運用"", ""trap"": ""プライバシー誤答""}]",休職と復職手続の混同｜メンタルヘルスII種,誤答は再発防止・配置転換・職場環境の主体とプロセスの読み落としが中心です。型を分類し、比較表へ戻って根拠を再確認してください。,誤答型を分類;原因を1行記録;同型を連続再演習,理由を残さない;同型を放置;要項未確認,「何を読み落としたか」を毎回書く。,就業上の配慮;復職;再発予防,「休職と復職手続の混同」の試験での位置づけは？,誤答は再発防止・配置転換・職場環境の主体とプロセスの読み落としが中心です。型を分類し、比較表へ戻って根拠を再確認してください。 試験では誤答型を分類を軸に、関連条文・数値・主体の取り違えを照合してください。,「休職と復職手続の混同」でよくある誤答パターンは？,「休職と復職手続の混同」では誤答型を分類を軸に、条文・数値・主体の取り違えを比較表で整理してください。 典型誤答は理由を残さない;同型を放置;要項未確認。 過去問では条件文の主語入れ替え肢に注意してください。,「休職と復職手続の混同」の覚え方・確認手順は？,「休職と復職手続の混同」では誤答型を分類を軸に、条文・数値・主体の取り違えを比較表で整理してください。 典型誤答は理由を残さない;同型を放置;要項未確認。 過去問では条件文の主語入れ替え肢に注意してください。,「休職と復職手続の混同」の公式情報はどこで確認しますか？,「休職と復職手続の混同」では誤答型を分類を軸に、条文・数値・主体の取り違えを比較表で整理してください。 典型誤答は理由を残さない;同型を放置;要項未確認。 過去問では条件文の主語入れ替え肢に注意してください。
s32-kon-mensetsu-role,医師面接と産業医の役割混同,職場環境・配慮,メンタルヘルスII種;;誤答,医師面接と産業医の役割混同で発生する典型誤答を4パターンで整理します。,復職・面接・集団分析は名称が似るため条件文の読み飛ばしが起きやすい。,"[{""topic"": ""制度判定"", ""wrong"": ""名称だけで判断"", ""correct"": ""主体と目的を併読"", ""trap"": ""類似語の入替え""}, {""topic"": ""手順判定"", ""wrong"": ""時系列を逆に読む"", ""correct"": ""休職→復職の順を固定"", ""trap"": ""ステップの混同""}, {""topic"": ""数値判定"", ""wrong"": ""数字だけ比較"", ""correct"": ""条件文まで確認"", ""trap"": ""近似値の誤誘導""}, {""topic"": ""情報管理"", ""wrong"": ""共有範囲を拡大"", ""correct"": ""必要最小限で運用"", ""trap"": ""プライバシー誤答""}]",医師面接と産業医の役割混同｜メンタルヘルスII種,誤答はプロセスと主体の読み落としが中心です。型を分類し、比較表へ戻って根拠を再確認してください。,誤答型を分類;原因を1行記録;同型を連続再演習,理由を残さない;同型を放置;要項未確認,「何を読み落としたか」を毎回書く。,ストレスチェック;面接指導;集団分析,「医師面接と産業医の役割混同」の試験での位置づけは？,誤答はプロセスと主体の読み落としが中心です。型を分類し、比較表へ戻って根拠を再確認してください。 試験では誤答型を分類を軸に、関連条文・数値・主体の取り違えを照合してください。 過去問で正誤の型を分類し、試験要項で数値・期限を照合してください。,「医師面接と産業医の役割混同」でよくある誤答パターンは？,「医師面接と産業医の役割混同」では誤答型を分類を軸に、条文・数値・主体の取り違えを比較表で整理してください。 典型誤答は理由を残さない;同型を放置;要項未確認。 過去問では条件文の主語入れ替え肢に注意してください。,「医師面接と産業医の役割混同」の覚え方・確認手順は？,「医師面接と産業医の役割混同」では誤答型を分類を軸に、条文・数値・主体の取り違えを比較表で整理してください。 典型誤答は理由を残さない;同型を放置;要項未確認。 過去問では条件文の主語入れ替え肢に注意してください。,「医師面接と産業医の役割混同」の公式情報はどこで確認しますか？,「医師面接と産業医の役割混同」では誤答型を分類を軸に、条文・数値・主体の取り違えを比較表で整理してください。 典型誤答は理由を残さない;同型を放置;要項未確認。 過去問では条件文の主語入れ替え肢に注意してください。
s32-kon-shudan,集団分析と個別面接の混同,職場環境・配慮,メンタルヘルスII種;;誤答,集団分析と個別面接の混同で発生する典型誤答を4パターンで整理します。,復職・面接・集団分析は名称が似るため条件文の読み飛ばしが起きやすい。,"[{""topic"": ""制度判定"", ""wrong"": ""名称だけで判断"", ""correct"": ""主体と目的を併読"", ""trap"": ""類似語の入替え""}, {""topic"": ""手順判定"", ""wrong"": ""時系列を逆に読む"", ""correct"": ""休職→復職の順を固定"", ""trap"": ""ステップの混同""}, {""topic"": ""数値判定"", ""wrong"": ""数字だけ比較"", ""correct"": ""条件文まで確認"", ""trap"": ""近似値の誤誘導""}, {""topic"": ""情報管理"", ""wrong"": ""共有範囲を拡大"", ""correct"": ""必要最小限で運用"", ""trap"": ""プライバシー誤答""}]",集団分析と個別面接の混同｜メンタルヘルスII種,誤答はプロセスと主体の読み落としが中心です。型を分類し、比較表へ戻って根拠を再確認してください。,誤答型を分類;原因を1行記録;同型を連続再演習,理由を残さない;同型を放置;要項未確認,「何を読み落としたか」を毎回書く。,ストレスチェック;面接指導;集団分析,「集団分析と個別面接の混同」の試験での位置づけは？,誤答はプロセスと主体の読み落としが中心です。型を分類し、比較表へ戻って根拠を再確認してください。 試験では誤答型を分類を軸に、関連条文・数値・主体の取り違えを照合してください。 過去問で正誤の型を分類し、試験要項で数値・期限を照合してください。,「集団分析と個別面接の混同」でよくある誤答パターンは？,「集団分析と個別面接の混同」では誤答型を分類を軸に、条文・数値・主体の取り違えを比較表で整理してください。 典型誤答は理由を残さない;同型を放置;要項未確認。 過去問では条件文の主語入れ替え肢に注意してください。,「集団分析と個別面接の混同」の覚え方・確認手順は？,「集団分析と個別面接の混同」では誤答型を分類を軸に、条文・数値・主体の取り違えを比較表で整理してください。 典型誤答は理由を残さない;同型を放置;要項未確認。 過去問では条件文の主語入れ替え肢に注意してください。,「集団分析と個別面接の混同」の公式情報はどこで確認しますか？,「集団分析と個別面接の混同」では誤答型を分類を軸に、条文・数値・主体の取り違えを比較表で整理してください。 典型誤答は理由を残さない;同型を放置;要項未確認。 過去問では条件文の主語入れ替え肢に注意してください。
s32-kon-stress-follow,ストレスフォロー段階の逆転,職場環境・配慮,メンタルヘルスII種;;誤答,ストレスフォロー段階の逆転で発生する典型誤答を4パターンで整理します。,復職・面接・集団分析は名称が似るため条件文の読み飛ばしが起きやすい。,"[{""topic"": ""制度判定"", ""wrong"": ""名称だけで判断"", ""correct"": ""主体と目的を併読"", ""trap"": ""類似語の入替え""}, {""topic"": ""手順判定"", ""wrong"": ""時系列を逆に読む"", ""correct"": ""休職→復職の順を固定"", ""trap"": ""ステップの混同""}, {""topic"": ""数値判定"", ""wrong"": ""数字だけ比較"", ""correct"": ""条件文まで確認"", ""trap"": ""近似値の誤誘導""}, {""topic"": ""情報管理"", ""wrong"": ""共有範囲を拡大"", ""correct"": ""必要最小限で運用"", ""trap"": ""プライバシー誤答""}]",ストレスフォロー段階の逆転｜メンタルヘルスII種,誤答はプロセスと主体の読み落としが中心です。型を分類し、比較表へ戻って根拠を再確認してください。,誤答型を分類;原因を1行記録;同型を連続再演習,理由を残さない;同型を放置;要項未確認,「何を読み落としたか」を毎回書く。,ストレスチェック;面接指導;集団分析,「ストレスフォロー段階の逆転」の試験での位置づけは？,誤答はプロセスと主体の読み落としが中心です。型を分類し、比較表へ戻って根拠を再確認してください。 試験では誤答型を分類を軸に、関連条文・数値・主体の取り違えを照合してください。 過去問で正誤の型を分類し、試験要項で数値・期限を照合してください。,「ストレスフォロー段階の逆転」でよくある誤答パターンは？,「ストレスフォロー段階の逆転」では誤答型を分類を軸に、条文・数値・主体の取り違えを比較表で整理してください。 典型誤答は理由を残さない;同型を放置;要項未確認。 過去問では条件文の主語入れ替え肢に注意してください。,「ストレスフォロー段階の逆転」の覚え方・確認手順は？,「ストレスフォロー段階の逆転」では誤答型を分類を軸に、条文・数値・主体の取り違えを比較表で整理してください。 典型誤答は理由を残さない;同型を放置;要項未確認。 過去問では条件文の主語入れ替え肢に注意してください。,「ストレスフォロー段階の逆転」の公式情報はどこで確認しますか？,「ストレスフォロー段階の逆転」では誤答型を分類を軸に、条文・数値・主体の取り違えを比較表で整理してください。 典型誤答は理由を残さない;同型を放置;要項未確認。 過去問では条件文の主語入れ替え肢に注意してください。
s32-kon-privacy,情報共有範囲の拡大誤認,相談・連携・復職,メンタルヘルスII種;;誤答,情報共有範囲の拡大誤認で発生する典型誤答を4パターンで整理します。,復職・面接・集団分析は名称が似るため条件文の読み飛ばしが起きやすい。,"[{""topic"": ""制度判定"", ""wrong"": ""名称だけで判断"", ""correct"": ""主体と目的を併読"", ""trap"": ""類似語の入替え""}, {""topic"": ""手順判定"", ""wrong"": ""時系列を逆に読む"", ""correct"": ""休職→復職の順を固定"", ""trap"": ""ステップの混同""}, {""topic"": ""数値判定"", ""wrong"": ""数字だけ比較"", ""correct"": ""条件文まで確認"", ""trap"": ""近似値の誤誘導""}, {""topic"": ""情報管理"", ""wrong"": ""共有範囲を拡大"", ""correct"": ""必要最小限で運用"", ""trap"": ""プライバシー誤答""}]",情報共有範囲の拡大誤認｜メンタルヘルスII種,誤答はプロセスと主体の読み落としが中心です。型を分類し、比較表へ戻って根拠を再確認してください。,誤答型を分類;原因を1行記録;同型を連続再演習,理由を残さない;同型を放置;要項未確認,「何を読み落としたか」を毎回書く。,休職;復職;段階的復職,「情報共有範囲の拡大誤認」の試験での位置づけは？,誤答はプロセスと主体の読み落としが中心です。型を分類し、比較表へ戻って根拠を再確認してください。 試験では誤答型を分類を軸に、関連条文・数値・主体の取り違えを照合してください。 過去問で正誤の型を分類し、試験要項で数値・期限を照合してください。,「情報共有範囲の拡大誤認」でよくある誤答パターンは？,「情報共有範囲の拡大誤認」では誤答型を分類を軸に、条文・数値・主体の取り違えを比較表で整理してください。 典型誤答は理由を残さない;同型を放置;要項未確認。 過去問では条件文の主語入れ替え肢に注意してください。,「情報共有範囲の拡大誤認」の覚え方・確認手順は？,「情報共有範囲の拡大誤認」では誤答型を分類を軸に、条文・数値・主体の取り違えを比較表で整理してください。 典型誤答は理由を残さない;同型を放置;要項未確認。 過去問では条件文の主語入れ替え肢に注意してください。,「情報共有範囲の拡大誤認」の公式情報はどこで確認しますか？,「情報共有範囲の拡大誤認」では誤答型を分類を軸に、条文・数値・主体の取り違えを比較表で整理してください。 典型誤答は理由を残さない;同型を放置;要項未確認。 過去問では条件文の主語入れ替え肢に注意してください。
s34-kon-privacy,情報限定提供の拡大誤認,相談・連携・復職,メンタルヘルスII種;;誤答,情報限定提供の拡大誤認で発生する典型誤答を4パターンで整理します。,再発防止・配置転換・産業保健師・過重労働は名称が似るため条件文の読み飛ばしが起きやすい。,"[{""topic"": ""制度判定"", ""wrong"": ""名称だけで判断"", ""correct"": ""主体と目的を併読"", ""trap"": ""類似語の入替え""}, {""topic"": ""手順判定"", ""wrong"": ""時系列を逆に読む"", ""correct"": ""相談→配慮→復職の順を固定"", ""trap"": ""ステップの混同""}, {""topic"": ""数値判定"", ""wrong"": ""数字だけ比較"", ""correct"": ""条件文まで確認"", ""trap"": ""近似値の誤誘導""}, {""topic"": ""情報管理"", ""wrong"": ""共有範囲を拡大"", ""correct"": ""必要最小限で運用"", ""trap"": ""プライバシー誤答""}]",情報限定提供の拡大誤認｜メンタルヘルスII種,誤答は再発防止・配置転換・職場環境の主体とプロセスの読み落としが中心です。型を分類し、比較表へ戻って根拠を再確認してください。,誤答型を分類;原因を1行記録;同型を連続再演習,理由を残さない;同型を放置;要項未確認,「何を読み落としたか」を毎回書く。,就業上の配慮;復職;再発予防,「情報限定提供の拡大誤認」の試験での位置づけは？,誤答は再発防止・配置転換・職場環境の主体とプロセスの読み落としが中心です。型を分類し、比較表へ戻って根拠を再確認してください。 試験では誤答型を分類を軸に、関連条文・数値・主体の取り違えを照合してください。,「情報限定提供の拡大誤認」でよくある誤答パターンは？,「情報限定提供の拡大誤認」では誤答型を分類を軸に、条文・数値・主体の取り違えを比較表で整理してください。 典型誤答は理由を残さない;同型を放置;要項未確認。 過去問では条件文の主語入れ替え肢に注意してください。,「情報限定提供の拡大誤認」の覚え方・確認手順は？,「情報限定提供の拡大誤認」では誤答型を分類を軸に、条文・数値・主体の取り違えを比較表で整理してください。 典型誤答は理由を残さない;同型を放置;要項未確認。 過去問では条件文の主語入れ替え肢に注意してください。,「情報限定提供の拡大誤認」の公式情報はどこで確認しますか？,「情報限定提供の拡大誤認」では誤答型を分類を軸に、条文・数値・主体の取り違えを比較表で整理してください。 典型誤答は理由を残さない;同型を放置;要項未確認。 過去問では条件文の主語入れ替え肢に注意してください。
s32-kon-harassment,ハラスメント対応主体の取り違え,職場環境・配慮,メンタルヘルスII種;;誤答,ハラスメント対応主体の取り違えで発生する典型誤答を4パターンで整理します。,復職・面接・集団分析は名称が似るため条件文の読み飛ばしが起きやすい。,"[{""topic"": ""制度判定"", ""wrong"": ""名称だけで判断"", ""correct"": ""主体と目的を併読"", ""trap"": ""類似語の入替え""}, {""topic"": ""手順判定"", ""wrong"": ""時系列を逆に読む"", ""correct"": ""休職→復職の順を固定"", ""trap"": ""ステップの混同""}, {""topic"": ""数値判定"", ""wrong"": ""数字だけ比較"", ""correct"": ""条件文まで確認"", ""trap"": ""近似値の誤誘導""}, {""topic"": ""情報管理"", ""wrong"": ""共有範囲を拡大"", ""correct"": ""必要最小限で運用"", ""trap"": ""プライバシー誤答""}]",ハラスメント対応主体の取り違え｜メンタルヘルスII種,誤答はプロセスと主体の読み落としが中心です。型を分類し、比較表へ戻って根拠を再確認してください。,誤答型を分類;原因を1行記録;同型を連続再演習,理由を残さない;同型を放置;要項未確認,「何を読み落としたか」を毎回書く。,ストレスチェック;面接指導;集団分析,「ハラスメント対応主体の取り違え」の試験での位置づけは？,誤答はプロセスと主体の読み落としが中心です。型を分類し、比較表へ戻って根拠を再確認してください。 試験では誤答型を分類を軸に、関連条文・数値・主体の取り違えを照合してください。 過去問で正誤の型を分類し、試験要項で数値・期限を照合してください。,「ハラスメント対応主体の取り違え」でよくある誤答パターンは？,「ハラスメント対応主体の取り違え」では誤答型を分類を軸に、条文・数値・主体の取り違えを比較表で整理してください。 典型誤答は理由を残さない;同型を放置;要項未確認。 過去問では条件文の主語入れ替え肢に注意してください。,「ハラスメント対応主体の取り違え」の覚え方・確認手順は？,「ハラスメント対応主体の取り違え」では誤答型を分類を軸に、条文・数値・主体の取り違えを比較表で整理してください。 典型誤答は理由を残さない;同型を放置;要項未確認。 過去問では条件文の主語入れ替え肢に注意してください。,「ハラスメント対応主体の取り違え」の公式情報はどこで確認しますか？,「ハラスメント対応主体の取り違え」では誤答型を分類を軸に、条文・数値・主体の取り違えを比較表で整理してください。 典型誤答は理由を残さない;同型を放置;要項未確認。 過去問では条件文の主語入れ替え肢に注意してください。
s33-kon-harassment,ハラスメント対応主体の誤認,職場環境・配慮,メンタルヘルスII種;;誤答,ハラスメント対応主体の誤認で発生する典型誤答を4パターンで整理します。,再発防止・配置転換・産業保健師・過重労働は名称が似るため条件文の読み飛ばしが起きやすい。,"[{""topic"": ""制度判定"", ""wrong"": ""名称だけで判断"", ""correct"": ""主体と目的を併読"", ""trap"": ""類似語の入替え""}, {""topic"": ""手順判定"", ""wrong"": ""時系列を逆に読む"", ""correct"": ""相談→配慮→復職の順を固定"", ""trap"": ""ステップの混同""}, {""topic"": ""数値判定"", ""wrong"": ""数字だけ比較"", ""correct"": ""条件文まで確認"", ""trap"": ""近似値の誤誘導""}, {""topic"": ""情報管理"", ""wrong"": ""共有範囲を拡大"", ""correct"": ""必要最小限で運用"", ""trap"": ""プライバシー誤答""}]",ハラスメント対応主体の誤認｜メンタルヘルスII種,誤答は再発防止・配置転換・職場環境の主体とプロセスの読み落としが中心です。型を分類し、比較表へ戻って根拠を再確認してください。,誤答型を分類;原因を1行記録;同型を連続再演習,理由を残さない;同型を放置;要項未確認,「何を読み落としたか」を毎回書く。,職場環境の改善;過重労働防止;ストレスチェック,「ハラスメント対応主体の誤認」の試験での位置づけは？,誤答は再発防止・配置転換・職場環境の主体とプロセスの読み落としが中心です。型を分類し、比較表へ戻って根拠を再確認してください。 試験では誤答型を分類を軸に、関連条文・数値・主体の取り違えを照合してください。,「ハラスメント対応主体の誤認」でよくある誤答パターンは？,「ハラスメント対応主体の誤認」では誤答型を分類を軸に、条文・数値・主体の取り違えを比較表で整理してください。 典型誤答は理由を残さない;同型を放置;要項未確認。 過去問では条件文の主語入れ替え肢に注意してください。,「ハラスメント対応主体の誤認」の覚え方・確認手順は？,「ハラスメント対応主体の誤認」では誤答型を分類を軸に、条文・数値・主体の取り違えを比較表で整理してください。 典型誤答は理由を残さない;同型を放置;要項未確認。 過去問では条件文の主語入れ替え肢に注意してください。,「ハラスメント対応主体の誤認」の公式情報はどこで確認しますか？,「ハラスメント対応主体の誤認」では誤答型を分類を軸に、条文・数値・主体の取り違えを比較表で整理してください。 典型誤答は理由を残さない;同型を放置;要項未確認。 過去問では条件文の主語入れ替え肢に注意してください。
s34-kon-harassment,ハラスメント初動の逆転,職場環境・配慮,メンタルヘルスII種;;誤答,ハラスメント初動の逆転で発生する典型誤答を4パターンで整理します。,再発防止・配置転換・産業保健師・過重労働は名称が似るため条件文の読み飛ばしが起きやすい。,"[{""topic"": ""制度判定"", ""wrong"": ""名称だけで判断"", ""correct"": ""主体と目的を併読"", ""trap"": ""類似語の入替え""}, {""topic"": ""手順判定"", ""wrong"": ""時系列を逆に読む"", ""correct"": ""相談→配慮→復職の順を固定"", ""trap"": ""ステップの混同""}, {""topic"": ""数値判定"", ""wrong"": ""数字だけ比較"", ""correct"": ""条件文まで確認"", ""trap"": ""近似値の誤誘導""}, {""topic"": ""情報管理"", ""wrong"": ""共有範囲を拡大"", ""correct"": ""必要最小限で運用"", ""trap"": ""プライバシー誤答""}]",ハラスメント初動の逆転｜メンタルヘルスII種,誤答は再発防止・配置転換・職場環境の主体とプロセスの読み落としが中心です。型を分類し、比較表へ戻って根拠を再確認してください。,誤答型を分類;原因を1行記録;同型を連続再演習,理由を残さない;同型を放置;要項未確認,「何を読み落としたか」を毎回書く。,職場環境の改善;過重労働防止;ストレスチェック,「ハラスメント初動の逆転」の試験での位置づけは？,誤答は再発防止・配置転換・職場環境の主体とプロセスの読み落としが中心です。型を分類し、比較表へ戻って根拠を再確認してください。 試験では誤答型を分類を軸に、関連条文・数値・主体の取り違えを照合してください。,「ハラスメント初動の逆転」でよくある誤答パターンは？,「ハラスメント初動の逆転」では誤答型を分類を軸に、条文・数値・主体の取り違えを比較表で整理してください。 典型誤答は理由を残さない;同型を放置;要項未確認。 過去問では条件文の主語入れ替え肢に注意してください。,「ハラスメント初動の逆転」の覚え方・確認手順は？,「ハラスメント初動の逆転」では誤答型を分類を軸に、条文・数値・主体の取り違えを比較表で整理してください。 典型誤答は理由を残さない;同型を放置;要項未確認。 過去問では条件文の主語入れ替え肢に注意してください。,「ハラスメント初動の逆転」の公式情報はどこで確認しますか？,「ハラスメント初動の逆転」では誤答型を分類を軸に、条文・数値・主体の取り違えを比較表で整理してください。 典型誤答は理由を残さない;同型を放置;要項未確認。 過去問では条件文の主語入れ替え肢に注意してください。
s32-kon-line-sangyoui,ラインケアと産業医の混同（構造・取扱い）,基礎・役割,メンタルヘルスII種;;誤答,ラインケアと産業医の混同で発生する典型誤答を4パターンで整理します。,復職・面接・集団分析は名称が似るため条件文の読み飛ばしが起きやすい。,"[{""topic"": ""制度判定"", ""wrong"": ""名称だけで判断"", ""correct"": ""主体と目的を併読"", ""trap"": ""類似語の入替え""}, {""topic"": ""手順判定"", ""wrong"": ""時系列を逆に読む"", ""correct"": ""休職→復職の順を固定"", ""trap"": ""ステップの混同""}, {""topic"": ""数値判定"", ""wrong"": ""数字だけ比較"", ""correct"": ""条件文まで確認"", ""trap"": ""近似値の誤誘導""}, {""topic"": ""情報管理"", ""wrong"": ""共有範囲を拡大"", ""correct"": ""必要最小限で運用"", ""trap"": ""プライバシー誤答""}]",ラインケアと産業医の混同｜メンタルヘルスII種,誤答はプロセスと主体の読み落としが中心です。型を分類し、比較表へ戻って根拠を再確認してください。,誤答型を分類;原因を1行記録;同型を連続再演習,理由を残さない;同型を放置;要項未確認,「何を読み落としたか」を毎回書く。,管理監督者への教育研修・情報提供;メンタルヘルス不調の定義,「ラインケアと産業医の混同」の試験での位置づけは？,誤答はプロセスと主体の読み落としが中心です。型を分類し、比較表へ戻って根拠を再確認してください。 試験では誤答型を分類を軸に、関連条文・数値・主体の取り違えを照合してください。 過去問で正誤の型を分類し、試験要項で数値・期限を照合してください。,「ラインケアと産業医の混同」でよくある誤答パターンは？,「ラインケアと産業医の混同」では誤答型を分類を軸に、条文・数値・主体の取り違えを比較表で整理してください。 典型誤答は理由を残さない;同型を放置;要項未確認。 過去問では条件文の主語入れ替え肢に注意してください。,「ラインケアと産業医の混同」の覚え方・確認手順は？,「ラインケアと産業医の混同」では誤答型を分類を軸に、条文・数値・主体の取り違えを比較表で整理してください。 典型誤答は理由を残さない;同型を放置;要項未確認。 過去問では条件文の主語入れ替え肢に注意してください。,「ラインケアと産業医の混同」の公式情報はどこで確認しますか？,「ラインケアと産業医の混同」では誤答型を分類を軸に、条文・数値・主体の取り違えを比較表で整理してください。 典型誤答は理由を残さない;同型を放置;要項未確認。 過去問では条件文の主語入れ替え肢に注意してください。
s32-kon-kenshu,研修義務の任意誤認,基礎・役割,メンタルヘルスII種;;誤答,研修義務の任意誤認で発生する典型誤答を4パターンで整理します。,復職・面接・集団分析は名称が似るため条件文の読み飛ばしが起きやすい。,"[{""topic"": ""制度判定"", ""wrong"": ""名称だけで判断"", ""correct"": ""主体と目的を併読"", ""trap"": ""類似語の入替え""}, {""topic"": ""手順判定"", ""wrong"": ""時系列を逆に読む"", ""correct"": ""休職→復職の順を固定"", ""trap"": ""ステップの混同""}, {""topic"": ""数値判定"", ""wrong"": ""数字だけ比較"", ""correct"": ""条件文まで確認"", ""trap"": ""近似値の誤誘導""}, {""topic"": ""情報管理"", ""wrong"": ""共有範囲を拡大"", ""correct"": ""必要最小限で運用"", ""trap"": ""プライバシー誤答""}]",研修義務の任意誤認｜メンタルヘルスII種,誤答はプロセスと主体の読み落としが中心です。型を分類し、比較表へ戻って根拠を再確認してください。,誤答型を分類;原因を1行記録;同型を連続再演習,理由を残さない;同型を放置;要項未確認,「何を読み落としたか」を毎回書く。,管理監督者への教育研修・情報提供;メンタルヘルス不調の定義,「研修義務の任意誤認」の試験での位置づけは？,誤答はプロセスと主体の読み落としが中心です。型を分類し、比較表へ戻って根拠を再確認してください。 試験では誤答型を分類を軸に、関連条文・数値・主体の取り違えを照合してください。 過去問で正誤の型を分類し、試験要項で数値・期限を照合してください。,「研修義務の任意誤認」でよくある誤答パターンは？,「研修義務の任意誤認」では誤答型を分類を軸に、条文・数値・主体の取り違えを比較表で整理してください。 典型誤答は理由を残さない;同型を放置;要項未確認。 過去問では条件文の主語入れ替え肢に注意してください。,「研修義務の任意誤認」の覚え方・確認手順は？,「研修義務の任意誤認」では誤答型を分類を軸に、条文・数値・主体の取り違えを比較表で整理してください。 典型誤答は理由を残さない;同型を放置;要項未確認。 過去問では条件文の主語入れ替え肢に注意してください。,「研修義務の任意誤認」の公式情報はどこで確認しますか？,「研修義務の任意誤認」では誤答型を分類を軸に、条文・数値・主体の取り違えを比較表で整理してください。 典型誤答は理由を残さない;同型を放置;要項未確認。 過去問では条件文の主語入れ替え肢に注意してください。
s32-kon-youkou-old,旧要項数値の流用,基礎・役割,メンタルヘルスII種;;誤答,旧要項数値の流用で発生する典型誤答を4パターンで整理します。,復職・面接・集団分析は名称が似るため条件文の読み飛ばしが起きやすい。,"[{""topic"": ""制度判定"", ""wrong"": ""名称だけで判断"", ""correct"": ""主体と目的を併読"", ""trap"": ""類似語の入替え""}, {""topic"": ""手順判定"", ""wrong"": ""時系列を逆に読む"", ""correct"": ""休職→復職の順を固定"", ""trap"": ""ステップの混同""}, {""topic"": ""数値判定"", ""wrong"": ""数字だけ比較"", ""correct"": ""条件文まで確認"", ""trap"": ""近似値の誤誘導""}, {""topic"": ""情報管理"", ""wrong"": ""共有範囲を拡大"", ""correct"": ""必要最小限で運用"", ""trap"": ""プライバシー誤答""}]",旧要項数値の流用｜メンタルヘルスII種,誤答はプロセスと主体の読み落としが中心です。型を分類し、比較表へ戻って根拠を再確認してください。,誤答型を分類;原因を1行記録;同型を連続再演習,理由を残さない;同型を放置;要項未確認,「何を読み落としたか」を毎回書く。,管理監督者への教育研修・情報提供;メンタルヘルス不調の定義,「旧要項数値の流用」の試験での位置づけは？,誤答はプロセスと主体の読み落としが中心です。型を分類し、比較表へ戻って根拠を再確認してください。 試験では誤答型を分類を軸に、関連条文・数値・主体の取り違えを照合してください。 過去問で正誤の型を分類し、試験要項で数値・期限を照合してください。,「旧要項数値の流用」でよくある誤答パターンは？,「旧要項数値の流用」では誤答型を分類を軸に、条文・数値・主体の取り違えを比較表で整理してください。 典型誤答は理由を残さない;同型を放置;要項未確認。 過去問では条件文の主語入れ替え肢に注意してください。,「旧要項数値の流用」の覚え方・確認手順は？,「旧要項数値の流用」では誤答型を分類を軸に、条文・数値・主体の取り違えを比較表で整理してください。 典型誤答は理由を残さない;同型を放置;要項未確認。 過去問では条件文の主語入れ替え肢に注意してください。,「旧要項数値の流用」の公式情報はどこで確認しますか？,「旧要項数値の流用」では誤答型を分類を軸に、条文・数値・主体の取り違えを比較表で整理してください。 典型誤答は理由を残さない;同型を放置;要項未確認。 過去問では条件文の主語入れ替え肢に注意してください。
s33-kon-saihatsu,再発防止と初動の混同,職場環境・配慮,メンタルヘルスII種;;誤答,再発防止と初動の混同で発生する典型誤答を4パターンで整理します。,再発防止・配置転換・産業保健師・過重労働は名称が似るため条件文の読み飛ばしが起きやすい。,"[{""topic"": ""制度判定"", ""wrong"": ""名称だけで判断"", ""correct"": ""主体と目的を併読"", ""trap"": ""類似語の入替え""}, {""topic"": ""手順判定"", ""wrong"": ""時系列を逆に読む"", ""correct"": ""相談→配慮→復職の順を固定"", ""trap"": ""ステップの混同""}, {""topic"": ""数値判定"", ""wrong"": ""数字だけ比較"", ""correct"": ""条件文まで確認"", ""trap"": ""近似値の誤誘導""}, {""topic"": ""情報管理"", ""wrong"": ""共有範囲を拡大"", ""correct"": ""必要最小限で運用"", ""trap"": ""プライバシー誤答""}]",再発防止と初動の混同｜メンタルヘルスII種,誤答は再発防止・配置転換・職場環境の主体とプロセスの読み落としが中心です。型を分類し、比較表へ戻って根拠を再確認してください。,誤答型を分類;原因を1行記録;同型を連続再演習,理由を残さない;同型を放置;要項未確認,「何を読み落としたか」を毎回書く。,職場環境の改善;過重労働防止;ストレスチェック,「再発防止と初動の混同」の試験での位置づけは？,誤答は再発防止・配置転換・職場環境の主体とプロセスの読み落としが中心です。型を分類し、比較表へ戻って根拠を再確認してください。 試験では誤答型を分類を軸に、関連条文・数値・主体の取り違えを照合してください。,「再発防止と初動の混同」でよくある誤答パターンは？,「再発防止と初動の混同」では誤答型を分類を軸に、条文・数値・主体の取り違えを比較表で整理してください。 典型誤答は理由を残さない;同型を放置;要項未確認。 過去問では条件文の主語入れ替え肢に注意してください。,「再発防止と初動の混同」の覚え方・確認手順は？,「再発防止と初動の混同」では誤答型を分類を軸に、条文・数値・主体の取り違えを比較表で整理してください。 典型誤答は理由を残さない;同型を放置;要項未確認。 過去問では条件文の主語入れ替え肢に注意してください。,「再発防止と初動の混同」の公式情報はどこで確認しますか？,「再発防止と初動の混同」では誤答型を分類を軸に、条文・数値・主体の取り違えを比較表で整理してください。 典型誤答は理由を残さない;同型を放置;要項未確認。 過去問では条件文の主語入れ替え肢に注意してください。
s33-kon-haichi,配置転換と就業配慮の混同,相談・連携・復職,メンタルヘルスII種;;誤答,配置転換と就業配慮の混同で発生する典型誤答を4パターンで整理します。,再発防止・配置転換・産業保健師・過重労働は名称が似るため条件文の読み飛ばしが起きやすい。,"[{""topic"": ""制度判定"", ""wrong"": ""名称だけで判断"", ""correct"": ""主体と目的を併読"", ""trap"": ""類似語の入替え""}, {""topic"": ""手順判定"", ""wrong"": ""時系列を逆に読む"", ""correct"": ""相談→配慮→復職の順を固定"", ""trap"": ""ステップの混同""}, {""topic"": ""数値判定"", ""wrong"": ""数字だけ比較"", ""correct"": ""条件文まで確認"", ""trap"": ""近似値の誤誘導""}, {""topic"": ""情報管理"", ""wrong"": ""共有範囲を拡大"", ""correct"": ""必要最小限で運用"", ""trap"": ""プライバシー誤答""}]",配置転換と就業配慮の混同｜メンタルヘルスII種,誤答は再発防止・配置転換・職場環境の主体とプロセスの読み落としが中心です。型を分類し、比較表へ戻って根拠を再確認してください。,誤答型を分類;原因を1行記録;同型を連続再演習,理由を残さない;同型を放置;要項未確認,「何を読み落としたか」を毎回書く。,就業上の配慮;復職;再発予防,「配置転換と就業配慮の混同」の試験での位置づけは？,誤答は再発防止・配置転換・職場環境の主体とプロセスの読み落としが中心です。型を分類し、比較表へ戻って根拠を再確認してください。 試験では誤答型を分類を軸に、関連条文・数値・主体の取り違えを照合してください。,「配置転換と就業配慮の混同」でよくある誤答パターンは？,「配置転換と就業配慮の混同」では誤答型を分類を軸に、条文・数値・主体の取り違えを比較表で整理してください。 典型誤答は理由を残さない;同型を放置;要項未確認。 過去問では条件文の主語入れ替え肢に注意してください。,「配置転換と就業配慮の混同」の覚え方・確認手順は？,「配置転換と就業配慮の混同」では誤答型を分類を軸に、条文・数値・主体の取り違えを比較表で整理してください。 典型誤答は理由を残さない;同型を放置;要項未確認。 過去問では条件文の主語入れ替え肢に注意してください。,「配置転換と就業配慮の混同」の公式情報はどこで確認しますか？,「配置転換と就業配慮の混同」では誤答型を分類を軸に、条文・数値・主体の取り違えを比較表で整理してください。 典型誤答は理由を残さない;同型を放置;要項未確認。 過去問では条件文の主語入れ替え肢に注意してください。
s33-kon-hokenshi,保健師と産業医の役割混同,基礎・役割,メンタルヘルスII種;;誤答,保健師と産業医の役割混同で発生する典型誤答を4パターンで整理します。,再発防止・配置転換・産業保健師・過重労働は名称が似るため条件文の読み飛ばしが起きやすい。,"[{""topic"": ""制度判定"", ""wrong"": ""名称だけで判断"", ""correct"": ""主体と目的を併読"", ""trap"": ""類似語の入替え""}, {""topic"": ""手順判定"", ""wrong"": ""時系列を逆に読む"", ""correct"": ""相談→配慮→復職の順を固定"", ""trap"": ""ステップの混同""}, {""topic"": ""数値判定"", ""wrong"": ""数字だけ比較"", ""correct"": ""条件文まで確認"", ""trap"": ""近似値の誤誘導""}, {""topic"": ""情報管理"", ""wrong"": ""共有範囲を拡大"", ""correct"": ""必要最小限で運用"", ""trap"": ""プライバシー誤答""}]",保健師と産業医の役割混同｜メンタルヘルスII種,誤答は再発防止・配置転換・職場環境の主体とプロセスの読み落としが中心です。型を分類し、比較表へ戻って根拠を再確認してください。,誤答型を分類;原因を1行記録;同型を連続再演習,理由を残さない;同型を放置;要項未確認,「何を読み落としたか」を毎回書く。,管理監督者への教育研修・情報提供;メンタルヘルス不調の定義;保健師,「保健師と産業医の役割混同」の試験での位置づけは？,誤答は再発防止・配置転換・職場環境の主体とプロセスの読み落としが中心です。型を分類し、比較表へ戻って根拠を再確認してください。 試験では誤答型を分類を軸に、関連条文・数値・主体の取り違えを照合してください。,「保健師と産業医の役割混同」でよくある誤答パターンは？,「保健師と産業医の役割混同」では誤答型を分類を軸に、条文・数値・主体の取り違えを比較表で整理してください。 典型誤答は理由を残さない;同型を放置;要項未確認。 過去問では条件文の主語入れ替え肢に注意してください。,「保健師と産業医の役割混同」の覚え方・確認手順は？,「保健師と産業医の役割混同」では誤答型を分類を軸に、条文・数値・主体の取り違えを比較表で整理してください。 典型誤答は理由を残さない;同型を放置;要項未確認。 過去問では条件文の主語入れ替え肢に注意してください。,「保健師と産業医の役割混同」の公式情報はどこで確認しますか？,「保健師と産業医の役割混同」では誤答型を分類を軸に、条文・数値・主体の取り違えを比較表で整理してください。 典型誤答は理由を残さない;同型を放置;要項未確認。 過去問では条件文の主語入れ替え肢に注意してください。
s33-kon-kaju,過重労働と長時間労働の混同,職場環境・配慮,メンタルヘルスII種;;誤答,過重労働と長時間労働の混同で発生する典型誤答を4パターンで整理します。,再発防止・配置転換・産業保健師・過重労働は名称が似るため条件文の読み飛ばしが起きやすい。,"[{""topic"": ""制度判定"", ""wrong"": ""名称だけで判断"", ""correct"": ""主体と目的を併読"", ""trap"": ""類似語の入替え""}, {""topic"": ""手順判定"", ""wrong"": ""時系列を逆に読む"", ""correct"": ""相談→配慮→復職の順を固定"", ""trap"": ""ステップの混同""}, {""topic"": ""数値判定"", ""wrong"": ""数字だけ比較"", ""correct"": ""条件文まで確認"", ""trap"": ""近似値の誤誘導""}, {""topic"": ""情報管理"", ""wrong"": ""共有範囲を拡大"", ""correct"": ""必要最小限で運用"", ""trap"": ""プライバシー誤答""}]",過重労働と長時間労働の混同｜メンタルヘルスII種,誤答は再発防止・配置転換・職場環境の主体とプロセスの読み落としが中心です。型を分類し、比較表へ戻って根拠を再確認してください。,誤答型を分類;原因を1行記録;同型を連続再演習,理由を残さない;同型を放置;要項未確認,「何を読み落としたか」を毎回書く。,職場環境の改善;過重労働防止;ストレスチェック,「過重労働と長時間労働の混同」の試験での位置づけは？,誤答は再発防止・配置転換・職場環境の主体とプロセスの読み落としが中心です。型を分類し、比較表へ戻って根拠を再確認してください。 試験では誤答型を分類を軸に、関連条文・数値・主体の取り違えを照合してください。,「過重労働と長時間労働の混同」でよくある誤答パターンは？,「過重労働と長時間労働の混同」では誤答型を分類を軸に、条文・数値・主体の取り違えを比較表で整理してください。 典型誤答は理由を残さない;同型を放置;要項未確認。 過去問では条件文の主語入れ替え肢に注意してください。,「過重労働と長時間労働の混同」の覚え方・確認手順は？,「過重労働と長時間労働の混同」では誤答型を分類を軸に、条文・数値・主体の取り違えを比較表で整理してください。 典型誤答は理由を残さない;同型を放置;要項未確認。 過去問では条件文の主語入れ替え肢に注意してください。,「過重労働と長時間労働の混同」の公式情報はどこで確認しますか？,「過重労働と長時間労働の混同」では誤答型を分類を軸に、条文・数値・主体の取り違えを比較表で整理してください。 典型誤答は理由を残さない;同型を放置;要項未確認。 過去問では条件文の主語入れ替え肢に注意してください。
s33-kon-shokuba,職場環境と個人対策の混同,職場環境・配慮,メンタルヘルスII種;;誤答,職場環境と個人対策の混同で発生する典型誤答を4パターンで整理します。,再発防止・配置転換・産業保健師・過重労働は名称が似るため条件文の読み飛ばしが起きやすい。,"[{""topic"": ""制度判定"", ""wrong"": ""名称だけで判断"", ""correct"": ""主体と目的を併読"", ""trap"": ""類似語の入替え""}, {""topic"": ""手順判定"", ""wrong"": ""時系列を逆に読む"", ""correct"": ""相談→配慮→復職の順を固定"", ""trap"": ""ステップの混同""}, {""topic"": ""数値判定"", ""wrong"": ""数字だけ比較"", ""correct"": ""条件文まで確認"", ""trap"": ""近似値の誤誘導""}, {""topic"": ""情報管理"", ""wrong"": ""共有範囲を拡大"", ""correct"": ""必要最小限で運用"", ""trap"": ""プライバシー誤答""}]",職場環境と個人対策の混同｜メンタルヘルスII種,誤答は再発防止・配置転換・職場環境の主体とプロセスの読み落としが中心です。型を分類し、比較表へ戻って根拠を再確認してください。,誤答型を分類;原因を1行記録;同型を連続再演習,理由を残さない;同型を放置;要項未確認,「何を読み落としたか」を毎回書く。,職場環境の改善;過重労働防止;ストレスチェック,「職場環境と個人対策の混同」の試験での位置づけは？,誤答は再発防止・配置転換・職場環境の主体とプロセスの読み落としが中心です。型を分類し、比較表へ戻って根拠を再確認してください。 試験では誤答型を分類を軸に、関連条文・数値・主体の取り違えを照合してください。,「職場環境と個人対策の混同」でよくある誤答パターンは？,「職場環境と個人対策の混同」では誤答型を分類を軸に、条文・数値・主体の取り違えを比較表で整理してください。 典型誤答は理由を残さない;同型を放置;要項未確認。 過去問では条件文の主語入れ替え肢に注意してください。,「職場環境と個人対策の混同」の覚え方・確認手順は？,「職場環境と個人対策の混同」では誤答型を分類を軸に、条文・数値・主体の取り違えを比較表で整理してください。 典型誤答は理由を残さない;同型を放置;要項未確認。 過去問では条件文の主語入れ替え肢に注意してください。,「職場環境と個人対策の混同」の公式情報はどこで確認しますか？,「職場環境と個人対策の混同」では誤答型を分類を軸に、条文・数値・主体の取り違えを比較表で整理してください。 典型誤答は理由を残さない;同型を放置;要項未確認。 過去問では条件文の主語入れ替え肢に注意してください。
s33-kon-fukki,復職プラン順序の誤認,相談・連携・復職,メンタルヘルスII種;;誤答,復職プラン順序の誤認で発生する典型誤答を4パターンで整理します。,再発防止・配置転換・産業保健師・過重労働は名称が似るため条件文の読み飛ばしが起きやすい。,"[{""topic"": ""制度判定"", ""wrong"": ""名称だけで判断"", ""correct"": ""主体と目的を併読"", ""trap"": ""類似語の入替え""}, {""topic"": ""手順判定"", ""wrong"": ""時系列を逆に読む"", ""correct"": ""相談→配慮→復職の順を固定"", ""trap"": ""ステップの混同""}, {""topic"": ""数値判定"", ""wrong"": ""数字だけ比較"", ""correct"": ""条件文まで確認"", ""trap"": ""近似値の誤誘導""}, {""topic"": ""情報管理"", ""wrong"": ""共有範囲を拡大"", ""correct"": ""必要最小限で運用"", ""trap"": ""プライバシー誤答""}]",復職プラン順序の誤認｜メンタルヘルスII種,誤答は再発防止・配置転換・職場環境の主体とプロセスの読み落としが中心です。型を分類し、比較表へ戻って根拠を再確認してください。,誤答型を分類;原因を1行記録;同型を連続再演習,理由を残さない;同型を放置;要項未確認,「何を読み落としたか」を毎回書く。,就業上の配慮;復職;再発予防,「復職プラン順序の誤認」の試験での位置づけは？,誤答は再発防止・配置転換・職場環境の主体とプロセスの読み落としが中心です。型を分類し、比較表へ戻って根拠を再確認してください。 試験では誤答型を分類を軸に、関連条文・数値・主体の取り違えを照合してください。,「復職プラン順序の誤認」でよくある誤答パターンは？,「復職プラン順序の誤認」では誤答型を分類を軸に、条文・数値・主体の取り違えを比較表で整理してください。 典型誤答は理由を残さない;同型を放置;要項未確認。 過去問では条件文の主語入れ替え肢に注意してください。,「復職プラン順序の誤認」の覚え方・確認手順は？,「復職プラン順序の誤認」では誤答型を分類を軸に、条文・数値・主体の取り違えを比較表で整理してください。 典型誤答は理由を残さない;同型を放置;要項未確認。 過去問では条件文の主語入れ替え肢に注意してください。,「復職プラン順序の誤認」の公式情報はどこで確認しますか？,「復職プラン順序の誤認」では誤答型を分類を軸に、条文・数値・主体の取り違えを比較表で整理してください。 典型誤答は理由を残さない;同型を放置;要項未確認。 過去問では条件文の主語入れ替え肢に注意してください。
s33-kon-stress,ストレス分析と面接の混同,職場環境・配慮,メンタルヘルスII種;;誤答,ストレス分析と面接の混同で発生する典型誤答を4パターンで整理します。,再発防止・配置転換・産業保健師・過重労働は名称が似るため条件文の読み飛ばしが起きやすい。,"[{""topic"": ""制度判定"", ""wrong"": ""名称だけで判断"", ""correct"": ""主体と目的を併読"", ""trap"": ""類似語の入替え""}, {""topic"": ""手順判定"", ""wrong"": ""時系列を逆に読む"", ""correct"": ""相談→配慮→復職の順を固定"", ""trap"": ""ステップの混同""}, {""topic"": ""数値判定"", ""wrong"": ""数字だけ比較"", ""correct"": ""条件文まで確認"", ""trap"": ""近似値の誤誘導""}, {""topic"": ""情報管理"", ""wrong"": ""共有範囲を拡大"", ""correct"": ""必要最小限で運用"", ""trap"": ""プライバシー誤答""}]",ストレス分析と面接の混同｜メンタルヘルスII種,誤答は再発防止・配置転換・職場環境の主体とプロセスの読み落としが中心です。型を分類し、比較表へ戻って根拠を再確認してください。,誤答型を分類;原因を1行記録;同型を連続再演習,理由を残さない;同型を放置;要項未確認,「何を読み落としたか」を毎回書く。,職場環境の改善;過重労働防止;ストレスチェック,「ストレス分析と面接の混同」の試験での位置づけは？,誤答は再発防止・配置転換・職場環境の主体とプロセスの読み落としが中心です。型を分類し、比較表へ戻って根拠を再確認してください。 試験では誤答型を分類を軸に、関連条文・数値・主体の取り違えを照合してください。,「ストレス分析と面接の混同」でよくある誤答パターンは？,「ストレス分析と面接の混同」では誤答型を分類を軸に、条文・数値・主体の取り違えを比較表で整理してください。 典型誤答は理由を残さない;同型を放置;要項未確認。 過去問では条件文の主語入れ替え肢に注意してください。,「ストレス分析と面接の混同」の覚え方・確認手順は？,「ストレス分析と面接の混同」では誤答型を分類を軸に、条文・数値・主体の取り違えを比較表で整理してください。 典型誤答は理由を残さない;同型を放置;要項未確認。 過去問では条件文の主語入れ替え肢に注意してください。,「ストレス分析と面接の混同」の公式情報はどこで確認しますか？,「ストレス分析と面接の混同」では誤答型を分類を軸に、条文・数値・主体の取り違えを比較表で整理してください。 典型誤答は理由を残さない;同型を放置;要項未確認。 過去問では条件文の主語入れ替え肢に注意してください。
s33-kon-renkei,産業医連携範囲の拡大誤認,相談・連携・復職,メンタルヘルスII種;;誤答,産業医連携範囲の拡大誤認で発生する典型誤答を4パターンで整理します。,再発防止・配置転換・産業保健師・過重労働は名称が似るため条件文の読み飛ばしが起きやすい。,"[{""topic"": ""制度判定"", ""wrong"": ""名称だけで判断"", ""correct"": ""主体と目的を併読"", ""trap"": ""類似語の入替え""}, {""topic"": ""手順判定"", ""wrong"": ""時系列を逆に読む"", ""correct"": ""相談→配慮→復職の順を固定"", ""trap"": ""ステップの混同""}, {""topic"": ""数値判定"", ""wrong"": ""数字だけ比較"", ""correct"": ""条件文まで確認"", ""trap"": ""近似値の誤誘導""}, {""topic"": ""情報管理"", ""wrong"": ""共有範囲を拡大"", ""correct"": ""必要最小限で運用"", ""trap"": ""プライバシー誤答""}]",産業医連携範囲の拡大誤認｜メンタルヘルスII種,誤答は再発防止・配置転換・職場環境の主体とプロセスの読み落としが中心です。型を分類し、比較表へ戻って根拠を再確認してください。,誤答型を分類;原因を1行記録;同型を連続再演習,理由を残さない;同型を放置;要項未確認,「何を読み落としたか」を毎回書く。,就業上の配慮;復職;再発予防,「産業医連携範囲の拡大誤認」の試験での位置づけは？,誤答は再発防止・配置転換・職場環境の主体とプロセスの読み落としが中心です。型を分類し、比較表へ戻って根拠を再確認してください。 試験では誤答型を分類を軸に、関連条文・数値・主体の取り違えを照合してください。,「産業医連携範囲の拡大誤認」でよくある誤答パターンは？,「産業医連携範囲の拡大誤認」では誤答型を分類を軸に、条文・数値・主体の取り違えを比較表で整理してください。 典型誤答は理由を残さない;同型を放置;要項未確認。 過去問では条件文の主語入れ替え肢に注意してください。,「産業医連携範囲の拡大誤認」の覚え方・確認手順は？,「産業医連携範囲の拡大誤認」では誤答型を分類を軸に、条文・数値・主体の取り違えを比較表で整理してください。 典型誤答は理由を残さない;同型を放置;要項未確認。 過去問では条件文の主語入れ替え肢に注意してください。,「産業医連携範囲の拡大誤認」の公式情報はどこで確認しますか？,「産業医連携範囲の拡大誤認」では誤答型を分類を軸に、条文・数値・主体の取り違えを比較表で整理してください。 典型誤答は理由を残さない;同型を放置;要項未確認。 過去問では条件文の主語入れ替え肢に注意してください。
s33-kon-joho,個人情報共有の範囲誤認,相談・連携・復職,メンタルヘルスII種;;誤答,個人情報共有の範囲誤認で発生する典型誤答を4パターンで整理します。,再発防止・配置転換・産業保健師・過重労働は名称が似るため条件文の読み飛ばしが起きやすい。,"[{""topic"": ""制度判定"", ""wrong"": ""名称だけで判断"", ""correct"": ""主体と目的を併読"", ""trap"": ""類似語の入替え""}, {""topic"": ""手順判定"", ""wrong"": ""時系列を逆に読む"", ""correct"": ""相談→配慮→復職の順を固定"", ""trap"": ""ステップの混同""}, {""topic"": ""数値判定"", ""wrong"": ""数字だけ比較"", ""correct"": ""条件文まで確認"", ""trap"": ""近似値の誤誘導""}, {""topic"": ""情報管理"", ""wrong"": ""共有範囲を拡大"", ""correct"": ""必要最小限で運用"", ""trap"": ""プライバシー誤答""}]",個人情報共有の範囲誤認｜メンタルヘルスII種,誤答は再発防止・配置転換・職場環境の主体とプロセスの読み落としが中心です。型を分類し、比較表へ戻って根拠を再確認してください。,誤答型を分類;原因を1行記録;同型を連続再演習,理由を残さない;同型を放置;要項未確認,「何を読み落としたか」を毎回書く。,就業上の配慮;復職;再発予防,「個人情報共有の範囲誤認」の試験での位置づけは？,誤答は再発防止・配置転換・職場環境の主体とプロセスの読み落としが中心です。型を分類し、比較表へ戻って根拠を再確認してください。 試験では誤答型を分類を軸に、関連条文・数値・主体の取り違えを照合してください。,「個人情報共有の範囲誤認」でよくある誤答パターンは？,「個人情報共有の範囲誤認」では誤答型を分類を軸に、条文・数値・主体の取り違えを比較表で整理してください。 典型誤答は理由を残さない;同型を放置;要項未確認。 過去問では条件文の主語入れ替え肢に注意してください。,「個人情報共有の範囲誤認」の覚え方・確認手順は？,「個人情報共有の範囲誤認」では誤答型を分類を軸に、条文・数値・主体の取り違えを比較表で整理してください。 典型誤答は理由を残さない;同型を放置;要項未確認。 過去問では条件文の主語入れ替え肢に注意してください。,「個人情報共有の範囲誤認」の公式情報はどこで確認しますか？,「個人情報共有の範囲誤認」では誤答型を分類を軸に、条文・数値・主体の取り違えを比較表で整理してください。 典型誤答は理由を残さない;同型を放置;要項未確認。 過去問では条件文の主語入れ替え肢に注意してください。
s34-kon-saihatsu-keikaku,再発予防計画の順序誤認,相談・連携・復職,メンタルヘルスII種;;誤答,再発予防計画の順序誤認で発生する典型誤答を4パターンで整理します。,再発防止・配置転換・産業保健師・過重労働は名称が似るため条件文の読み飛ばしが起きやすい。,"[{""topic"": ""制度判定"", ""wrong"": ""名称だけで判断"", ""correct"": ""主体と目的を併読"", ""trap"": ""類似語の入替え""}, {""topic"": ""手順判定"", ""wrong"": ""時系列を逆に読む"", ""correct"": ""相談→配慮→復職の順を固定"", ""trap"": ""ステップの混同""}, {""topic"": ""数値判定"", ""wrong"": ""数字だけ比較"", ""correct"": ""条件文まで確認"", ""trap"": ""近似値の誤誘導""}, {""topic"": ""情報管理"", ""wrong"": ""共有範囲を拡大"", ""correct"": ""必要最小限で運用"", ""trap"": ""プライバシー誤答""}]",再発予防計画の順序誤認｜メンタルヘルスII種,誤答は再発防止・配置転換・職場環境の主体とプロセスの読み落としが中心です。型を分類し、比較表へ戻って根拠を再確認してください。,誤答型を分類;原因を1行記録;同型を連続再演習,理由を残さない;同型を放置;要項未確認,「何を読み落としたか」を毎回書く。,就業上の配慮;復職;再発予防,「再発予防計画の順序誤認」の試験での位置づけは？,誤答は再発防止・配置転換・職場環境の主体とプロセスの読み落としが中心です。型を分類し、比較表へ戻って根拠を再確認してください。 試験では誤答型を分類を軸に、関連条文・数値・主体の取り違えを照合してください。,「再発予防計画の順序誤認」でよくある誤答パターンは？,「再発予防計画の順序誤認」では誤答型を分類を軸に、条文・数値・主体の取り違えを比較表で整理してください。 典型誤答は理由を残さない;同型を放置;要項未確認。 過去問では条件文の主語入れ替え肢に注意してください。,「再発予防計画の順序誤認」の覚え方・確認手順は？,「再発予防計画の順序誤認」では誤答型を分類を軸に、条文・数値・主体の取り違えを比較表で整理してください。 典型誤答は理由を残さない;同型を放置;要項未確認。 過去問では条件文の主語入れ替え肢に注意してください。,「再発予防計画の順序誤認」の公式情報はどこで確認しますか？,「再発予防計画の順序誤認」では誤答型を分類を軸に、条文・数値・主体の取り違えを比較表で整理してください。 典型誤答は理由を残さない;同型を放置;要項未確認。 過去問では条件文の主語入れ替え肢に注意してください。
s34-kon-shugyo,就業配慮と解雇手続の混同,相談・連携・復職,メンタルヘルスII種;;誤答,就業配慮と解雇手続の混同で発生する典型誤答を4パターンで整理します。,再発防止・配置転換・産業保健師・過重労働は名称が似るため条件文の読み飛ばしが起きやすい。,"[{""topic"": ""制度判定"", ""wrong"": ""名称だけで判断"", ""correct"": ""主体と目的を併読"", ""trap"": ""類似語の入替え""}, {""topic"": ""手順判定"", ""wrong"": ""時系列を逆に読む"", ""correct"": ""相談→配慮→復職の順を固定"", ""trap"": ""ステップの混同""}, {""topic"": ""数値判定"", ""wrong"": ""数字だけ比較"", ""correct"": ""条件文まで確認"", ""trap"": ""近似値の誤誘導""}, {""topic"": ""情報管理"", ""wrong"": ""共有範囲を拡大"", ""correct"": ""必要最小限で運用"", ""trap"": ""プライバシー誤答""}]",就業配慮と解雇手続の混同｜メンタルヘルスII種,誤答は再発防止・配置転換・職場環境の主体とプロセスの読み落としが中心です。型を分類し、比較表へ戻って根拠を再確認してください。,誤答型を分類;原因を1行記録;同型を連続再演習,理由を残さない;同型を放置;要項未確認,「何を読み落としたか」を毎回書く。,就業上の配慮;復職;再発予防,「就業配慮と解雇手続の混同」の試験での位置づけは？,誤答は再発防止・配置転換・職場環境の主体とプロセスの読み落としが中心です。型を分類し、比較表へ戻って根拠を再確認してください。 試験では誤答型を分類を軸に、関連条文・数値・主体の取り違えを照合してください。,「就業配慮と解雇手続の混同」でよくある誤答パターンは？,「就業配慮と解雇手続の混同」では誤答型を分類を軸に、条文・数値・主体の取り違えを比較表で整理してください。 典型誤答は理由を残さない;同型を放置;要項未確認。 過去問では条件文の主語入れ替え肢に注意してください。,「就業配慮と解雇手続の混同」の覚え方・確認手順は？,「就業配慮と解雇手続の混同」では誤答型を分類を軸に、条文・数値・主体の取り違えを比較表で整理してください。 典型誤答は理由を残さない;同型を放置;要項未確認。 過去問では条件文の主語入れ替え肢に注意してください。,「就業配慮と解雇手続の混同」の公式情報はどこで確認しますか？,「就業配慮と解雇手続の混同」では誤答型を分類を軸に、条文・数値・主体の取り違えを比較表で整理してください。 典型誤答は理由を残さない;同型を放置;要項未確認。 過去問では条件文の主語入れ替え肢に注意してください。
s34-kon-kenkou,保健師と人事の役割混同,基礎・役割,メンタルヘルスII種;;誤答,保健師と人事の役割混同で発生する典型誤答を4パターンで整理します。,再発防止・配置転換・産業保健師・過重労働は名称が似るため条件文の読み飛ばしが起きやすい。,"[{""topic"": ""制度判定"", ""wrong"": ""名称だけで判断"", ""correct"": ""主体と目的を併読"", ""trap"": ""類似語の入替え""}, {""topic"": ""手順判定"", ""wrong"": ""時系列を逆に読む"", ""correct"": ""相談→配慮→復職の順を固定"", ""trap"": ""ステップの混同""}, {""topic"": ""数値判定"", ""wrong"": ""数字だけ比較"", ""correct"": ""条件文まで確認"", ""trap"": ""近似値の誤誘導""}, {""topic"": ""情報管理"", ""wrong"": ""共有範囲を拡大"", ""correct"": ""必要最小限で運用"", ""trap"": ""プライバシー誤答""}]",保健師と人事の役割混同｜メンタルヘルスII種,誤答は再発防止・配置転換・職場環境の主体とプロセスの読み落としが中心です。型を分類し、比較表へ戻って根拠を再確認してください。,誤答型を分類;原因を1行記録;同型を連続再演習,理由を残さない;同型を放置;要項未確認,「何を読み落としたか」を毎回書く。,管理監督者への教育研修・情報提供;メンタルヘルス不調の定義;保健師,「保健師と人事の役割混同」の試験での位置づけは？,誤答は再発防止・配置転換・職場環境の主体とプロセスの読み落としが中心です。型を分類し、比較表へ戻って根拠を再確認してください。 試験では誤答型を分類を軸に、関連条文・数値・主体の取り違えを照合してください。,「保健師と人事の役割混同」でよくある誤答パターンは？,「保健師と人事の役割混同」では誤答型を分類を軸に、条文・数値・主体の取り違えを比較表で整理してください。 典型誤答は理由を残さない;同型を放置;要項未確認。 過去問では条件文の主語入れ替え肢に注意してください。,「保健師と人事の役割混同」の覚え方・確認手順は？,「保健師と人事の役割混同」では誤答型を分類を軸に、条文・数値・主体の取り違えを比較表で整理してください。 典型誤答は理由を残さない;同型を放置;要項未確認。 過去問では条件文の主語入れ替え肢に注意してください。,「保健師と人事の役割混同」の公式情報はどこで確認しますか？,「保健師と人事の役割混同」では誤答型を分類を軸に、条文・数値・主体の取り違えを比較表で整理してください。 典型誤答は理由を残さない;同型を放置;要項未確認。 過去問では条件文の主語入れ替え肢に注意してください。
s34-kon-choujikan,長時間面接の主体誤認,職場環境・配慮,メンタルヘルスII種;;誤答,長時間面接の主体誤認で発生する典型誤答を4パターンで整理します。,再発防止・配置転換・産業保健師・過重労働は名称が似るため条件文の読み飛ばしが起きやすい。,"[{""topic"": ""制度判定"", ""wrong"": ""名称だけで判断"", ""correct"": ""主体と目的を併読"", ""trap"": ""類似語の入替え""}, {""topic"": ""手順判定"", ""wrong"": ""時系列を逆に読む"", ""correct"": ""相談→配慮→復職の順を固定"", ""trap"": ""ステップの混同""}, {""topic"": ""数値判定"", ""wrong"": ""数字だけ比較"", ""correct"": ""条件文まで確認"", ""trap"": ""近似値の誤誘導""}, {""topic"": ""情報管理"", ""wrong"": ""共有範囲を拡大"", ""correct"": ""必要最小限で運用"", ""trap"": ""プライバシー誤答""}]",長時間面接の主体誤認｜メンタルヘルスII種,誤答は再発防止・配置転換・職場環境の主体とプロセスの読み落としが中心です。型を分類し、比較表へ戻って根拠を再確認してください。,誤答型を分類;原因を1行記録;同型を連続再演習,理由を残さない;同型を放置;要項未確認,「何を読み落としたか」を毎回書く。,職場環境の改善;過重労働防止;ストレスチェック,「長時間面接の主体誤認」の試験での位置づけは？,誤答は再発防止・配置転換・職場環境の主体とプロセスの読み落としが中心です。型を分類し、比較表へ戻って根拠を再確認してください。 試験では誤答型を分類を軸に、関連条文・数値・主体の取り違えを照合してください。,「長時間面接の主体誤認」でよくある誤答パターンは？,「長時間面接の主体誤認」では誤答型を分類を軸に、条文・数値・主体の取り違えを比較表で整理してください。 典型誤答は理由を残さない;同型を放置;要項未確認。 過去問では条件文の主語入れ替え肢に注意してください。,「長時間面接の主体誤認」の覚え方・確認手順は？,「長時間面接の主体誤認」では誤答型を分類を軸に、条文・数値・主体の取り違えを比較表で整理してください。 典型誤答は理由を残さない;同型を放置;要項未確認。 過去問では条件文の主語入れ替え肢に注意してください。,「長時間面接の主体誤認」の公式情報はどこで確認しますか？,「長時間面接の主体誤認」では誤答型を分類を軸に、条文・数値・主体の取り違えを比較表で整理してください。 典型誤答は理由を残さない;同型を放置;要項未確認。 過去問では条件文の主語入れ替え肢に注意してください。
s34-kon-kankyo,職場環境改善主体の誤認,職場環境・配慮,メンタルヘルスII種;;誤答,職場環境改善主体の誤認で発生する典型誤答を4パターンで整理します。,再発防止・配置転換・産業保健師・過重労働は名称が似るため条件文の読み飛ばしが起きやすい。,"[{""topic"": ""制度判定"", ""wrong"": ""名称だけで判断"", ""correct"": ""主体と目的を併読"", ""trap"": ""類似語の入替え""}, {""topic"": ""手順判定"", ""wrong"": ""時系列を逆に読む"", ""correct"": ""相談→配慮→復職の順を固定"", ""trap"": ""ステップの混同""}, {""topic"": ""数値判定"", ""wrong"": ""数字だけ比較"", ""correct"": ""条件文まで確認"", ""trap"": ""近似値の誤誘導""}, {""topic"": ""情報管理"", ""wrong"": ""共有範囲を拡大"", ""correct"": ""必要最小限で運用"", ""trap"": ""プライバシー誤答""}]",職場環境改善主体の誤認｜メンタルヘルスII種,誤答は再発防止・配置転換・職場環境の主体とプロセスの読み落としが中心です。型を分類し、比較表へ戻って根拠を再確認してください。,誤答型を分類;原因を1行記録;同型を連続再演習,理由を残さない;同型を放置;要項未確認,「何を読み落としたか」を毎回書く。,職場環境の改善;過重労働防止;ストレスチェック,「職場環境改善主体の誤認」の試験での位置づけは？,誤答は再発防止・配置転換・職場環境の主体とプロセスの読み落としが中心です。型を分類し、比較表へ戻って根拠を再確認してください。 試験では誤答型を分類を軸に、関連条文・数値・主体の取り違えを照合してください。,「職場環境改善主体の誤認」でよくある誤答パターンは？,「職場環境改善主体の誤認」では誤答型を分類を軸に、条文・数値・主体の取り違えを比較表で整理してください。 典型誤答は理由を残さない;同型を放置;要項未確認。 過去問では条件文の主語入れ替え肢に注意してください。,「職場環境改善主体の誤認」の覚え方・確認手順は？,「職場環境改善主体の誤認」では誤答型を分類を軸に、条文・数値・主体の取り違えを比較表で整理してください。 典型誤答は理由を残さない;同型を放置;要項未確認。 過去問では条件文の主語入れ替え肢に注意してください。,「職場環境改善主体の誤認」の公式情報はどこで確認しますか？,「職場環境改善主体の誤認」では誤答型を分類を軸に、条文・数値・主体の取り違えを比較表で整理してください。 典型誤答は理由を残さない;同型を放置;要項未確認。 過去問では条件文の主語入れ替え肢に注意してください。
s34-kon-line,ラインケアと産業医の混同（試験頻出）,基礎・役割,メンタルヘルスII種;;誤答,ラインケアと産業医の混同 で発生する典型誤答を4パターンで整理します。,再発防止・配置転換・産業保健師・過重労働は名称が似るため条件文の読み飛ばしが起きやすい。,"[{""topic"": ""制度判定"", ""wrong"": ""名称だけで判断"", ""correct"": ""主体と目的を併読"", ""trap"": ""類似語の入替え""}, {""topic"": ""手順判定"", ""wrong"": ""時系列を逆に読む"", ""correct"": ""相談→配慮→復職の順を固定"", ""trap"": ""ステップの混同""}, {""topic"": ""数値判定"", ""wrong"": ""数字だけ比較"", ""correct"": ""条件文まで確認"", ""trap"": ""近似値の誤誘導""}, {""topic"": ""情報管理"", ""wrong"": ""共有範囲を拡大"", ""correct"": ""必要最小限で運用"", ""trap"": ""プライバシー誤答""}]",ラインケアと産業医の混同 ｜メンタルヘルスII種,誤答は再発防止・配置転換・職場環境の主体とプロセスの読み落としが中心です。型を分類し、比較表へ戻って根拠を再確認してください。,誤答型を分類;原因を1行記録;同型を連続再演習,理由を残さない;同型を放置;要項未確認,「何を読み落としたか」を毎回書く。,管理監督者への教育研修・情報提供;メンタルヘルス不調の定義;保健師,「ラインケアと産業医の混同」の試験での位置づけは？,誤答は再発防止・配置転換・職場環境の主体とプロセスの読み落としが中心です。型を分類し、比較表へ戻って根拠を再確認してください。 試験では誤答型を分類を軸に、関連条文・数値・主体の取り違えを照合してください。,「ラインケアと産業医の混同」でよくある誤答パターンは？,「ラインケアと産業医の混同」では誤答型を分類を軸に、条文・数値・主体の取り違えを比較表で整理してください。 典型誤答は理由を残さない;同型を放置;要項未確認。 過去問では条件文の主語入れ替え肢に注意してください。,「ラインケアと産業医の混同」の覚え方・確認手順は？,「ラインケアと産業医の混同」では誤答型を分類を軸に、条文・数値・主体の取り違えを比較表で整理してください。 典型誤答は理由を残さない;同型を放置;要項未確認。 過去問では条件文の主語入れ替え肢に注意してください。,「ラインケアと産業医の混同」の公式情報はどこで確認しますか？,「ラインケアと産業医の混同」では誤答型を分類を軸に、条文・数値・主体の取り違えを比較表で整理してください。 典型誤答は理由を残さない;同型を放置;要項未確認。 過去問では条件文の主語入れ替え肢に注意してください。
s34-kon-committee,衛生委員会報告の混同,基礎・役割,メンタルヘルスII種;;誤答,衛生委員会報告の混同で発生する典型誤答を4パターンで整理します。,再発防止・配置転換・産業保健師・過重労働は名称が似るため条件文の読み飛ばしが起きやすい。,"[{""topic"": ""制度判定"", ""wrong"": ""名称だけで判断"", ""correct"": ""主体と目的を併読"", ""trap"": ""類似語の入替え""}, {""topic"": ""手順判定"", ""wrong"": ""時系列を逆に読む"", ""correct"": ""相談→配慮→復職の順を固定"", ""trap"": ""ステップの混同""}, {""topic"": ""数値判定"", ""wrong"": ""数字だけ比較"", ""correct"": ""条件文まで確認"", ""trap"": ""近似値の誤誘導""}, {""topic"": ""情報管理"", ""wrong"": ""共有範囲を拡大"", ""correct"": ""必要最小限で運用"", ""trap"": ""プライバシー誤答""}]",衛生委員会報告の混同｜メンタルヘルスII種,誤答は再発防止・配置転換・職場環境の主体とプロセスの読み落としが中心です。型を分類し、比較表へ戻って根拠を再確認してください。,誤答型を分類;原因を1行記録;同型を連続再演習,理由を残さない;同型を放置;要項未確認,「何を読み落としたか」を毎回書く。,管理監督者への教育研修・情報提供;メンタルヘルス不調の定義;保健師,「衛生委員会報告の混同」の試験での位置づけは？,誤答は再発防止・配置転換・職場環境の主体とプロセスの読み落としが中心です。型を分類し、比較表へ戻って根拠を再確認してください。 試験では誤答型を分類を軸に、関連条文・数値・主体の取り違えを照合してください。,「衛生委員会報告の混同」でよくある誤答パターンは？,「衛生委員会報告の混同」では誤答型を分類を軸に、条文・数値・主体の取り違えを比較表で整理してください。 典型誤答は理由を残さない;同型を放置;要項未確認。 過去問では条件文の主語入れ替え肢に注意してください。,「衛生委員会報告の混同」の覚え方・確認手順は？,「衛生委員会報告の混同」では誤答型を分類を軸に、条文・数値・主体の取り違えを比較表で整理してください。 典型誤答は理由を残さない;同型を放置;要項未確認。 過去問では条件文の主語入れ替え肢に注意してください。,「衛生委員会報告の混同」の公式情報はどこで確認しますか？,「衛生委員会報告の混同」では誤答型を分類を軸に、条文・数値・主体の取り違えを比較表で整理してください。 典型誤答は理由を残さない;同型を放置;要項未確認。 過去問では条件文の主語入れ替え肢に注意してください。
s35-kon-stress-kon,ストレスの典型誤答（基礎整理）,職場環境・配慮,メンタルヘルスII種;;誤答,「ストレス」で試験に出やすい誤答パターンを、主体・手順・数値・記録の型別に整理します。,「ストレス」と「過重労働防止」の定義・目的を取り違え、同一制度と短絡しやすい。関連する「職場環境の改善」との違いもセットで確認してください。,"[{""topic"": ""混同"", ""wrong"": ""ストレス＝ストレスチェック"", ""correct"": ""ストレスとストレスチェックは別"", ""trap"": ""名称類似"", ""nuance"": ""混同"", ""angle"": ""基礎整理""}, {""topic"": ""主体"", ""wrong"": ""管業が決定"", ""correct"": ""管理組合が決定"", ""trap"": ""主体誤"", ""nuance"": ""混同"", ""angle"": ""基礎整理""}, {""topic"": ""機関"", ""wrong"": ""理事会のみ"", ""correct"": ""総会決議"", ""trap"": ""機関誤"", ""nuance"": ""混同"", ""angle"": ""基礎整理""}, {""topic"": ""決議"", ""wrong"": ""過半数"", ""correct"": ""5分の4"", ""trap"": ""決議誤"", ""nuance"": ""混同"", ""angle"": ""基礎整理""}, {""topic"": ""混同"", ""wrong"": ""ストレス＝過重労働防止"", ""correct"": ""ストレスと過重労働防止は別"", ""trap"": ""名称類似"", ""nuance"": ""逆転"", ""angle"": ""基礎整理""}, {""topic"": ""主体"", ""wrong"": ""管業が決定"", ""correct"": ""管理組合が決定"", ""trap"": ""主体誤"", ""nuance"": ""逆転"", ""angle"": ""基礎整理""}, {""topic"": ""機関"", ""wrong"": ""理事会のみ"", ""correct"": ""総会決議"", ""trap"": ""機関誤"", ""nuance"": ""逆転"", ""angle"": ""基礎整理""}, {""topic"": ""決議"", ""wrong"": ""過半数"", ""correct"": ""5分の4"", ""trap"": ""決議誤"", ""nuance"": ""逆転"", ""angle"": ""基礎整理""}, {""topic"": ""主体"", ""wrong"": ""管業が決定"", ""correct"": ""管理組合が決定"", ""trap"": ""主体誤"", ""nuance"": ""盲信"", ""angle"": ""基礎整理""}, {""topic"": ""機関"", ""wrong"": ""理事会のみ"", ""correct"": ""総会決議"", ""trap"": ""機関誤"", ""nuance"": ""盲信"", ""angle"": ""基礎整理""}, {""topic"": ""決議"", ""wrong"": ""過半数"", ""correct"": ""5分の4"", ""trap"": ""決議誤"", ""nuance"": ""盲信"", ""angle"": ""基礎整理""}, {""topic"": ""混同"", ""wrong"": ""ストレス＝ストレスチェック"", ""correct"": ""ストレスとストレスチェックは別"", ""trap"": ""名称類似"", ""nuance"": ""盲信"", ""angle"": ""基礎整理""}, {""topic"": ""機関"", ""wrong"": ""理事会のみ"", ""correct"": ""総会決議"", ""trap"": ""機関誤"", ""nuance"": ""未確認"", ""angle"": ""基礎整理""}, {""topic"": ""決議"", ""wrong"": ""過半数"", ""correct"": ""5分の4"", ""trap"": ""決議誤"", ""nuance"": ""未確認"", ""angle"": ""基礎整理""}, {""topic"": ""混同"", ""wrong"": ""ストレス＝過重労働防止"", ""correct"": ""ストレスと過重労働防止は別"", ""trap"": ""名称類似"", ""nuance"": ""未確認"", ""angle"": ""基礎整理""}, {""topic"": ""主体"", ""wrong"": ""管業が決定"", ""correct"": ""管理組合が決定"", ""trap"": ""主体誤"", ""nuance"": ""未確認"", ""angle"": ""基礎整理""}, {""topic"": ""主体"", ""wrong"": ""管業が決定"", ""correct"": ""管理組合が決定"", ""trap"": ""主体誤"", ""nuance"": ""放置"", ""angle"": ""基礎整理""}, {""topic"": ""機関"", ""wrong"": ""理事会のみ"", ""correct"": ""総会決議"", ""trap"": ""機関誤"", ""nuance"": ""放置"", ""angle"": ""基礎整理""}, {""topic"": ""決議"", ""wrong"": ""過半数"", ""correct"": ""5分の4"", ""trap"": ""決議誤"", ""nuance"": ""放置"", ""angle"": ""基礎整理""}, {""topic"": ""混同"", ""wrong"": ""ストレス＝ストレスチェック"", ""correct"": ""ストレスとストレスチェックは別"", ""trap"": ""名称類似"", ""nuance"": ""放置"", ""angle"": ""基礎整理""}]",ストレスの混同｜メンタルヘルスII種,ストレスは用語の定義と義務主体を先に固定し、比較表で整理してください。,類似語の入替肢に注意;ストレスの定義と主体を固定;用語の境界を表で整理,ストレスの主体を固定せずに暗記;職場環境の改善と類似制度を混同;手順を省略したまま正解と判断,「ストレス＝定義→主体→対象」,職場環境の改善;過重労働防止;ストレスチェック,「ストレスの混同（基礎整理）」で最初に確認すべき点は？,ストレスでは職場環境の改善の義務主体と実施タイミングを先に固定してください。基礎整理の観点では、比較表の1行目に「誰が・いつ・何を」を書くと誤答が減ります。 試験では類似語の入替肢に注意をセットで確認してください。,「ストレス」の典型誤答パターンは？,「ストレス」と「ストレスチェック」の定義・目的を取り違え、同一制度と短絡しやすい。関連する「職場環境の改善」との違いもセットで確認してください。 過去問では職場環境の改善に関する逆転肢や、類似制度の数値流用に注意してください。,「ストレス」の復習の進め方（基礎整理）は？,ストレスは用語の定義と義務主体を先に固定し、比較表で整理してください。 誤答した設問は原因（主体・手順・数値・記録）をタグ付けして再演習してください。 試験では類似語の入替肢に注意をセットで確認してください。,「ストレス」の関連条文・資料は？,用語集の「職場環境の改善」と関連法令・試験要項を照合してください。 直前は誤答ノートと本ページを往復し、同型の引っかけを連続で解いてください。 試験では類似語の入替肢に注意をセットで確認してください。
s35-kon-harass-gokai,ハラスメントの典型誤答（基礎整理）,職場環境・配慮,メンタルヘルスII種;;誤答,「ハラスメント」で試験に出やすい誤答パターンを、主体・手順・数値・記録の型別に整理します。,「ハラスメント」と「職場環境の改善」の定義・目的を取り違え、同一制度と短絡しやすい。,"[{""topic"": ""主体"", ""wrong"": ""管業が決定"", ""correct"": ""管理組合が決定"", ""trap"": ""主体誤"", ""nuance"": ""誤認"", ""angle"": ""基礎整理""}, {""topic"": ""機関"", ""wrong"": ""理事会のみ"", ""correct"": ""総会決議"", ""trap"": ""機関誤"", ""nuance"": ""誤認"", ""angle"": ""基礎整理""}, {""topic"": ""決議"", ""wrong"": ""過半数"", ""correct"": ""5分の4"", ""trap"": ""決議誤"", ""nuance"": ""誤認"", ""angle"": ""基礎整理""}, {""topic"": ""混同"", ""wrong"": ""ハラスメント＝職場環境の改善"", ""correct"": ""ハラスメントと職場環境の改善は別"", ""trap"": ""名称類似"", ""nuance"": ""誤認"", ""angle"": ""基礎整理""}, {""topic"": ""決議"", ""wrong"": ""過半数"", ""correct"": ""5分の4"", ""trap"": ""決議誤"", ""nuance"": ""ゼロ"", ""angle"": ""基礎整理""}, {""topic"": ""混同"", ""wrong"": ""ハラスメント＝ストレスチェック"", ""correct"": ""ハラスメントとストレスチェックは別"", ""trap"": ""名称類似"", ""nuance"": ""ゼロ"", ""angle"": ""基礎整理""}, {""topic"": ""主体"", ""wrong"": ""管業が決定"", ""correct"": ""管理組合が決定"", ""trap"": ""主体誤"", ""nuance"": ""ゼロ"", ""angle"": ""基礎整理""}, {""topic"": ""機関"", ""wrong"": ""理事会のみ"", ""correct"": ""総会決議"", ""trap"": ""機関誤"", ""nuance"": ""ゼロ"", ""angle"": ""基礎整理""}, {""topic"": ""決議"", ""wrong"": ""過半数"", ""correct"": ""5分の4"", ""trap"": ""決議誤"", ""nuance"": ""省略"", ""angle"": ""基礎整理""}, {""topic"": ""混同"", ""wrong"": ""ハラスメント＝過重労働防止"", ""correct"": ""ハラスメントと過重労働防止は別"", ""trap"": ""名称類似"", ""nuance"": ""省略"", ""angle"": ""基礎整理""}, {""topic"": ""主体"", ""wrong"": ""管業が決定"", ""correct"": ""管理組合が決定"", ""trap"": ""主体誤"", ""nuance"": ""省略"", ""angle"": ""基礎整理""}, {""topic"": ""機関"", ""wrong"": ""理事会のみ"", ""correct"": ""総会決議"", ""trap"": ""機関誤"", ""nuance"": ""省略"", ""angle"": ""基礎整理""}, {""topic"": ""混同"", ""wrong"": ""ハラスメント＝職場環境の改善"", ""correct"": ""ハラスメントと職場環境の改善は別"", ""trap"": ""名称類似"", ""nuance"": ""過剰"", ""angle"": ""基礎整理""}, {""topic"": ""主体"", ""wrong"": ""管業が決定"", ""correct"": ""管理組合が決定"", ""trap"": ""主体誤"", ""nuance"": ""過剰"", ""angle"": ""基礎整理""}, {""topic"": ""機関"", ""wrong"": ""理事会のみ"", ""correct"": ""総会決議"", ""trap"": ""機関誤"", ""nuance"": ""過剰"", ""angle"": ""基礎整理""}, {""topic"": ""決議"", ""wrong"": ""過半数"", ""correct"": ""5分の4"", ""trap"": ""決議誤"", ""nuance"": ""過剰"", ""angle"": ""基礎整理""}, {""topic"": ""機関"", ""wrong"": ""理事会のみ"", ""correct"": ""総会決議"", ""trap"": ""機関誤"", ""nuance"": ""未使用"", ""angle"": ""基礎整理""}, {""topic"": ""決議"", ""wrong"": ""過半数"", ""correct"": ""5分の4"", ""trap"": ""決議誤"", ""nuance"": ""未使用"", ""angle"": ""基礎整理""}, {""topic"": ""混同"", ""wrong"": ""ハラスメント＝ストレスチェック"", ""correct"": ""ハラスメントとストレスチェックは別"", ""trap"": ""名称類似"", ""nuance"": ""未使用"", ""angle"": ""基礎整理""}, {""topic"": ""主体"", ""wrong"": ""管業が決定"", ""correct"": ""管理組合が決定"", ""trap"": ""主体誤"", ""nuance"": ""未使用"", ""angle"": ""基礎整理""}]",ハラスメントの誤認｜メンタルヘルスII種,ハラスメントは用語の定義と義務主体を先に固定し、比較表で整理してください。,ハラスメントの定義と主体を固定;用語の境界を表で整理;類似語の入替肢に注意,職場環境の改善と類似制度を混同;手順を省略したまま正解と判断;記録・報告義務を見落とす,「ハラスメント＝定義→主体→対象」,職場環境の改善;過重労働防止;ストレスチェック,「ハラスメントの誤認」の試験での位置づけは？,誤答はストレス・ハラスメントの読み落としが中心です。誤答型を記録し、比較表へ戻って根拠を再確認してください。数値・日程・合格基準は日本産業衛生協会の公開資料とメンタルヘルス・マネジメント検定II種の試験要項で必ず確認してください。 試験では誤答型を分類を軸に、関連条文・数値・主体の取り違えを照合してください。,「ハラスメントの誤認」でよくある誤答パターンは？,原因を残さない;同型を放置;法令未確認 誤答肢では主語を固定で読むの主語や条件が入れ替わることが多いので、比較表で整理してください。 過去問で正誤の型を分類し、試験要項で数値・期限を照合してください。,「ハラスメントの誤認」の覚え方・確認手順は？,「ハラスメントの誤認」では誤答型を分類を軸に、条文・数値・主体の取り違えを比較表で整理してください。 典型誤答は原因を残さない;同型を放置;法令未確認。 過去問では条件文の主語入れ替え肢に注意してください。,「ハラスメントの誤認」の公式情報はどこで確認しますか？,「ハラスメントの誤認」では誤答型を分類を軸に、条文・数値・主体の取り違えを比較表で整理してください。 典型誤答は原因を残さない;同型を放置;法令未確認。 過去問では条件文の主語入れ替え肢に注意してください。
s36-kon-mensetsu-kon,面接の典型誤答（実務連動）,相談・連携・復職,メンタルヘルスII種;;誤答,「面接」で試験に出やすい誤答パターンを、主体・手順・数値・記録の型別に整理します。,「面接」と「就業上の配慮」の実施主体・手続順序（誰が・いつ・何を）を混同しやすい。,"[{""topic"": ""記録"", ""wrong"": ""記録不要"", ""correct"": ""記録・保存まで追跡"", ""trap"": ""記録誤"", ""nuance"": ""混同"", ""angle"": ""実務連動""}, {""topic"": ""費用"", ""wrong"": ""面接と就業上の配慮を同一費目"", ""correct"": ""費目・会計を分離"", ""trap"": ""費用誤"", ""nuance"": ""混同"", ""angle"": ""実務連動""}, {""topic"": ""主体"", ""wrong"": ""管理会社が単独決定"", ""correct"": ""組合の意思決定"", ""trap"": ""主体誤"", ""nuance"": ""混同"", ""angle"": ""実務連動""}, {""topic"": ""手続"", ""wrong"": ""面接の手続を省略"", ""correct"": ""面接→就業上の配慮の順で確認"", ""trap"": ""手続誤"", ""nuance"": ""混同"", ""angle"": ""実務連動""}, {""topic"": ""主体"", ""wrong"": ""管理会社が単独決定"", ""correct"": ""組合の意思決定"", ""trap"": ""主体誤"", ""nuance"": ""逆転"", ""angle"": ""実務連動""}, {""topic"": ""手続"", ""wrong"": ""面接の手続を省略"", ""correct"": ""面接→就業上の配慮の順で確認"", ""trap"": ""手続誤"", ""nuance"": ""逆転"", ""angle"": ""実務連動""}, {""topic"": ""記録"", ""wrong"": ""記録不要"", ""correct"": ""記録・保存まで追跡"", ""trap"": ""記録誤"", ""nuance"": ""逆転"", ""angle"": ""実務連動""}, {""topic"": ""費用"", ""wrong"": ""面接と就業上の配慮を同一費目"", ""correct"": ""費目・会計を分離"", ""trap"": ""費用誤"", ""nuance"": ""逆転"", ""angle"": ""実務連動""}, {""topic"": ""手続"", ""wrong"": ""面接の手続を省略"", ""correct"": ""面接→復職の順で確認"", ""trap"": ""手続誤"", ""nuance"": ""盲信"", ""angle"": ""実務連動""}, {""topic"": ""記録"", ""wrong"": ""記録不要"", ""correct"": ""記録・保存まで追跡"", ""trap"": ""記録誤"", ""nuance"": ""盲信"", ""angle"": ""実務連動""}, {""topic"": ""費用"", ""wrong"": ""面接と復職を同一費目"", ""correct"": ""費目・会計を分離"", ""trap"": ""費用誤"", ""nuance"": ""盲信"", ""angle"": ""実務連動""}, {""topic"": ""主体"", ""wrong"": ""管理会社が単独決定"", ""correct"": ""組合の意思決定"", ""trap"": ""主体誤"", ""nuance"": ""盲信"", ""angle"": ""実務連動""}, {""topic"": ""記録"", ""wrong"": ""記録不要"", ""correct"": ""記録・保存まで追跡"", ""trap"": ""記録誤"", ""nuance"": ""未確認"", ""angle"": ""実務連動""}, {""topic"": ""費用"", ""wrong"": ""面接と就業上の配慮を同一費目"", ""correct"": ""費目・会計を分離"", ""trap"": ""費用誤"", ""nuance"": ""未確認"", ""angle"": ""実務連動""}, {""topic"": ""主体"", ""wrong"": ""管理会社が単独決定"", ""correct"": ""組合の意思決定"", ""trap"": ""主体誤"", ""nuance"": ""未確認"", ""angle"": ""実務連動""}, {""topic"": ""手続"", ""wrong"": ""面接の手続を省略"", ""correct"": ""面接→就業上の配慮の順で確認"", ""trap"": ""手続誤"", ""nuance"": ""未確認"", ""angle"": ""実務連動""}, {""topic"": ""手続"", ""wrong"": ""面接の手続を省略"", ""correct"": ""面接→復職の順で確認"", ""trap"": ""手続誤"", ""nuance"": ""放置"", ""angle"": ""実務連動""}, {""topic"": ""記録"", ""wrong"": ""記録不要"", ""correct"": ""記録・保存まで追跡"", ""trap"": ""記録誤"", ""nuance"": ""放置"", ""angle"": ""実務連動""}, {""topic"": ""費用"", ""wrong"": ""面接と復職を同一費目"", ""correct"": ""費目・会計を分離"", ""trap"": ""費用誤"", ""nuance"": ""放置"", ""angle"": ""実務連動""}, {""topic"": ""主体"", ""wrong"": ""管理会社が単独決定"", ""correct"": ""組合の意思決定"", ""trap"": ""主体誤"", ""nuance"": ""放置"", ""angle"": ""実務連動""}]",面接の混同｜メンタルヘルスII種,面接は職場フロー（事前確認→実施→記録→報告）に沿って復習すると定着します。,面接の実施フローを順序固定;記録・報告まで一体確認;担当者分担を明確化,就業上の配慮と類似制度を混同;手順を省略したまま正解と判断;記録・報告義務を見落とす,「面接＝確認→実施→記録」,就業上の配慮;復職;再発予防,「面接の混同（実務連動）」で最初に確認すべき点は？,面接では就業上の配慮の義務主体と実施タイミングを先に固定してください。実務連動の観点では、比較表の1行目に「誰が・いつ・何を」を書くと誤答が減ります。 試験では面接の実施フローを順序固定をセットで確認してください。,「面接」の典型誤答パターンは？,「面接」と「就業上の配慮」の実施主体・手続順序（誰が・いつ・何を）を混同しやすい。 過去問では就業上の配慮に関する逆転肢や、類似制度の数値流用に注意してください。 試験では面接の実施フローを順序固定をセットで確認してください。,「面接」の復習の進め方（実務連動）は？,面接は職場フロー（事前確認→実施→記録→報告）に沿って復習すると定着します。 誤答した設問は原因（主体・手順・数値・記録）をタグ付けして再演習してください。 試験では面接の実施フローを順序固定をセットで確認してください。,「面接」の関連条文・資料は？,用語集の「就業上の配慮」と関連法令・試験要項を照合してください。 直前は誤答ノートと本ページを往復し、同型の引っかけを連続で解いてください。 試験では面接の実施フローを順序固定をセットで確認してください。
s36-kon-sangyoui-gokai,産業医の典型誤答（実務連動）,基礎・役割,メンタルヘルスII種;;誤答,「産業医」で試験に出やすい誤答パターンを、主体・手順・数値・記録の型別に整理します。,「産業医」と「管理監督者への教育研修・情報提供」の実施主体・手続順序（誰が・いつ・何を）を混同しやすい。,"[{""topic"": ""記録"", ""wrong"": ""記録不要"", ""correct"": ""記録・保存まで追跡"", ""trap"": ""記録誤"", ""nuance"": ""誤認"", ""angle"": ""実務連動""}, {""topic"": ""費用"", ""wrong"": ""産業医とメンタルヘルス不調の定義を同一費目"", ""correct"": ""費目・会計を分離"", ""trap"": ""費用誤"", ""nuance"": ""誤認"", ""angle"": ""実務連動""}, {""topic"": ""主体"", ""wrong"": ""管理会社が単独決定"", ""correct"": ""組合の意思決定"", ""trap"": ""主体誤"", ""nuance"": ""誤認"", ""angle"": ""実務連動""}, {""topic"": ""手続"", ""wrong"": ""産業医の手続を省略"", ""correct"": ""産業医→メンタルヘルス不調の定義の順で確認"", ""trap"": ""手続誤"", ""nuance"": ""誤認"", ""angle"": ""実務連動""}, {""topic"": ""手続"", ""wrong"": ""産業医の手続を省略"", ""correct"": ""産業医→保健師の順で確認"", ""trap"": ""手続誤"", ""nuance"": ""ゼロ"", ""angle"": ""実務連動""}, {""topic"": ""記録"", ""wrong"": ""記録不要"", ""correct"": ""記録・保存まで追跡"", ""trap"": ""記録誤"", ""nuance"": ""ゼロ"", ""angle"": ""実務連動""}, {""topic"": ""費用"", ""wrong"": ""産業医と保健師を同一費目"", ""correct"": ""費目・会計を分離"", ""trap"": ""費用誤"", ""nuance"": ""ゼロ"", ""angle"": ""実務連動""}, {""topic"": ""主体"", ""wrong"": ""管理会社が単独決定"", ""correct"": ""組合の意思決定"", ""trap"": ""主体誤"", ""nuance"": ""ゼロ"", ""angle"": ""実務連動""}, {""topic"": ""手続"", ""wrong"": ""産業医の手続を省略"", ""correct"": ""産業医→保健師の順で確認"", ""trap"": ""手続誤"", ""nuance"": ""省略"", ""angle"": ""実務連動""}, {""topic"": ""記録"", ""wrong"": ""記録不要"", ""correct"": ""記録・保存まで追跡"", ""trap"": ""記録誤"", ""nuance"": ""省略"", ""angle"": ""実務連動""}, {""topic"": ""費用"", ""wrong"": ""産業医と保健師を同一費目"", ""correct"": ""費目・会計を分離"", ""trap"": ""費用誤"", ""nuance"": ""省略"", ""angle"": ""実務連動""}, {""topic"": ""主体"", ""wrong"": ""管理会社が単独決定"", ""correct"": ""組合の意思決定"", ""trap"": ""主体誤"", ""nuance"": ""省略"", ""angle"": ""実務連動""}, {""topic"": ""記録"", ""wrong"": ""記録不要"", ""correct"": ""記録・保存まで追跡"", ""trap"": ""記録誤"", ""nuance"": ""過剰"", ""angle"": ""実務連動""}, {""topic"": ""費用"", ""wrong"": ""産業医とメンタルヘルス不調の定義を同一費目"", ""correct"": ""費目・会計を分離"", ""trap"": ""費用誤"", ""nuance"": ""過剰"", ""angle"": ""実務連動""}, {""topic"": ""主体"", ""wrong"": ""管理会社が単独決定"", ""correct"": ""組合の意思決定"", ""trap"": ""主体誤"", ""nuance"": ""過剰"", ""angle"": ""実務連動""}, {""topic"": ""手続"", ""wrong"": ""産業医の手続を省略"", ""correct"": ""産業医→メンタルヘルス不調の定義の順で確認"", ""trap"": ""手続誤"", ""nuance"": ""過剰"", ""angle"": ""実務連動""}, {""topic"": ""費用"", ""wrong"": ""産業医と管理監督者への教育研修・情報提供を同一費目"", ""correct"": ""費目・会計を分離"", ""trap"": ""費用誤"", ""nuance"": ""未使用"", ""angle"": ""実務連動""}, {""topic"": ""主体"", ""wrong"": ""管理会社が単独決定"", ""correct"": ""組合の意思決定"", ""trap"": ""主体誤"", ""nuance"": ""未使用"", ""angle"": ""実務連動""}, {""topic"": ""手続"", ""wrong"": ""産業医の手続を省略"", ""correct"": ""産業医→管理監督者への教育研修・情報提供の順で確認"", ""trap"": ""手続誤"", ""nuance"": ""未使用"", ""angle"": ""実務連動""}, {""topic"": ""記録"", ""wrong"": ""記録不要"", ""correct"": ""記録・保存まで追跡"", ""trap"": ""記録誤"", ""nuance"": ""未使用"", ""angle"": ""実務連動""}]",産業医の誤認｜メンタルヘルスII種,産業医は職場フロー（事前確認→実施→記録→報告）に沿って復習すると定着します。,記録・報告まで一体確認;担当者分担を明確化;産業医の実施フローを順序固定,産業医の主体を固定せずに暗記;管理監督者への教育研修・情報提供と類似制度を混同;手順を省略したまま正解と判断,「産業医＝確認→実施→記録」,管理監督者への教育研修・情報提供;メンタルヘルス不調の定義;保健師,「産業医の誤認（実務連動）」で最初に確認すべき点は？,産業医では管理監督者への教育研修・情報提供の義務主体と実施タイミングを先に固定してください。実務連動の観点では、比較表の1行目に「誰が・いつ・何を」を書くと誤答が減ります。 試験では記録・報告まで一体確認をセットで確認してください。,「産業医」の典型誤答パターンは？,「産業医」と「メンタルヘルス不調の定義」の実施主体・手続順序（誰が・いつ・何を）を混同しやすい。関連する「管理監督者への教育研修・情報提供」との違いもセットで確認してください。 過去問では管理監督者への教育研修・情報提供に関する逆転肢や、類似制度の数値流用に注意してください。,「産業医」の復習の進め方（実務連動）は？,産業医は職場フロー（事前確認→実施→記録→報告）に沿って復習すると定着します。 誤答した設問は原因（主体・手順・数値・記録）をタグ付けして再演習してください。 試験では記録・報告まで一体確認をセットで確認してください。,「産業医」の関連条文・資料は？,用語集の「管理監督者への教育研修・情報提供」と関連法令・試験要項を照合してください。 直前は誤答ノートと本ページを往復し、同型の引っかけを連続で解いてください。 試験では記録・報告まで一体確認をセットで確認してください。
s37-kon-fukki-kon,復職の典型誤答（試験頻出）,相談・連携・復職,メンタルヘルスII種;;誤答,「復職」で試験に出やすい誤答パターンを、主体・手順・数値・記録の型別に整理します。,「復職」と「就業上の配慮」の過去問で、主語・数値・条件文が入れ替わる肢に注意。,"[{""topic"": ""数値"", ""wrong"": ""数値だけ暗記"", ""correct"": ""数値+条件をセット"", ""trap"": ""数値誤"", ""nuance"": ""混同"", ""angle"": ""試験頻出""}, {""topic"": ""決議"", ""wrong"": ""普通決議で足りる"", ""correct"": ""特別決議・5分の4"", ""trap"": ""決議誤"", ""nuance"": ""混同"", ""angle"": ""試験頻出""}, {""topic"": ""混同"", ""wrong"": ""復職の条文を再発予防に適用"", ""correct"": ""根拠法ごとに整理"", ""trap"": ""条文混同"", ""nuance"": ""混同"", ""angle"": ""試験頻出""}, {""topic"": ""逆転"", ""wrong"": ""再発予防の主語を復職に"", ""correct"": ""主語・条件を下線"", ""trap"": ""主語入替"", ""nuance"": ""混同"", ""angle"": ""試験頻出""}, {""topic"": ""混同"", ""wrong"": ""復職の条文を再発予防に適用"", ""correct"": ""根拠法ごとに整理"", ""trap"": ""条文混同"", ""nuance"": ""逆転"", ""angle"": ""試験頻出""}, {""topic"": ""逆転"", ""wrong"": ""再発予防の主語を復職に"", ""correct"": ""主語・条件を下線"", ""trap"": ""主語入替"", ""nuance"": ""逆転"", ""angle"": ""試験頻出""}, {""topic"": ""数値"", ""wrong"": ""数値だけ暗記"", ""correct"": ""数値+条件をセット"", ""trap"": ""数値誤"", ""nuance"": ""逆転"", ""angle"": ""試験頻出""}, {""topic"": ""決議"", ""wrong"": ""普通決議で足りる"", ""correct"": ""特別決議・5分の4"", ""trap"": ""決議誤"", ""nuance"": ""逆転"", ""angle"": ""試験頻出""}, {""topic"": ""数値"", ""wrong"": ""数値だけ暗記"", ""correct"": ""数値+条件をセット"", ""trap"": ""数値誤"", ""nuance"": ""盲信"", ""angle"": ""試験頻出""}, {""topic"": ""決議"", ""wrong"": ""普通決議で足りる"", ""correct"": ""特別決議・5分の4"", ""trap"": ""決議誤"", ""nuance"": ""盲信"", ""angle"": ""試験頻出""}, {""topic"": ""混同"", ""wrong"": ""復職の条文を再発予防に適用"", ""correct"": ""根拠法ごとに整理"", ""trap"": ""条文混同"", ""nuance"": ""盲信"", ""angle"": ""試験頻出""}, {""topic"": ""逆転"", ""wrong"": ""再発予防の主語を復職に"", ""correct"": ""主語・条件を下線"", ""trap"": ""主語入替"", ""nuance"": ""盲信"", ""angle"": ""試験頻出""}, {""topic"": ""決議"", ""wrong"": ""普通決議で足りる"", ""correct"": ""特別決議・5分の4"", ""trap"": ""決議誤"", ""nuance"": ""未確認"", ""angle"": ""試験頻出""}, {""topic"": ""混同"", ""wrong"": ""復職の条文を就業上の配慮に適用"", ""correct"": ""根拠法ごとに整理"", ""trap"": ""条文混同"", ""nuance"": ""未確認"", ""angle"": ""試験頻出""}, {""topic"": ""逆転"", ""wrong"": ""就業上の配慮の主語を復職に"", ""correct"": ""主語・条件を下線"", ""trap"": ""主語入替"", ""nuance"": ""未確認"", ""angle"": ""試験頻出""}, {""topic"": ""数値"", ""wrong"": ""数値だけ暗記"", ""correct"": ""数値+条件をセット"", ""trap"": ""数値誤"", ""nuance"": ""未確認"", ""angle"": ""試験頻出""}, {""topic"": ""数値"", ""wrong"": ""数値だけ暗記"", ""correct"": ""数値+条件をセット"", ""trap"": ""数値誤"", ""nuance"": ""放置"", ""angle"": ""試験頻出""}, {""topic"": ""決議"", ""wrong"": ""普通決議で足りる"", ""correct"": ""特別決議・5分の4"", ""trap"": ""決議誤"", ""nuance"": ""放置"", ""angle"": ""試験頻出""}, {""topic"": ""混同"", ""wrong"": ""復職の条文を再発予防に適用"", ""correct"": ""根拠法ごとに整理"", ""trap"": ""条文混同"", ""nuance"": ""放置"", ""angle"": ""試験頻出""}, {""topic"": ""逆転"", ""wrong"": ""再発予防の主語を復職に"", ""correct"": ""主語・条件を下線"", ""trap"": ""主語入替"", ""nuance"": ""放置"", ""angle"": ""試験頻出""}]",復職の混同｜メンタルヘルスII種,復職は過去問の逆転肢・数値混同を型別に分類し、条件文を最後まで読んでください。,復職の逆転肢パターンを分類;条件文の主語を下線;数値+条件のセット暗記,就業上の配慮と類似制度を混同;手順を省略したまま正解と判断;記録・報告義務を見落とす,「復職＝主語→条件→数値」,就業上の配慮;復職;再発予防,「復職の混同（試験頻出）」で最初に確認すべき点は？,復職では就業上の配慮の義務主体と実施タイミングを先に固定してください。試験頻出の観点では、比較表の1行目に「誰が・いつ・何を」を書くと誤答が減ります。 試験では復職の逆転肢パターンを分類をセットで確認してください。,「復職」の典型誤答パターンは？,「復職」と「再発予防」の過去問で、主語・数値・条件文が入れ替わる肢に注意。関連する「就業上の配慮」との違いもセットで確認してください。 過去問では就業上の配慮に関する逆転肢や、類似制度の数値流用に注意してください。,「復職」の復習の進め方（試験頻出）は？,復職は過去問の逆転肢・数値混同を型別に分類し、条件文を最後まで読んでください。 誤答した設問は原因（主体・手順・数値・記録）をタグ付けして再演習してください。 試験では復職の逆転肢パターンを分類をセットで確認してください。,「復職」の関連条文・資料は？,用語集の「就業上の配慮」と関連法令・試験要項を照合してください。 直前は誤答ノートと本ページを往復し、同型の引っかけを連続で解いてください。 試験では復職の逆転肢パターンを分類をセットで確認してください。
s37-kon-kyushoku-gokai,休職の典型誤答（試験頻出）,相談・連携・復職,メンタルヘルスII種;;誤答,「休職」で試験に出やすい誤答パターンを、主体・手順・数値・記録の型別に整理します。,「休職」と「就業上の配慮」の過去問で、主語・数値・条件文が入れ替わる肢に注意。,"[{""topic"": ""決議"", ""wrong"": ""普通決議で足りる"", ""correct"": ""特別決議・5分の4"", ""trap"": ""決議誤"", ""nuance"": ""誤認"", ""angle"": ""試験頻出""}, {""topic"": ""混同"", ""wrong"": ""休職の条文を再発予防に適用"", ""correct"": ""根拠法ごとに整理"", ""trap"": ""条文混同"", ""nuance"": ""誤認"", ""angle"": ""試験頻出""}, {""topic"": ""逆転"", ""wrong"": ""再発予防の主語を休職に"", ""correct"": ""主語・条件を下線"", ""trap"": ""主語入替"", ""nuance"": ""誤認"", ""angle"": ""試験頻出""}, {""topic"": ""数値"", ""wrong"": ""数値だけ暗記"", ""correct"": ""数値+条件をセット"", ""trap"": ""数値誤"", ""nuance"": ""誤認"", ""angle"": ""試験頻出""}, {""topic"": ""混同"", ""wrong"": ""休職の条文を復職に適用"", ""correct"": ""根拠法ごとに整理"", ""trap"": ""条文混同"", ""nuance"": ""ゼロ"", ""angle"": ""試験頻出""}, {""topic"": ""逆転"", ""wrong"": ""復職の主語を休職に"", ""correct"": ""主語・条件を下線"", ""trap"": ""主語入替"", ""nuance"": ""ゼロ"", ""angle"": ""試験頻出""}, {""topic"": ""数値"", ""wrong"": ""数値だけ暗記"", ""correct"": ""数値+条件をセット"", ""trap"": ""数値誤"", ""nuance"": ""ゼロ"", ""angle"": ""試験頻出""}, {""topic"": ""決議"", ""wrong"": ""普通決議で足りる"", ""correct"": ""特別決議・5分の4"", ""trap"": ""決議誤"", ""nuance"": ""ゼロ"", ""angle"": ""試験頻出""}, {""topic"": ""混同"", ""wrong"": ""休職の条文を復職に適用"", ""correct"": ""根拠法ごとに整理"", ""trap"": ""条文混同"", ""nuance"": ""省略"", ""angle"": ""試験頻出""}, {""topic"": ""逆転"", ""wrong"": ""復職の主語を休職に"", ""correct"": ""主語・条件を下線"", ""trap"": ""主語入替"", ""nuance"": ""省略"", ""angle"": ""試験頻出""}, {""topic"": ""数値"", ""wrong"": ""数値だけ暗記"", ""correct"": ""数値+条件をセット"", ""trap"": ""数値誤"", ""nuance"": ""省略"", ""angle"": ""試験頻出""}, {""topic"": ""決議"", ""wrong"": ""普通決議で足りる"", ""correct"": ""特別決議・5分の4"", ""trap"": ""決議誤"", ""nuance"": ""省略"", ""angle"": ""試験頻出""}, {""topic"": ""数値"", ""wrong"": ""数値だけ暗記"", ""correct"": ""数値+条件をセット"", ""trap"": ""数値誤"", ""nuance"": ""過剰"", ""angle"": ""試験頻出""}, {""topic"": ""決議"", ""wrong"": ""普通決議で足りる"", ""correct"": ""特別決議・5分の4"", ""trap"": ""決議誤"", ""nuance"": ""過剰"", ""angle"": ""試験頻出""}, {""topic"": ""混同"", ""wrong"": ""休職の条文を就業上の配慮に適用"", ""correct"": ""根拠法ごとに整理"", ""trap"": ""条文混同"", ""nuance"": ""過剰"", ""angle"": ""試験頻出""}, {""topic"": ""逆転"", ""wrong"": ""就業上の配慮の主語を休職に"", ""correct"": ""主語・条件を下線"", ""trap"": ""主語入替"", ""nuance"": ""過剰"", ""angle"": ""試験頻出""}, {""topic"": ""決議"", ""wrong"": ""普通決議で足りる"", ""correct"": ""特別決議・5分の4"", ""trap"": ""決議誤"", ""nuance"": ""未使用"", ""angle"": ""試験頻出""}, {""topic"": ""混同"", ""wrong"": ""休職の条文を再発予防に適用"", ""correct"": ""根拠法ごとに整理"", ""trap"": ""条文混同"", ""nuance"": ""未使用"", ""angle"": ""試験頻出""}, {""topic"": ""逆転"", ""wrong"": ""再発予防の主語を休職に"", ""correct"": ""主語・条件を下線"", ""trap"": ""主語入替"", ""nuance"": ""未使用"", ""angle"": ""試験頻出""}, {""topic"": ""数値"", ""wrong"": ""数値だけ暗記"", ""correct"": ""数値+条件をセット"", ""trap"": ""数値誤"", ""nuance"": ""未使用"", ""angle"": ""試験頻出""}]",休職の誤認｜メンタルヘルスII種,休職は過去問の逆転肢・数値混同を型別に分類し、条件文を最後まで読んでください。,数値+条件のセット暗記;休職の逆転肢パターンを分類;条件文の主語を下線,就業上の配慮と類似制度を混同;手順を省略したまま正解と判断;記録・報告義務を見落とす,「休職＝主語→条件→数値」,就業上の配慮;復職;再発予防,「休職の誤認（試験頻出）」で最初に確認すべき点は？,休職では就業上の配慮の義務主体と実施タイミングを先に固定してください。試験頻出の観点では、比較表の1行目に「誰が・いつ・何を」を書くと誤答が減ります。 試験では数値+条件のセット暗記をセットで確認してください。,「休職」の典型誤答パターンは？,「休職」と「再発予防」の過去問で、主語・数値・条件文が入れ替わる肢に注意。関連する「就業上の配慮」との違いもセットで確認してください。 過去問では就業上の配慮に関する逆転肢や、類似制度の数値流用に注意してください。,「休職」の復習の進め方（試験頻出）は？,休職は過去問の逆転肢・数値混同を型別に分類し、条件文を最後まで読んでください。 誤答した設問は原因（主体・手順・数値・記録）をタグ付けして再演習してください。 試験では数値+条件のセット暗記をセットで確認してください。,「休職」の関連条文・資料は？,用語集の「就業上の配慮」と関連法令・試験要項を照合してください。 直前は誤答ノートと本ページを往復し、同型の引っかけを連続で解いてください。 試験では数値+条件のセット暗記をセットで確認してください。
s38-kon-linecare-kon,ラインケアの典型誤答（判例・ガイド）,基礎・役割,メンタルヘルスII種;;誤答,「ラインケア」で試験に出やすい誤答パターンを、主体・手順・数値・記録の型別に整理します。,「ラインケア」と「管理監督者への教育研修・情報提供」について、法令条文と通知・ガイドラインの関係を誤解しやすい。,"[{""topic"": ""主体"", ""wrong"": ""ラインケアと保健師の権限同一"", ""correct"": ""権限・責任を表で分離"", ""trap"": ""権限誤"", ""nuance"": ""混同"", ""angle"": ""判例・ガイド""}, {""topic"": ""根拠"", ""wrong"": ""通知だけで判断"", ""correct"": ""法令→通知の順で確認"", ""trap"": ""根拠誤"", ""nuance"": ""混同"", ""angle"": ""判例・ガイド""}, {""topic"": ""規約"", ""wrong"": ""規約が法令より優先"", ""correct"": ""法令優先・規約は補完"", ""trap"": ""優先誤"", ""nuance"": ""混同"", ""angle"": ""判例・ガイド""}, {""topic"": ""判例"", ""wrong"": ""典型例で一律判断"", ""correct"": ""事案ごとに条文・判例"", ""trap"": ""判例誤"", ""nuance"": ""混同"", ""angle"": ""判例・ガイド""}, {""topic"": ""主体"", ""wrong"": ""ラインケアと管理監督者への教育研修・情報提供の権限同一"", ""correct"": ""権限・責任を表で分離"", ""trap"": ""権限誤"", ""nuance"": ""逆転"", ""angle"": ""判例・ガイド""}, {""topic"": ""根拠"", ""wrong"": ""通知だけで判断"", ""correct"": ""法令→通知の順で確認"", ""trap"": ""根拠誤"", ""nuance"": ""逆転"", ""angle"": ""判例・ガイド""}, {""topic"": ""規約"", ""wrong"": ""規約が法令より優先"", ""correct"": ""法令優先・規約は補完"", ""trap"": ""優先誤"", ""nuance"": ""逆転"", ""angle"": ""判例・ガイド""}, {""topic"": ""判例"", ""wrong"": ""典型例で一律判断"", ""correct"": ""事案ごとに条文・判例"", ""trap"": ""判例誤"", ""nuance"": ""逆転"", ""angle"": ""判例・ガイド""}, {""topic"": ""主体"", ""wrong"": ""ラインケアとメンタルヘルス不調の定義の権限同一"", ""correct"": ""権限・責任を表で分離"", ""trap"": ""権限誤"", ""nuance"": ""盲信"", ""angle"": ""判例・ガイド""}, {""topic"": ""根拠"", ""wrong"": ""通知だけで判断"", ""correct"": ""法令→通知の順で確認"", ""trap"": ""根拠誤"", ""nuance"": ""盲信"", ""angle"": ""判例・ガイド""}, {""topic"": ""規約"", ""wrong"": ""規約が法令より優先"", ""correct"": ""法令優先・規約は補完"", ""trap"": ""優先誤"", ""nuance"": ""盲信"", ""angle"": ""判例・ガイド""}, {""topic"": ""判例"", ""wrong"": ""典型例で一律判断"", ""correct"": ""事案ごとに条文・判例"", ""trap"": ""判例誤"", ""nuance"": ""盲信"", ""angle"": ""判例・ガイド""}, {""topic"": ""規約"", ""wrong"": ""規約が法令より優先"", ""correct"": ""法令優先・規約は補完"", ""trap"": ""優先誤"", ""nuance"": ""未確認"", ""angle"": ""判例・ガイド""}, {""topic"": ""判例"", ""wrong"": ""典型例で一律判断"", ""correct"": ""事案ごとに条文・判例"", ""trap"": ""判例誤"", ""nuance"": ""未確認"", ""angle"": ""判例・ガイド""}, {""topic"": ""主体"", ""wrong"": ""ラインケアとメンタルヘルス不調の定義の権限同一"", ""correct"": ""権限・責任を表で分離"", ""trap"": ""権限誤"", ""nuance"": ""未確認"", ""angle"": ""判例・ガイド""}, {""topic"": ""根拠"", ""wrong"": ""通知だけで判断"", ""correct"": ""法令→通知の順で確認"", ""trap"": ""根拠誤"", ""nuance"": ""未確認"", ""angle"": ""判例・ガイド""}, {""topic"": ""規約"", ""wrong"": ""規約が法令より優先"", ""correct"": ""法令優先・規約は補完"", ""trap"": ""優先誤"", ""nuance"": ""放置"", ""angle"": ""判例・ガイド""}, {""topic"": ""判例"", ""wrong"": ""典型例で一律判断"", ""correct"": ""事案ごとに条文・判例"", ""trap"": ""判例誤"", ""nuance"": ""放置"", ""angle"": ""判例・ガイド""}, {""topic"": ""主体"", ""wrong"": ""ラインケアと管理監督者への教育研修・情報提供の権限同一"", ""correct"": ""権限・責任を表で分離"", ""trap"": ""権限誤"", ""nuance"": ""放置"", ""angle"": ""判例・ガイド""}, {""topic"": ""根拠"", ""wrong"": ""通知だけで判断"", ""correct"": ""法令→通知の順で確認"", ""trap"": ""根拠誤"", ""nuance"": ""放置"", ""angle"": ""判例・ガイド""}]",ラインケアの混同｜メンタルヘルスII種,ラインケアは法令条文とガイドライン・通知の対応表を作成し、優先関係を確認してください。,優先順位を表で整理;ラインケアのガイドと条文の対応;通知・通達の位置づけ確認,手順を省略したまま正解と判断;記録・報告義務を見落とす;旧要項・旧数値をそのまま適用,「ラインケア＝条文→ガイド→事例」,管理監督者への教育研修・情報提供;メンタルヘルス不調の定義;保健師,「ラインケアの混同」の試験での位置づけは？,誤答はラインケア・集団分析の読み落としが中心です。誤答型を記録し、比較表へ戻って根拠を再確認してください。数値・日程・合格基準は日本産業衛生協会の公開資料とメンタルヘルス・マネジメント検定II種の試験要項で必ず確認してください。 試験では誤答型を分類を軸に、関連条文・数値・主体の取り違えを照合してください。,「ラインケアの混同」でよくある誤答パターンは？,原因を残さない;同型を放置;法令未確認 誤答肢では主語を固定で読むの主語や条件が入れ替わることが多いので、比較表で整理してください。 過去問で正誤の型を分類し、試験要項で数値・期限を照合してください。,「ラインケアの混同」の覚え方・確認手順は？,「ラインケアの混同」では誤答型を分類を軸に、条文・数値・主体の取り違えを比較表で整理してください。 典型誤答は原因を残さない;同型を放置;法令未確認。 過去問では条件文の主語入れ替え肢に注意してください。,「ラインケアの混同」の公式情報はどこで確認しますか？,「ラインケアの混同」では誤答型を分類を軸に、条文・数値・主体の取り違えを比較表で整理してください。 典型誤答は原因を残さない;同型を放置;法令未確認。 過去問では条件文の主語入れ替え肢に注意してください。
s38-kon-shudan-gokai,集団分析の典型誤答（判例・ガイド）,職場環境・配慮,メンタルヘルスII種;;誤答,「集団分析」で試験に出やすい誤答パターンを、主体・手順・数値・記録の型別に整理します。,「集団分析」と「職場環境の改善」について、法令条文と通知・ガイドラインの関係を誤解しやすい。,"[{""topic"": ""規約"", ""wrong"": ""規約が法令より優先"", ""correct"": ""法令優先・規約は補完"", ""trap"": ""優先誤"", ""nuance"": ""誤認"", ""angle"": ""判例・ガイド""}, {""topic"": ""判例"", ""wrong"": ""典型例で一律判断"", ""correct"": ""事案ごとに条文・判例"", ""trap"": ""判例誤"", ""nuance"": ""誤認"", ""angle"": ""判例・ガイド""}, {""topic"": ""主体"", ""wrong"": ""集団分析とストレスチェックの権限同一"", ""correct"": ""権限・責任を表で分離"", ""trap"": ""権限誤"", ""nuance"": ""誤認"", ""angle"": ""判例・ガイド""}, {""topic"": ""根拠"", ""wrong"": ""通知だけで判断"", ""correct"": ""法令→通知の順で確認"", ""trap"": ""根拠誤"", ""nuance"": ""誤認"", ""angle"": ""判例・ガイド""}, {""topic"": ""根拠"", ""wrong"": ""通知だけで判断"", ""correct"": ""法令→通知の順で確認"", ""trap"": ""根拠誤"", ""nuance"": ""ゼロ"", ""angle"": ""判例・ガイド""}, {""topic"": ""規約"", ""wrong"": ""規約が法令より優先"", ""correct"": ""法令優先・規約は補完"", ""trap"": ""優先誤"", ""nuance"": ""ゼロ"", ""angle"": ""判例・ガイド""}, {""topic"": ""判例"", ""wrong"": ""典型例で一律判断"", ""correct"": ""事案ごとに条文・判例"", ""trap"": ""判例誤"", ""nuance"": ""ゼロ"", ""angle"": ""判例・ガイド""}, {""topic"": ""主体"", ""wrong"": ""集団分析と過重労働防止の権限同一"", ""correct"": ""権限・責任を表で分離"", ""trap"": ""権限誤"", ""nuance"": ""ゼロ"", ""angle"": ""判例・ガイド""}, {""topic"": ""判例"", ""wrong"": ""典型例で一律判断"", ""correct"": ""事案ごとに条文・判例"", ""trap"": ""判例誤"", ""nuance"": ""省略"", ""angle"": ""判例・ガイド""}, {""topic"": ""主体"", ""wrong"": ""集団分析と過重労働防止の権限同一"", ""correct"": ""権限・責任を表で分離"", ""trap"": ""権限誤"", ""nuance"": ""省略"", ""angle"": ""判例・ガイド""}, {""topic"": ""根拠"", ""wrong"": ""通知だけで判断"", ""correct"": ""法令→通知の順で確認"", ""trap"": ""根拠誤"", ""nuance"": ""省略"", ""angle"": ""判例・ガイド""}, {""topic"": ""規約"", ""wrong"": ""規約が法令より優先"", ""correct"": ""法令優先・規約は補完"", ""trap"": ""優先誤"", ""nuance"": ""省略"", ""angle"": ""判例・ガイド""}, {""topic"": ""根拠"", ""wrong"": ""通知だけで判断"", ""correct"": ""法令→通知の順で確認"", ""trap"": ""根拠誤"", ""nuance"": ""過剰"", ""angle"": ""判例・ガイド""}, {""topic"": ""規約"", ""wrong"": ""規約が法令より優先"", ""correct"": ""法令優先・規約は補完"", ""trap"": ""優先誤"", ""nuance"": ""過剰"", ""angle"": ""判例・ガイド""}, {""topic"": ""判例"", ""wrong"": ""典型例で一律判断"", ""correct"": ""事案ごとに条文・判例"", ""trap"": ""判例誤"", ""nuance"": ""過剰"", ""angle"": ""判例・ガイド""}, {""topic"": ""主体"", ""wrong"": ""集団分析と職場環境の改善の権限同一"", ""correct"": ""権限・責任を表で分離"", ""trap"": ""権限誤"", ""nuance"": ""過剰"", ""angle"": ""判例・ガイド""}, {""topic"": ""規約"", ""wrong"": ""規約が法令より優先"", ""correct"": ""法令優先・規約は補完"", ""trap"": ""優先誤"", ""nuance"": ""未使用"", ""angle"": ""判例・ガイド""}, {""topic"": ""判例"", ""wrong"": ""典型例で一律判断"", ""correct"": ""事案ごとに条文・判例"", ""trap"": ""判例誤"", ""nuance"": ""未使用"", ""angle"": ""判例・ガイド""}, {""topic"": ""主体"", ""wrong"": ""集団分析と職場環境の改善の権限同一"", ""correct"": ""権限・責任を表で分離"", ""trap"": ""権限誤"", ""nuance"": ""未使用"", ""angle"": ""判例・ガイド""}, {""topic"": ""根拠"", ""wrong"": ""通知だけで判断"", ""correct"": ""法令→通知の順で確認"", ""trap"": ""根拠誤"", ""nuance"": ""未使用"", ""angle"": ""判例・ガイド""}]",集団分析の誤認｜メンタルヘルスII種,集団分析は法令条文とガイドライン・通知の対応表を作成し、優先関係を確認してください。,優先順位を表で整理;集団分析のガイドと条文の対応;通知・通達の位置づけ確認,職場環境の改善と類似制度を混同;手順を省略したまま正解と判断;記録・報告義務を見落とす,「集団分析＝条文→ガイド→事例」,職場環境の改善;過重労働防止;ストレスチェック,「集団分析の誤認（判例・ガイド）」で最初に確認すべき点は？,集団分析では職場環境の改善の義務主体と実施タイミングを先に固定してください。判例・ガイドの観点では、比較表の1行目に「誰が・いつ・何を」を書くと誤答が減ります。 試験では優先順位を表で整理をセットで確認してください。,「集団分析」の典型誤答パターンは？,「集団分析」と「ストレスチェック」について、法令条文と通知・ガイドラインの関係を誤解しやすい。関連する「職場環境の改善」との違いもセットで確認してください。 過去問では職場環境の改善に関する逆転肢や、類似制度の数値流用に注意してください。,「集団分析」の復習の進め方（判例・ガイド）は？,集団分析は法令条文とガイドライン・通知の対応表を作成し、優先関係を確認してください。 誤答した設問は原因（主体・手順・数値・記録）をタグ付けして再演習してください。 試験では優先順位を表で整理をセットで確認してください。,「集団分析」の関連条文・資料は？,用語集の「職場環境の改善」と関連法令・試験要項を照合してください。 直前は誤答ノートと本ページを往復し、同型の引っかけを連続で解いてください。 試験では優先順位を表で整理をセットで確認してください。 誤答では職場環境の改善と類似制度を混同に注意してください。
s39-kon-kiroku-kon,記録の典型誤答（横断総合）,相談・連携・復職,メンタルヘルスII種;;誤答,「記録」で試験に出やすい誤答パターンを、主体・手順・数値・記録の型別に整理します。,「記録」と「就業上の配慮」の境界が曖昧になり、総合問題で誤答しやすい。,"[{""topic"": ""費用"", ""wrong"": ""修繕費と管理費を混同"", ""correct"": ""会計区分を固定"", ""trap"": ""会計誤"", ""nuance"": ""混同"", ""angle"": ""横断総合""}, {""topic"": ""時点"", ""wrong"": ""手続完了前に効力発生"", ""correct"": ""決議→実行の順序固定"", ""trap"": ""時点誤"", ""nuance"": ""混同"", ""angle"": ""横断総合""}, {""topic"": ""選任"", ""wrong"": ""管理会社社員で代替"", ""correct"": ""法定選任要件を確認"", ""trap"": ""選任誤"", ""nuance"": ""混同"", ""angle"": ""横断総合""}, {""topic"": ""横断"", ""wrong"": ""記録と就業上の配慮を同列処理"", ""correct"": ""制度ごとに軸を分ける"", ""trap"": ""横断誤"", ""nuance"": ""混同"", ""angle"": ""横断総合""}, {""topic"": ""横断"", ""wrong"": ""記録と再発予防を同列処理"", ""correct"": ""制度ごとに軸を分ける"", ""trap"": ""横断誤"", ""nuance"": ""逆転"", ""angle"": ""横断総合""}, {""topic"": ""費用"", ""wrong"": ""修繕費と管理費を混同"", ""correct"": ""会計区分を固定"", ""trap"": ""会計誤"", ""nuance"": ""逆転"", ""angle"": ""横断総合""}, {""topic"": ""時点"", ""wrong"": ""手続完了前に効力発生"", ""correct"": ""決議→実行の順序固定"", ""trap"": ""時点誤"", ""nuance"": ""逆転"", ""angle"": ""横断総合""}, {""topic"": ""選任"", ""wrong"": ""管理会社社員で代替"", ""correct"": ""法定選任要件を確認"", ""trap"": ""選任誤"", ""nuance"": ""逆転"", ""angle"": ""横断総合""}, {""topic"": ""費用"", ""wrong"": ""修繕費と管理費を混同"", ""correct"": ""会計区分を固定"", ""trap"": ""会計誤"", ""nuance"": ""盲信"", ""angle"": ""横断総合""}, {""topic"": ""時点"", ""wrong"": ""手続完了前に効力発生"", ""correct"": ""決議→実行の順序固定"", ""trap"": ""時点誤"", ""nuance"": ""盲信"", ""angle"": ""横断総合""}, {""topic"": ""選任"", ""wrong"": ""管理会社社員で代替"", ""correct"": ""法定選任要件を確認"", ""trap"": ""選任誤"", ""nuance"": ""盲信"", ""angle"": ""横断総合""}, {""topic"": ""横断"", ""wrong"": ""記録と復職を同列処理"", ""correct"": ""制度ごとに軸を分ける"", ""trap"": ""横断誤"", ""nuance"": ""盲信"", ""angle"": ""横断総合""}, {""topic"": ""横断"", ""wrong"": ""記録と就業上の配慮を同列処理"", ""correct"": ""制度ごとに軸を分ける"", ""trap"": ""横断誤"", ""nuance"": ""未確認"", ""angle"": ""横断総合""}, {""topic"": ""費用"", ""wrong"": ""修繕費と管理費を混同"", ""correct"": ""会計区分を固定"", ""trap"": ""会計誤"", ""nuance"": ""未確認"", ""angle"": ""横断総合""}, {""topic"": ""時点"", ""wrong"": ""手続完了前に効力発生"", ""correct"": ""決議→実行の順序固定"", ""trap"": ""時点誤"", ""nuance"": ""未確認"", ""angle"": ""横断総合""}, {""topic"": ""選任"", ""wrong"": ""管理会社社員で代替"", ""correct"": ""法定選任要件を確認"", ""trap"": ""選任誤"", ""nuance"": ""未確認"", ""angle"": ""横断総合""}, {""topic"": ""選任"", ""wrong"": ""管理会社社員で代替"", ""correct"": ""法定選任要件を確認"", ""trap"": ""選任誤"", ""nuance"": ""放置"", ""angle"": ""横断総合""}, {""topic"": ""横断"", ""wrong"": ""記録と復職を同列処理"", ""correct"": ""制度ごとに軸を分ける"", ""trap"": ""横断誤"", ""nuance"": ""放置"", ""angle"": ""横断総合""}, {""topic"": ""費用"", ""wrong"": ""修繕費と管理費を混同"", ""correct"": ""会計区分を固定"", ""trap"": ""会計誤"", ""nuance"": ""放置"", ""angle"": ""横断総合""}, {""topic"": ""時点"", ""wrong"": ""手続完了前に効力発生"", ""correct"": ""決議→実行の順序固定"", ""trap"": ""時点誤"", ""nuance"": ""放置"", ""angle"": ""横断総合""}]",記録の混同｜メンタルヘルスII種,記録は関連制度との違いを横断マップにまとめ、直前総仕上げに使ってください。,記録と関連制度の違い;横断マップで弱点可視化;直前は誤答型の反復,記録・報告義務を見落とす;旧要項・旧数値をそのまま適用;記録の主体を固定せずに暗記,「記録＝関連制度と境界線」,就業上の配慮;復職;再発予防,「記録の混同（横断総合）」で最初に確認すべき点は？,記録では就業上の配慮の義務主体と実施タイミングを先に固定してください。横断総合の観点では、比較表の1行目に「誰が・いつ・何を」を書くと誤答が減ります。 試験では記録と関連制度の違いをセットで確認してください。,「記録」の典型誤答パターンは？,「記録」と「就業上の配慮」の境界が曖昧になり、総合問題で誤答しやすい。 過去問では就業上の配慮に関する逆転肢や、類似制度の数値流用に注意してください。 試験では記録と関連制度の違いをセットで確認してください。,「記録」の復習の進め方（横断総合）は？,記録は関連制度との違いを横断マップにまとめ、直前総仕上げに使ってください。 誤答した設問は原因（主体・手順・数値・記録）をタグ付けして再演習してください。 試験では記録と関連制度の違いをセットで確認してください。,「記録」の関連条文・資料は？,用語集の「就業上の配慮」と関連法令・試験要項を照合してください。 直前は誤答ノートと本ページを往復し、同型の引っかけを連続で解いてください。 試験では記録と関連制度の違いをセットで確認してください。 誤答では記録・報告義務を見落とすに注意してください。
s39-kon-shiken-gokai,試験の典型誤答（横断総合）,基礎・役割,メンタルヘルスII種;;誤答,「試験」で試験に出やすい誤答パターンを、主体・手順・数値・記録の型別に整理します。,「試験」と「保健師」の境界が曖昧になり、総合問題で誤答しやすい。関連する「管理監督者への教育研修・情報提供」との違いもセットで確認してください。,"[{""topic"": ""選任"", ""wrong"": ""管理会社社員で代替"", ""correct"": ""法定選任要件を確認"", ""trap"": ""選任誤"", ""nuance"": ""誤認"", ""angle"": ""横断総合""}, {""topic"": ""横断"", ""wrong"": ""試験とメンタルヘルス不調の定義を同列処理"", ""correct"": ""制度ごとに軸を分ける"", ""trap"": ""横断誤"", ""nuance"": ""誤認"", ""angle"": ""横断総合""}, {""topic"": ""費用"", ""wrong"": ""修繕費と管理費を混同"", ""correct"": ""会計区分を固定"", ""trap"": ""会計誤"", ""nuance"": ""誤認"", ""angle"": ""横断総合""}, {""topic"": ""時点"", ""wrong"": ""手続完了前に効力発生"", ""correct"": ""決議→実行の順序固定"", ""trap"": ""時点誤"", ""nuance"": ""誤認"", ""angle"": ""横断総合""}, {""topic"": ""時点"", ""wrong"": ""手続完了前に効力発生"", ""correct"": ""決議→実行の順序固定"", ""trap"": ""時点誤"", ""nuance"": ""ゼロ"", ""angle"": ""横断総合""}, {""topic"": ""選任"", ""wrong"": ""管理会社社員で代替"", ""correct"": ""法定選任要件を確認"", ""trap"": ""選任誤"", ""nuance"": ""ゼロ"", ""angle"": ""横断総合""}, {""topic"": ""横断"", ""wrong"": ""試験とメンタルヘルス不調の定義を同列処理"", ""correct"": ""制度ごとに軸を分ける"", ""trap"": ""横断誤"", ""nuance"": ""ゼロ"", ""angle"": ""横断総合""}, {""topic"": ""費用"", ""wrong"": ""修繕費と管理費を混同"", ""correct"": ""会計区分を固定"", ""trap"": ""会計誤"", ""nuance"": ""ゼロ"", ""angle"": ""横断総合""}, {""topic"": ""選任"", ""wrong"": ""管理会社社員で代替"", ""correct"": ""法定選任要件を確認"", ""trap"": ""選任誤"", ""nuance"": ""省略"", ""angle"": ""横断総合""}, {""topic"": ""横断"", ""wrong"": ""試験と保健師を同列処理"", ""correct"": ""制度ごとに軸を分ける"", ""trap"": ""横断誤"", ""nuance"": ""省略"", ""angle"": ""横断総合""}, {""topic"": ""費用"", ""wrong"": ""修繕費と管理費を混同"", ""correct"": ""会計区分を固定"", ""trap"": ""会計誤"", ""nuance"": ""省略"", ""angle"": ""横断総合""}, {""topic"": ""時点"", ""wrong"": ""手続完了前に効力発生"", ""correct"": ""決議→実行の順序固定"", ""trap"": ""時点誤"", ""nuance"": ""省略"", ""angle"": ""横断総合""}, {""topic"": ""費用"", ""wrong"": ""修繕費と管理費を混同"", ""correct"": ""会計区分を固定"", ""trap"": ""会計誤"", ""nuance"": ""過剰"", ""angle"": ""横断総合""}, {""topic"": ""時点"", ""wrong"": ""手続完了前に効力発生"", ""correct"": ""決議→実行の順序固定"", ""trap"": ""時点誤"", ""nuance"": ""過剰"", ""angle"": ""横断総合""}, {""topic"": ""選任"", ""wrong"": ""管理会社社員で代替"", ""correct"": ""法定選任要件を確認"", ""trap"": ""選任誤"", ""nuance"": ""過剰"", ""angle"": ""横断総合""}, {""topic"": ""横断"", ""wrong"": ""試験とメンタルヘルス不調の定義を同列処理"", ""correct"": ""制度ごとに軸を分ける"", ""trap"": ""横断誤"", ""nuance"": ""過剰"", ""angle"": ""横断総合""}, {""topic"": ""時点"", ""wrong"": ""手続完了前に効力発生"", ""correct"": ""決議→実行の順序固定"", ""trap"": ""時点誤"", ""nuance"": ""未使用"", ""angle"": ""横断総合""}, {""topic"": ""選任"", ""wrong"": ""管理会社社員で代替"", ""correct"": ""法定選任要件を確認"", ""trap"": ""選任誤"", ""nuance"": ""未使用"", ""angle"": ""横断総合""}, {""topic"": ""横断"", ""wrong"": ""試験と保健師を同列処理"", ""correct"": ""制度ごとに軸を分ける"", ""trap"": ""横断誤"", ""nuance"": ""未使用"", ""angle"": ""横断総合""}, {""topic"": ""費用"", ""wrong"": ""修繕費と管理費を混同"", ""correct"": ""会計区分を固定"", ""trap"": ""会計誤"", ""nuance"": ""未使用"", ""angle"": ""横断総合""}]",試験の誤認｜メンタルヘルスII種,試験は関連制度との違いを横断マップにまとめ、直前総仕上げに使ってください。,横断マップで弱点可視化;直前は誤答型の反復;試験と関連制度の違い,手順を省略したまま正解と判断;記録・報告義務を見落とす;旧要項・旧数値をそのまま適用,「試験＝関連制度と境界線」,管理監督者への教育研修・情報提供;メンタルヘルス不調の定義;保健師,「試験の誤認（横断総合）」で最初に確認すべき点は？,試験では管理監督者への教育研修・情報提供の義務主体と実施タイミングを先に固定してください。横断総合の観点では、比較表の1行目に「誰が・いつ・何を」を書くと誤答が減ります。 試験では横断マップで弱点可視化をセットで確認してください。,「試験」の典型誤答パターンは？,「試験」と「メンタルヘルス不調の定義」の境界が曖昧になり、総合問題で誤答しやすい。関連する「管理監督者への教育研修・情報提供」との違いもセットで確認してください。 過去問では管理監督者への教育研修・情報提供に関する逆転肢や、類似制度の数値流用に注意してください。,「試験」の復習の進め方（横断総合）は？,試験は関連制度との違いを横断マップにまとめ、直前総仕上げに使ってください。 誤答した設問は原因（主体・手順・数値・記録）をタグ付けして再演習してください。 試験では横断マップで弱点可視化をセットで確認してください。,「試験」の関連条文・資料は？,用語集の「管理監督者への教育研修・情報提供」と関連法令・試験要項を照合してください。 直前は誤答ノートと本ページを往復し、同型の引っかけを連続で解いてください。 試験では横断マップで弱点可視化をセットで確認してください。
s40-kon-saihatsu-keikaku-kon,再発防止計画の典型誤答（基礎整理）,相談・連携・復職,メンタルヘルスII種;;誤答,「再発防止計画」で試験に出やすい誤答パターンを、主体・手順・数値・記録の型別に整理します。,「再発防止計画」と「就業上の配慮」の定義・目的を取り違え、同一制度と短絡しやすい。,"[{""topic"": ""決議"", ""wrong"": ""過半数"", ""correct"": ""5分の4"", ""trap"": ""決議誤"", ""nuance"": ""混同"", ""angle"": ""基礎整理""}, {""topic"": ""混同"", ""wrong"": ""再発防止計画＝就業上の配慮"", ""correct"": ""再発防止計画と就業上の配慮は別"", ""trap"": ""名称類似"", ""nuance"": ""混同"", ""angle"": ""基礎整理""}, {""topic"": ""主体"", ""wrong"": ""管業が決定"", ""correct"": ""管理組合が決定"", ""trap"": ""主体誤"", ""nuance"": ""混同"", ""angle"": ""基礎整理""}, {""topic"": ""機関"", ""wrong"": ""理事会のみ"", ""correct"": ""総会決議"", ""trap"": ""機関誤"", ""nuance"": ""混同"", ""angle"": ""基礎整理""}, {""topic"": ""決議"", ""wrong"": ""過半数"", ""correct"": ""5分の4"", ""trap"": ""決議誤"", ""nuance"": ""逆転"", ""angle"": ""基礎整理""}, {""topic"": ""混同"", ""wrong"": ""再発防止計画＝再発予防"", ""correct"": ""再発防止計画と再発予防は別"", ""trap"": ""名称類似"", ""nuance"": ""逆転"", ""angle"": ""基礎整理""}, {""topic"": ""主体"", ""wrong"": ""管業が決定"", ""correct"": ""管理組合が決定"", ""trap"": ""主体誤"", ""nuance"": ""逆転"", ""angle"": ""基礎整理""}, {""topic"": ""機関"", ""wrong"": ""理事会のみ"", ""correct"": ""総会決議"", ""trap"": ""機関誤"", ""nuance"": ""逆転"", ""angle"": ""基礎整理""}, {""topic"": ""機関"", ""wrong"": ""理事会のみ"", ""correct"": ""総会決議"", ""trap"": ""機関誤"", ""nuance"": ""盲信"", ""angle"": ""基礎整理""}, {""topic"": ""決議"", ""wrong"": ""過半数"", ""correct"": ""5分の4"", ""trap"": ""決議誤"", ""nuance"": ""盲信"", ""angle"": ""基礎整理""}, {""topic"": ""混同"", ""wrong"": ""再発防止計画＝就業上の配慮"", ""correct"": ""再発防止計画と就業上の配慮は別"", ""trap"": ""名称類似"", ""nuance"": ""盲信"", ""angle"": ""基礎整理""}, {""topic"": ""主体"", ""wrong"": ""管業が決定"", ""correct"": ""管理組合が決定"", ""trap"": ""主体誤"", ""nuance"": ""盲信"", ""angle"": ""基礎整理""}, {""topic"": ""決議"", ""wrong"": ""過半数"", ""correct"": ""5分の4"", ""trap"": ""決議誤"", ""nuance"": ""未確認"", ""angle"": ""基礎整理""}, {""topic"": ""混同"", ""wrong"": ""再発防止計画＝復職"", ""correct"": ""再発防止計画と復職は別"", ""trap"": ""名称類似"", ""nuance"": ""未確認"", ""angle"": ""基礎整理""}, {""topic"": ""主体"", ""wrong"": ""管業が決定"", ""correct"": ""管理組合が決定"", ""trap"": ""主体誤"", ""nuance"": ""未確認"", ""angle"": ""基礎整理""}, {""topic"": ""機関"", ""wrong"": ""理事会のみ"", ""correct"": ""総会決議"", ""trap"": ""機関誤"", ""nuance"": ""未確認"", ""angle"": ""基礎整理""}, {""topic"": ""混同"", ""wrong"": ""再発防止計画＝再発予防"", ""correct"": ""再発防止計画と再発予防は別"", ""trap"": ""名称類似"", ""nuance"": ""放置"", ""angle"": ""基礎整理""}, {""topic"": ""主体"", ""wrong"": ""管業が決定"", ""correct"": ""管理組合が決定"", ""trap"": ""主体誤"", ""nuance"": ""放置"", ""angle"": ""基礎整理""}, {""topic"": ""機関"", ""wrong"": ""理事会のみ"", ""correct"": ""総会決議"", ""trap"": ""機関誤"", ""nuance"": ""放置"", ""angle"": ""基礎整理""}, {""topic"": ""決議"", ""wrong"": ""過半数"", ""correct"": ""5分の4"", ""trap"": ""決議誤"", ""nuance"": ""放置"", ""angle"": ""基礎整理""}]",再発防止計画の混同｜メンタルヘルスII種,再発防止計画は用語の定義と義務主体を先に固定し、比較表で整理してください。,再発防止計画の定義と主体を固定;用語の境界を表で整理;類似語の入替肢に注意,記録・報告義務を見落とす;旧要項・旧数値をそのまま適用;再発防止計画の主体を固定せずに暗記,「再発防止計画＝定義→主体→対象」,就業上の配慮;復職;再発予防,「再発防止計画の混同」の試験での位置づけは？,誤答は再発防止計画・休復職支援の読み落としが中心です。誤答型を記録し、比較表へ戻って根拠を再確認してください。数値・日程・合格基準は日本産業衛生協会の公開資料とメンタルヘルス・マネジメント検定II種の試験要項で必ず確認してください。 試験では誤答型を分類を軸に、関連条文・数値・主体の取り違えを照合してください。,「再発防止計画の混同」でよくある誤答パターンは？,原因を残さない;同型を放置;法令未確認 誤答肢では主語を固定で読むの主語や条件が入れ替わることが多いので、比較表で整理してください。 過去問で正誤の型を分類し、試験要項で数値・期限を照合してください。,「再発防止計画の混同」の覚え方・確認手順は？,「再発防止計画の混同」では誤答型を分類を軸に、条文・数値・主体の取り違えを比較表で整理してください。 典型誤答は原因を残さない;同型を放置;法令未確認。 過去問では条件文の主語入れ替え肢に注意してください。,「再発防止計画の混同」の公式情報はどこで確認しますか？,「再発防止計画の混同」では誤答型を分類を軸に、条文・数値・主体の取り違えを比較表で整理してください。 典型誤答は原因を残さない;同型を放置;法令未確認。 過去問では条件文の主語入れ替え肢に注意してください。
s40-kon-kyufukki-shien-gokai,休復職支援の典型誤答（基礎整理）,相談・連携・復職,メンタルヘルスII種;;誤答,「休復職支援」で試験に出やすい誤答パターンを、主体・手順・数値・記録の型別に整理します。,「休復職支援」と「就業上の配慮」の定義・目的を取り違え、同一制度と短絡しやすい。,"[{""topic"": ""主体"", ""wrong"": ""管業が決定"", ""correct"": ""管理組合が決定"", ""trap"": ""主体誤"", ""nuance"": ""誤認"", ""angle"": ""基礎整理""}, {""topic"": ""機関"", ""wrong"": ""理事会のみ"", ""correct"": ""総会決議"", ""trap"": ""機関誤"", ""nuance"": ""誤認"", ""angle"": ""基礎整理""}, {""topic"": ""決議"", ""wrong"": ""過半数"", ""correct"": ""5分の4"", ""trap"": ""決議誤"", ""nuance"": ""誤認"", ""angle"": ""基礎整理""}, {""topic"": ""混同"", ""wrong"": ""休復職支援＝就業上の配慮"", ""correct"": ""休復職支援と就業上の配慮は別"", ""trap"": ""名称類似"", ""nuance"": ""誤認"", ""angle"": ""基礎整理""}, {""topic"": ""決議"", ""wrong"": ""過半数"", ""correct"": ""5分の4"", ""trap"": ""決議誤"", ""nuance"": ""ゼロ"", ""angle"": ""基礎整理""}, {""topic"": ""混同"", ""wrong"": ""休復職支援＝復職"", ""correct"": ""休復職支援と復職は別"", ""trap"": ""名称類似"", ""nuance"": ""ゼロ"", ""angle"": ""基礎整理""}, {""topic"": ""主体"", ""wrong"": ""管業が決定"", ""correct"": ""管理組合が決定"", ""trap"": ""主体誤"", ""nuance"": ""ゼロ"", ""angle"": ""基礎整理""}, {""topic"": ""機関"", ""wrong"": ""理事会のみ"", ""correct"": ""総会決議"", ""trap"": ""機関誤"", ""nuance"": ""ゼロ"", ""angle"": ""基礎整理""}, {""topic"": ""決議"", ""wrong"": ""過半数"", ""correct"": ""5分の4"", ""trap"": ""決議誤"", ""nuance"": ""省略"", ""angle"": ""基礎整理""}, {""topic"": ""混同"", ""wrong"": ""休復職支援＝再発予防"", ""correct"": ""休復職支援と再発予防は別"", ""trap"": ""名称類似"", ""nuance"": ""省略"", ""angle"": ""基礎整理""}, {""topic"": ""主体"", ""wrong"": ""管業が決定"", ""correct"": ""管理組合が決定"", ""trap"": ""主体誤"", ""nuance"": ""省略"", ""angle"": ""基礎整理""}, {""topic"": ""機関"", ""wrong"": ""理事会のみ"", ""correct"": ""総会決議"", ""trap"": ""機関誤"", ""nuance"": ""省略"", ""angle"": ""基礎整理""}, {""topic"": ""混同"", ""wrong"": ""休復職支援＝就業上の配慮"", ""correct"": ""休復職支援と就業上の配慮は別"", ""trap"": ""名称類似"", ""nuance"": ""過剰"", ""angle"": ""基礎整理""}, {""topic"": ""主体"", ""wrong"": ""管業が決定"", ""correct"": ""管理組合が決定"", ""trap"": ""主体誤"", ""nuance"": ""過剰"", ""angle"": ""基礎整理""}, {""topic"": ""機関"", ""wrong"": ""理事会のみ"", ""correct"": ""総会決議"", ""trap"": ""機関誤"", ""nuance"": ""過剰"", ""angle"": ""基礎整理""}, {""topic"": ""決議"", ""wrong"": ""過半数"", ""correct"": ""5分の4"", ""trap"": ""決議誤"", ""nuance"": ""過剰"", ""angle"": ""基礎整理""}, {""topic"": ""決議"", ""wrong"": ""過半数"", ""correct"": ""5分の4"", ""trap"": ""決議誤"", ""nuance"": ""未使用"", ""angle"": ""基礎整理""}, {""topic"": ""混同"", ""wrong"": ""休復職支援＝復職"", ""correct"": ""休復職支援と復職は別"", ""trap"": ""名称類似"", ""nuance"": ""未使用"", ""angle"": ""基礎整理""}, {""topic"": ""主体"", ""wrong"": ""管業が決定"", ""correct"": ""管理組合が決定"", ""trap"": ""主体誤"", ""nuance"": ""未使用"", ""angle"": ""基礎整理""}, {""topic"": ""機関"", ""wrong"": ""理事会のみ"", ""correct"": ""総会決議"", ""trap"": ""機関誤"", ""nuance"": ""未使用"", ""angle"": ""基礎整理""}]",休復職支援の誤認｜メンタルヘルスII種,休復職支援は用語の定義と義務主体を先に固定し、比較表で整理してください。,休復職支援の定義と主体を固定;用語の境界を表で整理;類似語の入替肢に注意,旧要項・旧数値をそのまま適用;休復職支援の主体を固定せずに暗記;就業上の配慮と類似制度を混同,「休復職支援＝定義→主体→対象」,就業上の配慮;復職;再発予防,「休復職支援の誤認」の試験での位置づけは？,誤答は再発防止計画・休復職支援の読み落としが中心です。誤答型を記録し、比較表へ戻って根拠を再確認してください。数値・日程・合格基準は日本産業衛生協会の公開資料とメンタルヘルス・マネジメント検定II種の試験要項で必ず確認してください。 試験では誤答型を分類を軸に、関連条文・数値・主体の取り違えを照合してください。,「休復職支援の誤認」でよくある誤答パターンは？,原因を残さない;同型を放置;法令未確認 誤答肢では主語を固定で読むの主語や条件が入れ替わることが多いので、比較表で整理してください。 過去問で正誤の型を分類し、試験要項で数値・期限を照合してください。,「休復職支援の誤認」の覚え方・確認手順は？,「休復職支援の誤認」では誤答型を分類を軸に、条文・数値・主体の取り違えを比較表で整理してください。 典型誤答は原因を残さない;同型を放置;法令未確認。 過去問では条件文の主語入れ替え肢に注意してください。,「休復職支援の誤認」の公式情報はどこで確認しますか？,「休復職支援の誤認」では誤答型を分類を軸に、条文・数値・主体の取り違えを比較表で整理してください。 典型誤答は原因を残さない;同型を放置;法令未確認。 過去問では条件文の主語入れ替え肢に注意してください。
s41-kon-sangyoui-mensetsu-kon,産業医面接の典型誤答（実務連動）,基礎・役割,メンタルヘルスII種;;誤答,「産業医面接」で試験に出やすい誤答パターンを、主体・手順・数値・記録の型別に整理します。,「産業医面接」と「管理監督者への教育研修・情報提供」の実施主体・手続順序（誰が・いつ・何を）を混同しやすい。,"[{""topic"": ""費用"", ""wrong"": ""産業医面接と保健師を同一費目"", ""correct"": ""費目・会計を分離"", ""trap"": ""費用誤"", ""nuance"": ""混同"", ""angle"": ""実務連動""}, {""topic"": ""主体"", ""wrong"": ""管理会社が単独決定"", ""correct"": ""組合の意思決定"", ""trap"": ""主体誤"", ""nuance"": ""混同"", ""angle"": ""実務連動""}, {""topic"": ""手続"", ""wrong"": ""産業医面接の手続を省略"", ""correct"": ""産業医面接→保健師の順で確認"", ""trap"": ""手続誤"", ""nuance"": ""混同"", ""angle"": ""実務連動""}, {""topic"": ""記録"", ""wrong"": ""記録不要"", ""correct"": ""記録・保存まで追跡"", ""trap"": ""記録誤"", ""nuance"": ""混同"", ""angle"": ""実務連動""}, {""topic"": ""手続"", ""wrong"": ""産業医面接の手続を省略"", ""correct"": ""産業医面接→管理監督者への教育研修・情報提供の順で確認"", ""trap"": ""手続誤"", ""nuance"": ""逆転"", ""angle"": ""実務連動""}, {""topic"": ""記録"", ""wrong"": ""記録不要"", ""correct"": ""記録・保存まで追跡"", ""trap"": ""記録誤"", ""nuance"": ""逆転"", ""angle"": ""実務連動""}, {""topic"": ""費用"", ""wrong"": ""産業医面接と管理監督者への教育研修・情報提供を同一費目"", ""correct"": ""費目・会計を分離"", ""trap"": ""費用誤"", ""nuance"": ""逆転"", ""angle"": ""実務連動""}, {""topic"": ""主体"", ""wrong"": ""管理会社が単独決定"", ""correct"": ""組合の意思決定"", ""trap"": ""主体誤"", ""nuance"": ""逆転"", ""angle"": ""実務連動""}, {""topic"": ""費用"", ""wrong"": ""産業医面接と保健師を同一費目"", ""correct"": ""費目・会計を分離"", ""trap"": ""費用誤"", ""nuance"": ""盲信"", ""angle"": ""実務連動""}, {""topic"": ""主体"", ""wrong"": ""管理会社が単独決定"", ""correct"": ""組合の意思決定"", ""trap"": ""主体誤"", ""nuance"": ""盲信"", ""angle"": ""実務連動""}, {""topic"": ""手続"", ""wrong"": ""産業医面接の手続を省略"", ""correct"": ""産業医面接→保健師の順で確認"", ""trap"": ""手続誤"", ""nuance"": ""盲信"", ""angle"": ""実務連動""}, {""topic"": ""記録"", ""wrong"": ""記録不要"", ""correct"": ""記録・保存まで追跡"", ""trap"": ""記録誤"", ""nuance"": ""盲信"", ""angle"": ""実務連動""}, {""topic"": ""費用"", ""wrong"": ""産業医面接と保健師を同一費目"", ""correct"": ""費目・会計を分離"", ""trap"": ""費用誤"", ""nuance"": ""未確認"", ""angle"": ""実務連動""}, {""topic"": ""主体"", ""wrong"": ""管理会社が単独決定"", ""correct"": ""組合の意思決定"", ""trap"": ""主体誤"", ""nuance"": ""未確認"", ""angle"": ""実務連動""}, {""topic"": ""手続"", ""wrong"": ""産業医面接の手続を省略"", ""correct"": ""産業医面接→保健師の順で確認"", ""trap"": ""手続誤"", ""nuance"": ""未確認"", ""angle"": ""実務連動""}, {""topic"": ""記録"", ""wrong"": ""記録不要"", ""correct"": ""記録・保存まで追跡"", ""trap"": ""記録誤"", ""nuance"": ""未確認"", ""angle"": ""実務連動""}, {""topic"": ""主体"", ""wrong"": ""管理会社が単独決定"", ""correct"": ""組合の意思決定"", ""trap"": ""主体誤"", ""nuance"": ""放置"", ""angle"": ""実務連動""}, {""topic"": ""手続"", ""wrong"": ""産業医面接の手続を省略"", ""correct"": ""産業医面接→メンタルヘルス不調の定義の順で確認"", ""trap"": ""手続誤"", ""nuance"": ""放置"", ""angle"": ""実務連動""}, {""topic"": ""記録"", ""wrong"": ""記録不要"", ""correct"": ""記録・保存まで追跡"", ""trap"": ""記録誤"", ""nuance"": ""放置"", ""angle"": ""実務連動""}, {""topic"": ""費用"", ""wrong"": ""産業医面接とメンタルヘルス不調の定義を同一費目"", ""correct"": ""費目・会計を分離"", ""trap"": ""費用誤"", ""nuance"": ""放置"", ""angle"": ""実務連動""}]",産業医面接の混同｜メンタルヘルスII種,産業医面接は職場フロー（事前確認→実施→記録→報告）に沿って復習すると定着します。,担当者分担を明確化;産業医面接の実施フローを順序固定;記録・報告まで一体確認,旧要項・旧数値をそのまま適用;産業医面接の主体を固定せずに暗記;管理監督者への教育研修・情報提供と類似制度を混同,「産業医面接＝確認→実施→記録」,管理監督者への教育研修・情報提供;メンタルヘルス不調の定義;保健師,「産業医面接の混同」の試験での位置づけは？,誤答は産業医面接・過重労働対策の読み落としが中心です。誤答型を記録し、比較表へ戻って根拠を再確認してください。数値・日程・合格基準は日本産業衛生協会の公開資料とメンタルヘルス・マネジメント検定II種の試験要項で必ず確認してください。 試験では誤答型を分類を軸に、関連条文・数値・主体の取り違えを照合してください。,「産業医面接の混同」でよくある誤答パターンは？,原因を残さない;同型を放置;法令未確認 誤答肢では主語を固定で読むの主語や条件が入れ替わることが多いので、比較表で整理してください。 過去問で正誤の型を分類し、試験要項で数値・期限を照合してください。,「産業医面接の混同」の覚え方・確認手順は？,「産業医面接の混同」では誤答型を分類を軸に、条文・数値・主体の取り違えを比較表で整理してください。 典型誤答は原因を残さない;同型を放置;法令未確認。 過去問では条件文の主語入れ替え肢に注意してください。,「産業医面接の混同」の公式情報はどこで確認しますか？,「産業医面接の混同」では誤答型を分類を軸に、条文・数値・主体の取り違えを比較表で整理してください。 典型誤答は原因を残さない;同型を放置;法令未確認。 過去問では条件文の主語入れ替え肢に注意してください。
s41-kon-kajurodo-gokai,過重労働対策の典型誤答（実務連動）,職場環境・配慮,メンタルヘルスII種;;誤答,「過重労働対策」で試験に出やすい誤答パターンを、主体・手順・数値・記録の型別に整理します。,「過重労働対策」と「過重労働防止」の実施主体・手続順序（誰が・いつ・何を）を混同しやすい。関連する「職場環境の改善」との違いもセットで確認してください。,"[{""topic"": ""手続"", ""wrong"": ""過重労働対策の手続を省略"", ""correct"": ""過重労働対策→過重労働防止の順で確認"", ""trap"": ""手続誤"", ""nuance"": ""誤認"", ""angle"": ""実務連動""}, {""topic"": ""記録"", ""wrong"": ""記録不要"", ""correct"": ""記録・保存まで追跡"", ""trap"": ""記録誤"", ""nuance"": ""誤認"", ""angle"": ""実務連動""}, {""topic"": ""費用"", ""wrong"": ""過重労働対策と過重労働防止を同一費目"", ""correct"": ""費目・会計を分離"", ""trap"": ""費用誤"", ""nuance"": ""誤認"", ""angle"": ""実務連動""}, {""topic"": ""主体"", ""wrong"": ""管理会社が単独決定"", ""correct"": ""組合の意思決定"", ""trap"": ""主体誤"", ""nuance"": ""誤認"", ""angle"": ""実務連動""}, {""topic"": ""費用"", ""wrong"": ""過重労働対策とストレスチェックを同一費目"", ""correct"": ""費目・会計を分離"", ""trap"": ""費用誤"", ""nuance"": ""ゼロ"", ""angle"": ""実務連動""}, {""topic"": ""主体"", ""wrong"": ""管理会社が単独決定"", ""correct"": ""組合の意思決定"", ""trap"": ""主体誤"", ""nuance"": ""ゼロ"", ""angle"": ""実務連動""}, {""topic"": ""手続"", ""wrong"": ""過重労働対策の手続を省略"", ""correct"": ""過重労働対策→ストレスチェックの順で確認"", ""trap"": ""手続誤"", ""nuance"": ""ゼロ"", ""angle"": ""実務連動""}, {""topic"": ""記録"", ""wrong"": ""記録不要"", ""correct"": ""記録・保存まで追跡"", ""trap"": ""記録誤"", ""nuance"": ""ゼロ"", ""angle"": ""実務連動""}, {""topic"": ""記録"", ""wrong"": ""記録不要"", ""correct"": ""記録・保存まで追跡"", ""trap"": ""記録誤"", ""nuance"": ""省略"", ""angle"": ""実務連動""}, {""topic"": ""費用"", ""wrong"": ""過重労働対策と過重労働防止を同一費目"", ""correct"": ""費目・会計を分離"", ""trap"": ""費用誤"", ""nuance"": ""省略"", ""angle"": ""実務連動""}, {""topic"": ""主体"", ""wrong"": ""管理会社が単独決定"", ""correct"": ""組合の意思決定"", ""trap"": ""主体誤"", ""nuance"": ""省略"", ""angle"": ""実務連動""}, {""topic"": ""手続"", ""wrong"": ""過重労働対策の手続を省略"", ""correct"": ""過重労働対策→過重労働防止の順で確認"", ""trap"": ""手続誤"", ""nuance"": ""省略"", ""angle"": ""実務連動""}, {""topic"": ""記録"", ""wrong"": ""記録不要"", ""correct"": ""記録・保存まで追跡"", ""trap"": ""記録誤"", ""nuance"": ""過剰"", ""angle"": ""実務連動""}, {""topic"": ""費用"", ""wrong"": ""過重労働対策と過重労働防止を同一費目"", ""correct"": ""費目・会計を分離"", ""trap"": ""費用誤"", ""nuance"": ""過剰"", ""angle"": ""実務連動""}, {""topic"": ""主体"", ""wrong"": ""管理会社が単独決定"", ""correct"": ""組合の意思決定"", ""trap"": ""主体誤"", ""nuance"": ""過剰"", ""angle"": ""実務連動""}, {""topic"": ""手続"", ""wrong"": ""過重労働対策の手続を省略"", ""correct"": ""過重労働対策→過重労働防止の順で確認"", ""trap"": ""手続誤"", ""nuance"": ""過剰"", ""angle"": ""実務連動""}, {""topic"": ""費用"", ""wrong"": ""過重労働対策とストレスチェックを同一費目"", ""correct"": ""費目・会計を分離"", ""trap"": ""費用誤"", ""nuance"": ""未使用"", ""angle"": ""実務連動""}, {""topic"": ""主体"", ""wrong"": ""管理会社が単独決定"", ""correct"": ""組合の意思決定"", ""trap"": ""主体誤"", ""nuance"": ""未使用"", ""angle"": ""実務連動""}, {""topic"": ""手続"", ""wrong"": ""過重労働対策の手続を省略"", ""correct"": ""過重労働対策→ストレスチェックの順で確認"", ""trap"": ""手続誤"", ""nuance"": ""未使用"", ""angle"": ""実務連動""}, {""topic"": ""記録"", ""wrong"": ""記録不要"", ""correct"": ""記録・保存まで追跡"", ""trap"": ""記録誤"", ""nuance"": ""未使用"", ""angle"": ""実務連動""}]",過重労働対策の誤認｜メンタルヘルスII種,過重労働対策は職場フロー（事前確認→実施→記録→報告）に沿って復習すると定着します。,記録・報告まで一体確認;担当者分担を明確化;過重労働対策の実施フローを順序固定,手順を省略したまま正解と判断;記録・報告義務を見落とす;旧要項・旧数値をそのまま適用,「過重労働対策＝確認→実施→記録」,職場環境の改善;過重労働防止;ストレスチェック,「過重労働対策の誤認」の試験での位置づけは？,誤答は産業医面接・過重労働対策の読み落としが中心です。誤答型を記録し、比較表へ戻って根拠を再確認してください。数値・日程・合格基準は日本産業衛生協会の公開資料とメンタルヘルス・マネジメント検定II種の試験要項で必ず確認してください。 試験では誤答型を分類を軸に、関連条文・数値・主体の取り違えを照合してください。,「過重労働対策の誤認」でよくある誤答パターンは？,原因を残さない;同型を放置;法令未確認 誤答肢では主語を固定で読むの主語や条件が入れ替わることが多いので、比較表で整理してください。 過去問で正誤の型を分類し、試験要項で数値・期限を照合してください。,「過重労働対策の誤認」の覚え方・確認手順は？,「過重労働対策の誤認」では誤答型を分類を軸に、条文・数値・主体の取り違えを比較表で整理してください。 典型誤答は原因を残さない;同型を放置;法令未確認。 過去問では条件文の主語入れ替え肢に注意してください。,「過重労働対策の誤認」の公式情報はどこで確認しますか？,「過重労働対策の誤認」では誤答型を分類を軸に、条文・数値・主体の取り違えを比較表で整理してください。 典型誤答は原因を残さない;同型を放置;法令未確認。 過去問では条件文の主語入れ替え肢に注意してください。
s42-kon-shokuba-kaizen-kon,職場環境改善の典型誤答（試験頻出）,職場環境・配慮,メンタルヘルスII種;;誤答,「職場環境改善」で試験に出やすい誤答パターンを、主体・手順・数値・記録の型別に整理します。,「職場環境改善」と「過重労働防止」の過去問で、主語・数値・条件文が入れ替わる肢に注意。関連する「職場環境の改善」との違いもセットで確認してください。,"[{""topic"": ""逆転"", ""wrong"": ""過重労働防止の主語を職場環境改善に"", ""correct"": ""主語・条件を下線"", ""trap"": ""主語入替"", ""nuance"": ""混同"", ""angle"": ""試験頻出""}, {""topic"": ""数値"", ""wrong"": ""数値だけ暗記"", ""correct"": ""数値+条件をセット"", ""trap"": ""数値誤"", ""nuance"": ""混同"", ""angle"": ""試験頻出""}, {""topic"": ""決議"", ""wrong"": ""普通決議で足りる"", ""correct"": ""特別決議・5分の4"", ""trap"": ""決議誤"", ""nuance"": ""混同"", ""angle"": ""試験頻出""}, {""topic"": ""混同"", ""wrong"": ""職場環境改善の条文を過重労働防止に適用"", ""correct"": ""根拠法ごとに整理"", ""trap"": ""条文混同"", ""nuance"": ""混同"", ""angle"": ""試験頻出""}, {""topic"": ""決議"", ""wrong"": ""普通決議で足りる"", ""correct"": ""特別決議・5分の4"", ""trap"": ""決議誤"", ""nuance"": ""逆転"", ""angle"": ""試験頻出""}, {""topic"": ""混同"", ""wrong"": ""職場環境改善の条文をストレスチェックに適用"", ""correct"": ""根拠法ごとに整理"", ""trap"": ""条文混同"", ""nuance"": ""逆転"", ""angle"": ""試験頻出""}, {""topic"": ""逆転"", ""wrong"": ""ストレスチェックの主語を職場環境改善に"", ""correct"": ""主語・条件を下線"", ""trap"": ""主語入替"", ""nuance"": ""逆転"", ""angle"": ""試験頻出""}, {""topic"": ""数値"", ""wrong"": ""数値だけ暗記"", ""correct"": ""数値+条件をセット"", ""trap"": ""数値誤"", ""nuance"": ""逆転"", ""angle"": ""試験頻出""}, {""topic"": ""数値"", ""wrong"": ""数値だけ暗記"", ""correct"": ""数値+条件をセット"", ""trap"": ""数値誤"", ""nuance"": ""盲信"", ""angle"": ""試験頻出""}, {""topic"": ""決議"", ""wrong"": ""普通決議で足りる"", ""correct"": ""特別決議・5分の4"", ""trap"": ""決議誤"", ""nuance"": ""盲信"", ""angle"": ""試験頻出""}, {""topic"": ""混同"", ""wrong"": ""職場環境改善の条文を過重労働防止に適用"", ""correct"": ""根拠法ごとに整理"", ""trap"": ""条文混同"", ""nuance"": ""盲信"", ""angle"": ""試験頻出""}, {""topic"": ""逆転"", ""wrong"": ""過重労働防止の主語を職場環境改善に"", ""correct"": ""主語・条件を下線"", ""trap"": ""主語入替"", ""nuance"": ""盲信"", ""angle"": ""試験頻出""}, {""topic"": ""逆転"", ""wrong"": ""過重労働防止の主語を職場環境改善に"", ""correct"": ""主語・条件を下線"", ""trap"": ""主語入替"", ""nuance"": ""未確認"", ""angle"": ""試験頻出""}, {""topic"": ""数値"", ""wrong"": ""数値だけ暗記"", ""correct"": ""数値+条件をセット"", ""trap"": ""数値誤"", ""nuance"": ""未確認"", ""angle"": ""試験頻出""}, {""topic"": ""決議"", ""wrong"": ""普通決議で足りる"", ""correct"": ""特別決議・5分の4"", ""trap"": ""決議誤"", ""nuance"": ""未確認"", ""angle"": ""試験頻出""}, {""topic"": ""混同"", ""wrong"": ""職場環境改善の条文を過重労働防止に適用"", ""correct"": ""根拠法ごとに整理"", ""trap"": ""条文混同"", ""nuance"": ""未確認"", ""angle"": ""試験頻出""}, {""topic"": ""混同"", ""wrong"": ""職場環境改善の条文をストレスチェックに適用"", ""correct"": ""根拠法ごとに整理"", ""trap"": ""条文混同"", ""nuance"": ""放置"", ""angle"": ""試験頻出""}, {""topic"": ""逆転"", ""wrong"": ""ストレスチェックの主語を職場環境改善に"", ""correct"": ""主語・条件を下線"", ""trap"": ""主語入替"", ""nuance"": ""放置"", ""angle"": ""試験頻出""}, {""topic"": ""数値"", ""wrong"": ""数値だけ暗記"", ""correct"": ""数値+条件をセット"", ""trap"": ""数値誤"", ""nuance"": ""放置"", ""angle"": ""試験頻出""}, {""topic"": ""決議"", ""wrong"": ""普通決議で足りる"", ""correct"": ""特別決議・5分の4"", ""trap"": ""決議誤"", ""nuance"": ""放置"", ""angle"": ""試験頻出""}]",職場環境改善の混同｜メンタルヘルスII種,職場環境改善は過去問の逆転肢・数値混同を型別に分類し、条件文を最後まで読んでください。,条件文の主語を下線;数値+条件のセット暗記;職場環境改善の逆転肢パターンを分類,職場環境の改善と類似制度を混同;手順を省略したまま正解と判断;記録・報告義務を見落とす,「職場環境改善＝主語→条件→数値」,職場環境の改善;過重労働防止;ストレスチェック,「職場環境改善の混同」の試験での位置づけは？,誤答は職場環境改善・ハラスメント対応の読み落としが中心です。誤答型を記録し、比較表へ戻って根拠を再確認してください。数値・日程・合格基準は日本産業衛生協会の公開資料とメンタルヘルス・マネジメント検定II種の試験要項で必ず確認してください。 試験では誤答型を分類を軸に、関連条文・数値・主体の取り違えを照合してください。,「職場環境改善の混同」でよくある誤答パターンは？,原因を残さない;同型を放置;法令未確認 誤答肢では主語を固定で読むの主語や条件が入れ替わることが多いので、比較表で整理してください。 過去問で正誤の型を分類し、試験要項で数値・期限を照合してください。,「職場環境改善の混同」の覚え方・確認手順は？,「職場環境改善の混同」では誤答型を分類を軸に、条文・数値・主体の取り違えを比較表で整理してください。 典型誤答は原因を残さない;同型を放置;法令未確認。 過去問では条件文の主語入れ替え肢に注意してください。,「職場環境改善の混同」の公式情報はどこで確認しますか？,「職場環境改善の混同」では誤答型を分類を軸に、条文・数値・主体の取り違えを比較表で整理してください。 典型誤答は原因を残さない;同型を放置;法令未確認。 過去問では条件文の主語入れ替え肢に注意してください。
s42-kon-harass-taiou-gokai,ハラスメント対応の典型誤答（試験頻出）,職場環境・配慮,メンタルヘルスII種;;誤答,「ハラスメント対応」で試験に出やすい誤答パターンを、主体・手順・数値・記録の型別に整理します。,「ハラスメント対応」と「職場環境の改善」の過去問で、主語・数値・条件文が入れ替わる肢に注意。,"[{""topic"": ""数値"", ""wrong"": ""数値だけ暗記"", ""correct"": ""数値+条件をセット"", ""trap"": ""数値誤"", ""nuance"": ""誤認"", ""angle"": ""試験頻出""}, {""topic"": ""決議"", ""wrong"": ""普通決議で足りる"", ""correct"": ""特別決議・5分の4"", ""trap"": ""決議誤"", ""nuance"": ""誤認"", ""angle"": ""試験頻出""}, {""topic"": ""混同"", ""wrong"": ""ハラスメント対応の条文を過重労働防止に適用"", ""correct"": ""根拠法ごとに整理"", ""trap"": ""条文混同"", ""nuance"": ""誤認"", ""angle"": ""試験頻出""}, {""topic"": ""逆転"", ""wrong"": ""過重労働防止の主語をハラスメント対応に"", ""correct"": ""主語・条件を下線"", ""trap"": ""主語入替"", ""nuance"": ""誤認"", ""angle"": ""試験頻出""}, {""topic"": ""逆転"", ""wrong"": ""職場環境の改善の主語をハラスメント対応に"", ""correct"": ""主語・条件を下線"", ""trap"": ""主語入替"", ""nuance"": ""ゼロ"", ""angle"": ""試験頻出""}, {""topic"": ""数値"", ""wrong"": ""数値だけ暗記"", ""correct"": ""数値+条件をセット"", ""trap"": ""数値誤"", ""nuance"": ""ゼロ"", ""angle"": ""試験頻出""}, {""topic"": ""決議"", ""wrong"": ""普通決議で足りる"", ""correct"": ""特別決議・5分の4"", ""trap"": ""決議誤"", ""nuance"": ""ゼロ"", ""angle"": ""試験頻出""}, {""topic"": ""混同"", ""wrong"": ""ハラスメント対応の条文を職場環境の改善に適用"", ""correct"": ""根拠法ごとに整理"", ""trap"": ""条文混同"", ""nuance"": ""ゼロ"", ""angle"": ""試験頻出""}, {""topic"": ""混同"", ""wrong"": ""ハラスメント対応の条文をストレスチェックに適用"", ""correct"": ""根拠法ごとに整理"", ""trap"": ""条文混同"", ""nuance"": ""省略"", ""angle"": ""試験頻出""}, {""topic"": ""逆転"", ""wrong"": ""ストレスチェックの主語をハラスメント対応に"", ""correct"": ""主語・条件を下線"", ""trap"": ""主語入替"", ""nuance"": ""省略"", ""angle"": ""試験頻出""}, {""topic"": ""数値"", ""wrong"": ""数値だけ暗記"", ""correct"": ""数値+条件をセット"", ""trap"": ""数値誤"", ""nuance"": ""省略"", ""angle"": ""試験頻出""}, {""topic"": ""決議"", ""wrong"": ""普通決議で足りる"", ""correct"": ""特別決議・5分の4"", ""trap"": ""決議誤"", ""nuance"": ""省略"", ""angle"": ""試験頻出""}, {""topic"": ""数値"", ""wrong"": ""数値だけ暗記"", ""correct"": ""数値+条件をセット"", ""trap"": ""数値誤"", ""nuance"": ""過剰"", ""angle"": ""試験頻出""}, {""topic"": ""決議"", ""wrong"": ""普通決議で足りる"", ""correct"": ""特別決議・5分の4"", ""trap"": ""決議誤"", ""nuance"": ""過剰"", ""angle"": ""試験頻出""}, {""topic"": ""混同"", ""wrong"": ""ハラスメント対応の条文を職場環境の改善に適用"", ""correct"": ""根拠法ごとに整理"", ""trap"": ""条文混同"", ""nuance"": ""過剰"", ""angle"": ""試験頻出""}, {""topic"": ""逆転"", ""wrong"": ""職場環境の改善の主語をハラスメント対応に"", ""correct"": ""主語・条件を下線"", ""trap"": ""主語入替"", ""nuance"": ""過剰"", ""angle"": ""試験頻出""}, {""topic"": ""決議"", ""wrong"": ""普通決議で足りる"", ""correct"": ""特別決議・5分の4"", ""trap"": ""決議誤"", ""nuance"": ""未使用"", ""angle"": ""試験頻出""}, {""topic"": ""混同"", ""wrong"": ""ハラスメント対応の条文を過重労働防止に適用"", ""correct"": ""根拠法ごとに整理"", ""trap"": ""条文混同"", ""nuance"": ""未使用"", ""angle"": ""試験頻出""}, {""topic"": ""逆転"", ""wrong"": ""過重労働防止の主語をハラスメント対応に"", ""correct"": ""主語・条件を下線"", ""trap"": ""主語入替"", ""nuance"": ""未使用"", ""angle"": ""試験頻出""}, {""topic"": ""数値"", ""wrong"": ""数値だけ暗記"", ""correct"": ""数値+条件をセット"", ""trap"": ""数値誤"", ""nuance"": ""未使用"", ""angle"": ""試験頻出""}]",ハラスメント対応の誤認｜メンタルヘルスII種,ハラスメント対応は過去問の逆転肢・数値混同を型別に分類し、条件文を最後まで読んでください。,条件文の主語を下線;数値+条件のセット暗記;ハラスメント対応の逆転肢パターンを分類,ハラスメント対応の主体を固定せずに暗記;職場環境の改善と類似制度を混同;手順を省略したまま正解と判断,「ハラスメント対応＝主語→条件→数値」,職場環境の改善;過重労働防止;ストレスチェック,「ハラスメント対応の誤認」の試験での位置づけは？,誤答は職場環境改善・ハラスメント対応の読み落としが中心です。誤答型を記録し、比較表へ戻って根拠を再確認してください。数値・日程・合格基準は日本産業衛生協会の公開資料とメンタルヘルス・マネジメント検定II種の試験要項で必ず確認してください。 試験では誤答型を分類を軸に、関連条文・数値・主体の取り違えを照合してください。,「ハラスメント対応の誤認」でよくある誤答パターンは？,原因を残さない;同型を放置;法令未確認 誤答肢では主語を固定で読むの主語や条件が入れ替わることが多いので、比較表で整理してください。 過去問で正誤の型を分類し、試験要項で数値・期限を照合してください。,「ハラスメント対応の誤認」の覚え方・確認手順は？,「ハラスメント対応の誤認」では誤答型を分類を軸に、条文・数値・主体の取り違えを比較表で整理してください。 典型誤答は原因を残さない;同型を放置;法令未確認。 過去問では条件文の主語入れ替え肢に注意してください。,「ハラスメント対応の誤認」の公式情報はどこで確認しますか？,「ハラスメント対応の誤認」では誤答型を分類を軸に、条文・数値・主体の取り違えを比較表で整理してください。 典型誤答は原因を残さない;同型を放置;法令未確認。 過去問では条件文の主語入れ替え肢に注意してください。
s43-kon-linecare-kyoka-kon,ラインケア強化の典型誤答（判例・ガイド）,基礎・役割,メンタルヘルスII種;;誤答,「ラインケア強化」で試験に出やすい誤答パターンを、主体・手順・数値・記録の型別に整理します。,「ラインケア強化」と「管理監督者への教育研修・情報提供」について、法令条文と通知・ガイドラインの関係を誤解しやすい。,"[{""topic"": ""主体"", ""wrong"": ""ラインケア強化とメンタルヘルス不調の定義の権限同一"", ""correct"": ""権限・責任を表で分離"", ""trap"": ""権限誤"", ""nuance"": ""混同"", ""angle"": ""判例・ガイド""}, {""topic"": ""根拠"", ""wrong"": ""通知だけで判断"", ""correct"": ""法令→通知の順で確認"", ""trap"": ""根拠誤"", ""nuance"": ""混同"", ""angle"": ""判例・ガイド""}, {""topic"": ""規約"", ""wrong"": ""規約が法令より優先"", ""correct"": ""法令優先・規約は補完"", ""trap"": ""優先誤"", ""nuance"": ""混同"", ""angle"": ""判例・ガイド""}, {""topic"": ""判例"", ""wrong"": ""典型例で一律判断"", ""correct"": ""事案ごとに条文・判例"", ""trap"": ""判例誤"", ""nuance"": ""混同"", ""angle"": ""判例・ガイド""}, {""topic"": ""規約"", ""wrong"": ""規約が法令より優先"", ""correct"": ""法令優先・規約は補完"", ""trap"": ""優先誤"", ""nuance"": ""逆転"", ""angle"": ""判例・ガイド""}, {""topic"": ""判例"", ""wrong"": ""典型例で一律判断"", ""correct"": ""事案ごとに条文・判例"", ""trap"": ""判例誤"", ""nuance"": ""逆転"", ""angle"": ""判例・ガイド""}, {""topic"": ""主体"", ""wrong"": ""ラインケア強化と保健師の権限同一"", ""correct"": ""権限・責任を表で分離"", ""trap"": ""権限誤"", ""nuance"": ""逆転"", ""angle"": ""判例・ガイド""}, {""topic"": ""根拠"", ""wrong"": ""通知だけで判断"", ""correct"": ""法令→通知の順で確認"", ""trap"": ""根拠誤"", ""nuance"": ""逆転"", ""angle"": ""判例・ガイド""}, {""topic"": ""根拠"", ""wrong"": ""通知だけで判断"", ""correct"": ""法令→通知の順で確認"", ""trap"": ""根拠誤"", ""nuance"": ""盲信"", ""angle"": ""判例・ガイド""}, {""topic"": ""規約"", ""wrong"": ""規約が法令より優先"", ""correct"": ""法令優先・規約は補完"", ""trap"": ""優先誤"", ""nuance"": ""盲信"", ""angle"": ""判例・ガイド""}, {""topic"": ""判例"", ""wrong"": ""典型例で一律判断"", ""correct"": ""事案ごとに条文・判例"", ""trap"": ""判例誤"", ""nuance"": ""盲信"", ""angle"": ""判例・ガイド""}, {""topic"": ""主体"", ""wrong"": ""ラインケア強化と管理監督者への教育研修・情報提供の権限同一"", ""correct"": ""権限・責任を表で分離"", ""trap"": ""権限誤"", ""nuance"": ""盲信"", ""angle"": ""判例・ガイド""}, {""topic"": ""主体"", ""wrong"": ""ラインケア強化とメンタルヘルス不調の定義の権限同一"", ""correct"": ""権限・責任を表で分離"", ""trap"": ""権限誤"", ""nuance"": ""未確認"", ""angle"": ""判例・ガイド""}, {""topic"": ""根拠"", ""wrong"": ""通知だけで判断"", ""correct"": ""法令→通知の順で確認"", ""trap"": ""根拠誤"", ""nuance"": ""未確認"", ""angle"": ""判例・ガイド""}, {""topic"": ""規約"", ""wrong"": ""規約が法令より優先"", ""correct"": ""法令優先・規約は補完"", ""trap"": ""優先誤"", ""nuance"": ""未確認"", ""angle"": ""判例・ガイド""}, {""topic"": ""判例"", ""wrong"": ""典型例で一律判断"", ""correct"": ""事案ごとに条文・判例"", ""trap"": ""判例誤"", ""nuance"": ""未確認"", ""angle"": ""判例・ガイド""}, {""topic"": ""規約"", ""wrong"": ""規約が法令より優先"", ""correct"": ""法令優先・規約は補完"", ""trap"": ""優先誤"", ""nuance"": ""放置"", ""angle"": ""判例・ガイド""}, {""topic"": ""判例"", ""wrong"": ""典型例で一律判断"", ""correct"": ""事案ごとに条文・判例"", ""trap"": ""判例誤"", ""nuance"": ""放置"", ""angle"": ""判例・ガイド""}, {""topic"": ""主体"", ""wrong"": ""ラインケア強化と管理監督者への教育研修・情報提供の権限同一"", ""correct"": ""権限・責任を表で分離"", ""trap"": ""権限誤"", ""nuance"": ""放置"", ""angle"": ""判例・ガイド""}, {""topic"": ""根拠"", ""wrong"": ""通知だけで判断"", ""correct"": ""法令→通知の順で確認"", ""trap"": ""根拠誤"", ""nuance"": ""放置"", ""angle"": ""判例・ガイド""}]",ラインケア強化の混同｜メンタルヘルスII種,ラインケア強化は法令条文とガイドライン・通知の対応表を作成し、優先関係を確認してください。,通知・通達の位置づけ確認;優先順位を表で整理;ラインケア強化のガイドと条文の対応,記録・報告義務を見落とす;旧要項・旧数値をそのまま適用;ラインケア強化の主体を固定せずに暗記,「ラインケア強化＝条文→ガイド→事例」,管理監督者への教育研修・情報提供;メンタルヘルス不調の定義;保健師,「ラインケア強化の混同」の試験での位置づけは？,誤答はラインケア強化・集団分析活用の読み落としが中心です。誤答型を記録し、比較表へ戻って根拠を再確認してください。数値・日程・合格基準は日本産業衛生協会の公開資料とメンタルヘルス・マネジメント検定II種の試験要項で必ず確認してください。 試験では誤答型を分類を軸に、関連条文・数値・主体の取り違えを照合してください。,「ラインケア強化の混同」でよくある誤答パターンは？,原因を残さない;同型を放置;法令未確認 誤答肢では主語を固定で読むの主語や条件が入れ替わることが多いので、比較表で整理してください。 過去問で正誤の型を分類し、試験要項で数値・期限を照合してください。,「ラインケア強化の混同」の覚え方・確認手順は？,「ラインケア強化の混同」では誤答型を分類を軸に、条文・数値・主体の取り違えを比較表で整理してください。 典型誤答は原因を残さない;同型を放置;法令未確認。 過去問では条件文の主語入れ替え肢に注意してください。,「ラインケア強化の混同」の公式情報はどこで確認しますか？,「ラインケア強化の混同」では誤答型を分類を軸に、条文・数値・主体の取り違えを比較表で整理してください。 典型誤答は原因を残さない;同型を放置;法令未確認。 過去問では条件文の主語入れ替え肢に注意してください。
s43-kon-shudan-katsuyo-gokai,集団分析活用の典型誤答（判例・ガイド）,職場環境・配慮,メンタルヘルスII種;;誤答,「集団分析活用」で試験に出やすい誤答パターンを、主体・手順・数値・記録の型別に整理します。,「集団分析活用」と「職場環境の改善」について、法令条文と通知・ガイドラインの関係を誤解しやすい。,"[{""topic"": ""主体"", ""wrong"": ""集団分析活用と過重労働防止の権限同一"", ""correct"": ""権限・責任を表で分離"", ""trap"": ""権限誤"", ""nuance"": ""誤認"", ""angle"": ""判例・ガイド""}, {""topic"": ""根拠"", ""wrong"": ""通知だけで判断"", ""correct"": ""法令→通知の順で確認"", ""trap"": ""根拠誤"", ""nuance"": ""誤認"", ""angle"": ""判例・ガイド""}, {""topic"": ""規約"", ""wrong"": ""規約が法令より優先"", ""correct"": ""法令優先・規約は補完"", ""trap"": ""優先誤"", ""nuance"": ""誤認"", ""angle"": ""判例・ガイド""}, {""topic"": ""判例"", ""wrong"": ""典型例で一律判断"", ""correct"": ""事案ごとに条文・判例"", ""trap"": ""判例誤"", ""nuance"": ""誤認"", ""angle"": ""判例・ガイド""}, {""topic"": ""判例"", ""wrong"": ""典型例で一律判断"", ""correct"": ""事案ごとに条文・判例"", ""trap"": ""判例誤"", ""nuance"": ""ゼロ"", ""angle"": ""判例・ガイド""}, {""topic"": ""主体"", ""wrong"": ""集団分析活用とストレスチェックの権限同一"", ""correct"": ""権限・責任を表で分離"", ""trap"": ""権限誤"", ""nuance"": ""ゼロ"", ""angle"": ""判例・ガイド""}, {""topic"": ""根拠"", ""wrong"": ""通知だけで判断"", ""correct"": ""法令→通知の順で確認"", ""trap"": ""根拠誤"", ""nuance"": ""ゼロ"", ""angle"": ""判例・ガイド""}, {""topic"": ""規約"", ""wrong"": ""規約が法令より優先"", ""correct"": ""法令優先・規約は補完"", ""trap"": ""優先誤"", ""nuance"": ""ゼロ"", ""angle"": ""判例・ガイド""}, {""topic"": ""主体"", ""wrong"": ""集団分析活用とストレスチェックの権限同一"", ""correct"": ""権限・責任を表で分離"", ""trap"": ""権限誤"", ""nuance"": ""省略"", ""angle"": ""判例・ガイド""}, {""topic"": ""根拠"", ""wrong"": ""通知だけで判断"", ""correct"": ""法令→通知の順で確認"", ""trap"": ""根拠誤"", ""nuance"": ""省略"", ""angle"": ""判例・ガイド""}, {""topic"": ""規約"", ""wrong"": ""規約が法令より優先"", ""correct"": ""法令優先・規約は補完"", ""trap"": ""優先誤"", ""nuance"": ""省略"", ""angle"": ""判例・ガイド""}, {""topic"": ""判例"", ""wrong"": ""典型例で一律判断"", ""correct"": ""事案ごとに条文・判例"", ""trap"": ""判例誤"", ""nuance"": ""省略"", ""angle"": ""判例・ガイド""}, {""topic"": ""主体"", ""wrong"": ""集団分析活用とストレスチェックの権限同一"", ""correct"": ""権限・責任を表で分離"", ""trap"": ""権限誤"", ""nuance"": ""過剰"", ""angle"": ""判例・ガイド""}, {""topic"": ""根拠"", ""wrong"": ""通知だけで判断"", ""correct"": ""法令→通知の順で確認"", ""trap"": ""根拠誤"", ""nuance"": ""過剰"", ""angle"": ""判例・ガイド""}, {""topic"": ""規約"", ""wrong"": ""規約が法令より優先"", ""correct"": ""法令優先・規約は補完"", ""trap"": ""優先誤"", ""nuance"": ""過剰"", ""angle"": ""判例・ガイド""}, {""topic"": ""判例"", ""wrong"": ""典型例で一律判断"", ""correct"": ""事案ごとに条文・判例"", ""trap"": ""判例誤"", ""nuance"": ""過剰"", ""angle"": ""判例・ガイド""}, {""topic"": ""判例"", ""wrong"": ""典型例で一律判断"", ""correct"": ""事案ごとに条文・判例"", ""trap"": ""判例誤"", ""nuance"": ""未使用"", ""angle"": ""判例・ガイド""}, {""topic"": ""主体"", ""wrong"": ""集団分析活用と職場環境の改善の権限同一"", ""correct"": ""権限・責任を表で分離"", ""trap"": ""権限誤"", ""nuance"": ""未使用"", ""angle"": ""判例・ガイド""}, {""topic"": ""根拠"", ""wrong"": ""通知だけで判断"", ""correct"": ""法令→通知の順で確認"", ""trap"": ""根拠誤"", ""nuance"": ""未使用"", ""angle"": ""判例・ガイド""}, {""topic"": ""規約"", ""wrong"": ""規約が法令より優先"", ""correct"": ""法令優先・規約は補完"", ""trap"": ""優先誤"", ""nuance"": ""未使用"", ""angle"": ""判例・ガイド""}]",集団分析活用の誤認｜メンタルヘルスII種,集団分析活用は法令条文とガイドライン・通知の対応表を作成し、優先関係を確認してください。,通知・通達の位置づけ確認;優先順位を表で整理;集団分析活用のガイドと条文の対応,手順を省略したまま正解と判断;記録・報告義務を見落とす;旧要項・旧数値をそのまま適用,「集団分析活用＝条文→ガイド→事例」,職場環境の改善;過重労働防止;ストレスチェック,「集団分析活用の誤認」の試験での位置づけは？,誤答はラインケア強化・集団分析活用の読み落としが中心です。誤答型を記録し、比較表へ戻って根拠を再確認してください。数値・日程・合格基準は日本産業衛生協会の公開資料とメンタルヘルス・マネジメント検定II種の試験要項で必ず確認してください。 試験では誤答型を分類を軸に、関連条文・数値・主体の取り違えを照合してください。,「集団分析活用の誤認」でよくある誤答パターンは？,原因を残さない;同型を放置;法令未確認 誤答肢では主語を固定で読むの主語や条件が入れ替わることが多いので、比較表で整理してください。 過去問で正誤の型を分類し、試験要項で数値・期限を照合してください。,「集団分析活用の誤認」の覚え方・確認手順は？,「集団分析活用の誤認」では誤答型を分類を軸に、条文・数値・主体の取り違えを比較表で整理してください。 典型誤答は原因を残さない;同型を放置;法令未確認。 過去問では条件文の主語入れ替え肢に注意してください。,「集団分析活用の誤認」の公式情報はどこで確認しますか？,「集団分析活用の誤認」では誤答型を分類を軸に、条文・数値・主体の取り違えを比較表で整理してください。 典型誤答は原因を残さない;同型を放置;法令未確認。 過去問では条件文の主語入れ替え肢に注意してください。
s44-kon-kiroku-kanri-kon,記録管理の典型誤答（横断総合）,相談・連携・復職,メンタルヘルスII種;;誤答,「記録管理」で試験に出やすい誤答パターンを、主体・手順・数値・記録の型別に整理します。,「記録管理」と「就業上の配慮」の境界が曖昧になり、総合問題で誤答しやすい。,"[{""topic"": ""時点"", ""wrong"": ""手続完了前に効力発生"", ""correct"": ""決議→実行の順序固定"", ""trap"": ""時点誤"", ""nuance"": ""混同"", ""angle"": ""横断総合""}, {""topic"": ""選任"", ""wrong"": ""管理会社社員で代替"", ""correct"": ""法定選任要件を確認"", ""trap"": ""選任誤"", ""nuance"": ""混同"", ""angle"": ""横断総合""}, {""topic"": ""横断"", ""wrong"": ""記録管理と就業上の配慮を同列処理"", ""correct"": ""制度ごとに軸を分ける"", ""trap"": ""横断誤"", ""nuance"": ""混同"", ""angle"": ""横断総合""}, {""topic"": ""費用"", ""wrong"": ""修繕費と管理費を混同"", ""correct"": ""会計区分を固定"", ""trap"": ""会計誤"", ""nuance"": ""混同"", ""angle"": ""横断総合""}, {""topic"": ""費用"", ""wrong"": ""修繕費と管理費を混同"", ""correct"": ""会計区分を固定"", ""trap"": ""会計誤"", ""nuance"": ""逆転"", ""angle"": ""横断総合""}, {""topic"": ""時点"", ""wrong"": ""手続完了前に効力発生"", ""correct"": ""決議→実行の順序固定"", ""trap"": ""時点誤"", ""nuance"": ""逆転"", ""angle"": ""横断総合""}, {""topic"": ""選任"", ""wrong"": ""管理会社社員で代替"", ""correct"": ""法定選任要件を確認"", ""trap"": ""選任誤"", ""nuance"": ""逆転"", ""angle"": ""横断総合""}, {""topic"": ""横断"", ""wrong"": ""記録管理と復職を同列処理"", ""correct"": ""制度ごとに軸を分ける"", ""trap"": ""横断誤"", ""nuance"": ""逆転"", ""angle"": ""横断総合""}, {""topic"": ""横断"", ""wrong"": ""記録管理と復職を同列処理"", ""correct"": ""制度ごとに軸を分ける"", ""trap"": ""横断誤"", ""nuance"": ""盲信"", ""angle"": ""横断総合""}, {""topic"": ""費用"", ""wrong"": ""修繕費と管理費を混同"", ""correct"": ""会計区分を固定"", ""trap"": ""会計誤"", ""nuance"": ""盲信"", ""angle"": ""横断総合""}, {""topic"": ""時点"", ""wrong"": ""手続完了前に効力発生"", ""correct"": ""決議→実行の順序固定"", ""trap"": ""時点誤"", ""nuance"": ""盲信"", ""angle"": ""横断総合""}, {""topic"": ""選任"", ""wrong"": ""管理会社社員で代替"", ""correct"": ""法定選任要件を確認"", ""trap"": ""選任誤"", ""nuance"": ""盲信"", ""angle"": ""横断総合""}, {""topic"": ""費用"", ""wrong"": ""修繕費と管理費を混同"", ""correct"": ""会計区分を固定"", ""trap"": ""会計誤"", ""nuance"": ""未確認"", ""angle"": ""横断総合""}, {""topic"": ""時点"", ""wrong"": ""手続完了前に効力発生"", ""correct"": ""決議→実行の順序固定"", ""trap"": ""時点誤"", ""nuance"": ""未確認"", ""angle"": ""横断総合""}, {""topic"": ""選任"", ""wrong"": ""管理会社社員で代替"", ""correct"": ""法定選任要件を確認"", ""trap"": ""選任誤"", ""nuance"": ""未確認"", ""angle"": ""横断総合""}, {""topic"": ""横断"", ""wrong"": ""記録管理と再発予防を同列処理"", ""correct"": ""制度ごとに軸を分ける"", ""trap"": ""横断誤"", ""nuance"": ""未確認"", ""angle"": ""横断総合""}, {""topic"": ""横断"", ""wrong"": ""記録管理と再発予防を同列処理"", ""correct"": ""制度ごとに軸を分ける"", ""trap"": ""横断誤"", ""nuance"": ""放置"", ""angle"": ""横断総合""}, {""topic"": ""費用"", ""wrong"": ""修繕費と管理費を混同"", ""correct"": ""会計区分を固定"", ""trap"": ""会計誤"", ""nuance"": ""放置"", ""angle"": ""横断総合""}, {""topic"": ""時点"", ""wrong"": ""手続完了前に効力発生"", ""correct"": ""決議→実行の順序固定"", ""trap"": ""時点誤"", ""nuance"": ""放置"", ""angle"": ""横断総合""}, {""topic"": ""選任"", ""wrong"": ""管理会社社員で代替"", ""correct"": ""法定選任要件を確認"", ""trap"": ""選任誤"", ""nuance"": ""放置"", ""angle"": ""横断総合""}]",記録管理の混同｜メンタルヘルスII種,記録管理は関連制度との違いを横断マップにまとめ、直前総仕上げに使ってください。,記録管理と関連制度の違い;横断マップで弱点可視化;直前は誤答型の反復,手順を省略したまま正解と判断;記録・報告義務を見落とす;旧要項・旧数値をそのまま適用,「記録管理＝関連制度と境界線」,就業上の配慮;復職;再発予防,「記録管理の混同（横断総合）」で最初に確認すべき点は？,記録管理では就業上の配慮の義務主体と実施タイミングを先に固定してください。横断総合の観点では、比較表の1行目に「誰が・いつ・何を」を書くと誤答が減ります。 試験では記録管理と関連制度の違いをセットで確認してください。,「記録管理」の典型誤答パターンは？,「記録管理」と「就業上の配慮」の境界が曖昧になり、総合問題で誤答しやすい。 過去問では就業上の配慮に関する逆転肢や、類似制度の数値流用に注意してください。 試験では記録管理と関連制度の違いをセットで確認してください。,「記録管理」の復習の進め方（横断総合）は？,記録管理は関連制度との違いを横断マップにまとめ、直前総仕上げに使ってください。 誤答した設問は原因（主体・手順・数値・記録）をタグ付けして再演習してください。 試験では記録管理と関連制度の違いをセットで確認してください。,「記録管理」の関連条文・資料は？,用語集の「就業上の配慮」と関連法令・試験要項を照合してください。 直前は誤答ノートと本ページを往復し、同型の引っかけを連続で解いてください。 試験では記録管理と関連制度の違いをセットで確認してください。
s44-kon-2shu-chokuzen-gokai,二種直前の典型誤答（横断総合）,基礎・役割,メンタルヘルスII種;;誤答,「二種直前」で試験に出やすい誤答パターンを、主体・手順・数値・記録の型別に整理します。,「二種直前」と「管理監督者への教育研修・情報提供」の境界が曖昧になり、総合問題で誤答しやすい。,"[{""topic"": ""時点"", ""wrong"": ""手続完了前に効力発生"", ""correct"": ""決議→実行の順序固定"", ""trap"": ""時点誤"", ""nuance"": ""誤認"", ""angle"": ""横断総合""}, {""topic"": ""選任"", ""wrong"": ""管理会社社員で代替"", ""correct"": ""法定選任要件を確認"", ""trap"": ""選任誤"", ""nuance"": ""誤認"", ""angle"": ""横断総合""}, {""topic"": ""横断"", ""wrong"": ""二種直前とメンタルヘルス不調の定義を同列処理"", ""correct"": ""制度ごとに軸を分ける"", ""trap"": ""横断誤"", ""nuance"": ""誤認"", ""angle"": ""横断総合""}, {""topic"": ""費用"", ""wrong"": ""修繕費と管理費を混同"", ""correct"": ""会計区分を固定"", ""trap"": ""会計誤"", ""nuance"": ""誤認"", ""angle"": ""横断総合""}, {""topic"": ""選任"", ""wrong"": ""管理会社社員で代替"", ""correct"": ""法定選任要件を確認"", ""trap"": ""選任誤"", ""nuance"": ""ゼロ"", ""angle"": ""横断総合""}, {""topic"": ""横断"", ""wrong"": ""二種直前と保健師を同列処理"", ""correct"": ""制度ごとに軸を分ける"", ""trap"": ""横断誤"", ""nuance"": ""ゼロ"", ""angle"": ""横断総合""}, {""topic"": ""費用"", ""wrong"": ""修繕費と管理費を混同"", ""correct"": ""会計区分を固定"", ""trap"": ""会計誤"", ""nuance"": ""ゼロ"", ""angle"": ""横断総合""}, {""topic"": ""時点"", ""wrong"": ""手続完了前に効力発生"", ""correct"": ""決議→実行の順序固定"", ""trap"": ""時点誤"", ""nuance"": ""ゼロ"", ""angle"": ""横断総合""}, {""topic"": ""時点"", ""wrong"": ""手続完了前に効力発生"", ""correct"": ""決議→実行の順序固定"", ""trap"": ""時点誤"", ""nuance"": ""省略"", ""angle"": ""横断総合""}, {""topic"": ""選任"", ""wrong"": ""管理会社社員で代替"", ""correct"": ""法定選任要件を確認"", ""trap"": ""選任誤"", ""nuance"": ""省略"", ""angle"": ""横断総合""}, {""topic"": ""横断"", ""wrong"": ""二種直前とメンタルヘルス不調の定義を同列処理"", ""correct"": ""制度ごとに軸を分ける"", ""trap"": ""横断誤"", ""nuance"": ""省略"", ""angle"": ""横断総合""}, {""topic"": ""費用"", ""wrong"": ""修繕費と管理費を混同"", ""correct"": ""会計区分を固定"", ""trap"": ""会計誤"", ""nuance"": ""省略"", ""angle"": ""横断総合""}, {""topic"": ""横断"", ""wrong"": ""二種直前とメンタルヘルス不調の定義を同列処理"", ""correct"": ""制度ごとに軸を分ける"", ""trap"": ""横断誤"", ""nuance"": ""過剰"", ""angle"": ""横断総合""}, {""topic"": ""費用"", ""wrong"": ""修繕費と管理費を混同"", ""correct"": ""会計区分を固定"", ""trap"": ""会計誤"", ""nuance"": ""過剰"", ""angle"": ""横断総合""}, {""topic"": ""時点"", ""wrong"": ""手続完了前に効力発生"", ""correct"": ""決議→実行の順序固定"", ""trap"": ""時点誤"", ""nuance"": ""過剰"", ""angle"": ""横断総合""}, {""topic"": ""選任"", ""wrong"": ""管理会社社員で代替"", ""correct"": ""法定選任要件を確認"", ""trap"": ""選任誤"", ""nuance"": ""過剰"", ""angle"": ""横断総合""}, {""topic"": ""選任"", ""wrong"": ""管理会社社員で代替"", ""correct"": ""法定選任要件を確認"", ""trap"": ""選任誤"", ""nuance"": ""未使用"", ""angle"": ""横断総合""}, {""topic"": ""横断"", ""wrong"": ""二種直前と管理監督者への教育研修・情報提供を同列処理"", ""correct"": ""制度ごとに軸を分ける"", ""trap"": ""横断誤"", ""nuance"": ""未使用"", ""angle"": ""横断総合""}, {""topic"": ""費用"", ""wrong"": ""修繕費と管理費を混同"", ""correct"": ""会計区分を固定"", ""trap"": ""会計誤"", ""nuance"": ""未使用"", ""angle"": ""横断総合""}, {""topic"": ""時点"", ""wrong"": ""手続完了前に効力発生"", ""correct"": ""決議→実行の順序固定"", ""trap"": ""時点誤"", ""nuance"": ""未使用"", ""angle"": ""横断総合""}]",二種直前の誤認｜メンタルヘルスII種,二種直前は関連制度との違いを横断マップにまとめ、直前総仕上げに使ってください。,横断マップで弱点可視化;直前は誤答型の反復;二種直前と関連制度の違い,管理監督者への教育研修・情報提供と類似制度を混同;手順を省略したまま正解と判断;記録・報告義務を見落とす,「二種直前＝関連制度と境界線」,管理監督者への教育研修・情報提供;メンタルヘルス不調の定義;保健師,「二種直前の誤認（横断総合）」で最初に確認すべき点は？,二種直前では管理監督者への教育研修・情報提供の義務主体と実施タイミングを先に固定してください。横断総合の観点では、比較表の1行目に「誰が・いつ・何を」を書くと誤答が減ります。 試験では横断マップで弱点可視化をセットで確認してください。,「二種直前」の典型誤答パターンは？,「二種直前」と「メンタルヘルス不調の定義」の境界が曖昧になり、総合問題で誤答しやすい。関連する「管理監督者への教育研修・情報提供」との違いもセットで確認してください。 過去問では管理監督者への教育研修・情報提供に関する逆転肢や、類似制度の数値流用に注意してください。,「二種直前」の復習の進め方（横断総合）は？,二種直前は関連制度との違いを横断マップにまとめ、直前総仕上げに使ってください。 誤答した設問は原因（主体・手順・数値・記録）をタグ付けして再演習してください。 試験では横断マップで弱点可視化をセットで確認してください。,「二種直前」の関連条文・資料は？,用語集の「管理監督者への教育研修・情報提供」と関連法令・試験要項を照合してください。 直前は誤答ノートと本ページを往復し、同型の引っかけを連続で解いてください。 試験では横断マップで弱点可視化をセットで確認してください。
