slug,title,category,tags,summary,highlight,item_rows,article_title,article_lead,exam_points,common_mistakes,memory_tip,related_terms,faq_1_question,faq_1_answer,faq_2_question,faq_2_answer,faq_3_question,faq_3_answer,faq_4_question,faq_4_answer
stress-check-kigen,契約前後の説明・交付期限,契約・実務,期限;宅建業法,重要事項説明と37条書面の期限を一覧で整理します。,35条説明8日 / 37条書面5日,"[{""item"": ""重要事項説明（35条）"", ""value"": ""原則8日以内"", ""note"": ""自ら売主の場合は2日以内。契約前に説明""}, {""item"": ""37条書面の交付"", ""value"": ""原則5日以内"", ""note"": ""契約後5日以内に交付。契約前交付も可""}, {""item"": ""クーリング・オフ"", ""value"": ""8日以内"", ""note"": ""書面交付を受けた日から起算（対象取引）""}]",契約前後の説明・交付期限｜数値早見表,35条説明と37条書面は「契約前」「契約後」で期限の起点が異なります。数字だけ暗記せず、手続の順序とセットで覚えると試験で取り違えにくくなります。重要事項説明と37条書面の期限を一覧で整理します。試験で押さえるべき点は、35条は契約前・37条は契約後が基本、8日と5日の起点を混同しない、自ら売主は35条2日。早見の要点は「35条説明8日 / 37条書面5日」です。,35条は契約前・37条は契約後が基本;8日と5日の起点を混同しない;自ら売主は35条2日,35条と37条の期限を逆に覚えると一問失点しやすいです。,「前に説明8、後に交付5」と順序付きで覚えます。,36協定;4つのケア,35条説明の期限は？,原則契約前8日以内です。自ら売主の場合は2日以内が目安になります。35条は契約前・37条は契約後が基本。8日と5日の起点を混同しない。自ら売主は35条2日。「前に説明8、後に交付5」と順序付きで覚えます。,37条書面はいつまで？,契約後5日以内の交付が原則です。35条は契約前・37条は契約後が基本。8日と5日の起点を混同しない。自ら売主は35条2日。「前に説明8、後に交付5」と順序付きで覚えます。誤りやすいのは「35条と37条の期限を逆に覚えると一問失点しやすいです。」と捉えることです。,8日と5日を混同しやすい？,35条説明は契約前、37条書面は契約後が基本なので、手続の順序と一緒に確認してください。35条は契約前・37条は契約後が基本。8日と5日の起点を混同しない。自ら売主は35条2日。「前に説明8、後に交付5」と順序付きで覚えます。,関連用語は？,各項目の用語解説ページとあわせて読むと定着しやすくなります。35条は契約前・37条は契約後が基本。8日と5日の起点を混同しない。自ら売主は35条2日。「前に説明8、後に交付5」と順序付きで覚えます。誤りやすいのは「35条と37条の期限を逆に覚えると一問失点しやすいです。」と捉えることです。
choujikan-mensetsu,手付金・報酬の上限,契約・実務,割合;報酬,手付金の上限比率と、報酬に関する代表的な数字を整理します。,手付金20% / 報酬上限,"[{""item"": ""手付金の上限"", ""value"": ""代金の20%以内"", ""note"": ""売買契約の手付金。超える部分は無効""}, {""item"": ""手付解除"", ""value"": ""手付倍返し"", ""note"": ""受領者が解除する場合は倍額返還""}, {""item"": ""報酬（一般）"", ""value"": ""率・定率表で算定"", ""note"": ""取引価格に応じた上限。特例（空き家等）は別枠""}, {""item"": ""空き家等の媒介報酬上限"", ""value"": ""税込33万円"", ""note"": ""800万円以下の空き家等・一定条件""}]",手付金・報酬の上限｜数値早見表,手付金20%と報酬上限は頻出の数値問題です。割合の対象（代金・取引価格）までセットで確認してください。手付金の上限比率と、報酬に関する代表的な数字を整理します。試験で押さえるべき点は、手付金は代金の20%が上限、手付解除は倍返し、報酬は定率表と特例を区別。早見の要点は「手付金20% / 報酬上限」です。,手付金は代金の20%が上限;手付解除は倍返し;報酬は定率表と特例を区別,手付金を定金と混同すると解除効果の問題で誤答しやすいです。,「20%手付・倍返し解除」とセットで覚えます。,36協定;4つのケア,手付金の上限は？,売買代金の20%以内です。手付金は代金の20%が上限。手付解除は倍返し。報酬は定率表と特例を区別。「20%手付・倍返し解除」とセットで覚えます。誤りやすいのは「手付金を定金と混同すると解除効果の問題で誤答しやすいです。」と捉えることです。,20%を超えた手付金は？,超えた部分は無効です。手付金は代金の20%が上限。手付解除は倍返し。報酬は定率表と特例を区別。「20%手付・倍返し解除」とセットで覚えます。誤りやすいのは「手付金を定金と混同すると解除効果の問題で誤答しやすいです。」と捉えることです。,報酬上限はどこで確認？,定率表と国土交通省告示等の公式情報で確認します。手付金は代金の20%が上限。手付解除は倍返し。報酬は定率表と特例を区別。「20%手付・倍返し解除」とセットで覚えます。誤りやすいのは「手付金を定金と混同すると解除効果の問題で誤答しやすいです。」と捉えることです。,空き家特例の数字は？,条件を満たす場合、税込33万円上限などの特例があります。手付金は代金の20%が上限。手付解除は倍返し。報酬は定率表と特例を区別。「20%手付・倍返し解除」とセットで覚えます。誤りやすいのは「手付金を定金と混同すると解除効果の問題で誤答しやすいです。」と捉えることです。
kanrishoku-kenshu,借地借家の年数・期間,法令・制度,期間;借地借家,普通借地・普通借家の存続期間など、年数問題の定番数字を整理します。,借地30年 / 借家1年超,"[{""item"": ""普通借地権"", ""value"": ""30年"", ""note"": ""借地借家法3条。建物所有を目的とする土地""}, {""item"": ""定期借地権"", ""value"": ""50年以上"", ""note"": ""一般定期借地権の存続期間""}, {""item"": ""普通借家（建物）"", ""value"": ""1年超"", ""note"": ""借地借家法3条。短期を除く""}, {""item"": ""短期借家"", ""value"": ""1年以下"", ""note"": ""更新なし。書面等の要件あり""}]",借地借家の年数・期間｜数値早見表,借地30年・借家1年超は肢選択問題で繰り返し出ます。定期借地50年とセットで整理しておきましょう。普通借地・普通借家の存続期間など、年数問題の定番数字を整理します。試験で押さえるべき点は、普通借地30年・普通借家1年超、定期借地50年以上、短期借家1年以下。早見の要点は「借地30年 / 借家1年超」です。,普通借地30年・普通借家1年超;定期借地50年以上;短期借家1年以下,借地と借家の年数を入れ替えると即不正解になります。,「地30・家1超・定期50」と短く覚えます。,36協定;4つのケア,普通借地の存続期間は？,原則30年です（借地借家法3条）。普通借地30年・普通借家1年超。定期借地50年以上。短期借家1年以下。「地30・家1超・定期50」と短く覚えます。誤りやすいのは「借地と借家の年数を入れ替えると即不正解になります。」と捉えることです。,普通借家の期間は？,1年を超える期間が定められます。普通借地30年・普通借家1年超。定期借地50年以上。短期借家1年以下。「地30・家1超・定期50」と短く覚えます。誤りやすいのは「借地と借家の年数を入れ替えると即不正解になります。」と捉えることです。,定期借地権の年数は？,50年以上が目安になります。普通借地30年・普通借家1年超。定期借地50年以上。短期借家1年以下。「地30・家1超・定期50」と短く覚えます。誤りやすいのは「借地と借家の年数を入れ替えると即不正解になります。」と捉えることです。,短期借家との違いは？,1年以下で更新がなく、要件も異なります。普通借地30年・普通借家1年超。定期借地50年以上。短期借家1年以下。「地30・家1超・定期50」と短く覚えます。誤りやすいのは「借地と借家の年数を入れ替えると即不正解になります。」と捉えることです。
kyushoku-kikan,成年・後見・保佐の年齢,法令・制度,年齢;民法,成年年齢と保護制度の開始年齢を一覧にまとめます。,成年18歳 / 保佐17歳,"[{""item"": ""成年"", ""value"": ""18歳"", ""note"": ""2022年4月改正。17歳までが未成年""}, {""item"": ""未成年（旧基準）"", ""value"": ""20歳未満"", ""note"": ""改正前の基準。試験では18歳成年を優先""}, {""item"": ""被保佐人の開始"", ""value"": ""17歳から"", ""note"": ""保佐開始の申立て等""}, {""item"": ""被後見人"", ""value"": ""常に制限"", ""note"": ""行為能力の制限が最も強い""}]",成年・後見・保佐の年齢｜数値早見表,成年18歳への改正後も、旧20歳基準の肢が混ざることがあります。最新の民法年齢と保護制度を表で確認してください。成年年齢と保護制度の開始年齢を一覧にまとめます。試験で押さえるべき点は、成年は18歳、17歳から保佐、後見・保佐・補助の制限の強さ。早見の要点は「成年18歳 / 保佐17歳」です。,成年は18歳;17歳から保佐;後見・保佐・補助の制限の強さ,成年年齢を20歳のまま暗記していると不正解になります。,「18成年・17保佐・制限は後見>保佐>補助」と整理します。,36協定;4つのケア,成年年齢は？,18歳です（2022年4月施行）。成年は18歳。17歳から保佐。後見・保佐・補助の制限の強さ。「18成年・17保佐・制限は後見>保佐>補助」と整理します。誤りやすいのは「成年年齢を20歳のまま暗記していると不正解になります。」と捉えることです。,被保佐人は何歳から？,17歳から保佐開始の申立てが可能です。成年は18歳。後見・保佐・補助の制限の強さ。「18成年・17保佐・制限は後見>保佐>補助」と整理します。誤りやすいのは「成年年齢を20歳のまま暗記していると不正解になります。」と捉えることです。,20歳の肢は？,改正前の基準です。最新の条文・用語解説で確認してください。成年は18歳。17歳から保佐。後見・保佐・補助の制限の強さ。「18成年・17保佐・制限は後見>保佐>補助」と整理します。誤りやすいのは「成年年齢を20歳のまま暗記していると不正解になります。」と捉えることです。,行為能力の順序は？,後見>保佐>補助の順に制限が強くなります。成年は18歳。17歳から保佐。後見・保佐・補助の制限の強さ。「18成年・17保佐・制限は後見>保佐>補助」と整理します。誤りやすいのは「成年年齢を20歳のまま暗記していると不正解になります。」と捉えることです。
shiken-goukaku,登記・公告の期間,法令・制度,期間;登記,登記申請期限や公告期間など、手続き系の数字を整理します。,登記1か月 / 公告2週間,"[{""item"": ""登記申請（相続）"", ""value"": ""知った日から3年"", ""note"": ""相続登記の申請期限（一般論）""}, {""item"": ""抵当権設定登記"", ""value"": ""契約後速やか"", ""note"": ""設定契約後の申請。問題文の表現に注意""}, {""item"": ""公告期間（例）"", ""value"": ""2週間以上"", ""note"": ""不動産登記法上の公告期間等。条文で確認""}, {""item"": ""異議申立て"", ""value"": ""公告終了後"", ""note"": ""手続ごとに異なるため条文確認""}]",登記・公告の期間｜数値早見表,登記・公告の数字は条文依存が大きいです。試験では典型値を押さえ、最新の公式テキストで裏取りしてください。登記申請期限や公告期間など、手続き系の数字を整理します。試験で押さえるべき点は、相続登記3年、公告2週間は典型肢、手続ごとに期限が異なる。早見の要点は「登記1か月 / 公告2週間」です。,相続登記3年;公告2週間は典型肢;手続ごとに期限が異なる,異なる登記の期限を1つに混同すると誤答になります。,手続名ごとに「誰が・いつまで」を表で分けて覚えます。,36協定;4つのケア,相続登記の申請期限は？,相続を知った日から3年が典型です。相続登記3年。公告2週間は典型肢。手続ごとに期限が異なる。手続名ごとに「誰が・いつまで」を表で分けて覚えます。誤りやすいのは「異なる登記の期限を1つに混同すると誤答になります。」と捉えることです。,公告期間の例は？,2週間以上など、手続により異なります。相続登記3年。公告2週間は典型肢。手続ごとに期限が異なる。手続名ごとに「誰が・いつまで」を表で分けて覚えます。誤りやすいのは「異なる登記の期限を1つに混同すると誤答になります。」と捉えることです。,数字は暗記だけで足りる？,演習と公式テキストで必ず確認してください。相続登記3年。公告2週間は典型肢。手続ごとに期限が異なる。手続名ごとに「誰が・いつまで」を表で分けて覚えます。誤りやすいのは「異なる登記の期限を1つに混同すると誤答になります。」と捉えることです。,関連条文は？,用語解説と法令条文をあわせて確認します。相続登記3年。公告2週間は典型肢。手続ごとに期限が異なる。手続名ごとに「誰が・いつまで」を表で分けて覚えます。誤りやすいのは「異なる登記の期限を1つに混同すると誤答になります。」と捉えることです。
juken-shikaku,試験合格の得点・比率,設備・その他,得点;試験制度,合格基準点・科目配分など、試験制度の代表的な数字を整理します。,50点 / 4科目,"[{""item"": ""合格基準（例）"", ""value"": ""50点以上"", ""note"": ""試験により異なる。要項で確認""}, {""item"": ""出題数（例）"", ""value"": ""50問"", ""note"": ""1問1点形式が一般的""}, {""item"": ""科目数（例）"", ""value"": ""4科目"", ""note"": ""分野配分は試験要項参照""}, {""item"": ""科目別足切り"", ""value"": ""要項で確認"", ""note"": ""総得点だけでなく基準点がある試験も""}]",試験合格の得点・比率｜数値早見表,合格点・出題数・科目配分は試験要項の一次情報で確認します。テンプレート用の典型値として早見表にまとめています。合格基準点・科目配分など、試験制度の代表的な数字を整理します。試験で押さえるべき点は、合格点は要項で確認、科目別基準点に注意、出題数と配点をセット。早見の要点は「50点 / 4科目」です。,合格点は要項で確認;科目別基準点に注意;出題数と配点をセット,他試験の合格点を当てはめると誤答になります。,「要項で確認」とセットで数字を覚えます。,36協定;4つのケア,合格点はどこで確認？,試験要項の最新版で確認してください（例：50点以上）。合格点は要項で確認。科目別基準点に注意。出題数と配点をセット。「要項で確認」とセットで数字を覚えます。誤りやすいのは「他試験の合格点を当てはめると誤答になります。」と捉えることです。,科目別基準点は？,試験によっては足切りがあります。要項を必ず確認します。合格点は要項で確認。科目別基準点に注意。出題数と配点をセット。「要項で確認」とセットで数字を覚えます。誤りやすいのは「他試験の合格点を当てはめると誤答になります。」と捉えることです。,出題数の例は？,50問形式など、試験により異なります。合格点は要項で確認。科目別基準点に注意。出題数と配点をセット。「要項で確認」とセットで数字を覚えます。誤りやすいのは「他試験の合格点を当てはめると誤答になります。」と捉えることです。,この表の使い方は？,学習計画の目安として使い、正式な数字は公式情報で確認します。合格点は要項で確認。科目別基準点に注意。出題数と配点をセット。「要項で確認」とセットで数字を覚えます。誤りやすいのは「他試験の合格点を当てはめると誤答になります。」と捉えることです。
harassment-taisaku,合格率・受験者数（記入例）,法令・制度,合格率;統計,合格率や受験者数の欄をテンプレート用に示します。実値は公式統計で確認してください。,要項・統計で確認,"[{""item"": ""合格率（例）"", ""value"": ""要記入"", ""note"": ""年度・試験により変動""}, {""item"": ""受験者数（例）"", ""value"": ""要記入"", ""note"": ""公式発表を参照""}, {""item"": ""合格者数（例）"", ""value"": ""要記入"", ""note"": ""同上""}, {""item"": ""確認先"", ""value"": ""試験要項"", ""note"": ""一次情報""}]",合格率・受験者数（記入例）｜数値早見テンプレ,テンプレートでは数値欄の記入例として「要記入」を示しています。本番サイトでは年度ごとの統計を反映してください。合格率や受験者数の欄をテンプレート用に示します。実値は公式統計で確認してください。試験で押さえるべき点は、合格率は年度で変動、受験者数も公式発表、学習計画は難易度の参考程度。早見の要点は「要項・統計で確認」です。,合格率は年度で変動;受験者数も公式発表;学習計画は難易度の参考程度,他試験の数字を流用すると誤解を招きます。,「要記入」は未設定の印。本番は要項で置換。,36協定;4つのケア,合格率・受験者数（記入例）の使い方は？,テンプレートでは項目名と確認先の例を示しています。本番サイトでは試験要項の数値に差し替えてください。合格率は年度で変動。受験者数も公式発表。学習計画は難易度の参考程度。「要記入」は未設定の印。本番は要項で置換。,「要記入」の欄はどう使いますか？,未設定・要記入を意味します。クローン後に各試験の公式データで置き換えます。合格率は年度で変動。受験者数も公式発表。学習計画は難易度の参考程度。「要記入」は未設定の印。本番は要項で置換。誤りやすいのは「他試験の数字を流用すると誤解を招きます。」と捉えることです。,どこで正式な数値を確認しますか？,試験要項・公式情報の一次データを参照してください。合格率は年度で変動。受験者数も公式発表。学習計画は難易度の参考程度。「要記入」は未設定の印。本番は要項で置換。誤りやすいのは「他試験の数字を流用すると誤解を招きます。」と捉えることです。,関連する比較表はありますか？,合格基準と出題範囲の比較表、受験資格と合格基準の比較表などとあわせて読むと整理しやすくなります。合格率は年度で変動。受験者数も公式発表。学習計画は難易度の参考程度。「要記入」は未設定の印。本番は要項で置換。
kenshin-metabo,模擬試験・演習時間（記入例）,契約・実務,模擬試験;時間,制限時間の欄のテンプレート例です。本番試験時間は要項で必ず確認してください。,要項で確認,"[{""item"": ""本試験時間（例）"", ""value"": ""要記入"", ""note"": ""試験により異なる""}, {""item"": ""模擬試験（例）"", ""value"": ""同左"", ""note"": ""本番形式に合わせる""}, {""item"": ""1問あたり（例）"", ""value"": ""要記入"", ""note"": ""出題数で割算""}, {""item"": ""確認"", ""value"": ""受験票"", ""note"": ""当日情報""}]",模擬試験・演習時間（記入例）｜数値早見テンプレ,時間配分の練習用に、数値早見表の項目例を示しています。サイト内の実践演習とも対応づけてください。制限時間の欄のテンプレート例です。本番試験時間は要項で必ず確認してください。試験で押さえるべき点は、本番時間は要項確認、模試は本番に合わせる、1問あたり目安を計算。早見の要点は「要項で確認」です。,本番時間は要項確認;模試は本番に合わせる;1問あたり目安を計算,テンプレ数字をそのまま暗記すると本番で齟齬が出ます。,「要記入」は未設定。要項で置換。,36協定;4つのケア,模擬試験・演習時間（記入例）の使い方は？,テンプレートでは項目名と確認先の例を示しています。本番サイトでは試験要項の数値に差し替えてください。本番時間は要項確認。模試は本番に合わせる。1問あたり目安を計算。「要記入」は未設定。要項で置換。誤りやすいのは「テンプレ数字をそのまま暗記すると本番で齟齬が出ます。」と捉えることです。,「要記入」の欄はどう使いますか？,未設定・要記入を意味します。クローン後に各試験の公式データで置き換えます。本番時間は要項確認。模試は本番に合わせる。1問あたり目安を計算。「要記入」は未設定。要項で置換。誤りやすいのは「テンプレ数字をそのまま暗記すると本番で齟齬が出ます。」と捉えることです。,どこで正式な数値を確認しますか？,試験要項・公式情報の一次データを参照してください。本番時間は要項確認。模試は本番に合わせる。1問あたり目安を計算。「要記入」は未設定。要項で置換。誤りやすいのは「テンプレ数字をそのまま暗記すると本番で齟齬が出ます。」と捉えることです。,関連する比較表はありますか？,合格基準と出題範囲の比較表、受験資格と合格基準の比較表などとあわせて読むと整理しやすくなります。本番時間は要項確認。模試は本番に合わせる。1問あたり目安を計算。「要記入」は未設定。要項で置換。誤りやすいのは「テンプレ数字をそのまま暗記すると本番で齟齬が出ます。」と捉えることです。
sodan-taisei,受験手数料（記入例）,法令・制度,受験手数料,受験料の欄テンプレート。申込前に試験要項の最新額を確認してください。,要項で確認,"[{""item"": ""受験手数料（例）"", ""value"": ""要記入"", ""note"": ""税込表示に注意""}, {""item"": ""申込期間（例）"", ""value"": ""要記入"", ""note"": ""年度で変動""}, {""item"": ""返還"", ""value"": ""原則不可"", ""note"": ""要項確認""}, {""item"": ""確認先"", ""value"": ""公式情報"", ""note"": ""一次情報""}]",受験手数料（記入例）｜数値早見テンプレ,受験料・申込期限は試験ごとに改定されます。テンプレートでは項目名だけを共通化し、値は本番データに差し替えます。受験料の欄テンプレート。申込前に試験要項の最新額を確認してください。試験で押さえるべき点は、金額は要項、申込期限も要項、返還条件を確認。早見の要点は「要項で確認」です。,金額は要項;申込期限も要項;返還条件を確認,過去の受験料を最新とみなす誤りに注意。,「要記入」は未設定。申込前に要項確認。,36協定;4つのケア,受験手数料（記入例）の使い方は？,テンプレートでは項目名と確認先の例を示しています。本番サイトでは試験要項の数値に差し替えてください。金額は要項。申込期限も要項。返還条件を確認。「要記入」は未設定。申込前に要項確認。誤りやすいのは「過去の受験料を最新とみなす誤りに注意。」と捉えることです。,「要記入」の欄はどう使いますか？,未設定・要記入を意味します。クローン後に各試験の公式データで置き換えます。金額は要項。申込期限も要項。返還条件を確認。「要記入」は未設定。申込前に要項確認。誤りやすいのは「過去の受験料を最新とみなす誤りに注意。」と捉えることです。,どこで正式な数値を確認しますか？,試験要項・公式情報の一次データを参照してください。金額は要項。申込期限も要項。返還条件を確認。「要記入」は未設定。申込前に要項確認。誤りやすいのは「過去の受験料を最新とみなす誤りに注意。」と捉えることです。,関連する比較表はありますか？,合格基準と出題範囲の比較表、受験資格と合格基準の比較表などとあわせて読むと整理しやすくなります。金額は要項。申込期限も要項。返還条件を確認。「要記入」は未設定。申込前に要項確認。誤りやすいのは「過去の受験料を最新とみなす誤りに注意。」と捉えることです。
shiken-nittei-2026,出題数・配点（記入例）,設備・その他,出題数;配点,出題数と配点の欄テンプレート。合格戦略の前提となる数字です。,要項で確認,"[{""item"": ""出題数（例）"", ""value"": ""要記入"", ""note"": ""形式により異なる""}, {""item"": ""配点（例）"", ""value"": ""1問1点等"", ""note"": ""要項確認""}, {""item"": ""合格点（例）"", ""value"": ""要記入"", ""note"": ""合格基準と連動""}, {""item"": ""科目別基準"", ""value"": ""要項参照"", ""note"": ""足切り注意""}]",出題数・配点（記入例）｜数値早見テンプレ,出題数・配点・合格点はセットで要項確認します。テンプレートでは学習計画の枠組み例として載せています。出題数と配点の欄テンプレート。合格戦略の前提となる数字です。試験で押さえるべき点は、出題数は要項、配点方式も要項、科目別基準点に注意。早見の要点は「要項で確認」です。,出題数は要項;配点方式も要項;科目別基準点に注意,他資格の出題数を当てはめると計画が狂います。,「要記入」は未設定。要項で置換。,36協定;4つのケア,出題数・配点（記入例）の使い方は？,テンプレートでは項目名と確認先の例を示しています。本番サイトでは試験要項の数値に差し替えてください。出題数は要項。配点方式も要項。科目別基準点に注意。「要記入」は未設定。要項で置換。誤りやすいのは「他資格の出題数を当てはめると計画が狂います。」と捉えることです。,「要記入」の欄はどう使いますか？,未設定・要記入を意味します。クローン後に各試験の公式データで置き換えます。出題数は要項。配点方式も要項。科目別基準点に注意。「要記入」は未設定。要項で置換。誤りやすいのは「他資格の出題数を当てはめると計画が狂います。」と捉えることです。,どこで正式な数値を確認しますか？,試験要項・公式情報の一次データを参照してください。出題数は要項。配点方式も要項。科目別基準点に注意。「要記入」は未設定。要項で置換。誤りやすいのは「他資格の出題数を当てはめると計画が狂います。」と捉えることです。,関連する比較表はありますか？,合格基準と出題範囲の比較表、受験資格と合格基準の比較表などとあわせて読むと整理しやすくなります。出題数は要項。配点方式も要項。科目別基準点に注意。「要記入」は未設定。要項で置換。誤りやすいのは「他資格の出題数を当てはめると計画が狂います。」と捉えることです。
s31-stress-year-cycle,ストレスチェック年間運用の目安,職場環境・配慮,メンタルヘルスII種;;数値,ストレスチェック年間運用の目安に関する数値・頻度・手順の見方を整理します。,数値は一次情報で最新確認,"[{""item"": ""代表値"", ""value"": ""要項・規則確認"", ""note"": ""固定暗記より条件確認を優先""}, {""item"": ""適用条件"", ""value"": ""対象者・規模を確認"", ""note"": ""主語の取り違えに注意""}, {""item"": ""運用頻度"", ""value"": ""年間計画で管理"", ""note"": ""未実施を防ぐ""}, {""item"": ""試験対策"", ""value"": ""数値+条件で暗記"", ""note"": ""単独暗記を避ける""}]",ストレスチェック年間運用の目安｜メンタルヘルスII種,数値問題は数字そのものより、誰に適用されるかの判定が重要です。代表値・条件・主体を1セットで覚え、比較表と接続して復習してください。,数値と条件を分けて覚えない;主体を確認;年度更新を確認,数字のみ覚える;似た制度の値を流用する;単位を見落とす,「数値・条件・主体」を1行で書く。,ストレスチェック;面接指導;長時間労働,「ストレスチェック年間運用の目安」の試験での位置づけは？,数値問題は数字そのものより、誰に適用されるかの判定。代表値・条件・主体を1セットで覚え、比較表と接続して復習してください。 試験では数値と条件を分けて覚えないを軸に、関連条文・数値・主体の取り違えを照合してください。,「ストレスチェック年間運用の目安」でよくある誤答パターンは？,数字のみ覚える;似た制度の値を流用する;単位を見落とす 誤答肢では主体を確認の主語や条件が入れ替わることが多いので、比較表で整理してください。 過去問で正誤の型を分類し、試験要項で数値・期限を照合してください。,「ストレスチェック年間運用の目安」の覚え方・確認手順は？,覚え方：「数値・条件・主体」を1行で書く。 早見の要点：数値は一次情報で最新確認 用語集→本ページ→過去問の順で往復し、正誤理由をメモに残してください。 過去問で正誤の型を分類し、試験要項で数値・期限を照合してください。,「ストレスチェック年間運用の目安」の公式情報はどこで確認しますか？,「ストレスチェック年間運用の目安」では数値と条件を分けて覚えないを軸に、条文・数値・主体の取り違えを比較表で整理してください。 典型誤答は数字のみ覚える;似た制度の値を流用する;単位を見落とす。 過去問では条件文の主語入れ替え肢に注意してください。
s31-mensetsu-threshold,面接指導の閾値整理,職場環境・配慮,メンタルヘルスII種;;数値,面接指導の閾値整理に関する数値・頻度・手順の見方を整理します。,数値は一次情報で最新確認,"[{""item"": ""代表値"", ""value"": ""要項・規則確認"", ""note"": ""固定暗記より条件確認を優先""}, {""item"": ""適用条件"", ""value"": ""対象者・規模を確認"", ""note"": ""主語の取り違えに注意""}, {""item"": ""運用頻度"", ""value"": ""年間計画で管理"", ""note"": ""未実施を防ぐ""}, {""item"": ""試験対策"", ""value"": ""数値+条件で暗記"", ""note"": ""単独暗記を避ける""}]",面接指導の閾値整理｜メンタルヘルスII種,数値問題は数字そのものより、誰に適用されるかの判定が重要です。代表値・条件・主体を1セットで覚え、比較表と接続して復習してください。,数値と条件を分けて覚えない;主体を確認;年度更新を確認,数字のみ覚える;似た制度の値を流用する;単位を見落とす,「数値・条件・主体」を1行で書く。,ストレスチェック;面接指導;長時間労働,「面接指導の閾値整理」の試験での位置づけは？,数値問題は数字そのものより、誰に適用されるかの判定。代表値・条件・主体を1セットで覚え、比較表と接続して復習してください。 試験では数値と条件を分けて覚えないを軸に、関連条文・数値・主体の取り違えを照合してください。,「面接指導の閾値整理」でよくある誤答パターンは？,数字のみ覚える;似た制度の値を流用する;単位を見落とす 誤答肢では主体を確認の主語や条件が入れ替わることが多いので、比較表で整理してください。 過去問で正誤の型を分類し、試験要項で数値・期限を照合してください。,「面接指導の閾値整理」の覚え方・確認手順は？,覚え方：「数値・条件・主体」を1行で書く。 早見の要点：数値は一次情報で最新確認 用語集→本ページ→過去問の順で往復し、正誤理由をメモに残してください。 過去問で正誤の型を分類し、試験要項で数値・期限を照合してください。,「面接指導の閾値整理」の公式情報はどこで確認しますか？,「面接指導の閾値整理」では数値と条件を分けて覚えないを軸に、条文・数値・主体の取り違えを比較表で整理してください。 典型誤答は数字のみ覚える;似た制度の値を流用する;単位を見落とす。 過去問では条件文の主語入れ替え肢に注意してください。
s31-kenshu-frequency,管理監督者研修の実施頻度,基礎・役割,メンタルヘルスII種;;数値,管理監督者研修の実施頻度に関する数値・頻度・手順の見方を整理します。,数値は一次情報で最新確認,"[{""item"": ""代表値"", ""value"": ""要項・規則確認"", ""note"": ""固定暗記より条件確認を優先""}, {""item"": ""適用条件"", ""value"": ""対象者・規模を確認"", ""note"": ""主語の取り違えに注意""}, {""item"": ""運用頻度"", ""value"": ""年間計画で管理"", ""note"": ""未実施を防ぐ""}, {""item"": ""試験対策"", ""value"": ""数値+条件で暗記"", ""note"": ""単独暗記を避ける""}]",管理監督者研修の実施頻度｜メンタルヘルスII種,数値問題は数字そのものより、誰に適用されるかの判定が重要です。代表値・条件・主体を1セットで覚え、比較表と接続して復習してください。,数値と条件を分けて覚えない;主体を確認;年度更新を確認,数字のみ覚える;似た制度の値を流用する;単位を見落とす,「数値・条件・主体」を1行で書く。,メンタルヘルス不調の定義;管理監督者への教育研修・情報提供;人事労務管理スタッフ,「管理監督者研修の実施頻度」の試験での位置づけは？,数値問題は数字そのものより、誰に適用されるかの判定。代表値・条件・主体を1セットで覚え、比較表と接続して復習してください。 試験では数値と条件を分けて覚えないを軸に、関連条文・数値・主体の取り違えを照合してください。,「管理監督者研修の実施頻度」でよくある誤答パターンは？,数字のみ覚える;似た制度の値を流用する;単位を見落とす 誤答肢では主体を確認の主語や条件が入れ替わることが多いので、比較表で整理してください。 過去問で正誤の型を分類し、試験要項で数値・期限を照合してください。,「管理監督者研修の実施頻度」の覚え方・確認手順は？,覚え方：「数値・条件・主体」を1行で書く。 早見の要点：数値は一次情報で最新確認 用語集→本ページ→過去問の順で往復し、正誤理由をメモに残してください。 過去問で正誤の型を分類し、試験要項で数値・期限を照合してください。,「管理監督者研修の実施頻度」の公式情報はどこで確認しますか？,「管理監督者研修の実施頻度」では数値と条件を分けて覚えないを軸に、条文・数値・主体の取り違えを比較表で整理してください。 典型誤答は数字のみ覚える;似た制度の値を流用する;単位を見落とす。 過去問では条件文の主語入れ替え肢に注意してください。
s34-kenshu-frequency,管理監督者研修頻度,基礎・役割,メンタルヘルスII種;;数値,管理監督者研修頻度に関する数値・頻度・手順の見方を整理します。,数値は一次情報で最新確認,"[{""item"": ""代表値"", ""value"": ""要項・規則確認"", ""note"": ""固定暗記より条件確認""}, {""item"": ""適用条件"", ""value"": ""対象者・規模を確認"", ""note"": ""主語の取り違え防止""}, {""item"": ""運用"", ""value"": ""年間計画で管理"", ""note"": ""未実施の防止""}, {""item"": ""試験対策"", ""value"": ""数値+条件で暗記"", ""note"": ""単独暗記を避ける""}]",管理監督者研修頻度｜メンタルヘルスII種,数値は再発防止・配置転換・過重労働・職場環境の主体と条件のセットで復習してください。,数値と条件をセット;主体を確認;年度更新を確認,数字のみ暗記;似た制度の値を流用;単位の見落とし,「数値・条件・主体」を1行で書く。,管理監督者への教育研修・情報提供;メンタルヘルス不調の定義;保健師,「管理監督者研修頻度」の試験での位置づけは？,数値は再発防止・配置転換・過重労働・職場環境の主体と条件のセットで復習してください。 試験では数値と条件をセットを軸に、関連条文・数値・主体の取り違えを照合してください。 過去問で正誤の型を分類し、試験要項で数値・期限を照合してください。,「管理監督者研修頻度」でよくある誤答パターンは？,数字のみ暗記;似た制度の値を流用;単位の見落とし 誤答肢では主体を確認の主語や条件が入れ替わることが多いので、比較表で整理してください。 過去問で正誤の型を分類し、試験要項で数値・期限を照合してください。,「管理監督者研修頻度」の覚え方・確認手順は？,覚え方：「数値・条件・主体」を1行で書く。 早見の要点：数値は一次情報で最新確認 用語集→本ページ→過去問の順で往復し、正誤理由をメモに残してください。 過去問で正誤の型を分類し、試験要項で数値・期限を照合してください。,「管理監督者研修頻度」の公式情報はどこで確認しますか？,「管理監督者研修頻度」では数値と条件をセットを軸に、条文・数値・主体の取り違えを比較表で整理してください。 典型誤答は数字のみ暗記;似た制度の値を流用;単位の見落とし。 過去問では条件文の主語入れ替え肢に注意してください。
s31-fukki-step-days,段階的復職ステップ管理,相談・連携・復職,メンタルヘルスII種;;数値,段階的復職ステップ管理に関する数値・頻度・手順の見方を整理します。,数値は一次情報で最新確認,"[{""item"": ""代表値"", ""value"": ""要項・規則確認"", ""note"": ""固定暗記より条件確認を優先""}, {""item"": ""適用条件"", ""value"": ""対象者・規模を確認"", ""note"": ""主語の取り違えに注意""}, {""item"": ""運用頻度"", ""value"": ""年間計画で管理"", ""note"": ""未実施を防ぐ""}, {""item"": ""試験対策"", ""value"": ""数値+条件で暗記"", ""note"": ""単独暗記を避ける""}]",段階的復職ステップ管理｜メンタルヘルスII種,数値問題は数字そのものより、誰に適用されるかの判定が重要です。代表値・条件・主体を1セットで覚え、比較表と接続して復習してください。,数値と条件を分けて覚えない;主体を確認;年度更新を確認,数字のみ覚える;似た制度の値を流用する;単位を見落とす,「数値・条件・主体」を1行で書く。,休職;復職;段階的復職,「段階的復職ステップ管理」の試験での位置づけは？,数値問題は数字そのものより、誰に適用されるかの判定。代表値・条件・主体を1セットで覚え、比較表と接続して復習してください。 試験では数値と条件を分けて覚えないを軸に、関連条文・数値・主体の取り違えを照合してください。,「段階的復職ステップ管理」でよくある誤答パターンは？,数字のみ覚える;似た制度の値を流用する;単位を見落とす 誤答肢では主体を確認の主語や条件が入れ替わることが多いので、比較表で整理してください。 過去問で正誤の型を分類し、試験要項で数値・期限を照合してください。,「段階的復職ステップ管理」の覚え方・確認手順は？,覚え方：「数値・条件・主体」を1行で書く。 早見の要点：数値は一次情報で最新確認 用語集→本ページ→過去問の順で往復し、正誤理由をメモに残してください。 過去問で正誤の型を分類し、試験要項で数値・期限を照合してください。,「段階的復職ステップ管理」の公式情報はどこで確認しますか？,「段階的復職ステップ管理」では数値と条件を分けて覚えないを軸に、条文・数値・主体の取り違えを比較表で整理してください。 典型誤答は数字のみ覚える;似た制度の値を流用する;単位を見落とす。 過去問では条件文の主語入れ替え肢に注意してください。
s34-fukki-step-days,段階的復職の日数目安,相談・連携・復職,メンタルヘルスII種;;数値,段階的復職の日数目安に関する数値・頻度・手順の見方を整理します。,数値は一次情報で最新確認,"[{""item"": ""代表値"", ""value"": ""要項・規則確認"", ""note"": ""固定暗記より条件確認""}, {""item"": ""適用条件"", ""value"": ""対象者・規模を確認"", ""note"": ""主語の取り違え防止""}, {""item"": ""運用"", ""value"": ""年間計画で管理"", ""note"": ""未実施の防止""}, {""item"": ""試験対策"", ""value"": ""数値+条件で暗記"", ""note"": ""単独暗記を避ける""}]",段階的復職の日数目安｜メンタルヘルスII種,数値は再発防止・配置転換・過重労働・職場環境の主体と条件のセットで復習してください。,数値と条件をセット;主体を確認;年度更新を確認,数字のみ暗記;似た制度の値を流用;単位の見落とし,「数値・条件・主体」を1行で書く。,就業上の配慮;復職;再発予防,「段階的復職の日数目安」の試験での位置づけは？,数値は再発防止・配置転換・過重労働・職場環境の主体と条件のセットで復習してください。 試験では数値と条件をセットを軸に、関連条文・数値・主体の取り違えを照合してください。 過去問で正誤の型を分類し、試験要項で数値・期限を照合してください。,「段階的復職の日数目安」でよくある誤答パターンは？,数字のみ暗記;似た制度の値を流用;単位の見落とし 誤答肢では主体を確認の主語や条件が入れ替わることが多いので、比較表で整理してください。 過去問で正誤の型を分類し、試験要項で数値・期限を照合してください。,「段階的復職の日数目安」の覚え方・確認手順は？,覚え方：「数値・条件・主体」を1行で書く。 早見の要点：数値は一次情報で最新確認 用語集→本ページ→過去問の順で往復し、正誤理由をメモに残してください。 過去問で正誤の型を分類し、試験要項で数値・期限を照合してください。,「段階的復職の日数目安」の公式情報はどこで確認しますか？,「段階的復職の日数目安」では数値と条件をセットを軸に、条文・数値・主体の取り違えを比較表で整理してください。 典型誤答は数字のみ暗記;似た制度の値を流用;単位の見落とし。 過去問では条件文の主語入れ替え肢に注意してください。
s31-harassment-response-time,ハラスメント初動対応の時間軸,職場環境・配慮,メンタルヘルスII種;;数値,ハラスメント初動対応の時間軸に関する数値・頻度・手順の見方を整理します。,数値は一次情報で最新確認,"[{""item"": ""代表値"", ""value"": ""要項・規則確認"", ""note"": ""固定暗記より条件確認を優先""}, {""item"": ""適用条件"", ""value"": ""対象者・規模を確認"", ""note"": ""主語の取り違えに注意""}, {""item"": ""運用頻度"", ""value"": ""年間計画で管理"", ""note"": ""未実施を防ぐ""}, {""item"": ""試験対策"", ""value"": ""数値+条件で暗記"", ""note"": ""単独暗記を避ける""}]",ハラスメント初動対応の時間軸｜メンタルヘルスII種,数値問題は数字そのものより、誰に適用されるかの判定が重要です。代表値・条件・主体を1セットで覚え、比較表と接続して復習してください。,数値と条件を分けて覚えない;主体を確認;年度更新を確認,数字のみ覚える;似た制度の値を流用する;単位を見落とす,「数値・条件・主体」を1行で書く。,ストレスチェック;面接指導;長時間労働,「ハラスメント初動対応の時間軸」の試験での位置づけは？,数値問題は数字そのものより、誰に適用されるかの判定。代表値・条件・主体を1セットで覚え、比較表と接続して復習してください。 試験では数値と条件を分けて覚えないを軸に、関連条文・数値・主体の取り違えを照合してください。,「ハラスメント初動対応の時間軸」でよくある誤答パターンは？,数字のみ覚える;似た制度の値を流用する;単位を見落とす 誤答肢では主体を確認の主語や条件が入れ替わることが多いので、比較表で整理してください。 過去問で正誤の型を分類し、試験要項で数値・期限を照合してください。,「ハラスメント初動対応の時間軸」の覚え方・確認手順は？,覚え方：「数値・条件・主体」を1行で書く。 早見の要点：数値は一次情報で最新確認 用語集→本ページ→過去問の順で往復し、正誤理由をメモに残してください。 過去問で正誤の型を分類し、試験要項で数値・期限を照合してください。,「ハラスメント初動対応の時間軸」の公式情報はどこで確認しますか？,「ハラスメント初動対応の時間軸」では数値と条件を分けて覚えないを軸に、条文・数値・主体の取り違えを比較表で整理してください。 典型誤答は数字のみ覚える;似た制度の値を流用する;単位を見落とす。 過去問では条件文の主語入れ替え肢に注意してください。
s31-consult-window-capacity,相談窓口運用の件数管理,相談・連携・復職,メンタルヘルスII種;;数値,相談窓口運用の件数管理に関する数値・頻度・手順の見方を整理します。,数値は一次情報で最新確認,"[{""item"": ""代表値"", ""value"": ""要項・規則確認"", ""note"": ""固定暗記より条件確認を優先""}, {""item"": ""適用条件"", ""value"": ""対象者・規模を確認"", ""note"": ""主語の取り違えに注意""}, {""item"": ""運用頻度"", ""value"": ""年間計画で管理"", ""note"": ""未実施を防ぐ""}, {""item"": ""試験対策"", ""value"": ""数値+条件で暗記"", ""note"": ""単独暗記を避ける""}]",相談窓口運用の件数管理｜メンタルヘルスII種,数値問題は数字そのものより、誰に適用されるかの判定が重要です。代表値・条件・主体を1セットで覚え、比較表と接続して復習してください。,数値と条件を分けて覚えない;主体を確認;年度更新を確認,数字のみ覚える;似た制度の値を流用する;単位を見落とす,「数値・条件・主体」を1行で書く。,休職;復職;段階的復職,「相談窓口運用の件数管理」の試験での位置づけは？,数値問題は数字そのものより、誰に適用されるかの判定。代表値・条件・主体を1セットで覚え、比較表と接続して復習してください。 試験では数値と条件を分けて覚えないを軸に、関連条文・数値・主体の取り違えを照合してください。,「相談窓口運用の件数管理」でよくある誤答パターンは？,数字のみ覚える;似た制度の値を流用する;単位を見落とす 誤答肢では主体を確認の主語や条件が入れ替わることが多いので、比較表で整理してください。 過去問で正誤の型を分類し、試験要項で数値・期限を照合してください。,「相談窓口運用の件数管理」の覚え方・確認手順は？,覚え方：「数値・条件・主体」を1行で書く。 早見の要点：数値は一次情報で最新確認 用語集→本ページ→過去問の順で往復し、正誤理由をメモに残してください。 過去問で正誤の型を分類し、試験要項で数値・期限を照合してください。,「相談窓口運用の件数管理」の公式情報はどこで確認しますか？,「相談窓口運用の件数管理」では数値と条件を分けて覚えないを軸に、条文・数値・主体の取り違えを比較表で整理してください。 典型誤答は数字のみ覚える;似た制度の値を流用する;単位を見落とす。 過去問では条件文の主語入れ替え肢に注意してください。
s31-committee-cycle,衛生委員会報告サイクル,基礎・役割,メンタルヘルスII種;;数値,衛生委員会報告サイクルに関する数値・頻度・手順の見方を整理します。,数値は一次情報で最新確認,"[{""item"": ""代表値"", ""value"": ""要項・規則確認"", ""note"": ""固定暗記より条件確認を優先""}, {""item"": ""適用条件"", ""value"": ""対象者・規模を確認"", ""note"": ""主語の取り違えに注意""}, {""item"": ""運用頻度"", ""value"": ""年間計画で管理"", ""note"": ""未実施を防ぐ""}, {""item"": ""試験対策"", ""value"": ""数値+条件で暗記"", ""note"": ""単独暗記を避ける""}]",衛生委員会報告サイクル｜メンタルヘルスII種,数値問題は数字そのものより、誰に適用されるかの判定が重要です。代表値・条件・主体を1セットで覚え、比較表と接続して復習してください。,数値と条件を分けて覚えない;主体を確認;年度更新を確認,数字のみ覚える;似た制度の値を流用する;単位を見落とす,「数値・条件・主体」を1行で書く。,メンタルヘルス不調の定義;管理監督者への教育研修・情報提供;人事労務管理スタッフ,「衛生委員会報告サイクル」の試験での位置づけは？,数値問題は数字そのものより、誰に適用されるかの判定。代表値・条件・主体を1セットで覚え、比較表と接続して復習してください。 試験では数値と条件を分けて覚えないを軸に、関連条文・数値・主体の取り違えを照合してください。,「衛生委員会報告サイクル」でよくある誤答パターンは？,数字のみ覚える;似た制度の値を流用する;単位を見落とす 誤答肢では主体を確認の主語や条件が入れ替わることが多いので、比較表で整理してください。 過去問で正誤の型を分類し、試験要項で数値・期限を照合してください。,「衛生委員会報告サイクル」の覚え方・確認手順は？,覚え方：「数値・条件・主体」を1行で書く。 早見の要点：数値は一次情報で最新確認 用語集→本ページ→過去問の順で往復し、正誤理由をメモに残してください。 過去問で正誤の型を分類し、試験要項で数値・期限を照合してください。,「衛生委員会報告サイクル」の公式情報はどこで確認しますか？,「衛生委員会報告サイクル」では数値と条件を分けて覚えないを軸に、条文・数値・主体の取り違えを比較表で整理してください。 典型誤答は数字のみ覚える;似た制度の値を流用する;単位を見落とす。 過去問では条件文の主語入れ替え肢に注意してください。
s31-record-retention,相談・健診記録の保存確認,職場環境・配慮,メンタルヘルスII種;;数値,相談・健診記録の保存確認に関する数値・頻度・手順の見方を整理します。,数値は一次情報で最新確認,"[{""item"": ""代表値"", ""value"": ""要項・規則確認"", ""note"": ""固定暗記より条件確認を優先""}, {""item"": ""適用条件"", ""value"": ""対象者・規模を確認"", ""note"": ""主語の取り違えに注意""}, {""item"": ""運用頻度"", ""value"": ""年間計画で管理"", ""note"": ""未実施を防ぐ""}, {""item"": ""試験対策"", ""value"": ""数値+条件で暗記"", ""note"": ""単独暗記を避ける""}]",相談・健診記録の保存確認｜メンタルヘルスII種,数値問題は数字そのものより、誰に適用されるかの判定が重要です。代表値・条件・主体を1セットで覚え、比較表と接続して復習してください。,数値と条件を分けて覚えない;主体を確認;年度更新を確認,数字のみ覚える;似た制度の値を流用する;単位を見落とす,「数値・条件・主体」を1行で書く。,ストレスチェック;面接指導;長時間労働,「相談・健診記録の保存確認」の試験での位置づけは？,数値問題は数字そのものより、誰に適用されるかの判定。代表値・条件・主体を1セットで覚え、比較表と接続して復習してください。 試験では数値と条件を分けて覚えないを軸に、関連条文・数値・主体の取り違えを照合してください。,「相談・健診記録の保存確認」でよくある誤答パターンは？,数字のみ覚える;似た制度の値を流用する;単位を見落とす 誤答肢では主体を確認の主語や条件が入れ替わることが多いので、比較表で整理してください。 過去問で正誤の型を分類し、試験要項で数値・期限を照合してください。,「相談・健診記録の保存確認」の覚え方・確認手順は？,覚え方：「数値・条件・主体」を1行で書く。 早見の要点：数値は一次情報で最新確認 用語集→本ページ→過去問の順で往復し、正誤理由をメモに残してください。 過去問で正誤の型を分類し、試験要項で数値・期限を照合してください。,「相談・健診記録の保存確認」の公式情報はどこで確認しますか？,「相談・健診記録の保存確認」では数値と条件を分けて覚えないを軸に、条文・数値・主体の取り違えを比較表で整理してください。 典型誤答は数字のみ覚える;似た制度の値を流用する;単位を見落とす。 過去問では条件文の主語入れ替え肢に注意してください。
s33-record-retention,相談記録の保存管理,相談・連携・復職,メンタルヘルスII種;;数値,相談記録の保存管理に関する数値・頻度・手順の見方を整理します。,数値は一次情報で最新確認,"[{""item"": ""代表値"", ""value"": ""要項・規則確認"", ""note"": ""固定暗記より条件確認""}, {""item"": ""適用条件"", ""value"": ""対象者・規模を確認"", ""note"": ""主語の取り違え防止""}, {""item"": ""運用"", ""value"": ""年間計画で管理"", ""note"": ""未実施の防止""}, {""item"": ""試験対策"", ""value"": ""数値+条件で暗記"", ""note"": ""単独暗記を避ける""}]",相談記録の保存管理｜メンタルヘルスII種,数値は再発防止・配置転換・過重労働・職場環境の主体と条件のセットで復習してください。,数値と条件をセット;主体を確認;年度更新を確認,数字のみ暗記;似た制度の値を流用;単位の見落とし,「数値・条件・主体」を1行で書く。,就業上の配慮;復職;再発予防,「相談記録の保存管理」の試験での位置づけは？,数値は再発防止・配置転換・過重労働・職場環境の主体と条件のセットで復習してください。 試験では数値と条件をセットを軸に、関連条文・数値・主体の取り違えを照合してください。 過去問で正誤の型を分類し、試験要項で数値・期限を照合してください。,「相談記録の保存管理」でよくある誤答パターンは？,数字のみ暗記;似た制度の値を流用;単位の見落とし 誤答肢では主体を確認の主語や条件が入れ替わることが多いので、比較表で整理してください。 過去問で正誤の型を分類し、試験要項で数値・期限を照合してください。,「相談記録の保存管理」の覚え方・確認手順は？,覚え方：「数値・条件・主体」を1行で書く。 早見の要点：数値は一次情報で最新確認 用語集→本ページ→過去問の順で往復し、正誤理由をメモに残してください。 過去問で正誤の型を分類し、試験要項で数値・期限を照合してください。,「相談記録の保存管理」の公式情報はどこで確認しますか？,「相談記録の保存管理」では数値と条件をセットを軸に、条文・数値・主体の取り違えを比較表で整理してください。 典型誤答は数字のみ暗記;似た制度の値を流用;単位の見落とし。 過去問では条件文の主語入れ替え肢に注意してください。
s34-record-retention,相談記録の保存期間,相談・連携・復職,メンタルヘルスII種;;数値,相談記録の保存期間に関する数値・頻度・手順の見方を整理します。,数値は一次情報で最新確認,"[{""item"": ""代表値"", ""value"": ""要項・規則確認"", ""note"": ""固定暗記より条件確認""}, {""item"": ""適用条件"", ""value"": ""対象者・規模を確認"", ""note"": ""主語の取り違え防止""}, {""item"": ""運用"", ""value"": ""年間計画で管理"", ""note"": ""未実施の防止""}, {""item"": ""試験対策"", ""value"": ""数値+条件で暗記"", ""note"": ""単独暗記を避ける""}]",相談記録の保存期間｜メンタルヘルスII種,数値は再発防止・配置転換・過重労働・職場環境の主体と条件のセットで復習してください。,数値と条件をセット;主体を確認;年度更新を確認,数字のみ暗記;似た制度の値を流用;単位の見落とし,「数値・条件・主体」を1行で書く。,就業上の配慮;復職;再発予防,「相談記録の保存期間」の試験での位置づけは？,数値は再発防止・配置転換・過重労働・職場環境の主体と条件のセットで復習してください。 試験では数値と条件をセットを軸に、関連条文・数値・主体の取り違えを照合してください。 過去問で正誤の型を分類し、試験要項で数値・期限を照合してください。,「相談記録の保存期間」でよくある誤答パターンは？,数字のみ暗記;似た制度の値を流用;単位の見落とし 誤答肢では主体を確認の主語や条件が入れ替わることが多いので、比較表で整理してください。 過去問で正誤の型を分類し、試験要項で数値・期限を照合してください。,「相談記録の保存期間」の覚え方・確認手順は？,覚え方：「数値・条件・主体」を1行で書く。 早見の要点：数値は一次情報で最新確認 用語集→本ページ→過去問の順で往復し、正誤理由をメモに残してください。 過去問で正誤の型を分類し、試験要項で数値・期限を照合してください。,「相談記録の保存期間」の公式情報はどこで確認しますか？,「相談記録の保存期間」では数値と条件をセットを軸に、条文・数値・主体の取り違えを比較表で整理してください。 典型誤答は数字のみ暗記;似た制度の値を流用;単位の見落とし。 過去問では条件文の主語入れ替え肢に注意してください。
s31-exam-study-cycle,学習サイクルの配分目安,基礎・役割,メンタルヘルスII種;;数値,学習サイクルの配分目安に関する数値・頻度・手順の見方を整理します。,数値は一次情報で最新確認,"[{""item"": ""代表値"", ""value"": ""要項・規則確認"", ""note"": ""固定暗記より条件確認を優先""}, {""item"": ""適用条件"", ""value"": ""対象者・規模を確認"", ""note"": ""主語の取り違えに注意""}, {""item"": ""運用頻度"", ""value"": ""年間計画で管理"", ""note"": ""未実施を防ぐ""}, {""item"": ""試験対策"", ""value"": ""数値+条件で暗記"", ""note"": ""単独暗記を避ける""}]",学習サイクルの配分目安｜メンタルヘルスII種,数値問題は数字そのものより、誰に適用されるかの判定が重要です。代表値・条件・主体を1セットで覚え、比較表と接続して復習してください。,数値と条件を分けて覚えない;主体を確認;年度更新を確認,数字のみ覚える;似た制度の値を流用する;単位を見落とす,「数値・条件・主体」を1行で書く。,メンタルヘルス不調の定義;管理監督者への教育研修・情報提供;人事労務管理スタッフ,「学習サイクルの配分目安」の試験での位置づけは？,数値問題は数字そのものより、誰に適用されるかの判定。代表値・条件・主体を1セットで覚え、比較表と接続して復習してください。 試験では数値と条件を分けて覚えないを軸に、関連条文・数値・主体の取り違えを照合してください。,「学習サイクルの配分目安」でよくある誤答パターンは？,数字のみ覚える;似た制度の値を流用する;単位を見落とす 誤答肢では主体を確認の主語や条件が入れ替わることが多いので、比較表で整理してください。 過去問で正誤の型を分類し、試験要項で数値・期限を照合してください。,「学習サイクルの配分目安」の覚え方・確認手順は？,覚え方：「数値・条件・主体」を1行で書く。 早見の要点：数値は一次情報で最新確認 用語集→本ページ→過去問の順で往復し、正誤理由をメモに残してください。 過去問で正誤の型を分類し、試験要項で数値・期限を照合してください。,「学習サイクルの配分目安」の公式情報はどこで確認しますか？,「学習サイクルの配分目安」では数値と条件を分けて覚えないを軸に、条文・数値・主体の取り違えを比較表で整理してください。 典型誤答は数字のみ覚える;似た制度の値を流用する;単位を見落とす。 過去問では条件文の主語入れ替え肢に注意してください。
s31-youkou-check-timing,要項確認タイミングの管理,基礎・役割,メンタルヘルスII種;;数値,要項確認タイミングの管理に関する数値・頻度・手順の見方を整理します。,数値は一次情報で最新確認,"[{""item"": ""代表値"", ""value"": ""要項・規則確認"", ""note"": ""固定暗記より条件確認を優先""}, {""item"": ""適用条件"", ""value"": ""対象者・規模を確認"", ""note"": ""主語の取り違えに注意""}, {""item"": ""運用頻度"", ""value"": ""年間計画で管理"", ""note"": ""未実施を防ぐ""}, {""item"": ""試験対策"", ""value"": ""数値+条件で暗記"", ""note"": ""単独暗記を避ける""}]",要項確認タイミングの管理｜メンタルヘルスII種,数値問題は数字そのものより、誰に適用されるかの判定が重要です。代表値・条件・主体を1セットで覚え、比較表と接続して復習してください。,数値と条件を分けて覚えない;主体を確認;年度更新を確認,数字のみ覚える;似た制度の値を流用する;単位を見落とす,「数値・条件・主体」を1行で書く。,メンタルヘルス不調の定義;管理監督者への教育研修・情報提供;人事労務管理スタッフ,「要項確認タイミングの管理」の試験での位置づけは？,数値問題は数字そのものより、誰に適用されるかの判定。代表値・条件・主体を1セットで覚え、比較表と接続して復習してください。 試験では数値と条件を分けて覚えないを軸に、関連条文・数値・主体の取り違えを照合してください。,「要項確認タイミングの管理」でよくある誤答パターンは？,数字のみ覚える;似た制度の値を流用する;単位を見落とす 誤答肢では主体を確認の主語や条件が入れ替わることが多いので、比較表で整理してください。 過去問で正誤の型を分類し、試験要項で数値・期限を照合してください。,「要項確認タイミングの管理」の覚え方・確認手順は？,覚え方：「数値・条件・主体」を1行で書く。 早見の要点：数値は一次情報で最新確認 用語集→本ページ→過去問の順で往復し、正誤理由をメモに残してください。 過去問で正誤の型を分類し、試験要項で数値・期限を照合してください。,「要項確認タイミングの管理」の公式情報はどこで確認しますか？,「要項確認タイミングの管理」では数値と条件を分けて覚えないを軸に、条文・数値・主体の取り違えを比較表で整理してください。 典型誤答は数字のみ覚える;似た制度の値を流用する;単位を見落とす。 過去問では条件文の主語入れ替え肢に注意してください。
s32-fukki-step,段階的復職のステップ目安,相談・連携・復職,メンタルヘルスII種;;数値,段階的復職のステップ目安に関する数値・頻度・手順の見方を整理します。,数値は一次情報で最新確認,"[{""item"": ""代表値"", ""value"": ""要項・規則確認"", ""note"": ""固定暗記より条件確認""}, {""item"": ""適用条件"", ""value"": ""対象者・規模を確認"", ""note"": ""主語の取り違え防止""}, {""item"": ""運用"", ""value"": ""年間計画で管理"", ""note"": ""未実施の防止""}, {""item"": ""試験対策"", ""value"": ""数値+条件で暗記"", ""note"": ""単独暗記を避ける""}]",段階的復職のステップ目安｜メンタルヘルスII種,復職・休職・面接・集団分析の数値は、誰にいつ適用されるかの判定が重要です。代表値・条件・主体を1セットで復習してください。,数値と条件をセット;主体を確認;年度更新を確認,数字のみ暗記;似た制度の値を流用;単位の見落とし,「数値・条件・主体」を1行で書く。,休職;復職;段階的復職,「段階的復職のステップ目安」の試験での位置づけは？,復職・休職・面接・集団分析の数値は、誰にいつ適用されるかの判定。代表値・条件・主体を1セットで復習してください。 試験では数値と条件をセットを軸に、関連条文・数値・主体の取り違えを照合してください。 過去問で正誤の型を分類し、試験要項で数値・期限を照合してください。,「段階的復職のステップ目安」でよくある誤答パターンは？,数字のみ暗記;似た制度の値を流用;単位の見落とし 誤答肢では主体を確認の主語や条件が入れ替わることが多いので、比較表で整理してください。 過去問で正誤の型を分類し、試験要項で数値・期限を照合してください。,「段階的復職のステップ目安」の覚え方・確認手順は？,覚え方：「数値・条件・主体」を1行で書く。 早見の要点：数値は一次情報で最新確認 用語集→本ページ→過去問の順で往復し、正誤理由をメモに残してください。 過去問で正誤の型を分類し、試験要項で数値・期限を照合してください。,「段階的復職のステップ目安」の公式情報はどこで確認しますか？,「段階的復職のステップ目安」では数値と条件をセットを軸に、条文・数値・主体の取り違えを比較表で整理してください。 典型誤答は数字のみ暗記;似た制度の値を流用;単位の見落とし。 過去問では条件文の主語入れ替え肢に注意してください。
s33-fukki-step,段階的復職ステップ目安,相談・連携・復職,メンタルヘルスII種;;数値,段階的復職ステップ目安に関する数値・頻度・手順の見方を整理します。,数値は一次情報で最新確認,"[{""item"": ""代表値"", ""value"": ""要項・規則確認"", ""note"": ""固定暗記より条件確認""}, {""item"": ""適用条件"", ""value"": ""対象者・規模を確認"", ""note"": ""主語の取り違え防止""}, {""item"": ""運用"", ""value"": ""年間計画で管理"", ""note"": ""未実施の防止""}, {""item"": ""試験対策"", ""value"": ""数値+条件で暗記"", ""note"": ""単独暗記を避ける""}]",段階的復職ステップ目安｜メンタルヘルスII種,数値は再発防止・配置転換・過重労働・職場環境の主体と条件のセットで復習してください。,数値と条件をセット;主体を確認;年度更新を確認,数字のみ暗記;似た制度の値を流用;単位の見落とし,「数値・条件・主体」を1行で書く。,就業上の配慮;復職;再発予防,「段階的復職ステップ目安」の試験での位置づけは？,数値は再発防止・配置転換・過重労働・職場環境の主体と条件のセットで復習してください。 試験では数値と条件をセットを軸に、関連条文・数値・主体の取り違えを照合してください。 過去問で正誤の型を分類し、試験要項で数値・期限を照合してください。,「段階的復職ステップ目安」でよくある誤答パターンは？,数字のみ暗記;似た制度の値を流用;単位の見落とし 誤答肢では主体を確認の主語や条件が入れ替わることが多いので、比較表で整理してください。 過去問で正誤の型を分類し、試験要項で数値・期限を照合してください。,「段階的復職ステップ目安」の覚え方・確認手順は？,覚え方：「数値・条件・主体」を1行で書く。 早見の要点：数値は一次情報で最新確認 用語集→本ページ→過去問の順で往復し、正誤理由をメモに残してください。 過去問で正誤の型を分類し、試験要項で数値・期限を照合してください。,「段階的復職ステップ目安」の公式情報はどこで確認しますか？,「段階的復職ステップ目安」では数値と条件をセットを軸に、条文・数値・主体の取り違えを比較表で整理してください。 典型誤答は数字のみ暗記;似た制度の値を流用;単位の見落とし。 過去問では条件文の主語入れ替え肢に注意してください。
s32-kyushoku-period,休職期間の管理・記録,相談・連携・復職,メンタルヘルスII種;;数値,休職期間の管理・記録に関する数値・頻度・手順の見方を整理します。,数値は一次情報で最新確認,"[{""item"": ""代表値"", ""value"": ""要項・規則確認"", ""note"": ""固定暗記より条件確認""}, {""item"": ""適用条件"", ""value"": ""対象者・規模を確認"", ""note"": ""主語の取り違え防止""}, {""item"": ""運用"", ""value"": ""年間計画で管理"", ""note"": ""未実施の防止""}, {""item"": ""試験対策"", ""value"": ""数値+条件で暗記"", ""note"": ""単独暗記を避ける""}]",休職期間の管理・記録｜メンタルヘルスII種,復職・休職・面接・集団分析の数値は、誰にいつ適用されるかの判定が重要です。代表値・条件・主体を1セットで復習してください。,数値と条件をセット;主体を確認;年度更新を確認,数字のみ暗記;似た制度の値を流用;単位の見落とし,「数値・条件・主体」を1行で書く。,休職;復職;段階的復職,「休職期間の管理・記録」の試験での位置づけは？,復職・休職・面接・集団分析の数値は、誰にいつ適用されるかの判定。代表値・条件・主体を1セットで復習してください。 試験では数値と条件をセットを軸に、関連条文・数値・主体の取り違えを照合してください。 過去問で正誤の型を分類し、試験要項で数値・期限を照合してください。,「休職期間の管理・記録」でよくある誤答パターンは？,数字のみ暗記;似た制度の値を流用;単位の見落とし 誤答肢では主体を確認の主語や条件が入れ替わることが多いので、比較表で整理してください。 過去問で正誤の型を分類し、試験要項で数値・期限を照合してください。,「休職期間の管理・記録」の覚え方・確認手順は？,覚え方：「数値・条件・主体」を1行で書く。 早見の要点：数値は一次情報で最新確認 用語集→本ページ→過去問の順で往復し、正誤理由をメモに残してください。 過去問で正誤の型を分類し、試験要項で数値・期限を照合してください。,「休職期間の管理・記録」の公式情報はどこで確認しますか？,「休職期間の管理・記録」では数値と条件をセットを軸に、条文・数値・主体の取り違えを比較表で整理してください。 典型誤答は数字のみ暗記;似た制度の値を流用;単位の見落とし。 過去問では条件文の主語入れ替え肢に注意してください。
s34-kyushoku-period,休職期間の管理記録,相談・連携・復職,メンタルヘルスII種;;数値,休職期間の管理記録に関する数値・頻度・手順の見方を整理します。,数値は一次情報で最新確認,"[{""item"": ""代表値"", ""value"": ""要項・規則確認"", ""note"": ""固定暗記より条件確認""}, {""item"": ""適用条件"", ""value"": ""対象者・規模を確認"", ""note"": ""主語の取り違え防止""}, {""item"": ""運用"", ""value"": ""年間計画で管理"", ""note"": ""未実施の防止""}, {""item"": ""試験対策"", ""value"": ""数値+条件で暗記"", ""note"": ""単独暗記を避ける""}]",休職期間の管理記録｜メンタルヘルスII種,数値は再発防止・配置転換・過重労働・職場環境の主体と条件のセットで復習してください。,数値と条件をセット;主体を確認;年度更新を確認,数字のみ暗記;似た制度の値を流用;単位の見落とし,「数値・条件・主体」を1行で書く。,就業上の配慮;復職;再発予防,「休職期間の管理記録」の試験での位置づけは？,数値は再発防止・配置転換・過重労働・職場環境の主体と条件のセットで復習してください。 試験では数値と条件をセットを軸に、関連条文・数値・主体の取り違えを照合してください。 過去問で正誤の型を分類し、試験要項で数値・期限を照合してください。,「休職期間の管理記録」でよくある誤答パターンは？,数字のみ暗記;似た制度の値を流用;単位の見落とし 誤答肢では主体を確認の主語や条件が入れ替わることが多いので、比較表で整理してください。 過去問で正誤の型を分類し、試験要項で数値・期限を照合してください。,「休職期間の管理記録」の覚え方・確認手順は？,覚え方：「数値・条件・主体」を1行で書く。 早見の要点：数値は一次情報で最新確認 用語集→本ページ→過去問の順で往復し、正誤理由をメモに残してください。 過去問で正誤の型を分類し、試験要項で数値・期限を照合してください。,「休職期間の管理記録」の公式情報はどこで確認しますか？,「休職期間の管理記録」では数値と条件をセットを軸に、条文・数値・主体の取り違えを比較表で整理してください。 典型誤答は数字のみ暗記;似た制度の値を流用;単位の見落とし。 過去問では条件文の主語入れ替え肢に注意してください。
s32-mensetsu-timing,医師面接・面接指導の実施タイミング,職場環境・配慮,メンタルヘルスII種;;数値,医師面接・面接指導の実施タイミングに関する数値・頻度・手順の見方を整理します。,数値は一次情報で最新確認,"[{""item"": ""代表値"", ""value"": ""要項・規則確認"", ""note"": ""固定暗記より条件確認""}, {""item"": ""適用条件"", ""value"": ""対象者・規模を確認"", ""note"": ""主語の取り違え防止""}, {""item"": ""運用"", ""value"": ""年間計画で管理"", ""note"": ""未実施の防止""}, {""item"": ""試験対策"", ""value"": ""数値+条件で暗記"", ""note"": ""単独暗記を避ける""}]",医師面接・面接指導の実施タイミング｜メンタルヘルスII種,復職・休職・面接・集団分析の数値は、誰にいつ適用されるかの判定が重要です。代表値・条件・主体を1セットで復習してください。,数値と条件をセット;主体を確認;年度更新を確認,数字のみ暗記;似た制度の値を流用;単位の見落とし,「数値・条件・主体」を1行で書く。,ストレスチェック;面接指導;集団分析,「医師面接・面接指導の実施タイミング」の試験での位置づけは？,復職・休職・面接・集団分析の数値は、誰にいつ適用されるかの判定。代表値・条件・主体を1セットで復習してください。 試験では数値と条件をセットを軸に、関連条文・数値・主体の取り違えを照合してください。 過去問で正誤の型を分類し、試験要項で数値・期限を照合してください。,「医師面接・面接指導の実施タイミング」でよくある誤答パターンは？,数字のみ暗記;似た制度の値を流用;単位の見落とし 誤答肢では主体を確認の主語や条件が入れ替わることが多いので、比較表で整理してください。 過去問で正誤の型を分類し、試験要項で数値・期限を照合してください。,「医師面接・面接指導の実施タイミング」の覚え方・確認手順は？,覚え方：「数値・条件・主体」を1行で書く。 早見の要点：数値は一次情報で最新確認 用語集→本ページ→過去問の順で往復し、正誤理由をメモに残してください。 過去問で正誤の型を分類し、試験要項で数値・期限を照合してください。,「医師面接・面接指導の実施タイミング」の公式情報はどこで確認しますか？,「医師面接・面接指導の実施タイミング」では数値と条件をセットを軸に、条文・数値・主体の取り違えを比較表で整理してください。 典型誤答は数字のみ暗記;似た制度の値を流用;単位の見落とし。 過去問では条件文の主語入れ替え肢に注意してください。
s34-mensetsu-timing,医師面接の実施タイミング,職場環境・配慮,メンタルヘルスII種;;数値,医師面接の実施タイミングに関する数値・頻度・手順の見方を整理します。,数値は一次情報で最新確認,"[{""item"": ""代表値"", ""value"": ""要項・規則確認"", ""note"": ""固定暗記より条件確認""}, {""item"": ""適用条件"", ""value"": ""対象者・規模を確認"", ""note"": ""主語の取り違え防止""}, {""item"": ""運用"", ""value"": ""年間計画で管理"", ""note"": ""未実施の防止""}, {""item"": ""試験対策"", ""value"": ""数値+条件で暗記"", ""note"": ""単独暗記を避ける""}]",医師面接の実施タイミング｜メンタルヘルスII種,数値は再発防止・配置転換・過重労働・職場環境の主体と条件のセットで復習してください。,数値と条件をセット;主体を確認;年度更新を確認,数字のみ暗記;似た制度の値を流用;単位の見落とし,「数値・条件・主体」を1行で書く。,職場環境の改善;過重労働防止;ストレスチェック,「医師面接の実施タイミング」の試験での位置づけは？,数値は再発防止・配置転換・過重労働・職場環境の主体と条件のセットで復習してください。 試験では数値と条件をセットを軸に、関連条文・数値・主体の取り違えを照合してください。 過去問で正誤の型を分類し、試験要項で数値・期限を照合してください。,「医師面接の実施タイミング」でよくある誤答パターンは？,数字のみ暗記;似た制度の値を流用;単位の見落とし 誤答肢では主体を確認の主語や条件が入れ替わることが多いので、比較表で整理してください。 過去問で正誤の型を分類し、試験要項で数値・期限を照合してください。,「医師面接の実施タイミング」の覚え方・確認手順は？,覚え方：「数値・条件・主体」を1行で書く。 早見の要点：数値は一次情報で最新確認 用語集→本ページ→過去問の順で往復し、正誤理由をメモに残してください。 過去問で正誤の型を分類し、試験要項で数値・期限を照合してください。,「医師面接の実施タイミング」の公式情報はどこで確認しますか？,「医師面接の実施タイミング」では数値と条件をセットを軸に、条文・数値・主体の取り違えを比較表で整理してください。 典型誤答は数字のみ暗記;似た制度の値を流用;単位の見落とし。 過去問では条件文の主語入れ替え肢に注意してください。
s32-shudan-cycle,集団分析の実施サイクル（構造・取扱い）,職場環境・配慮,メンタルヘルスII種;;数値,集団分析の実施サイクルに関する数値・頻度・手順の見方を整理します。,数値は一次情報で最新確認,"[{""item"": ""代表値"", ""value"": ""要項・規則確認"", ""note"": ""固定暗記より条件確認""}, {""item"": ""適用条件"", ""value"": ""対象者・規模を確認"", ""note"": ""主語の取り違え防止""}, {""item"": ""運用"", ""value"": ""年間計画で管理"", ""note"": ""未実施の防止""}, {""item"": ""試験対策"", ""value"": ""数値+条件で暗記"", ""note"": ""単独暗記を避ける""}]",集団分析の実施サイクル｜メンタルヘルスII種,復職・休職・面接・集団分析の数値は、誰にいつ適用されるかの判定が重要です。代表値・条件・主体を1セットで復習してください。,数値と条件をセット;主体を確認;年度更新を確認,数字のみ暗記;似た制度の値を流用;単位の見落とし,「数値・条件・主体」を1行で書く。,ストレスチェック;面接指導;集団分析,「集団分析の実施サイクル」の試験での位置づけは？,復職・休職・面接・集団分析の数値は、誰にいつ適用されるかの判定。代表値・条件・主体を1セットで復習してください。 試験では数値と条件をセットを軸に、関連条文・数値・主体の取り違えを照合してください。 過去問で正誤の型を分類し、試験要項で数値・期限を照合してください。,「集団分析の実施サイクル」でよくある誤答パターンは？,数字のみ暗記;似た制度の値を流用;単位の見落とし 誤答肢では主体を確認の主語や条件が入れ替わることが多いので、比較表で整理してください。 過去問で正誤の型を分類し、試験要項で数値・期限を照合してください。,「集団分析の実施サイクル」の覚え方・確認手順は？,覚え方：「数値・条件・主体」を1行で書く。 早見の要点：数値は一次情報で最新確認 用語集→本ページ→過去問の順で往復し、正誤理由をメモに残してください。 過去問で正誤の型を分類し、試験要項で数値・期限を照合してください。,「集団分析の実施サイクル」の公式情報はどこで確認しますか？,「集団分析の実施サイクル」では数値と条件をセットを軸に、条文・数値・主体の取り違えを比較表で整理してください。 典型誤答は数字のみ暗記;似た制度の値を流用;単位の見落とし。 過去問では条件文の主語入れ替え肢に注意してください。
s34-shudan-cycle,集団分析の実施サイクル（試験頻出）,職場環境・配慮,メンタルヘルスII種;;数値,集団分析の実施サイクル に関する数値・頻度・手順の見方を整理します。,数値は一次情報で最新確認,"[{""item"": ""代表値"", ""value"": ""要項・規則確認"", ""note"": ""固定暗記より条件確認""}, {""item"": ""適用条件"", ""value"": ""対象者・規模を確認"", ""note"": ""主語の取り違え防止""}, {""item"": ""運用"", ""value"": ""年間計画で管理"", ""note"": ""未実施の防止""}, {""item"": ""試験対策"", ""value"": ""数値+条件で暗記"", ""note"": ""単独暗記を避ける""}]",集団分析の実施サイクル ｜メンタルヘルスII種,数値は再発防止・配置転換・過重労働・職場環境の主体と条件のセットで復習してください。,数値と条件をセット;主体を確認;年度更新を確認,数字のみ暗記;似た制度の値を流用;単位の見落とし,「数値・条件・主体」を1行で書く。,職場環境の改善;過重労働防止;ストレスチェック,「集団分析の実施サイクル」の試験での位置づけは？,数値は再発防止・配置転換・過重労働・職場環境の主体と条件のセットで復習してください。 試験では数値と条件をセットを軸に、関連条文・数値・主体の取り違えを照合してください。 過去問で正誤の型を分類し、試験要項で数値・期限を照合してください。,「集団分析の実施サイクル」でよくある誤答パターンは？,数字のみ暗記;似た制度の値を流用;単位の見落とし 誤答肢では主体を確認の主語や条件が入れ替わることが多いので、比較表で整理してください。 過去問で正誤の型を分類し、試験要項で数値・期限を照合してください。,「集団分析の実施サイクル」の覚え方・確認手順は？,覚え方：「数値・条件・主体」を1行で書く。 早見の要点：数値は一次情報で最新確認 用語集→本ページ→過去問の順で往復し、正誤理由をメモに残してください。 過去問で正誤の型を分類し、試験要項で数値・期限を照合してください。,「集団分析の実施サイクル」の公式情報はどこで確認しますか？,「集団分析の実施サイクル」では数値と条件をセットを軸に、条文・数値・主体の取り違えを比較表で整理してください。 典型誤答は数字のみ暗記;似た制度の値を流用;単位の見落とし。 過去問では条件文の主語入れ替え肢に注意してください。
s38-shudan-cycle,集団分析の数値整理（判例・ガイド）,職場環境・配慮,メンタルヘルスII種;;数値,「集団分析の周期」で押さえる周期の代表数値・条件・記録要件を、判例・ガイドの観点で表に整理します。,集団分析の頻度 — 関連制度：職場環境の改善 / 記録・保存：条文×通知の対応表,"[{""item"": ""記録・保存"", ""value"": ""条文×通知の対応表"", ""note"": ""異常時は原因を併記"", ""nuance"": ""周期"", ""angle"": ""判例・ガイド""}, {""item"": ""試験の確認点"", ""value"": ""優先関係の整理"", ""note"": ""判例・ガイドの観点で口述"", ""nuance"": ""周期"", ""angle"": ""判例・ガイド""}, {""item"": ""確認テーマ"", ""value"": ""集団分析の周期"", ""note"": ""通知・ガイドとの対応"", ""nuance"": ""周期"", ""angle"": ""判例・ガイド""}, {""item"": ""数値・条件"", ""value"": ""周期は試験要項・省令で確認"", ""note"": ""改正差分を更新日で管理"", ""nuance"": ""周期"", ""angle"": ""判例・ガイド""}, {""item"": ""関連制度"", ""value"": ""職場環境の改善"", ""note"": ""横串の比較表と併読"", ""nuance"": ""周期"", ""angle"": ""判例・ガイド""}, {""item"": ""関連制度"", ""value"": ""職場環境の改善"", ""note"": ""横串の比較表と併読"", ""nuance"": ""頻度"", ""angle"": ""判例・ガイド""}, {""item"": ""記録・保存"", ""value"": ""条文×通知の対応表"", ""note"": ""異常時は原因を併記"", ""nuance"": ""頻度"", ""angle"": ""判例・ガイド""}, {""item"": ""試験の確認点"", ""value"": ""優先関係の整理"", ""note"": ""判例・ガイドの観点で口述"", ""nuance"": ""頻度"", ""angle"": ""判例・ガイド""}, {""item"": ""確認テーマ"", ""value"": ""集団分析の頻度"", ""note"": ""通知・ガイドとの対応"", ""nuance"": ""頻度"", ""angle"": ""判例・ガイド""}, {""item"": ""数値・条件"", ""value"": ""頻度は試験要項・省令で確認"", ""note"": ""改正差分を更新日で管理"", ""nuance"": ""頻度"", ""angle"": ""判例・ガイド""}, {""item"": ""関連制度"", ""value"": ""職場環境の改善"", ""note"": ""横串の比較表と併読"", ""nuance"": ""時間"", ""angle"": ""判例・ガイド""}, {""item"": ""記録・保存"", ""value"": ""条文×通知の対応表"", ""note"": ""異常時は原因を併記"", ""nuance"": ""時間"", ""angle"": ""判例・ガイド""}, {""item"": ""試験の確認点"", ""value"": ""優先関係の整理"", ""note"": ""判例・ガイドの観点で口述"", ""nuance"": ""時間"", ""angle"": ""判例・ガイド""}, {""item"": ""確認テーマ"", ""value"": ""集団分析の時間"", ""note"": ""通知・ガイドとの対応"", ""nuance"": ""時間"", ""angle"": ""判例・ガイド""}, {""item"": ""数値・条件"", ""value"": ""時間は試験要項・省令で確認"", ""note"": ""改正差分を更新日で管理"", ""nuance"": ""時間"", ""angle"": ""判例・ガイド""}, {""item"": ""記録・保存"", ""value"": ""条文×通知の対応表"", ""note"": ""異常時は原因を併記"", ""nuance"": ""kijun"", ""angle"": ""判例・ガイド""}, {""item"": ""試験の確認点"", ""value"": ""優先関係の整理"", ""note"": ""判例・ガイドの観点で口述"", ""nuance"": ""kijun"", ""angle"": ""判例・ガイド""}, {""item"": ""確認テーマ"", ""value"": ""集団分析の基準"", ""note"": ""通知・ガイドとの対応"", ""nuance"": ""kijun"", ""angle"": ""判例・ガイド""}, {""item"": ""数値・条件"", ""value"": ""基準は試験要項・省令で確認"", ""note"": ""改正差分を更新日で管理"", ""nuance"": ""kijun"", ""angle"": ""判例・ガイド""}, {""item"": ""関連制度"", ""value"": ""職場環境の改善"", ""note"": ""横串の比較表と併読"", ""nuance"": ""kijun"", ""angle"": ""判例・ガイド""}, {""item"": ""関連制度"", ""value"": ""職場環境の改善"", ""note"": ""横串の比較表と併読"", ""nuance"": ""確認"", ""angle"": ""判例・ガイド""}, {""item"": ""記録・保存"", ""value"": ""条文×通知の対応表"", ""note"": ""異常時は原因を併記"", ""nuance"": ""確認"", ""angle"": ""判例・ガイド""}, {""item"": ""試験の確認点"", ""value"": ""優先関係の整理"", ""note"": ""判例・ガイドの観点で口述"", ""nuance"": ""確認"", ""angle"": ""判例・ガイド""}, {""item"": ""確認テーマ"", ""value"": ""集団分析の確認"", ""note"": ""通知・ガイドとの対応"", ""nuance"": ""確認"", ""angle"": ""判例・ガイド""}, {""item"": ""数値・条件"", ""value"": ""確認は試験要項・省令で確認"", ""note"": ""改正差分を更新日で管理"", ""nuance"": ""確認"", ""angle"": ""判例・ガイド""}]",集団分析の周期｜メンタルヘルスII種,「集団分析の周期」では、数値だけでなく義務主体・実施条件・記録保存まで一体で確認してください。集団分析は法令条文とガイドライン・通知の対応表を作成し、優先関係を確認してください。,優先順位を表で整理;集団分析のガイドと条文の対応;通知・通達の位置づけ確認,旧要項・旧数値をそのまま適用;集団分析の主体を固定せずに暗記;職場環境の改善と類似制度を混同,「集団分析＝条文→ガイド→事例」,職場環境の改善;過重労働防止;ストレスチェック,「集団分析」で確認すべき数値・条件は？,集団分析（判例・ガイド）では職場環境の改善に関する数値だけでなく、義務主体・実施条件・記録保存までセットで確認してください。 試験では優先順位を表で整理をセットで確認してください。 誤答では旧要項・旧数値をそのまま適用に注意してください。,「集団分析」の数値暗記のコツは？,「集団分析＝条文→ガイド→事例」 数値は条文・試験要項の表と照合し、旧要項との差分は更新日付で管理してください。 試験では優先順位を表で整理をセットで確認してください。 誤答では旧要項・旧数値をそのまま適用に注意してください。,「集団分析」の典型誤答は？,旧要項・旧数値をそのまま適用;集団分析の主体を固定せずに暗記;職場環境の改善と類似制度を混同 判例・ガイドでは条件文の主語と数値が入れ替わる肢に注意してください。 試験では優先順位を表で整理をセットで確認してください。,「集団分析」の関連資料は？,用語集の「職場環境の改善」、関連法令・試験要項、直近の通知・ガイドラインを照合してください。 直前は本ページの確認表と過去問を往復してください。 試験では優先順位を表で整理をセットで確認してください。
s32-stress-implementation,ストレスチェック実施率の目安,職場環境・配慮,メンタルヘルスII種;;数値,ストレスチェック実施率の目安に関する数値・頻度・手順の見方を整理します。,数値は一次情報で最新確認,"[{""item"": ""代表値"", ""value"": ""要項・規則確認"", ""note"": ""固定暗記より条件確認""}, {""item"": ""適用条件"", ""value"": ""対象者・規模を確認"", ""note"": ""主語の取り違え防止""}, {""item"": ""運用"", ""value"": ""年間計画で管理"", ""note"": ""未実施の防止""}, {""item"": ""試験対策"", ""value"": ""数値+条件で暗記"", ""note"": ""単独暗記を避ける""}]",ストレスチェック実施率の目安｜メンタルヘルスII種,復職・休職・面接・集団分析の数値は、誰にいつ適用されるかの判定が重要です。代表値・条件・主体を1セットで復習してください。,数値と条件をセット;主体を確認;年度更新を確認,数字のみ暗記;似た制度の値を流用;単位の見落とし,「数値・条件・主体」を1行で書く。,ストレスチェック;面接指導;集団分析,「ストレスチェック実施率の目安」の試験での位置づけは？,復職・休職・面接・集団分析の数値は、誰にいつ適用されるかの判定。代表値・条件・主体を1セットで復習してください。 試験では数値と条件をセットを軸に、関連条文・数値・主体の取り違えを照合してください。 過去問で正誤の型を分類し、試験要項で数値・期限を照合してください。,「ストレスチェック実施率の目安」でよくある誤答パターンは？,数字のみ暗記;似た制度の値を流用;単位の見落とし 誤答肢では主体を確認の主語や条件が入れ替わることが多いので、比較表で整理してください。 過去問で正誤の型を分類し、試験要項で数値・期限を照合してください。,「ストレスチェック実施率の目安」の覚え方・確認手順は？,覚え方：「数値・条件・主体」を1行で書く。 早見の要点：数値は一次情報で最新確認 用語集→本ページ→過去問の順で往復し、正誤理由をメモに残してください。 過去問で正誤の型を分類し、試験要項で数値・期限を照合してください。,「ストレスチェック実施率の目安」の公式情報はどこで確認しますか？,「ストレスチェック実施率の目安」では数値と条件をセットを軸に、条文・数値・主体の取り違えを比較表で整理してください。 典型誤答は数字のみ暗記;似た制度の値を流用;単位の見落とし。 過去問では条件文の主語入れ替え肢に注意してください。
s34-stress-implementation,ストレスチェック実施率（試験頻出）,職場環境・配慮,メンタルヘルスII種;;数値,ストレスチェック実施率 に関する数値・頻度・手順の見方を整理します。,数値は一次情報で最新確認,"[{""item"": ""代表値"", ""value"": ""要項・規則確認"", ""note"": ""固定暗記より条件確認""}, {""item"": ""適用条件"", ""value"": ""対象者・規模を確認"", ""note"": ""主語の取り違え防止""}, {""item"": ""運用"", ""value"": ""年間計画で管理"", ""note"": ""未実施の防止""}, {""item"": ""試験対策"", ""value"": ""数値+条件で暗記"", ""note"": ""単独暗記を避ける""}]",ストレスチェック実施率 ｜メンタルヘルスII種,数値は再発防止・配置転換・過重労働・職場環境の主体と条件のセットで復習してください。,数値と条件をセット;主体を確認;年度更新を確認,数字のみ暗記;似た制度の値を流用;単位の見落とし,「数値・条件・主体」を1行で書く。,職場環境の改善;過重労働防止;ストレスチェック,「ストレスチェック実施率」の試験での位置づけは？,数値は再発防止・配置転換・過重労働・職場環境の主体と条件のセットで復習してください。 試験では数値と条件をセットを軸に、関連条文・数値・主体の取り違えを照合してください。 過去問で正誤の型を分類し、試験要項で数値・期限を照合してください。,「ストレスチェック実施率」でよくある誤答パターンは？,数字のみ暗記;似た制度の値を流用;単位の見落とし 誤答肢では主体を確認の主語や条件が入れ替わることが多いので、比較表で整理してください。 過去問で正誤の型を分類し、試験要項で数値・期限を照合してください。,「ストレスチェック実施率」の覚え方・確認手順は？,覚え方：「数値・条件・主体」を1行で書く。 早見の要点：数値は一次情報で最新確認 用語集→本ページ→過去問の順で往復し、正誤理由をメモに残してください。 過去問で正誤の型を分類し、試験要項で数値・期限を照合してください。,「ストレスチェック実施率」の公式情報はどこで確認しますか？,「ストレスチェック実施率」では数値と条件をセットを軸に、条文・数値・主体の取り違えを比較表で整理してください。 典型誤答は数字のみ暗記;似た制度の値を流用;単位の見落とし。 過去問では条件文の主語入れ替え肢に注意してください。
s32-harassment-response,ハラスメント初動の対応時間,職場環境・配慮,メンタルヘルスII種;;数値,ハラスメント初動の対応時間に関する数値・頻度・手順の見方を整理します。,数値は一次情報で最新確認,"[{""item"": ""代表値"", ""value"": ""要項・規則確認"", ""note"": ""固定暗記より条件確認""}, {""item"": ""適用条件"", ""value"": ""対象者・規模を確認"", ""note"": ""主語の取り違え防止""}, {""item"": ""運用"", ""value"": ""年間計画で管理"", ""note"": ""未実施の防止""}, {""item"": ""試験対策"", ""value"": ""数値+条件で暗記"", ""note"": ""単独暗記を避ける""}]",ハラスメント初動の対応時間｜メンタルヘルスII種,復職・休職・面接・集団分析の数値は、誰にいつ適用されるかの判定が重要です。代表値・条件・主体を1セットで復習してください。,数値と条件をセット;主体を確認;年度更新を確認,数字のみ暗記;似た制度の値を流用;単位の見落とし,「数値・条件・主体」を1行で書く。,ストレスチェック;面接指導;集団分析,「ハラスメント初動の対応時間」の試験での位置づけは？,復職・休職・面接・集団分析の数値は、誰にいつ適用されるかの判定。代表値・条件・主体を1セットで復習してください。 試験では数値と条件をセットを軸に、関連条文・数値・主体の取り違えを照合してください。 過去問で正誤の型を分類し、試験要項で数値・期限を照合してください。,「ハラスメント初動の対応時間」でよくある誤答パターンは？,数字のみ暗記;似た制度の値を流用;単位の見落とし 誤答肢では主体を確認の主語や条件が入れ替わることが多いので、比較表で整理してください。 過去問で正誤の型を分類し、試験要項で数値・期限を照合してください。,「ハラスメント初動の対応時間」の覚え方・確認手順は？,覚え方：「数値・条件・主体」を1行で書く。 早見の要点：数値は一次情報で最新確認 用語集→本ページ→過去問の順で往復し、正誤理由をメモに残してください。 過去問で正誤の型を分類し、試験要項で数値・期限を照合してください。,「ハラスメント初動の対応時間」の公式情報はどこで確認しますか？,「ハラスメント初動の対応時間」では数値と条件をセットを軸に、条文・数値・主体の取り違えを比較表で整理してください。 典型誤答は数字のみ暗記;似た制度の値を流用;単位の見落とし。 過去問では条件文の主語入れ替え肢に注意してください。
s34-harassment-response,ハラスメント初動対応時間,職場環境・配慮,メンタルヘルスII種;;数値,ハラスメント初動対応時間に関する数値・頻度・手順の見方を整理します。,数値は一次情報で最新確認,"[{""item"": ""代表値"", ""value"": ""要項・規則確認"", ""note"": ""固定暗記より条件確認""}, {""item"": ""適用条件"", ""value"": ""対象者・規模を確認"", ""note"": ""主語の取り違え防止""}, {""item"": ""運用"", ""value"": ""年間計画で管理"", ""note"": ""未実施の防止""}, {""item"": ""試験対策"", ""value"": ""数値+条件で暗記"", ""note"": ""単独暗記を避ける""}]",ハラスメント初動対応時間｜メンタルヘルスII種,数値は再発防止・配置転換・過重労働・職場環境の主体と条件のセットで復習してください。,数値と条件をセット;主体を確認;年度更新を確認,数字のみ暗記;似た制度の値を流用;単位の見落とし,「数値・条件・主体」を1行で書く。,職場環境の改善;過重労働防止;ストレスチェック,「ハラスメント初動対応時間」の試験での位置づけは？,数値は再発防止・配置転換・過重労働・職場環境の主体と条件のセットで復習してください。 試験では数値と条件をセットを軸に、関連条文・数値・主体の取り違えを照合してください。 過去問で正誤の型を分類し、試験要項で数値・期限を照合してください。,「ハラスメント初動対応時間」でよくある誤答パターンは？,数字のみ暗記;似た制度の値を流用;単位の見落とし 誤答肢では主体を確認の主語や条件が入れ替わることが多いので、比較表で整理してください。 過去問で正誤の型を分類し、試験要項で数値・期限を照合してください。,「ハラスメント初動対応時間」の覚え方・確認手順は？,覚え方：「数値・条件・主体」を1行で書く。 早見の要点：数値は一次情報で最新確認 用語集→本ページ→過去問の順で往復し、正誤理由をメモに残してください。 過去問で正誤の型を分類し、試験要項で数値・期限を照合してください。,「ハラスメント初動対応時間」の公式情報はどこで確認しますか？,「ハラスメント初動対応時間」では数値と条件をセットを軸に、条文・数値・主体の取り違えを比較表で整理してください。 典型誤答は数字のみ暗記;似た制度の値を流用;単位の見落とし。 過去問では条件文の主語入れ替え肢に注意してください。
s32-kenshu-hours,管理監督者研修の時間・頻度,基礎・役割,メンタルヘルスII種;;数値,管理監督者研修の時間・頻度に関する数値・頻度・手順の見方を整理します。,数値は一次情報で最新確認,"[{""item"": ""代表値"", ""value"": ""要項・規則確認"", ""note"": ""固定暗記より条件確認""}, {""item"": ""適用条件"", ""value"": ""対象者・規模を確認"", ""note"": ""主語の取り違え防止""}, {""item"": ""運用"", ""value"": ""年間計画で管理"", ""note"": ""未実施の防止""}, {""item"": ""試験対策"", ""value"": ""数値+条件で暗記"", ""note"": ""単独暗記を避ける""}]",管理監督者研修の時間・頻度｜メンタルヘルスII種,復職・休職・面接・集団分析の数値は、誰にいつ適用されるかの判定が重要です。代表値・条件・主体を1セットで復習してください。,数値と条件をセット;主体を確認;年度更新を確認,数字のみ暗記;似た制度の値を流用;単位の見落とし,「数値・条件・主体」を1行で書く。,管理監督者への教育研修・情報提供;メンタルヘルス不調の定義,「管理監督者研修の時間・頻度」の試験での位置づけは？,復職・休職・面接・集団分析の数値は、誰にいつ適用されるかの判定。代表値・条件・主体を1セットで復習してください。 試験では数値と条件をセットを軸に、関連条文・数値・主体の取り違えを照合してください。 過去問で正誤の型を分類し、試験要項で数値・期限を照合してください。,「管理監督者研修の時間・頻度」でよくある誤答パターンは？,数字のみ暗記;似た制度の値を流用;単位の見落とし 誤答肢では主体を確認の主語や条件が入れ替わることが多いので、比較表で整理してください。 過去問で正誤の型を分類し、試験要項で数値・期限を照合してください。,「管理監督者研修の時間・頻度」の覚え方・確認手順は？,覚え方：「数値・条件・主体」を1行で書く。 早見の要点：数値は一次情報で最新確認 用語集→本ページ→過去問の順で往復し、正誤理由をメモに残してください。 過去問で正誤の型を分類し、試験要項で数値・期限を照合してください。,「管理監督者研修の時間・頻度」の公式情報はどこで確認しますか？,「管理監督者研修の時間・頻度」では数値と条件をセットを軸に、条文・数値・主体の取り違えを比較表で整理してください。 典型誤答は数字のみ暗記;似た制度の値を流用;単位の見落とし。 過去問では条件文の主語入れ替え肢に注意してください。
s33-kenshu-hours,管理監督者研修時間,基礎・役割,メンタルヘルスII種;;数値,管理監督者研修時間に関する数値・頻度・手順の見方を整理します。,数値は一次情報で最新確認,"[{""item"": ""代表値"", ""value"": ""要項・規則確認"", ""note"": ""固定暗記より条件確認""}, {""item"": ""適用条件"", ""value"": ""対象者・規模を確認"", ""note"": ""主語の取り違え防止""}, {""item"": ""運用"", ""value"": ""年間計画で管理"", ""note"": ""未実施の防止""}, {""item"": ""試験対策"", ""value"": ""数値+条件で暗記"", ""note"": ""単独暗記を避ける""}]",管理監督者研修時間｜メンタルヘルスII種,数値は再発防止・配置転換・過重労働・職場環境の主体と条件のセットで復習してください。,数値と条件をセット;主体を確認;年度更新を確認,数字のみ暗記;似た制度の値を流用;単位の見落とし,「数値・条件・主体」を1行で書く。,管理監督者への教育研修・情報提供;メンタルヘルス不調の定義;保健師,「管理監督者研修時間」の試験での位置づけは？,数値は再発防止・配置転換・過重労働・職場環境の主体と条件のセットで復習してください。 試験では数値と条件をセットを軸に、関連条文・数値・主体の取り違えを照合してください。 過去問で正誤の型を分類し、試験要項で数値・期限を照合してください。,「管理監督者研修時間」でよくある誤答パターンは？,数字のみ暗記;似た制度の値を流用;単位の見落とし 誤答肢では主体を確認の主語や条件が入れ替わることが多いので、比較表で整理してください。 過去問で正誤の型を分類し、試験要項で数値・期限を照合してください。,「管理監督者研修時間」の覚え方・確認手順は？,覚え方：「数値・条件・主体」を1行で書く。 早見の要点：数値は一次情報で最新確認 用語集→本ページ→過去問の順で往復し、正誤理由をメモに残してください。 過去問で正誤の型を分類し、試験要項で数値・期限を照合してください。,「管理監督者研修時間」の公式情報はどこで確認しますか？,「管理監督者研修時間」では数値と条件をセットを軸に、条文・数値・主体の取り違えを比較表で整理してください。 典型誤答は数字のみ暗記;似た制度の値を流用;単位の見落とし。 過去問では条件文の主語入れ替え肢に注意してください。
s32-record-retention-s32,相談記録の保存・管理,相談・連携・復職,メンタルヘルスII種;;数値,相談記録の保存・管理に関する数値・頻度・手順の見方を整理します。,数値は一次情報で最新確認,"[{""item"": ""代表値"", ""value"": ""要項・規則確認"", ""note"": ""固定暗記より条件確認""}, {""item"": ""適用条件"", ""value"": ""対象者・規模を確認"", ""note"": ""主語の取り違え防止""}, {""item"": ""運用"", ""value"": ""年間計画で管理"", ""note"": ""未実施の防止""}, {""item"": ""試験対策"", ""value"": ""数値+条件で暗記"", ""note"": ""単独暗記を避ける""}]",相談記録の保存・管理｜メンタルヘルスII種,復職・休職・面接・集団分析の数値は、誰にいつ適用されるかの判定が重要です。代表値・条件・主体を1セットで復習してください。,数値と条件をセット;主体を確認;年度更新を確認,数字のみ暗記;似た制度の値を流用;単位の見落とし,「数値・条件・主体」を1行で書く。,休職;復職;段階的復職,「相談記録の保存・管理」の試験での位置づけは？,復職・休職・面接・集団分析の数値は、誰にいつ適用されるかの判定。代表値・条件・主体を1セットで復習してください。 試験では数値と条件をセットを軸に、関連条文・数値・主体の取り違えを照合してください。 過去問で正誤の型を分類し、試験要項で数値・期限を照合してください。,「相談記録の保存・管理」でよくある誤答パターンは？,数字のみ暗記;似た制度の値を流用;単位の見落とし 誤答肢では主体を確認の主語や条件が入れ替わることが多いので、比較表で整理してください。 過去問で正誤の型を分類し、試験要項で数値・期限を照合してください。,「相談記録の保存・管理」の覚え方・確認手順は？,覚え方：「数値・条件・主体」を1行で書く。 早見の要点：数値は一次情報で最新確認 用語集→本ページ→過去問の順で往復し、正誤理由をメモに残してください。 過去問で正誤の型を分類し、試験要項で数値・期限を照合してください。,「相談記録の保存・管理」の公式情報はどこで確認しますか？,「相談記録の保存・管理」では数値と条件をセットを軸に、条文・数値・主体の取り違えを比較表で整理してください。 典型誤答は数字のみ暗記;似た制度の値を流用;単位の見落とし。 過去問では条件文の主語入れ替え肢に注意してください。
s32-exam-study-weeks,試験学習の週数配分,基礎・役割,メンタルヘルスII種;;数値,試験学習の週数配分に関する数値・頻度・手順の見方を整理します。,数値は一次情報で最新確認,"[{""item"": ""代表値"", ""value"": ""要項・規則確認"", ""note"": ""固定暗記より条件確認""}, {""item"": ""適用条件"", ""value"": ""対象者・規模を確認"", ""note"": ""主語の取り違え防止""}, {""item"": ""運用"", ""value"": ""年間計画で管理"", ""note"": ""未実施の防止""}, {""item"": ""試験対策"", ""value"": ""数値+条件で暗記"", ""note"": ""単独暗記を避ける""}]",試験学習の週数配分｜メンタルヘルスII種,復職・休職・面接・集団分析の数値は、誰にいつ適用されるかの判定が重要です。代表値・条件・主体を1セットで復習してください。,数値と条件をセット;主体を確認;年度更新を確認,数字のみ暗記;似た制度の値を流用;単位の見落とし,「数値・条件・主体」を1行で書く。,管理監督者への教育研修・情報提供;メンタルヘルス不調の定義,「試験学習の週数配分」の試験での位置づけは？,復職・休職・面接・集団分析の数値は、誰にいつ適用されるかの判定。代表値・条件・主体を1セットで復習してください。 試験では数値と条件をセットを軸に、関連条文・数値・主体の取り違えを照合してください。 過去問で正誤の型を分類し、試験要項で数値・期限を照合してください。,「試験学習の週数配分」でよくある誤答パターンは？,数字のみ暗記;似た制度の値を流用;単位の見落とし 誤答肢では主体を確認の主語や条件が入れ替わることが多いので、比較表で整理してください。 過去問で正誤の型を分類し、試験要項で数値・期限を照合してください。,「試験学習の週数配分」の覚え方・確認手順は？,覚え方：「数値・条件・主体」を1行で書く。 早見の要点：数値は一次情報で最新確認 用語集→本ページ→過去問の順で往復し、正誤理由をメモに残してください。 過去問で正誤の型を分類し、試験要項で数値・期限を照合してください。,「試験学習の週数配分」の公式情報はどこで確認しますか？,「試験学習の週数配分」では数値と条件をセットを軸に、条文・数値・主体の取り違えを比較表で整理してください。 典型誤答は数字のみ暗記;似た制度の値を流用;単位の見落とし。 過去問では条件文の主語入れ替え肢に注意してください。
s34-exam-study-weeks,試験学習週数配分,基礎・役割,メンタルヘルスII種;;数値,試験学習週数配分に関する数値・頻度・手順の見方を整理します。,数値は一次情報で最新確認,"[{""item"": ""代表値"", ""value"": ""要項・規則確認"", ""note"": ""固定暗記より条件確認""}, {""item"": ""適用条件"", ""value"": ""対象者・規模を確認"", ""note"": ""主語の取り違え防止""}, {""item"": ""運用"", ""value"": ""年間計画で管理"", ""note"": ""未実施の防止""}, {""item"": ""試験対策"", ""value"": ""数値+条件で暗記"", ""note"": ""単独暗記を避ける""}]",試験学習週数配分｜メンタルヘルスII種,数値は再発防止・配置転換・過重労働・職場環境の主体と条件のセットで復習してください。,数値と条件をセット;主体を確認;年度更新を確認,数字のみ暗記;似た制度の値を流用;単位の見落とし,「数値・条件・主体」を1行で書く。,管理監督者への教育研修・情報提供;メンタルヘルス不調の定義;保健師,「試験学習週数配分」の試験での位置づけは？,数値は再発防止・配置転換・過重労働・職場環境の主体と条件のセットで復習してください。 試験では数値と条件をセットを軸に、関連条文・数値・主体の取り違えを照合してください。 過去問で正誤の型を分類し、試験要項で数値・期限を照合してください。,「試験学習週数配分」でよくある誤答パターンは？,数字のみ暗記;似た制度の値を流用;単位の見落とし 誤答肢では主体を確認の主語や条件が入れ替わることが多いので、比較表で整理してください。 過去問で正誤の型を分類し、試験要項で数値・期限を照合してください。,「試験学習週数配分」の覚え方・確認手順は？,覚え方：「数値・条件・主体」を1行で書く。 早見の要点：数値は一次情報で最新確認 用語集→本ページ→過去問の順で往復し、正誤理由をメモに残してください。 過去問で正誤の型を分類し、試験要項で数値・期限を照合してください。,「試験学習週数配分」の公式情報はどこで確認しますか？,「試験学習週数配分」では数値と条件をセットを軸に、条文・数値・主体の取り違えを比較表で整理してください。 典型誤答は数字のみ暗記;似た制度の値を流用;単位の見落とし。 過去問では条件文の主語入れ替え肢に注意してください。
s32-youkou-review,要項・ガイドライン確認回数,基礎・役割,メンタルヘルスII種;;数値,要項・ガイドライン確認回数に関する数値・頻度・手順の見方を整理します。,数値は一次情報で最新確認,"[{""item"": ""代表値"", ""value"": ""要項・規則確認"", ""note"": ""固定暗記より条件確認""}, {""item"": ""適用条件"", ""value"": ""対象者・規模を確認"", ""note"": ""主語の取り違え防止""}, {""item"": ""運用"", ""value"": ""年間計画で管理"", ""note"": ""未実施の防止""}, {""item"": ""試験対策"", ""value"": ""数値+条件で暗記"", ""note"": ""単独暗記を避ける""}]",要項・ガイドライン確認回数｜メンタルヘルスII種,復職・休職・面接・集団分析の数値は、誰にいつ適用されるかの判定が重要です。代表値・条件・主体を1セットで復習してください。,数値と条件をセット;主体を確認;年度更新を確認,数字のみ暗記;似た制度の値を流用;単位の見落とし,「数値・条件・主体」を1行で書く。,管理監督者への教育研修・情報提供;メンタルヘルス不調の定義,「要項・ガイドライン確認回数」の試験での位置づけは？,復職・休職・面接・集団分析の数値は、誰にいつ適用されるかの判定。代表値・条件・主体を1セットで復習してください。 試験では数値と条件をセットを軸に、関連条文・数値・主体の取り違えを照合してください。 過去問で正誤の型を分類し、試験要項で数値・期限を照合してください。,「要項・ガイドライン確認回数」でよくある誤答パターンは？,数字のみ暗記;似た制度の値を流用;単位の見落とし 誤答肢では主体を確認の主語や条件が入れ替わることが多いので、比較表で整理してください。 過去問で正誤の型を分類し、試験要項で数値・期限を照合してください。,「要項・ガイドライン確認回数」の覚え方・確認手順は？,覚え方：「数値・条件・主体」を1行で書く。 早見の要点：数値は一次情報で最新確認 用語集→本ページ→過去問の順で往復し、正誤理由をメモに残してください。 過去問で正誤の型を分類し、試験要項で数値・期限を照合してください。,「要項・ガイドライン確認回数」の公式情報はどこで確認しますか？,「要項・ガイドライン確認回数」では数値と条件をセットを軸に、条文・数値・主体の取り違えを比較表で整理してください。 典型誤答は数字のみ暗記;似た制度の値を流用;単位の見落とし。 過去問では条件文の主語入れ替え肢に注意してください。
s34-youkou-review,要項確認回数,基礎・役割,メンタルヘルスII種;;数値,要項確認回数に関する数値・頻度・手順の見方を整理します。,数値は一次情報で最新確認,"[{""item"": ""代表値"", ""value"": ""要項・規則確認"", ""note"": ""固定暗記より条件確認""}, {""item"": ""適用条件"", ""value"": ""対象者・規模を確認"", ""note"": ""主語の取り違え防止""}, {""item"": ""運用"", ""value"": ""年間計画で管理"", ""note"": ""未実施の防止""}, {""item"": ""試験対策"", ""value"": ""数値+条件で暗記"", ""note"": ""単独暗記を避ける""}]",要項確認回数｜メンタルヘルスII種,数値は再発防止・配置転換・過重労働・職場環境の主体と条件のセットで復習してください。,数値と条件をセット;主体を確認;年度更新を確認,数字のみ暗記;似た制度の値を流用;単位の見落とし,「数値・条件・主体」を1行で書く。,管理監督者への教育研修・情報提供;メンタルヘルス不調の定義;保健師,「要項確認回数」の試験での位置づけは？,数値は再発防止・配置転換・過重労働・職場環境の主体と条件のセットで復習してください。 試験では数値と条件をセットを軸に、関連条文・数値・主体の取り違えを照合してください。 過去問で正誤の型を分類し、試験要項で数値・期限を照合してください。,「要項確認回数」でよくある誤答パターンは？,数字のみ暗記;似た制度の値を流用;単位の見落とし 誤答肢では主体を確認の主語や条件が入れ替わることが多いので、比較表で整理してください。 過去問で正誤の型を分類し、試験要項で数値・期限を照合してください。,「要項確認回数」の覚え方・確認手順は？,覚え方：「数値・条件・主体」を1行で書く。 早見の要点：数値は一次情報で最新確認 用語集→本ページ→過去問の順で往復し、正誤理由をメモに残してください。 過去問で正誤の型を分類し、試験要項で数値・期限を照合してください。,「要項確認回数」の公式情報はどこで確認しますか？,「要項確認回数」では数値と条件をセットを軸に、条文・数値・主体の取り違えを比較表で整理してください。 典型誤答は数字のみ暗記;似た制度の値を流用;単位の見落とし。 過去問では条件文の主語入れ替え肢に注意してください。
s33-saihatsu-cycle,再発防止フォローの周期,職場環境・配慮,メンタルヘルスII種;;数値,再発防止フォローの周期に関する数値・頻度・手順の見方を整理します。,数値は一次情報で最新確認,"[{""item"": ""代表値"", ""value"": ""要項・規則確認"", ""note"": ""固定暗記より条件確認""}, {""item"": ""適用条件"", ""value"": ""対象者・規模を確認"", ""note"": ""主語の取り違え防止""}, {""item"": ""運用"", ""value"": ""年間計画で管理"", ""note"": ""未実施の防止""}, {""item"": ""試験対策"", ""value"": ""数値+条件で暗記"", ""note"": ""単独暗記を避ける""}]",再発防止フォローの周期｜メンタルヘルスII種,数値は再発防止・配置転換・過重労働・職場環境の主体と条件のセットで復習してください。,数値と条件をセット;主体を確認;年度更新を確認,数字のみ暗記;似た制度の値を流用;単位の見落とし,「数値・条件・主体」を1行で書く。,職場環境の改善;過重労働防止;ストレスチェック,「再発防止フォローの周期」の試験での位置づけは？,数値は再発防止・配置転換・過重労働・職場環境の主体と条件のセットで復習してください。 試験では数値と条件をセットを軸に、関連条文・数値・主体の取り違えを照合してください。 過去問で正誤の型を分類し、試験要項で数値・期限を照合してください。,「再発防止フォローの周期」でよくある誤答パターンは？,数字のみ暗記;似た制度の値を流用;単位の見落とし 誤答肢では主体を確認の主語や条件が入れ替わることが多いので、比較表で整理してください。 過去問で正誤の型を分類し、試験要項で数値・期限を照合してください。,「再発防止フォローの周期」の覚え方・確認手順は？,覚え方：「数値・条件・主体」を1行で書く。 早見の要点：数値は一次情報で最新確認 用語集→本ページ→過去問の順で往復し、正誤理由をメモに残してください。 過去問で正誤の型を分類し、試験要項で数値・期限を照合してください。,「再発防止フォローの周期」の公式情報はどこで確認しますか？,「再発防止フォローの周期」では数値と条件をセットを軸に、条文・数値・主体の取り違えを比較表で整理してください。 典型誤答は数字のみ暗記;似た制度の値を流用;単位の見落とし。 過去問では条件文の主語入れ替え肢に注意してください。
s33-haichi-timing,配置転換・配慮の判断タイミング,相談・連携・復職,メンタルヘルスII種;;数値,配置転換・配慮の判断タイミングに関する数値・頻度・手順の見方を整理します。,数値は一次情報で最新確認,"[{""item"": ""代表値"", ""value"": ""要項・規則確認"", ""note"": ""固定暗記より条件確認""}, {""item"": ""適用条件"", ""value"": ""対象者・規模を確認"", ""note"": ""主語の取り違え防止""}, {""item"": ""運用"", ""value"": ""年間計画で管理"", ""note"": ""未実施の防止""}, {""item"": ""試験対策"", ""value"": ""数値+条件で暗記"", ""note"": ""単独暗記を避ける""}]",配置転換・配慮の判断タイミング｜メンタルヘルスII種,数値は再発防止・配置転換・過重労働・職場環境の主体と条件のセットで復習してください。,数値と条件をセット;主体を確認;年度更新を確認,数字のみ暗記;似た制度の値を流用;単位の見落とし,「数値・条件・主体」を1行で書く。,就業上の配慮;復職;再発予防,「配置転換・配慮の判断タイミング」の試験での位置づけは？,数値は再発防止・配置転換・過重労働・職場環境の主体と条件のセットで復習してください。 試験では数値と条件をセットを軸に、関連条文・数値・主体の取り違えを照合してください。 過去問で正誤の型を分類し、試験要項で数値・期限を照合してください。,「配置転換・配慮の判断タイミング」でよくある誤答パターンは？,数字のみ暗記;似た制度の値を流用;単位の見落とし 誤答肢では主体を確認の主語や条件が入れ替わることが多いので、比較表で整理してください。 過去問で正誤の型を分類し、試験要項で数値・期限を照合してください。,「配置転換・配慮の判断タイミング」の覚え方・確認手順は？,覚え方：「数値・条件・主体」を1行で書く。 早見の要点：数値は一次情報で最新確認 用語集→本ページ→過去問の順で往復し、正誤理由をメモに残してください。 過去問で正誤の型を分類し、試験要項で数値・期限を照合してください。,「配置転換・配慮の判断タイミング」の公式情報はどこで確認しますか？,「配置転換・配慮の判断タイミング」では数値と条件をセットを軸に、条文・数値・主体の取り違えを比較表で整理してください。 典型誤答は数字のみ暗記;似た制度の値を流用;単位の見落とし。 過去問では条件文の主語入れ替え肢に注意してください。
s33-hokenshi-mensetsu,保健師面接の実施頻度,基礎・役割,メンタルヘルスII種;;数値,保健師面接の実施頻度に関する数値・頻度・手順の見方を整理します。,数値は一次情報で最新確認,"[{""item"": ""代表値"", ""value"": ""要項・規則確認"", ""note"": ""固定暗記より条件確認""}, {""item"": ""適用条件"", ""value"": ""対象者・規模を確認"", ""note"": ""主語の取り違え防止""}, {""item"": ""運用"", ""value"": ""年間計画で管理"", ""note"": ""未実施の防止""}, {""item"": ""試験対策"", ""value"": ""数値+条件で暗記"", ""note"": ""単独暗記を避ける""}]",保健師面接の実施頻度｜メンタルヘルスII種,数値は再発防止・配置転換・過重労働・職場環境の主体と条件のセットで復習してください。,数値と条件をセット;主体を確認;年度更新を確認,数字のみ暗記;似た制度の値を流用;単位の見落とし,「数値・条件・主体」を1行で書く。,管理監督者への教育研修・情報提供;メンタルヘルス不調の定義;保健師,「保健師面接の実施頻度」の試験での位置づけは？,数値は再発防止・配置転換・過重労働・職場環境の主体と条件のセットで復習してください。 試験では数値と条件をセットを軸に、関連条文・数値・主体の取り違えを照合してください。 過去問で正誤の型を分類し、試験要項で数値・期限を照合してください。,「保健師面接の実施頻度」でよくある誤答パターンは？,数字のみ暗記;似た制度の値を流用;単位の見落とし 誤答肢では主体を確認の主語や条件が入れ替わることが多いので、比較表で整理してください。 過去問で正誤の型を分類し、試験要項で数値・期限を照合してください。,「保健師面接の実施頻度」の覚え方・確認手順は？,覚え方：「数値・条件・主体」を1行で書く。 早見の要点：数値は一次情報で最新確認 用語集→本ページ→過去問の順で往復し、正誤理由をメモに残してください。 過去問で正誤の型を分類し、試験要項で数値・期限を照合してください。,「保健師面接の実施頻度」の公式情報はどこで確認しますか？,「保健師面接の実施頻度」では数値と条件をセットを軸に、条文・数値・主体の取り違えを比較表で整理してください。 典型誤答は数字のみ暗記;似た制度の値を流用;単位の見落とし。 過去問では条件文の主語入れ替え肢に注意してください。
s33-kaju-threshold,過重労働面接の閾値,職場環境・配慮,メンタルヘルスII種;;数値,過重労働面接の閾値に関する数値・頻度・手順の見方を整理します。,数値は一次情報で最新確認,"[{""item"": ""代表値"", ""value"": ""要項・規則確認"", ""note"": ""固定暗記より条件確認""}, {""item"": ""適用条件"", ""value"": ""対象者・規模を確認"", ""note"": ""主語の取り違え防止""}, {""item"": ""運用"", ""value"": ""年間計画で管理"", ""note"": ""未実施の防止""}, {""item"": ""試験対策"", ""value"": ""数値+条件で暗記"", ""note"": ""単独暗記を避ける""}]",過重労働面接の閾値｜メンタルヘルスII種,数値は再発防止・配置転換・過重労働・職場環境の主体と条件のセットで復習してください。,数値と条件をセット;主体を確認;年度更新を確認,数字のみ暗記;似た制度の値を流用;単位の見落とし,「数値・条件・主体」を1行で書く。,職場環境の改善;過重労働防止;ストレスチェック,「過重労働面接の閾値」の試験での位置づけは？,数値は再発防止・配置転換・過重労働・職場環境の主体と条件のセットで復習してください。 試験では数値と条件をセットを軸に、関連条文・数値・主体の取り違えを照合してください。 過去問で正誤の型を分類し、試験要項で数値・期限を照合してください。,「過重労働面接の閾値」でよくある誤答パターンは？,数字のみ暗記;似た制度の値を流用;単位の見落とし 誤答肢では主体を確認の主語や条件が入れ替わることが多いので、比較表で整理してください。 過去問で正誤の型を分類し、試験要項で数値・期限を照合してください。,「過重労働面接の閾値」の覚え方・確認手順は？,覚え方：「数値・条件・主体」を1行で書く。 早見の要点：数値は一次情報で最新確認 用語集→本ページ→過去問の順で往復し、正誤理由をメモに残してください。 過去問で正誤の型を分類し、試験要項で数値・期限を照合してください。,「過重労働面接の閾値」の公式情報はどこで確認しますか？,「過重労働面接の閾値」では数値と条件をセットを軸に、条文・数値・主体の取り違えを比較表で整理してください。 典型誤答は数字のみ暗記;似た制度の値を流用;単位の見落とし。 過去問では条件文の主語入れ替え肢に注意してください。
s33-shokuba-survey,職場環境調査の実施サイクル,職場環境・配慮,メンタルヘルスII種;;数値,職場環境調査の実施サイクルに関する数値・頻度・手順の見方を整理します。,数値は一次情報で最新確認,"[{""item"": ""代表値"", ""value"": ""要項・規則確認"", ""note"": ""固定暗記より条件確認""}, {""item"": ""適用条件"", ""value"": ""対象者・規模を確認"", ""note"": ""主語の取り違え防止""}, {""item"": ""運用"", ""value"": ""年間計画で管理"", ""note"": ""未実施の防止""}, {""item"": ""試験対策"", ""value"": ""数値+条件で暗記"", ""note"": ""単独暗記を避ける""}]",職場環境調査の実施サイクル｜メンタルヘルスII種,数値は再発防止・配置転換・過重労働・職場環境の主体と条件のセットで復習してください。,数値と条件をセット;主体を確認;年度更新を確認,数字のみ暗記;似た制度の値を流用;単位の見落とし,「数値・条件・主体」を1行で書く。,職場環境の改善;過重労働防止;ストレスチェック,「職場環境調査の実施サイクル」の試験での位置づけは？,数値は再発防止・配置転換・過重労働・職場環境の主体と条件のセットで復習してください。 試験では数値と条件をセットを軸に、関連条文・数値・主体の取り違えを照合してください。 過去問で正誤の型を分類し、試験要項で数値・期限を照合してください。,「職場環境調査の実施サイクル」でよくある誤答パターンは？,数字のみ暗記;似た制度の値を流用;単位の見落とし 誤答肢では主体を確認の主語や条件が入れ替わることが多いので、比較表で整理してください。 過去問で正誤の型を分類し、試験要項で数値・期限を照合してください。,「職場環境調査の実施サイクル」の覚え方・確認手順は？,覚え方：「数値・条件・主体」を1行で書く。 早見の要点：数値は一次情報で最新確認 用語集→本ページ→過去問の順で往復し、正誤理由をメモに残してください。 過去問で正誤の型を分類し、試験要項で数値・期限を照合してください。,「職場環境調査の実施サイクル」の公式情報はどこで確認しますか？,「職場環境調査の実施サイクル」では数値と条件をセットを軸に、条文・数値・主体の取り違えを比較表で整理してください。 典型誤答は数字のみ暗記;似た制度の値を流用;単位の見落とし。 過去問では条件文の主語入れ替え肢に注意してください。
s33-stress-rate,ストレスチェック実施率（取扱い深掘り）,職場環境・配慮,メンタルヘルスII種;;数値,ストレスチェック実施率に関する数値・頻度・手順の見方を整理します。,数値は一次情報で最新確認,"[{""item"": ""代表値"", ""value"": ""要項・規則確認"", ""note"": ""固定暗記より条件確認""}, {""item"": ""適用条件"", ""value"": ""対象者・規模を確認"", ""note"": ""主語の取り違え防止""}, {""item"": ""運用"", ""value"": ""年間計画で管理"", ""note"": ""未実施の防止""}, {""item"": ""試験対策"", ""value"": ""数値+条件で暗記"", ""note"": ""単独暗記を避ける""}]",ストレスチェック実施率｜メンタルヘルスII種,数値は再発防止・配置転換・過重労働・職場環境の主体と条件のセットで復習してください。,数値と条件をセット;主体を確認;年度更新を確認,数字のみ暗記;似た制度の値を流用;単位の見落とし,「数値・条件・主体」を1行で書く。,職場環境の改善;過重労働防止;ストレスチェック,「ストレスチェック実施率」の試験での位置づけは？,数値は再発防止・配置転換・過重労働・職場環境の主体と条件のセットで復習してください。 試験では数値と条件をセットを軸に、関連条文・数値・主体の取り違えを照合してください。 過去問で正誤の型を分類し、試験要項で数値・期限を照合してください。,「ストレスチェック実施率」でよくある誤答パターンは？,数字のみ暗記;似た制度の値を流用;単位の見落とし 誤答肢では主体を確認の主語や条件が入れ替わることが多いので、比較表で整理してください。 過去問で正誤の型を分類し、試験要項で数値・期限を照合してください。,「ストレスチェック実施率」の覚え方・確認手順は？,覚え方：「数値・条件・主体」を1行で書く。 早見の要点：数値は一次情報で最新確認 用語集→本ページ→過去問の順で往復し、正誤理由をメモに残してください。 過去問で正誤の型を分類し、試験要項で数値・期限を照合してください。,「ストレスチェック実施率」の公式情報はどこで確認しますか？,「ストレスチェック実施率」では数値と条件をセットを軸に、条文・数値・主体の取り違えを比較表で整理してください。 典型誤答は数字のみ暗記;似た制度の値を流用;単位の見落とし。 過去問では条件文の主語入れ替え肢に注意してください。
s33-youkou-check,要項確認タイミング,基礎・役割,メンタルヘルスII種;;数値,要項確認タイミングに関する数値・頻度・手順の見方を整理します。,数値は一次情報で最新確認,"[{""item"": ""代表値"", ""value"": ""要項・規則確認"", ""note"": ""固定暗記より条件確認""}, {""item"": ""適用条件"", ""value"": ""対象者・規模を確認"", ""note"": ""主語の取り違え防止""}, {""item"": ""運用"", ""value"": ""年間計画で管理"", ""note"": ""未実施の防止""}, {""item"": ""試験対策"", ""value"": ""数値+条件で暗記"", ""note"": ""単独暗記を避ける""}]",要項確認タイミング｜メンタルヘルスII種,数値は再発防止・配置転換・過重労働・職場環境の主体と条件のセットで復習してください。,数値と条件をセット;主体を確認;年度更新を確認,数字のみ暗記;似た制度の値を流用;単位の見落とし,「数値・条件・主体」を1行で書く。,管理監督者への教育研修・情報提供;メンタルヘルス不調の定義;保健師,「要項確認タイミング」の試験での位置づけは？,数値は再発防止・配置転換・過重労働・職場環境の主体と条件のセットで復習してください。 試験では数値と条件をセットを軸に、関連条文・数値・主体の取り違えを照合してください。 過去問で正誤の型を分類し、試験要項で数値・期限を照合してください。,「要項確認タイミング」でよくある誤答パターンは？,数字のみ暗記;似た制度の値を流用;単位の見落とし 誤答肢では主体を確認の主語や条件が入れ替わることが多いので、比較表で整理してください。 過去問で正誤の型を分類し、試験要項で数値・期限を照合してください。,「要項確認タイミング」の覚え方・確認手順は？,覚え方：「数値・条件・主体」を1行で書く。 早見の要点：数値は一次情報で最新確認 用語集→本ページ→過去問の順で往復し、正誤理由をメモに残してください。 過去問で正誤の型を分類し、試験要項で数値・期限を照合してください。,「要項確認タイミング」の公式情報はどこで確認しますか？,「要項確認タイミング」では数値と条件をセットを軸に、条文・数値・主体の取り違えを比較表で整理してください。 典型誤答は数字のみ暗記;似た制度の値を流用;単位の見落とし。 過去問では条件文の主語入れ替え肢に注意してください。
s35-stress-num,ストレスの数値整理（基礎整理）,職場環境・配慮,メンタルヘルスII種;;数値,「ストレスの数値」で押さえる数値の代表数値・条件・記録要件を、基礎整理の観点で表に整理します。,ストレスの目安 — 関連制度：職場環境の改善 / 記録・保存：定義確認のメモ,"[{""item"": ""数値・条件"", ""value"": ""数値は試験要項・省令で確認"", ""note"": ""単位と適用条件をセット"", ""nuance"": ""数値"", ""angle"": ""基礎整理""}, {""item"": ""関連制度"", ""value"": ""職場環境の改善"", ""note"": ""横串の比較表と併読"", ""nuance"": ""数値"", ""angle"": ""基礎整理""}, {""item"": ""記録・保存"", ""value"": ""定義確認のメモ"", ""note"": ""異常時は原因を併記"", ""nuance"": ""数値"", ""angle"": ""基礎整理""}, {""item"": ""試験の確認点"", ""value"": ""主語→目的→対象"", ""note"": ""基礎整理の観点で口述"", ""nuance"": ""数値"", ""angle"": ""基礎整理""}, {""item"": ""確認テーマ"", ""value"": ""ストレスの数値"", ""note"": ""定義と主体を条文で確認"", ""nuance"": ""数値"", ""angle"": ""基礎整理""}, {""item"": ""関連制度"", ""value"": ""職場環境の改善"", ""note"": ""横串の比較表と併読"", ""nuance"": ""目安"", ""angle"": ""基礎整理""}, {""item"": ""記録・保存"", ""value"": ""定義確認のメモ"", ""note"": ""異常時は原因を併記"", ""nuance"": ""目安"", ""angle"": ""基礎整理""}, {""item"": ""試験の確認点"", ""value"": ""主語→目的→対象"", ""note"": ""基礎整理の観点で口述"", ""nuance"": ""目安"", ""angle"": ""基礎整理""}, {""item"": ""確認テーマ"", ""value"": ""ストレスの目安"", ""note"": ""定義と主体を条文で確認"", ""nuance"": ""目安"", ""angle"": ""基礎整理""}, {""item"": ""数値・条件"", ""value"": ""目安は試験要項・省令で確認"", ""note"": ""単位と適用条件をセット"", ""nuance"": ""目安"", ""angle"": ""基礎整理""}, {""item"": ""確認テーマ"", ""value"": ""ストレスの比率"", ""note"": ""定義と主体を条文で確認"", ""nuance"": ""比率"", ""angle"": ""基礎整理""}, {""item"": ""数値・条件"", ""value"": ""比率は試験要項・省令で確認"", ""note"": ""単位と適用条件をセット"", ""nuance"": ""比率"", ""angle"": ""基礎整理""}, {""item"": ""関連制度"", ""value"": ""職場環境の改善"", ""note"": ""横串の比較表と併読"", ""nuance"": ""比率"", ""angle"": ""基礎整理""}, {""item"": ""記録・保存"", ""value"": ""定義確認のメモ"", ""note"": ""異常時は原因を併記"", ""nuance"": ""比率"", ""angle"": ""基礎整理""}, {""item"": ""試験の確認点"", ""value"": ""主語→目的→対象"", ""note"": ""基礎整理の観点で口述"", ""nuance"": ""比率"", ""angle"": ""基礎整理""}, {""item"": ""確認テーマ"", ""value"": ""ストレスの回数"", ""note"": ""定義と主体を条文で確認"", ""nuance"": ""回数"", ""angle"": ""基礎整理""}, {""item"": ""数値・条件"", ""value"": ""回数は試験要項・省令で確認"", ""note"": ""単位と適用条件をセット"", ""nuance"": ""回数"", ""angle"": ""基礎整理""}, {""item"": ""関連制度"", ""value"": ""職場環境の改善"", ""note"": ""横串の比較表と併読"", ""nuance"": ""回数"", ""angle"": ""基礎整理""}, {""item"": ""記録・保存"", ""value"": ""定義確認のメモ"", ""note"": ""異常時は原因を併記"", ""nuance"": ""回数"", ""angle"": ""基礎整理""}, {""item"": ""試験の確認点"", ""value"": ""主語→目的→対象"", ""note"": ""基礎整理の観点で口述"", ""nuance"": ""回数"", ""angle"": ""基礎整理""}, {""item"": ""記録・保存"", ""value"": ""定義確認のメモ"", ""note"": ""異常時は原因を併記"", ""nuance"": ""配分"", ""angle"": ""基礎整理""}, {""item"": ""試験の確認点"", ""value"": ""主語→目的→対象"", ""note"": ""基礎整理の観点で口述"", ""nuance"": ""配分"", ""angle"": ""基礎整理""}, {""item"": ""確認テーマ"", ""value"": ""ストレスの配分"", ""note"": ""定義と主体を条文で確認"", ""nuance"": ""配分"", ""angle"": ""基礎整理""}, {""item"": ""数値・条件"", ""value"": ""配分は試験要項・省令で確認"", ""note"": ""単位と適用条件をセット"", ""nuance"": ""配分"", ""angle"": ""基礎整理""}, {""item"": ""関連制度"", ""value"": ""職場環境の改善"", ""note"": ""横串の比較表と併読"", ""nuance"": ""配分"", ""angle"": ""基礎整理""}]",ストレスの数値｜メンタルヘルスII種,「ストレスの数値」では、数値だけでなく義務主体・実施条件・記録保存まで一体で確認してください。ストレスは用語の定義と義務主体を先に固定し、比較表で整理してください。,用語の境界を表で整理;類似語の入替肢に注意;ストレスの定義と主体を固定,職場環境の改善と類似制度を混同;手順を省略したまま正解と判断;記録・報告義務を見落とす,「ストレス＝定義→主体→対象」,職場環境の改善;過重労働防止;ストレスチェック,「ストレス」で確認すべき数値・条件は？,ストレス（基礎整理）では職場環境の改善に関する数値だけでなく、義務主体・実施条件・記録保存までセットで確認してください。 試験では用語の境界を表で整理をセットで確認してください。 誤答では職場環境の改善と類似制度を混同に注意してください。,「ストレス」の数値暗記のコツは？,「ストレス＝定義→主体→対象」 数値は条文・試験要項の表と照合し、旧要項との差分は更新日付で管理してください。 試験では用語の境界を表で整理をセットで確認してください。 誤答では職場環境の改善と類似制度を混同に注意してください。,「ストレス」の典型誤答は？,職場環境の改善と類似制度を混同;手順を省略したまま正解と判断;記録・報告義務を見落とす 基礎整理では条件文の主語と数値が入れ替わる肢に注意してください。 試験では用語の境界を表で整理をセットで確認してください。,「ストレス」の関連資料は？,用語集の「職場環境の改善」、関連法令・試験要項、直近の通知・ガイドラインを照合してください。 直前は本ページの確認表と過去問を往復してください。 試験では用語の境界を表で整理をセットで確認してください。
s35-harass-cycle,ハラスメントの数値整理（基礎整理）,職場環境・配慮,メンタルヘルスII種;;数値,「ハラスメントの周期」で押さえる周期の代表数値・条件・記録要件を、基礎整理の観点で表に整理します。,ハラスメントの確認 — 記録・保存：定義確認のメモ / 試験の確認点：主語→目的→対象,"[{""item"": ""数値・条件"", ""value"": ""周期は試験要項・省令で確認"", ""note"": ""単位と適用条件をセット"", ""nuance"": ""周期"", ""angle"": ""基礎整理""}, {""item"": ""関連制度"", ""value"": ""職場環境の改善"", ""note"": ""横串の比較表と併読"", ""nuance"": ""周期"", ""angle"": ""基礎整理""}, {""item"": ""記録・保存"", ""value"": ""定義確認のメモ"", ""note"": ""異常時は原因を併記"", ""nuance"": ""周期"", ""angle"": ""基礎整理""}, {""item"": ""試験の確認点"", ""value"": ""主語→目的→対象"", ""note"": ""基礎整理の観点で口述"", ""nuance"": ""周期"", ""angle"": ""基礎整理""}, {""item"": ""確認テーマ"", ""value"": ""ハラスメントの周期"", ""note"": ""定義と主体を条文で確認"", ""nuance"": ""周期"", ""angle"": ""基礎整理""}, {""item"": ""数値・条件"", ""value"": ""頻度は試験要項・省令で確認"", ""note"": ""単位と適用条件をセット"", ""nuance"": ""頻度"", ""angle"": ""基礎整理""}, {""item"": ""関連制度"", ""value"": ""職場環境の改善"", ""note"": ""横串の比較表と併読"", ""nuance"": ""頻度"", ""angle"": ""基礎整理""}, {""item"": ""記録・保存"", ""value"": ""定義確認のメモ"", ""note"": ""異常時は原因を併記"", ""nuance"": ""頻度"", ""angle"": ""基礎整理""}, {""item"": ""試験の確認点"", ""value"": ""主語→目的→対象"", ""note"": ""基礎整理の観点で口述"", ""nuance"": ""頻度"", ""angle"": ""基礎整理""}, {""item"": ""確認テーマ"", ""value"": ""ハラスメントの頻度"", ""note"": ""定義と主体を条文で確認"", ""nuance"": ""頻度"", ""angle"": ""基礎整理""}, {""item"": ""確認テーマ"", ""value"": ""ハラスメントの時間"", ""note"": ""定義と主体を条文で確認"", ""nuance"": ""時間"", ""angle"": ""基礎整理""}, {""item"": ""数値・条件"", ""value"": ""時間は試験要項・省令で確認"", ""note"": ""単位と適用条件をセット"", ""nuance"": ""時間"", ""angle"": ""基礎整理""}, {""item"": ""関連制度"", ""value"": ""職場環境の改善"", ""note"": ""横串の比較表と併読"", ""nuance"": ""時間"", ""angle"": ""基礎整理""}, {""item"": ""記録・保存"", ""value"": ""定義確認のメモ"", ""note"": ""異常時は原因を併記"", ""nuance"": ""時間"", ""angle"": ""基礎整理""}, {""item"": ""試験の確認点"", ""value"": ""主語→目的→対象"", ""note"": ""基礎整理の観点で口述"", ""nuance"": ""時間"", ""angle"": ""基礎整理""}, {""item"": ""数値・条件"", ""value"": ""基準は試験要項・省令で確認"", ""note"": ""単位と適用条件をセット"", ""nuance"": ""kijun"", ""angle"": ""基礎整理""}, {""item"": ""関連制度"", ""value"": ""職場環境の改善"", ""note"": ""横串の比較表と併読"", ""nuance"": ""kijun"", ""angle"": ""基礎整理""}, {""item"": ""記録・保存"", ""value"": ""定義確認のメモ"", ""note"": ""異常時は原因を併記"", ""nuance"": ""kijun"", ""angle"": ""基礎整理""}, {""item"": ""試験の確認点"", ""value"": ""主語→目的→対象"", ""note"": ""基礎整理の観点で口述"", ""nuance"": ""kijun"", ""angle"": ""基礎整理""}, {""item"": ""確認テーマ"", ""value"": ""ハラスメントの基準"", ""note"": ""定義と主体を条文で確認"", ""nuance"": ""kijun"", ""angle"": ""基礎整理""}, {""item"": ""記録・保存"", ""value"": ""定義確認のメモ"", ""note"": ""異常時は原因を併記"", ""nuance"": ""確認"", ""angle"": ""基礎整理""}, {""item"": ""試験の確認点"", ""value"": ""主語→目的→対象"", ""note"": ""基礎整理の観点で口述"", ""nuance"": ""確認"", ""angle"": ""基礎整理""}, {""item"": ""確認テーマ"", ""value"": ""ハラスメントの確認"", ""note"": ""定義と主体を条文で確認"", ""nuance"": ""確認"", ""angle"": ""基礎整理""}, {""item"": ""数値・条件"", ""value"": ""確認は試験要項・省令で確認"", ""note"": ""単位と適用条件をセット"", ""nuance"": ""確認"", ""angle"": ""基礎整理""}, {""item"": ""関連制度"", ""value"": ""職場環境の改善"", ""note"": ""横串の比較表と併読"", ""nuance"": ""確認"", ""angle"": ""基礎整理""}]",ハラスメントの周期｜メンタルヘルスII種,「ハラスメントの周期」では、数値だけでなく義務主体・実施条件・記録保存まで一体で確認してください。ハラスメントは用語の定義と義務主体を先に固定し、比較表で整理してください。,類似語の入替肢に注意;ハラスメントの定義と主体を固定;用語の境界を表で整理,職場環境の改善と類似制度を混同;手順を省略したまま正解と判断;記録・報告義務を見落とす,「ハラスメント＝定義→主体→対象」,職場環境の改善;過重労働防止;ストレスチェック,「ハラスメント」で確認すべき数値・条件は？,ハラスメント（基礎整理）では職場環境の改善に関する数値だけでなく、義務主体・実施条件・記録保存までセットで確認してください。 試験では類似語の入替肢に注意をセットで確認してください。 誤答では職場環境の改善と類似制度を混同に注意してください。,「ハラスメント」の数値暗記のコツは？,「ハラスメント＝定義→主体→対象」 数値は条文・試験要項の表と照合し、旧要項との差分は更新日付で管理してください。 試験では類似語の入替肢に注意をセットで確認してください。 誤答では職場環境の改善と類似制度を混同に注意してください。,「ハラスメント」の典型誤答は？,職場環境の改善と類似制度を混同;手順を省略したまま正解と判断;記録・報告義務を見落とす 基礎整理では条件文の主語と数値が入れ替わる肢に注意してください。 試験では類似語の入替肢に注意をセットで確認してください。,「ハラスメント」の関連資料は？,用語集の「職場環境の改善」、関連法令・試験要項、直近の通知・ガイドラインを照合してください。 直前は本ページの確認表と過去問を往復してください。 試験では類似語の入替肢に注意をセットで確認してください。
s36-mensetsu-num,面接の数値整理（実務連動）,相談・連携・復職,メンタルヘルスII種;;数値,「面接の数値」で押さえる数値の代表数値・条件・記録要件を、実務連動の観点で表に整理します。,面接の数値 — 関連制度：就業上の配慮 / 記録・保存：運転日誌・報告書,"[{""item"": ""関連制度"", ""value"": ""就業上の配慮"", ""note"": ""横串の比較表と併読"", ""nuance"": ""数値"", ""angle"": ""実務連動""}, {""item"": ""記録・保存"", ""value"": ""運転日誌・報告書"", ""note"": ""異常時は原因を併記"", ""nuance"": ""数値"", ""angle"": ""実務連動""}, {""item"": ""試験の確認点"", ""value"": ""誰が・いつ・何を"", ""note"": ""実務連動の観点で口述"", ""nuance"": ""数値"", ""angle"": ""実務連動""}, {""item"": ""確認テーマ"", ""value"": ""面接の数値"", ""note"": ""現場フロー上の位置づけ"", ""nuance"": ""数値"", ""angle"": ""実務連動""}, {""item"": ""数値・条件"", ""value"": ""数値は試験要項・省令で確認"", ""note"": ""記録様式と照合"", ""nuance"": ""数値"", ""angle"": ""実務連動""}, {""item"": ""記録・保存"", ""value"": ""運転日誌・報告書"", ""note"": ""異常時は原因を併記"", ""nuance"": ""目安"", ""angle"": ""実務連動""}, {""item"": ""試験の確認点"", ""value"": ""誰が・いつ・何を"", ""note"": ""実務連動の観点で口述"", ""nuance"": ""目安"", ""angle"": ""実務連動""}, {""item"": ""確認テーマ"", ""value"": ""面接の目安"", ""note"": ""現場フロー上の位置づけ"", ""nuance"": ""目安"", ""angle"": ""実務連動""}, {""item"": ""数値・条件"", ""value"": ""目安は試験要項・省令で確認"", ""note"": ""記録様式と照合"", ""nuance"": ""目安"", ""angle"": ""実務連動""}, {""item"": ""関連制度"", ""value"": ""就業上の配慮"", ""note"": ""横串の比較表と併読"", ""nuance"": ""目安"", ""angle"": ""実務連動""}, {""item"": ""記録・保存"", ""value"": ""運転日誌・報告書"", ""note"": ""異常時は原因を併記"", ""nuance"": ""比率"", ""angle"": ""実務連動""}, {""item"": ""試験の確認点"", ""value"": ""誰が・いつ・何を"", ""note"": ""実務連動の観点で口述"", ""nuance"": ""比率"", ""angle"": ""実務連動""}, {""item"": ""確認テーマ"", ""value"": ""面接の比率"", ""note"": ""現場フロー上の位置づけ"", ""nuance"": ""比率"", ""angle"": ""実務連動""}, {""item"": ""数値・条件"", ""value"": ""比率は試験要項・省令で確認"", ""note"": ""記録様式と照合"", ""nuance"": ""比率"", ""angle"": ""実務連動""}, {""item"": ""関連制度"", ""value"": ""就業上の配慮"", ""note"": ""横串の比較表と併読"", ""nuance"": ""比率"", ""angle"": ""実務連動""}, {""item"": ""数値・条件"", ""value"": ""回数は試験要項・省令で確認"", ""note"": ""記録様式と照合"", ""nuance"": ""回数"", ""angle"": ""実務連動""}, {""item"": ""関連制度"", ""value"": ""就業上の配慮"", ""note"": ""横串の比較表と併読"", ""nuance"": ""回数"", ""angle"": ""実務連動""}, {""item"": ""記録・保存"", ""value"": ""運転日誌・報告書"", ""note"": ""異常時は原因を併記"", ""nuance"": ""回数"", ""angle"": ""実務連動""}, {""item"": ""試験の確認点"", ""value"": ""誰が・いつ・何を"", ""note"": ""実務連動の観点で口述"", ""nuance"": ""回数"", ""angle"": ""実務連動""}, {""item"": ""確認テーマ"", ""value"": ""面接の回数"", ""note"": ""現場フロー上の位置づけ"", ""nuance"": ""回数"", ""angle"": ""実務連動""}, {""item"": ""関連制度"", ""value"": ""就業上の配慮"", ""note"": ""横串の比較表と併読"", ""nuance"": ""配分"", ""angle"": ""実務連動""}, {""item"": ""記録・保存"", ""value"": ""運転日誌・報告書"", ""note"": ""異常時は原因を併記"", ""nuance"": ""配分"", ""angle"": ""実務連動""}, {""item"": ""試験の確認点"", ""value"": ""誰が・いつ・何を"", ""note"": ""実務連動の観点で口述"", ""nuance"": ""配分"", ""angle"": ""実務連動""}, {""item"": ""確認テーマ"", ""value"": ""面接の配分"", ""note"": ""現場フロー上の位置づけ"", ""nuance"": ""配分"", ""angle"": ""実務連動""}, {""item"": ""数値・条件"", ""value"": ""配分は試験要項・省令で確認"", ""note"": ""記録様式と照合"", ""nuance"": ""配分"", ""angle"": ""実務連動""}]",面接の数値｜メンタルヘルスII種,「面接の数値」では、数値だけでなく義務主体・実施条件・記録保存まで一体で確認してください。面接は職場フロー（事前確認→実施→記録→報告）に沿って復習すると定着します。,面接の実施フローを順序固定;記録・報告まで一体確認;担当者分担を明確化,面接の主体を固定せずに暗記;就業上の配慮と類似制度を混同;手順を省略したまま正解と判断,「面接＝確認→実施→記録」,就業上の配慮;復職;再発予防,「面接」で確認すべき数値・条件は？,面接（実務連動）では就業上の配慮に関する数値だけでなく、義務主体・実施条件・記録保存までセットで確認してください。 試験では面接の実施フローを順序固定をセットで確認してください。 誤答では面接の主体を固定せずに暗記に注意してください。,「面接」の数値暗記のコツは？,「面接＝確認→実施→記録」 数値は条文・試験要項の表と照合し、旧要項との差分は更新日付で管理してください。 試験では面接の実施フローを順序固定をセットで確認してください。 誤答では面接の主体を固定せずに暗記に注意してください。,「面接」の典型誤答は？,面接の主体を固定せずに暗記;就業上の配慮と類似制度を混同;手順を省略したまま正解と判断 実務連動では条件文の主語と数値が入れ替わる肢に注意してください。 試験では面接の実施フローを順序固定をセットで確認してください。,「面接」の関連資料は？,用語集の「就業上の配慮」、関連法令・試験要項、直近の通知・ガイドラインを照合してください。 直前は本ページの確認表と過去問を往復してください。 試験では面接の実施フローを順序固定をセットで確認してください。
s36-sangyoui-cycle,産業医の数値整理（実務連動）,基礎・役割,メンタルヘルスII種;;数値,「産業医の周期」で押さえる周期の代表数値・条件・記録要件を、実務連動の観点で表に整理します。,産業医の周期 — 確認テーマ：産業医の周期 / 数値・条件：周期は試験要項・省令で確認,"[{""item"": ""確認テーマ"", ""value"": ""産業医の周期"", ""note"": ""現場フロー上の位置づけ"", ""nuance"": ""周期"", ""angle"": ""実務連動""}, {""item"": ""数値・条件"", ""value"": ""周期は試験要項・省令で確認"", ""note"": ""記録様式と照合"", ""nuance"": ""周期"", ""angle"": ""実務連動""}, {""item"": ""関連制度"", ""value"": ""管理監督者への教育研修・情報提供"", ""note"": ""横串の比較表と併読"", ""nuance"": ""周期"", ""angle"": ""実務連動""}, {""item"": ""記録・保存"", ""value"": ""運転日誌・報告書"", ""note"": ""異常時は原因を併記"", ""nuance"": ""周期"", ""angle"": ""実務連動""}, {""item"": ""試験の確認点"", ""value"": ""誰が・いつ・何を"", ""note"": ""実務連動の観点で口述"", ""nuance"": ""周期"", ""angle"": ""実務連動""}, {""item"": ""関連制度"", ""value"": ""管理監督者への教育研修・情報提供"", ""note"": ""横串の比較表と併読"", ""nuance"": ""頻度"", ""angle"": ""実務連動""}, {""item"": ""記録・保存"", ""value"": ""運転日誌・報告書"", ""note"": ""異常時は原因を併記"", ""nuance"": ""頻度"", ""angle"": ""実務連動""}, {""item"": ""試験の確認点"", ""value"": ""誰が・いつ・何を"", ""note"": ""実務連動の観点で口述"", ""nuance"": ""頻度"", ""angle"": ""実務連動""}, {""item"": ""確認テーマ"", ""value"": ""産業医の頻度"", ""note"": ""現場フロー上の位置づけ"", ""nuance"": ""頻度"", ""angle"": ""実務連動""}, {""item"": ""数値・条件"", ""value"": ""頻度は試験要項・省令で確認"", ""note"": ""記録様式と照合"", ""nuance"": ""頻度"", ""angle"": ""実務連動""}, {""item"": ""数値・条件"", ""value"": ""時間は試験要項・省令で確認"", ""note"": ""記録様式と照合"", ""nuance"": ""時間"", ""angle"": ""実務連動""}, {""item"": ""関連制度"", ""value"": ""管理監督者への教育研修・情報提供"", ""note"": ""横串の比較表と併読"", ""nuance"": ""時間"", ""angle"": ""実務連動""}, {""item"": ""記録・保存"", ""value"": ""運転日誌・報告書"", ""note"": ""異常時は原因を併記"", ""nuance"": ""時間"", ""angle"": ""実務連動""}, {""item"": ""試験の確認点"", ""value"": ""誰が・いつ・何を"", ""note"": ""実務連動の観点で口述"", ""nuance"": ""時間"", ""angle"": ""実務連動""}, {""item"": ""確認テーマ"", ""value"": ""産業医の時間"", ""note"": ""現場フロー上の位置づけ"", ""nuance"": ""時間"", ""angle"": ""実務連動""}, {""item"": ""関連制度"", ""value"": ""管理監督者への教育研修・情報提供"", ""note"": ""横串の比較表と併読"", ""nuance"": ""kijun"", ""angle"": ""実務連動""}, {""item"": ""記録・保存"", ""value"": ""運転日誌・報告書"", ""note"": ""異常時は原因を併記"", ""nuance"": ""kijun"", ""angle"": ""実務連動""}, {""item"": ""試験の確認点"", ""value"": ""誰が・いつ・何を"", ""note"": ""実務連動の観点で口述"", ""nuance"": ""kijun"", ""angle"": ""実務連動""}, {""item"": ""確認テーマ"", ""value"": ""産業医の基準"", ""note"": ""現場フロー上の位置づけ"", ""nuance"": ""kijun"", ""angle"": ""実務連動""}, {""item"": ""数値・条件"", ""value"": ""基準は試験要項・省令で確認"", ""note"": ""記録様式と照合"", ""nuance"": ""kijun"", ""angle"": ""実務連動""}, {""item"": ""数値・条件"", ""value"": ""確認は試験要項・省令で確認"", ""note"": ""記録様式と照合"", ""nuance"": ""確認"", ""angle"": ""実務連動""}, {""item"": ""関連制度"", ""value"": ""管理監督者への教育研修・情報提供"", ""note"": ""横串の比較表と併読"", ""nuance"": ""確認"", ""angle"": ""実務連動""}, {""item"": ""記録・保存"", ""value"": ""運転日誌・報告書"", ""note"": ""異常時は原因を併記"", ""nuance"": ""確認"", ""angle"": ""実務連動""}, {""item"": ""試験の確認点"", ""value"": ""誰が・いつ・何を"", ""note"": ""実務連動の観点で口述"", ""nuance"": ""確認"", ""angle"": ""実務連動""}, {""item"": ""確認テーマ"", ""value"": ""産業医の確認"", ""note"": ""現場フロー上の位置づけ"", ""nuance"": ""確認"", ""angle"": ""実務連動""}]",産業医の周期｜メンタルヘルスII種,「産業医の周期」では、数値だけでなく義務主体・実施条件・記録保存まで一体で確認してください。産業医は職場フロー（事前確認→実施→記録→報告）に沿って復習すると定着します。,記録・報告まで一体確認;担当者分担を明確化;産業医の実施フローを順序固定,旧要項・旧数値をそのまま適用;産業医の主体を固定せずに暗記;管理監督者への教育研修・情報提供と類似制度を混同,「産業医＝確認→実施→記録」,管理監督者への教育研修・情報提供;メンタルヘルス不調の定義;保健師,「産業医」で確認すべき数値・条件は？,産業医（実務連動）では管理監督者への教育研修・情報提供に関する数値だけでなく、義務主体・実施条件・記録保存までセットで確認してください。 試験では記録・報告まで一体確認をセットで確認してください。 誤答では旧要項・旧数値をそのまま適用に注意してください。,「産業医」の数値暗記のコツは？,「産業医＝確認→実施→記録」 数値は条文・試験要項の表と照合し、旧要項との差分は更新日付で管理してください。 試験では記録・報告まで一体確認をセットで確認してください。 誤答では旧要項・旧数値をそのまま適用に注意してください。,「産業医」の典型誤答は？,旧要項・旧数値をそのまま適用;産業医の主体を固定せずに暗記;管理監督者への教育研修・情報提供と類似制度を混同 実務連動では条件文の主語と数値が入れ替わる肢に注意してください。 試験では記録・報告まで一体確認をセットで確認してください。,「産業医」の関連資料は？,用語集の「管理監督者への教育研修・情報提供」、関連法令・試験要項、直近の通知・ガイドラインを照合してください。 直前は本ページの確認表と過去問を往復してください。 試験では記録・報告まで一体確認をセットで確認してください。
s37-fukki-num,復職の数値整理（試験頻出）,相談・連携・復職,メンタルヘルスII種;;数値,「復職の数値」で押さえる数値の代表数値・条件・記録要件を、試験頻出の観点で表に整理します。,復職の数値 — 記録・保存：過去問の条件メモ / 試験の確認点：逆転肢の型分類,"[{""item"": ""記録・保存"", ""value"": ""過去問の条件メモ"", ""note"": ""異常時は原因を併記"", ""nuance"": ""数値"", ""angle"": ""試験頻出""}, {""item"": ""試験の確認点"", ""value"": ""逆転肢の型分類"", ""note"": ""試験頻出の観点で口述"", ""nuance"": ""数値"", ""angle"": ""試験頻出""}, {""item"": ""確認テーマ"", ""value"": ""復職の数値"", ""note"": ""条件文の主語を下線"", ""nuance"": ""数値"", ""angle"": ""試験頻出""}, {""item"": ""数値・条件"", ""value"": ""数値は試験要項・省令で確認"", ""note"": ""逆転肢の数値混同に注意"", ""nuance"": ""数値"", ""angle"": ""試験頻出""}, {""item"": ""関連制度"", ""value"": ""就業上の配慮"", ""note"": ""横串の比較表と併読"", ""nuance"": ""数値"", ""angle"": ""試験頻出""}, {""item"": ""数値・条件"", ""value"": ""目安は試験要項・省令で確認"", ""note"": ""逆転肢の数値混同に注意"", ""nuance"": ""目安"", ""angle"": ""試験頻出""}, {""item"": ""関連制度"", ""value"": ""就業上の配慮"", ""note"": ""横串の比較表と併読"", ""nuance"": ""目安"", ""angle"": ""試験頻出""}, {""item"": ""記録・保存"", ""value"": ""過去問の条件メモ"", ""note"": ""異常時は原因を併記"", ""nuance"": ""目安"", ""angle"": ""試験頻出""}, {""item"": ""試験の確認点"", ""value"": ""逆転肢の型分類"", ""note"": ""試験頻出の観点で口述"", ""nuance"": ""目安"", ""angle"": ""試験頻出""}, {""item"": ""確認テーマ"", ""value"": ""復職の目安"", ""note"": ""条件文の主語を下線"", ""nuance"": ""目安"", ""angle"": ""試験頻出""}, {""item"": ""数値・条件"", ""value"": ""比率は試験要項・省令で確認"", ""note"": ""逆転肢の数値混同に注意"", ""nuance"": ""比率"", ""angle"": ""試験頻出""}, {""item"": ""関連制度"", ""value"": ""就業上の配慮"", ""note"": ""横串の比較表と併読"", ""nuance"": ""比率"", ""angle"": ""試験頻出""}, {""item"": ""記録・保存"", ""value"": ""過去問の条件メモ"", ""note"": ""異常時は原因を併記"", ""nuance"": ""比率"", ""angle"": ""試験頻出""}, {""item"": ""試験の確認点"", ""value"": ""逆転肢の型分類"", ""note"": ""試験頻出の観点で口述"", ""nuance"": ""比率"", ""angle"": ""試験頻出""}, {""item"": ""確認テーマ"", ""value"": ""復職の比率"", ""note"": ""条件文の主語を下線"", ""nuance"": ""比率"", ""angle"": ""試験頻出""}, {""item"": ""数値・条件"", ""value"": ""回数は試験要項・省令で確認"", ""note"": ""逆転肢の数値混同に注意"", ""nuance"": ""回数"", ""angle"": ""試験頻出""}, {""item"": ""関連制度"", ""value"": ""就業上の配慮"", ""note"": ""横串の比較表と併読"", ""nuance"": ""回数"", ""angle"": ""試験頻出""}, {""item"": ""記録・保存"", ""value"": ""過去問の条件メモ"", ""note"": ""異常時は原因を併記"", ""nuance"": ""回数"", ""angle"": ""試験頻出""}, {""item"": ""試験の確認点"", ""value"": ""逆転肢の型分類"", ""note"": ""試験頻出の観点で口述"", ""nuance"": ""回数"", ""angle"": ""試験頻出""}, {""item"": ""確認テーマ"", ""value"": ""復職の回数"", ""note"": ""条件文の主語を下線"", ""nuance"": ""回数"", ""angle"": ""試験頻出""}, {""item"": ""数値・条件"", ""value"": ""配分は試験要項・省令で確認"", ""note"": ""逆転肢の数値混同に注意"", ""nuance"": ""配分"", ""angle"": ""試験頻出""}, {""item"": ""関連制度"", ""value"": ""就業上の配慮"", ""note"": ""横串の比較表と併読"", ""nuance"": ""配分"", ""angle"": ""試験頻出""}, {""item"": ""記録・保存"", ""value"": ""過去問の条件メモ"", ""note"": ""異常時は原因を併記"", ""nuance"": ""配分"", ""angle"": ""試験頻出""}, {""item"": ""試験の確認点"", ""value"": ""逆転肢の型分類"", ""note"": ""試験頻出の観点で口述"", ""nuance"": ""配分"", ""angle"": ""試験頻出""}, {""item"": ""確認テーマ"", ""value"": ""復職の配分"", ""note"": ""条件文の主語を下線"", ""nuance"": ""配分"", ""angle"": ""試験頻出""}]",復職の数値｜メンタルヘルスII種,「復職の数値」では、数値だけでなく義務主体・実施条件・記録保存まで一体で確認してください。復職は過去問の逆転肢・数値混同を型別に分類し、条件文を最後まで読んでください。,数値+条件のセット暗記;復職の逆転肢パターンを分類;条件文の主語を下線,記録・報告義務を見落とす;旧要項・旧数値をそのまま適用;復職の主体を固定せずに暗記,「復職＝主語→条件→数値」,就業上の配慮;復職;再発予防,「復職」で確認すべき数値・条件は？,復職（試験頻出）では就業上の配慮に関する数値だけでなく、義務主体・実施条件・記録保存までセットで確認してください。 試験では数値+条件のセット暗記をセットで確認してください。 誤答では記録・報告義務を見落とすに注意してください。,「復職」の数値暗記のコツは？,「復職＝主語→条件→数値」 数値は条文・試験要項の表と照合し、旧要項との差分は更新日付で管理してください。 試験では数値+条件のセット暗記をセットで確認してください。 誤答では記録・報告義務を見落とすに注意してください。,「復職」の典型誤答は？,記録・報告義務を見落とす;旧要項・旧数値をそのまま適用;復職の主体を固定せずに暗記 試験頻出では条件文の主語と数値が入れ替わる肢に注意してください。 試験では数値+条件のセット暗記をセットで確認してください。,「復職」の関連資料は？,用語集の「就業上の配慮」、関連法令・試験要項、直近の通知・ガイドラインを照合してください。 直前は本ページの確認表と過去問を往復してください。 試験では数値+条件のセット暗記をセットで確認してください。
s37-kyushoku-cycle,休職の数値整理（試験頻出）,相談・連携・復職,メンタルヘルスII種;;数値,「休職の周期」で押さえる周期の代表数値・条件・記録要件を、試験頻出の観点で表に整理します。,休職の頻度 — 関連制度：就業上の配慮 / 記録・保存：過去問の条件メモ,"[{""item"": ""数値・条件"", ""value"": ""周期は試験要項・省令で確認"", ""note"": ""逆転肢の数値混同に注意"", ""nuance"": ""周期"", ""angle"": ""試験頻出""}, {""item"": ""関連制度"", ""value"": ""就業上の配慮"", ""note"": ""横串の比較表と併読"", ""nuance"": ""周期"", ""angle"": ""試験頻出""}, {""item"": ""記録・保存"", ""value"": ""過去問の条件メモ"", ""note"": ""異常時は原因を併記"", ""nuance"": ""周期"", ""angle"": ""試験頻出""}, {""item"": ""試験の確認点"", ""value"": ""逆転肢の型分類"", ""note"": ""試験頻出の観点で口述"", ""nuance"": ""周期"", ""angle"": ""試験頻出""}, {""item"": ""確認テーマ"", ""value"": ""休職の周期"", ""note"": ""条件文の主語を下線"", ""nuance"": ""周期"", ""angle"": ""試験頻出""}, {""item"": ""関連制度"", ""value"": ""就業上の配慮"", ""note"": ""横串の比較表と併読"", ""nuance"": ""頻度"", ""angle"": ""試験頻出""}, {""item"": ""記録・保存"", ""value"": ""過去問の条件メモ"", ""note"": ""異常時は原因を併記"", ""nuance"": ""頻度"", ""angle"": ""試験頻出""}, {""item"": ""試験の確認点"", ""value"": ""逆転肢の型分類"", ""note"": ""試験頻出の観点で口述"", ""nuance"": ""頻度"", ""angle"": ""試験頻出""}, {""item"": ""確認テーマ"", ""value"": ""休職の頻度"", ""note"": ""条件文の主語を下線"", ""nuance"": ""頻度"", ""angle"": ""試験頻出""}, {""item"": ""数値・条件"", ""value"": ""頻度は試験要項・省令で確認"", ""note"": ""逆転肢の数値混同に注意"", ""nuance"": ""頻度"", ""angle"": ""試験頻出""}, {""item"": ""数値・条件"", ""value"": ""時間は試験要項・省令で確認"", ""note"": ""逆転肢の数値混同に注意"", ""nuance"": ""時間"", ""angle"": ""試験頻出""}, {""item"": ""関連制度"", ""value"": ""就業上の配慮"", ""note"": ""横串の比較表と併読"", ""nuance"": ""時間"", ""angle"": ""試験頻出""}, {""item"": ""記録・保存"", ""value"": ""過去問の条件メモ"", ""note"": ""異常時は原因を併記"", ""nuance"": ""時間"", ""angle"": ""試験頻出""}, {""item"": ""試験の確認点"", ""value"": ""逆転肢の型分類"", ""note"": ""試験頻出の観点で口述"", ""nuance"": ""時間"", ""angle"": ""試験頻出""}, {""item"": ""確認テーマ"", ""value"": ""休職の時間"", ""note"": ""条件文の主語を下線"", ""nuance"": ""時間"", ""angle"": ""試験頻出""}, {""item"": ""数値・条件"", ""value"": ""基準は試験要項・省令で確認"", ""note"": ""逆転肢の数値混同に注意"", ""nuance"": ""kijun"", ""angle"": ""試験頻出""}, {""item"": ""関連制度"", ""value"": ""就業上の配慮"", ""note"": ""横串の比較表と併読"", ""nuance"": ""kijun"", ""angle"": ""試験頻出""}, {""item"": ""記録・保存"", ""value"": ""過去問の条件メモ"", ""note"": ""異常時は原因を併記"", ""nuance"": ""kijun"", ""angle"": ""試験頻出""}, {""item"": ""試験の確認点"", ""value"": ""逆転肢の型分類"", ""note"": ""試験頻出の観点で口述"", ""nuance"": ""kijun"", ""angle"": ""試験頻出""}, {""item"": ""確認テーマ"", ""value"": ""休職の基準"", ""note"": ""条件文の主語を下線"", ""nuance"": ""kijun"", ""angle"": ""試験頻出""}, {""item"": ""記録・保存"", ""value"": ""過去問の条件メモ"", ""note"": ""異常時は原因を併記"", ""nuance"": ""確認"", ""angle"": ""試験頻出""}, {""item"": ""試験の確認点"", ""value"": ""逆転肢の型分類"", ""note"": ""試験頻出の観点で口述"", ""nuance"": ""確認"", ""angle"": ""試験頻出""}, {""item"": ""確認テーマ"", ""value"": ""休職の確認"", ""note"": ""条件文の主語を下線"", ""nuance"": ""確認"", ""angle"": ""試験頻出""}, {""item"": ""数値・条件"", ""value"": ""確認は試験要項・省令で確認"", ""note"": ""逆転肢の数値混同に注意"", ""nuance"": ""確認"", ""angle"": ""試験頻出""}, {""item"": ""関連制度"", ""value"": ""就業上の配慮"", ""note"": ""横串の比較表と併読"", ""nuance"": ""確認"", ""angle"": ""試験頻出""}]",休職の周期｜メンタルヘルスII種,「休職の周期」では、数値だけでなく義務主体・実施条件・記録保存まで一体で確認してください。休職は過去問の逆転肢・数値混同を型別に分類し、条件文を最後まで読んでください。,数値+条件のセット暗記;休職の逆転肢パターンを分類;条件文の主語を下線,手順を省略したまま正解と判断;記録・報告義務を見落とす;旧要項・旧数値をそのまま適用,「休職＝主語→条件→数値」,就業上の配慮;復職;再発予防,「休職」で確認すべき数値・条件は？,休職（試験頻出）では就業上の配慮に関する数値だけでなく、義務主体・実施条件・記録保存までセットで確認してください。 試験では数値+条件のセット暗記をセットで確認してください。 誤答では手順を省略したまま正解と判断に注意してください。,「休職」の数値暗記のコツは？,「休職＝主語→条件→数値」 数値は条文・試験要項の表と照合し、旧要項との差分は更新日付で管理してください。 試験では数値+条件のセット暗記をセットで確認してください。 誤答では手順を省略したまま正解と判断に注意してください。,「休職」の典型誤答は？,手順を省略したまま正解と判断;記録・報告義務を見落とす;旧要項・旧数値をそのまま適用 試験頻出では条件文の主語と数値が入れ替わる肢に注意してください。 試験では数値+条件のセット暗記をセットで確認してください。,「休職」の関連資料は？,用語集の「就業上の配慮」、関連法令・試験要項、直近の通知・ガイドラインを照合してください。 直前は本ページの確認表と過去問を往復してください。 試験では数値+条件のセット暗記をセットで確認してください。
s38-linecare-num,ラインケアの数値整理（判例・ガイド）,基礎・役割,メンタルヘルスII種;;数値,「ラインケアの数値」で押さえる数値の代表数値・条件・記録要件を、判例・ガイドの観点で表に整理します。,ラインケアの配分 — 記録・保存：条文×通知の対応表 / 試験の確認点：優先関係の整理,"[{""item"": ""数値・条件"", ""value"": ""数値は試験要項・省令で確認"", ""note"": ""改正差分を更新日で管理"", ""nuance"": ""数値"", ""angle"": ""判例・ガイド""}, {""item"": ""関連制度"", ""value"": ""管理監督者への教育研修・情報提供"", ""note"": ""横串の比較表と併読"", ""nuance"": ""数値"", ""angle"": ""判例・ガイド""}, {""item"": ""記録・保存"", ""value"": ""条文×通知の対応表"", ""note"": ""異常時は原因を併記"", ""nuance"": ""数値"", ""angle"": ""判例・ガイド""}, {""item"": ""試験の確認点"", ""value"": ""優先関係の整理"", ""note"": ""判例・ガイドの観点で口述"", ""nuance"": ""数値"", ""angle"": ""判例・ガイド""}, {""item"": ""確認テーマ"", ""value"": ""ラインケアの数値"", ""note"": ""通知・ガイドとの対応"", ""nuance"": ""数値"", ""angle"": ""判例・ガイド""}, {""item"": ""確認テーマ"", ""value"": ""ラインケアの目安"", ""note"": ""通知・ガイドとの対応"", ""nuance"": ""目安"", ""angle"": ""判例・ガイド""}, {""item"": ""数値・条件"", ""value"": ""目安は試験要項・省令で確認"", ""note"": ""改正差分を更新日で管理"", ""nuance"": ""目安"", ""angle"": ""判例・ガイド""}, {""item"": ""関連制度"", ""value"": ""管理監督者への教育研修・情報提供"", ""note"": ""横串の比較表と併読"", ""nuance"": ""目安"", ""angle"": ""判例・ガイド""}, {""item"": ""記録・保存"", ""value"": ""条文×通知の対応表"", ""note"": ""異常時は原因を併記"", ""nuance"": ""目安"", ""angle"": ""判例・ガイド""}, {""item"": ""試験の確認点"", ""value"": ""優先関係の整理"", ""note"": ""判例・ガイドの観点で口述"", ""nuance"": ""目安"", ""angle"": ""判例・ガイド""}, {""item"": ""確認テーマ"", ""value"": ""ラインケアの比率"", ""note"": ""通知・ガイドとの対応"", ""nuance"": ""比率"", ""angle"": ""判例・ガイド""}, {""item"": ""数値・条件"", ""value"": ""比率は試験要項・省令で確認"", ""note"": ""改正差分を更新日で管理"", ""nuance"": ""比率"", ""angle"": ""判例・ガイド""}, {""item"": ""関連制度"", ""value"": ""管理監督者への教育研修・情報提供"", ""note"": ""横串の比較表と併読"", ""nuance"": ""比率"", ""angle"": ""判例・ガイド""}, {""item"": ""記録・保存"", ""value"": ""条文×通知の対応表"", ""note"": ""異常時は原因を併記"", ""nuance"": ""比率"", ""angle"": ""判例・ガイド""}, {""item"": ""試験の確認点"", ""value"": ""優先関係の整理"", ""note"": ""判例・ガイドの観点で口述"", ""nuance"": ""比率"", ""angle"": ""判例・ガイド""}, {""item"": ""確認テーマ"", ""value"": ""ラインケアの回数"", ""note"": ""通知・ガイドとの対応"", ""nuance"": ""回数"", ""angle"": ""判例・ガイド""}, {""item"": ""数値・条件"", ""value"": ""回数は試験要項・省令で確認"", ""note"": ""改正差分を更新日で管理"", ""nuance"": ""回数"", ""angle"": ""判例・ガイド""}, {""item"": ""関連制度"", ""value"": ""管理監督者への教育研修・情報提供"", ""note"": ""横串の比較表と併読"", ""nuance"": ""回数"", ""angle"": ""判例・ガイド""}, {""item"": ""記録・保存"", ""value"": ""条文×通知の対応表"", ""note"": ""異常時は原因を併記"", ""nuance"": ""回数"", ""angle"": ""判例・ガイド""}, {""item"": ""試験の確認点"", ""value"": ""優先関係の整理"", ""note"": ""判例・ガイドの観点で口述"", ""nuance"": ""回数"", ""angle"": ""判例・ガイド""}, {""item"": ""記録・保存"", ""value"": ""条文×通知の対応表"", ""note"": ""異常時は原因を併記"", ""nuance"": ""配分"", ""angle"": ""判例・ガイド""}, {""item"": ""試験の確認点"", ""value"": ""優先関係の整理"", ""note"": ""判例・ガイドの観点で口述"", ""nuance"": ""配分"", ""angle"": ""判例・ガイド""}, {""item"": ""確認テーマ"", ""value"": ""ラインケアの配分"", ""note"": ""通知・ガイドとの対応"", ""nuance"": ""配分"", ""angle"": ""判例・ガイド""}, {""item"": ""数値・条件"", ""value"": ""配分は試験要項・省令で確認"", ""note"": ""改正差分を更新日で管理"", ""nuance"": ""配分"", ""angle"": ""判例・ガイド""}, {""item"": ""関連制度"", ""value"": ""管理監督者への教育研修・情報提供"", ""note"": ""横串の比較表と併読"", ""nuance"": ""配分"", ""angle"": ""判例・ガイド""}]",ラインケアの数値｜メンタルヘルスII種,「ラインケアの数値」では、数値だけでなく義務主体・実施条件・記録保存まで一体で確認してください。ラインケアは法令条文とガイドライン・通知の対応表を作成し、優先関係を確認してください。,ラインケアのガイドと条文の対応;通知・通達の位置づけ確認;優先順位を表で整理,記録・報告義務を見落とす;旧要項・旧数値をそのまま適用;ラインケアの主体を固定せずに暗記,「ラインケア＝条文→ガイド→事例」,管理監督者への教育研修・情報提供;メンタルヘルス不調の定義;保健師,「ラインケア」で確認すべき数値・条件は？,ラインケア（判例・ガイド）では管理監督者への教育研修・情報提供に関する数値だけでなく、義務主体・実施条件・記録保存までセットで確認してください。 試験ではラインケアのガイドと条文の対応をセットで確認してください。,「ラインケア」の数値暗記のコツは？,「ラインケア＝条文→ガイド→事例」 数値は条文・試験要項の表と照合し、旧要項との差分は更新日付で管理してください。 試験ではラインケアのガイドと条文の対応をセットで確認してください。 誤答では記録・報告義務を見落とすに注意してください。,「ラインケア」の典型誤答は？,記録・報告義務を見落とす;旧要項・旧数値をそのまま適用;ラインケアの主体を固定せずに暗記 判例・ガイドでは条件文の主語と数値が入れ替わる肢に注意してください。 試験ではラインケアのガイドと条文の対応をセットで確認してください。,「ラインケア」の関連資料は？,用語集の「管理監督者への教育研修・情報提供」、関連法令・試験要項、直近の通知・ガイドラインを照合してください。 直前は本ページの確認表と過去問を往復してください。 試験ではラインケアのガイドと条文の対応をセットで確認してください。
s39-kiroku-num,記録の数値整理（横断総合）,相談・連携・復職,メンタルヘルスII種;;数値,「記録の数値」で押さえる数値の代表数値・条件・記録要件を、横断総合の観点で表に整理します。,記録の数値 — 関連制度：就業上の配慮 / 記録・保存：弱点タグ付きノート,"[{""item"": ""関連制度"", ""value"": ""就業上の配慮"", ""note"": ""横串の比較表と併読"", ""nuance"": ""数値"", ""angle"": ""横断総合""}, {""item"": ""記録・保存"", ""value"": ""弱点タグ付きノート"", ""note"": ""異常時は原因を併記"", ""nuance"": ""数値"", ""angle"": ""横断総合""}, {""item"": ""試験の確認点"", ""value"": ""同型誤答の再演習"", ""note"": ""横断総合の観点で口述"", ""nuance"": ""数値"", ""angle"": ""横断総合""}, {""item"": ""確認テーマ"", ""value"": ""記録の数値"", ""note"": ""関連制度との境界"", ""nuance"": ""数値"", ""angle"": ""横断総合""}, {""item"": ""数値・条件"", ""value"": ""数値は試験要項・省令で確認"", ""note"": ""類似制度の数値流用に注意"", ""nuance"": ""数値"", ""angle"": ""横断総合""}, {""item"": ""関連制度"", ""value"": ""就業上の配慮"", ""note"": ""横串の比較表と併読"", ""nuance"": ""目安"", ""angle"": ""横断総合""}, {""item"": ""記録・保存"", ""value"": ""弱点タグ付きノート"", ""note"": ""異常時は原因を併記"", ""nuance"": ""目安"", ""angle"": ""横断総合""}, {""item"": ""試験の確認点"", ""value"": ""同型誤答の再演習"", ""note"": ""横断総合の観点で口述"", ""nuance"": ""目安"", ""angle"": ""横断総合""}, {""item"": ""確認テーマ"", ""value"": ""記録の目安"", ""note"": ""関連制度との境界"", ""nuance"": ""目安"", ""angle"": ""横断総合""}, {""item"": ""数値・条件"", ""value"": ""目安は試験要項・省令で確認"", ""note"": ""類似制度の数値流用に注意"", ""nuance"": ""目安"", ""angle"": ""横断総合""}, {""item"": ""関連制度"", ""value"": ""就業上の配慮"", ""note"": ""横串の比較表と併読"", ""nuance"": ""比率"", ""angle"": ""横断総合""}, {""item"": ""記録・保存"", ""value"": ""弱点タグ付きノート"", ""note"": ""異常時は原因を併記"", ""nuance"": ""比率"", ""angle"": ""横断総合""}, {""item"": ""試験の確認点"", ""value"": ""同型誤答の再演習"", ""note"": ""横断総合の観点で口述"", ""nuance"": ""比率"", ""angle"": ""横断総合""}, {""item"": ""確認テーマ"", ""value"": ""記録の比率"", ""note"": ""関連制度との境界"", ""nuance"": ""比率"", ""angle"": ""横断総合""}, {""item"": ""数値・条件"", ""value"": ""比率は試験要項・省令で確認"", ""note"": ""類似制度の数値流用に注意"", ""nuance"": ""比率"", ""angle"": ""横断総合""}, {""item"": ""記録・保存"", ""value"": ""弱点タグ付きノート"", ""note"": ""異常時は原因を併記"", ""nuance"": ""回数"", ""angle"": ""横断総合""}, {""item"": ""試験の確認点"", ""value"": ""同型誤答の再演習"", ""note"": ""横断総合の観点で口述"", ""nuance"": ""回数"", ""angle"": ""横断総合""}, {""item"": ""確認テーマ"", ""value"": ""記録の回数"", ""note"": ""関連制度との境界"", ""nuance"": ""回数"", ""angle"": ""横断総合""}, {""item"": ""数値・条件"", ""value"": ""回数は試験要項・省令で確認"", ""note"": ""類似制度の数値流用に注意"", ""nuance"": ""回数"", ""angle"": ""横断総合""}, {""item"": ""関連制度"", ""value"": ""就業上の配慮"", ""note"": ""横串の比較表と併読"", ""nuance"": ""回数"", ""angle"": ""横断総合""}, {""item"": ""確認テーマ"", ""value"": ""記録の配分"", ""note"": ""関連制度との境界"", ""nuance"": ""配分"", ""angle"": ""横断総合""}, {""item"": ""数値・条件"", ""value"": ""配分は試験要項・省令で確認"", ""note"": ""類似制度の数値流用に注意"", ""nuance"": ""配分"", ""angle"": ""横断総合""}, {""item"": ""関連制度"", ""value"": ""就業上の配慮"", ""note"": ""横串の比較表と併読"", ""nuance"": ""配分"", ""angle"": ""横断総合""}, {""item"": ""記録・保存"", ""value"": ""弱点タグ付きノート"", ""note"": ""異常時は原因を併記"", ""nuance"": ""配分"", ""angle"": ""横断総合""}, {""item"": ""試験の確認点"", ""value"": ""同型誤答の再演習"", ""note"": ""横断総合の観点で口述"", ""nuance"": ""配分"", ""angle"": ""横断総合""}]",記録の数値｜メンタルヘルスII種,「記録の数値」では、数値だけでなく義務主体・実施条件・記録保存まで一体で確認してください。記録は関連制度との違いを横断マップにまとめ、直前総仕上げに使ってください。,直前は誤答型の反復;記録と関連制度の違い;横断マップで弱点可視化,就業上の配慮と類似制度を混同;手順を省略したまま正解と判断;記録・報告義務を見落とす,「記録＝関連制度と境界線」,就業上の配慮;復職;再発予防,「記録」で確認すべき数値・条件は？,記録（横断総合）では就業上の配慮に関する数値だけでなく、義務主体・実施条件・記録保存までセットで確認してください。 試験では直前は誤答型の反復をセットで確認してください。 誤答では就業上の配慮と類似制度を混同に注意してください。,「記録」の数値暗記のコツは？,「記録＝関連制度と境界線」 数値は条文・試験要項の表と照合し、旧要項との差分は更新日付で管理してください。 試験では直前は誤答型の反復をセットで確認してください。 誤答では就業上の配慮と類似制度を混同に注意してください。,「記録」の典型誤答は？,就業上の配慮と類似制度を混同;手順を省略したまま正解と判断;記録・報告義務を見落とす 横断総合では条件文の主語と数値が入れ替わる肢に注意してください。 試験では直前は誤答型の反復をセットで確認してください。,「記録」の関連資料は？,用語集の「就業上の配慮」、関連法令・試験要項、直近の通知・ガイドラインを照合してください。 直前は本ページの確認表と過去問を往復してください。 試験では直前は誤答型の反復をセットで確認してください。 誤答では就業上の配慮と類似制度を混同に注意してください。
s39-shiken-cycle,試験の数値整理（横断総合）,基礎・役割,メンタルヘルスII種;;数値,「試験の周期」で押さえる周期の代表数値・条件・記録要件を、横断総合の観点で表に整理します。,試験の周期 — 記録・保存：弱点タグ付きノート / 試験の確認点：同型誤答の再演習,"[{""item"": ""記録・保存"", ""value"": ""弱点タグ付きノート"", ""note"": ""異常時は原因を併記"", ""nuance"": ""周期"", ""angle"": ""横断総合""}, {""item"": ""試験の確認点"", ""value"": ""同型誤答の再演習"", ""note"": ""横断総合の観点で口述"", ""nuance"": ""周期"", ""angle"": ""横断総合""}, {""item"": ""確認テーマ"", ""value"": ""試験の周期"", ""note"": ""関連制度との境界"", ""nuance"": ""周期"", ""angle"": ""横断総合""}, {""item"": ""数値・条件"", ""value"": ""周期は試験要項・省令で確認"", ""note"": ""類似制度の数値流用に注意"", ""nuance"": ""周期"", ""angle"": ""横断総合""}, {""item"": ""関連制度"", ""value"": ""管理監督者への教育研修・情報提供"", ""note"": ""横串の比較表と併読"", ""nuance"": ""周期"", ""angle"": ""横断総合""}, {""item"": ""数値・条件"", ""value"": ""頻度は試験要項・省令で確認"", ""note"": ""類似制度の数値流用に注意"", ""nuance"": ""頻度"", ""angle"": ""横断総合""}, {""item"": ""関連制度"", ""value"": ""管理監督者への教育研修・情報提供"", ""note"": ""横串の比較表と併読"", ""nuance"": ""頻度"", ""angle"": ""横断総合""}, {""item"": ""記録・保存"", ""value"": ""弱点タグ付きノート"", ""note"": ""異常時は原因を併記"", ""nuance"": ""頻度"", ""angle"": ""横断総合""}, {""item"": ""試験の確認点"", ""value"": ""同型誤答の再演習"", ""note"": ""横断総合の観点で口述"", ""nuance"": ""頻度"", ""angle"": ""横断総合""}, {""item"": ""確認テーマ"", ""value"": ""試験の頻度"", ""note"": ""関連制度との境界"", ""nuance"": ""頻度"", ""angle"": ""横断総合""}, {""item"": ""関連制度"", ""value"": ""管理監督者への教育研修・情報提供"", ""note"": ""横串の比較表と併読"", ""nuance"": ""時間"", ""angle"": ""横断総合""}, {""item"": ""記録・保存"", ""value"": ""弱点タグ付きノート"", ""note"": ""異常時は原因を併記"", ""nuance"": ""時間"", ""angle"": ""横断総合""}, {""item"": ""試験の確認点"", ""value"": ""同型誤答の再演習"", ""note"": ""横断総合の観点で口述"", ""nuance"": ""時間"", ""angle"": ""横断総合""}, {""item"": ""確認テーマ"", ""value"": ""試験の時間"", ""note"": ""関連制度との境界"", ""nuance"": ""時間"", ""angle"": ""横断総合""}, {""item"": ""数値・条件"", ""value"": ""時間は試験要項・省令で確認"", ""note"": ""類似制度の数値流用に注意"", ""nuance"": ""時間"", ""angle"": ""横断総合""}, {""item"": ""確認テーマ"", ""value"": ""試験の基準"", ""note"": ""関連制度との境界"", ""nuance"": ""kijun"", ""angle"": ""横断総合""}, {""item"": ""数値・条件"", ""value"": ""基準は試験要項・省令で確認"", ""note"": ""類似制度の数値流用に注意"", ""nuance"": ""kijun"", ""angle"": ""横断総合""}, {""item"": ""関連制度"", ""value"": ""管理監督者への教育研修・情報提供"", ""note"": ""横串の比較表と併読"", ""nuance"": ""kijun"", ""angle"": ""横断総合""}, {""item"": ""記録・保存"", ""value"": ""弱点タグ付きノート"", ""note"": ""異常時は原因を併記"", ""nuance"": ""kijun"", ""angle"": ""横断総合""}, {""item"": ""試験の確認点"", ""value"": ""同型誤答の再演習"", ""note"": ""横断総合の観点で口述"", ""nuance"": ""kijun"", ""angle"": ""横断総合""}, {""item"": ""関連制度"", ""value"": ""管理監督者への教育研修・情報提供"", ""note"": ""横串の比較表と併読"", ""nuance"": ""確認"", ""angle"": ""横断総合""}, {""item"": ""記録・保存"", ""value"": ""弱点タグ付きノート"", ""note"": ""異常時は原因を併記"", ""nuance"": ""確認"", ""angle"": ""横断総合""}, {""item"": ""試験の確認点"", ""value"": ""同型誤答の再演習"", ""note"": ""横断総合の観点で口述"", ""nuance"": ""確認"", ""angle"": ""横断総合""}, {""item"": ""確認テーマ"", ""value"": ""試験の確認"", ""note"": ""関連制度との境界"", ""nuance"": ""確認"", ""angle"": ""横断総合""}, {""item"": ""数値・条件"", ""value"": ""確認は試験要項・省令で確認"", ""note"": ""類似制度の数値流用に注意"", ""nuance"": ""確認"", ""angle"": ""横断総合""}]",試験の周期｜メンタルヘルスII種,「試験の周期」では、数値だけでなく義務主体・実施条件・記録保存まで一体で確認してください。試験は関連制度との違いを横断マップにまとめ、直前総仕上げに使ってください。,直前は誤答型の反復;試験と関連制度の違い;横断マップで弱点可視化,手順を省略したまま正解と判断;記録・報告義務を見落とす;旧要項・旧数値をそのまま適用,「試験＝関連制度と境界線」,管理監督者への教育研修・情報提供;メンタルヘルス不調の定義;保健師,「試験」で確認すべき数値・条件は？,試験（横断総合）では管理監督者への教育研修・情報提供に関する数値だけでなく、義務主体・実施条件・記録保存までセットで確認してください。 試験では直前は誤答型の反復をセットで確認してください。 誤答では手順を省略したまま正解と判断に注意してください。,「試験」の数値暗記のコツは？,「試験＝関連制度と境界線」 数値は条文・試験要項の表と照合し、旧要項との差分は更新日付で管理してください。 試験では直前は誤答型の反復をセットで確認してください。 誤答では手順を省略したまま正解と判断に注意してください。,「試験」の典型誤答は？,手順を省略したまま正解と判断;記録・報告義務を見落とす;旧要項・旧数値をそのまま適用 横断総合では条件文の主語と数値が入れ替わる肢に注意してください。 試験では直前は誤答型の反復をセットで確認してください。,「試験」の関連資料は？,用語集の「管理監督者への教育研修・情報提供」、関連法令・試験要項、直近の通知・ガイドラインを照合してください。 直前は本ページの確認表と過去問を往復してください。 試験では直前は誤答型の反復をセットで確認してください。
s40-saihatsu-keikaku-num,再発防止計画の数値整理（基礎整理）,相談・連携・復職,メンタルヘルスII種;;数値,「再発防止計画の数値」で押さえる数値の代表数値・条件・記録要件を、基礎整理の観点で表に整理します。,再発防止計画の比率 — 関連制度：就業上の配慮 / 記録・保存：定義確認のメモ,"[{""item"": ""記録・保存"", ""value"": ""定義確認のメモ"", ""note"": ""異常時は原因を併記"", ""nuance"": ""数値"", ""angle"": ""基礎整理""}, {""item"": ""試験の確認点"", ""value"": ""主語→目的→対象"", ""note"": ""基礎整理の観点で口述"", ""nuance"": ""数値"", ""angle"": ""基礎整理""}, {""item"": ""確認テーマ"", ""value"": ""再発防止計画の数値"", ""note"": ""定義と主体を条文で確認"", ""nuance"": ""数値"", ""angle"": ""基礎整理""}, {""item"": ""数値・条件"", ""value"": ""数値は試験要項・省令で確認"", ""note"": ""単位と適用条件をセット"", ""nuance"": ""数値"", ""angle"": ""基礎整理""}, {""item"": ""関連制度"", ""value"": ""就業上の配慮"", ""note"": ""横串の比較表と併読"", ""nuance"": ""数値"", ""angle"": ""基礎整理""}, {""item"": ""確認テーマ"", ""value"": ""再発防止計画の目安"", ""note"": ""定義と主体を条文で確認"", ""nuance"": ""目安"", ""angle"": ""基礎整理""}, {""item"": ""数値・条件"", ""value"": ""目安は試験要項・省令で確認"", ""note"": ""単位と適用条件をセット"", ""nuance"": ""目安"", ""angle"": ""基礎整理""}, {""item"": ""関連制度"", ""value"": ""就業上の配慮"", ""note"": ""横串の比較表と併読"", ""nuance"": ""目安"", ""angle"": ""基礎整理""}, {""item"": ""記録・保存"", ""value"": ""定義確認のメモ"", ""note"": ""異常時は原因を併記"", ""nuance"": ""目安"", ""angle"": ""基礎整理""}, {""item"": ""試験の確認点"", ""value"": ""主語→目的→対象"", ""note"": ""基礎整理の観点で口述"", ""nuance"": ""目安"", ""angle"": ""基礎整理""}, {""item"": ""関連制度"", ""value"": ""就業上の配慮"", ""note"": ""横串の比較表と併読"", ""nuance"": ""比率"", ""angle"": ""基礎整理""}, {""item"": ""記録・保存"", ""value"": ""定義確認のメモ"", ""note"": ""異常時は原因を併記"", ""nuance"": ""比率"", ""angle"": ""基礎整理""}, {""item"": ""試験の確認点"", ""value"": ""主語→目的→対象"", ""note"": ""基礎整理の観点で口述"", ""nuance"": ""比率"", ""angle"": ""基礎整理""}, {""item"": ""確認テーマ"", ""value"": ""再発防止計画の比率"", ""note"": ""定義と主体を条文で確認"", ""nuance"": ""比率"", ""angle"": ""基礎整理""}, {""item"": ""数値・条件"", ""value"": ""比率は試験要項・省令で確認"", ""note"": ""単位と適用条件をセット"", ""nuance"": ""比率"", ""angle"": ""基礎整理""}, {""item"": ""関連制度"", ""value"": ""就業上の配慮"", ""note"": ""横串の比較表と併読"", ""nuance"": ""回数"", ""angle"": ""基礎整理""}, {""item"": ""記録・保存"", ""value"": ""定義確認のメモ"", ""note"": ""異常時は原因を併記"", ""nuance"": ""回数"", ""angle"": ""基礎整理""}, {""item"": ""試験の確認点"", ""value"": ""主語→目的→対象"", ""note"": ""基礎整理の観点で口述"", ""nuance"": ""回数"", ""angle"": ""基礎整理""}, {""item"": ""確認テーマ"", ""value"": ""再発防止計画の回数"", ""note"": ""定義と主体を条文で確認"", ""nuance"": ""回数"", ""angle"": ""基礎整理""}, {""item"": ""数値・条件"", ""value"": ""回数は試験要項・省令で確認"", ""note"": ""単位と適用条件をセット"", ""nuance"": ""回数"", ""angle"": ""基礎整理""}, {""item"": ""関連制度"", ""value"": ""就業上の配慮"", ""note"": ""横串の比較表と併読"", ""nuance"": ""配分"", ""angle"": ""基礎整理""}, {""item"": ""記録・保存"", ""value"": ""定義確認のメモ"", ""note"": ""異常時は原因を併記"", ""nuance"": ""配分"", ""angle"": ""基礎整理""}, {""item"": ""試験の確認点"", ""value"": ""主語→目的→対象"", ""note"": ""基礎整理の観点で口述"", ""nuance"": ""配分"", ""angle"": ""基礎整理""}, {""item"": ""確認テーマ"", ""value"": ""再発防止計画の配分"", ""note"": ""定義と主体を条文で確認"", ""nuance"": ""配分"", ""angle"": ""基礎整理""}, {""item"": ""数値・条件"", ""value"": ""配分は試験要項・省令で確認"", ""note"": ""単位と適用条件をセット"", ""nuance"": ""配分"", ""angle"": ""基礎整理""}]",再発防止計画の数値｜メンタルヘルスII種,「再発防止計画の数値」では、数値だけでなく義務主体・実施条件・記録保存まで一体で確認してください。再発防止計画は用語の定義と義務主体を先に固定し、比較表で整理してください。,再発防止計画の定義と主体を固定;用語の境界を表で整理;類似語の入替肢に注意,記録・報告義務を見落とす;旧要項・旧数値をそのまま適用;再発防止計画の主体を固定せずに暗記,「再発防止計画＝定義→主体→対象」,就業上の配慮;復職;再発予防,「再発防止計画」で確認すべき数値・条件は？,再発防止計画（基礎整理）では就業上の配慮に関する数値だけでなく、義務主体・実施条件・記録保存までセットで確認してください。 試験では再発防止計画の定義と主体を固定をセットで確認してください。 誤答では記録・報告義務を見落とすに注意してください。,「再発防止計画」の数値暗記のコツは？,「再発防止計画＝定義→主体→対象」 数値は条文・試験要項の表と照合し、旧要項との差分は更新日付で管理してください。 試験では再発防止計画の定義と主体を固定をセットで確認してください。 誤答では記録・報告義務を見落とすに注意してください。,「再発防止計画」の典型誤答は？,記録・報告義務を見落とす;旧要項・旧数値をそのまま適用;再発防止計画の主体を固定せずに暗記 基礎整理では条件文の主語と数値が入れ替わる肢に注意してください。 試験では再発防止計画の定義と主体を固定をセットで確認してください。,「再発防止計画」の関連資料は？,用語集の「就業上の配慮」、関連法令・試験要項、直近の通知・ガイドラインを照合してください。 直前は本ページの確認表と過去問を往復してください。 試験では再発防止計画の定義と主体を固定をセットで確認してください。
s40-kyufukki-shien-cycle,休復職支援の数値整理（基礎整理）,相談・連携・復職,メンタルヘルスII種;;数値,「休復職支援の周期」で押さえる周期の代表数値・条件・記録要件を、基礎整理の観点で表に整理します。,休復職支援の周期 — 関連制度：就業上の配慮 / 記録・保存：定義確認のメモ,"[{""item"": ""関連制度"", ""value"": ""就業上の配慮"", ""note"": ""横串の比較表と併読"", ""nuance"": ""周期"", ""angle"": ""基礎整理""}, {""item"": ""記録・保存"", ""value"": ""定義確認のメモ"", ""note"": ""異常時は原因を併記"", ""nuance"": ""周期"", ""angle"": ""基礎整理""}, {""item"": ""試験の確認点"", ""value"": ""主語→目的→対象"", ""note"": ""基礎整理の観点で口述"", ""nuance"": ""周期"", ""angle"": ""基礎整理""}, {""item"": ""確認テーマ"", ""value"": ""休復職支援の周期"", ""note"": ""定義と主体を条文で確認"", ""nuance"": ""周期"", ""angle"": ""基礎整理""}, {""item"": ""数値・条件"", ""value"": ""周期は試験要項・省令で確認"", ""note"": ""単位と適用条件をセット"", ""nuance"": ""周期"", ""angle"": ""基礎整理""}, {""item"": ""確認テーマ"", ""value"": ""休復職支援の頻度"", ""note"": ""定義と主体を条文で確認"", ""nuance"": ""頻度"", ""angle"": ""基礎整理""}, {""item"": ""数値・条件"", ""value"": ""頻度は試験要項・省令で確認"", ""note"": ""単位と適用条件をセット"", ""nuance"": ""頻度"", ""angle"": ""基礎整理""}, {""item"": ""関連制度"", ""value"": ""就業上の配慮"", ""note"": ""横串の比較表と併読"", ""nuance"": ""頻度"", ""angle"": ""基礎整理""}, {""item"": ""記録・保存"", ""value"": ""定義確認のメモ"", ""note"": ""異常時は原因を併記"", ""nuance"": ""頻度"", ""angle"": ""基礎整理""}, {""item"": ""試験の確認点"", ""value"": ""主語→目的→対象"", ""note"": ""基礎整理の観点で口述"", ""nuance"": ""頻度"", ""angle"": ""基礎整理""}, {""item"": ""記録・保存"", ""value"": ""定義確認のメモ"", ""note"": ""異常時は原因を併記"", ""nuance"": ""時間"", ""angle"": ""基礎整理""}, {""item"": ""試験の確認点"", ""value"": ""主語→目的→対象"", ""note"": ""基礎整理の観点で口述"", ""nuance"": ""時間"", ""angle"": ""基礎整理""}, {""item"": ""確認テーマ"", ""value"": ""休復職支援の時間"", ""note"": ""定義と主体を条文で確認"", ""nuance"": ""時間"", ""angle"": ""基礎整理""}, {""item"": ""数値・条件"", ""value"": ""時間は試験要項・省令で確認"", ""note"": ""単位と適用条件をセット"", ""nuance"": ""時間"", ""angle"": ""基礎整理""}, {""item"": ""関連制度"", ""value"": ""就業上の配慮"", ""note"": ""横串の比較表と併読"", ""nuance"": ""時間"", ""angle"": ""基礎整理""}, {""item"": ""関連制度"", ""value"": ""就業上の配慮"", ""note"": ""横串の比較表と併読"", ""nuance"": ""kijun"", ""angle"": ""基礎整理""}, {""item"": ""記録・保存"", ""value"": ""定義確認のメモ"", ""note"": ""異常時は原因を併記"", ""nuance"": ""kijun"", ""angle"": ""基礎整理""}, {""item"": ""試験の確認点"", ""value"": ""主語→目的→対象"", ""note"": ""基礎整理の観点で口述"", ""nuance"": ""kijun"", ""angle"": ""基礎整理""}, {""item"": ""確認テーマ"", ""value"": ""休復職支援の基準"", ""note"": ""定義と主体を条文で確認"", ""nuance"": ""kijun"", ""angle"": ""基礎整理""}, {""item"": ""数値・条件"", ""value"": ""基準は試験要項・省令で確認"", ""note"": ""単位と適用条件をセット"", ""nuance"": ""kijun"", ""angle"": ""基礎整理""}, {""item"": ""関連制度"", ""value"": ""就業上の配慮"", ""note"": ""横串の比較表と併読"", ""nuance"": ""確認"", ""angle"": ""基礎整理""}, {""item"": ""記録・保存"", ""value"": ""定義確認のメモ"", ""note"": ""異常時は原因を併記"", ""nuance"": ""確認"", ""angle"": ""基礎整理""}, {""item"": ""試験の確認点"", ""value"": ""主語→目的→対象"", ""note"": ""基礎整理の観点で口述"", ""nuance"": ""確認"", ""angle"": ""基礎整理""}, {""item"": ""確認テーマ"", ""value"": ""休復職支援の確認"", ""note"": ""定義と主体を条文で確認"", ""nuance"": ""確認"", ""angle"": ""基礎整理""}, {""item"": ""数値・条件"", ""value"": ""確認は試験要項・省令で確認"", ""note"": ""単位と適用条件をセット"", ""nuance"": ""確認"", ""angle"": ""基礎整理""}]",休復職支援の周期｜メンタルヘルスII種,「休復職支援の周期」では、数値だけでなく義務主体・実施条件・記録保存まで一体で確認してください。休復職支援は用語の定義と義務主体を先に固定し、比較表で整理してください。,用語の境界を表で整理;類似語の入替肢に注意;休復職支援の定義と主体を固定,記録・報告義務を見落とす;旧要項・旧数値をそのまま適用;休復職支援の主体を固定せずに暗記,「休復職支援＝定義→主体→対象」,就業上の配慮;復職;再発予防,「休復職支援」で確認すべき数値・条件は？,休復職支援（基礎整理）では就業上の配慮に関する数値だけでなく、義務主体・実施条件・記録保存までセットで確認してください。 試験では用語の境界を表で整理をセットで確認してください。 誤答では記録・報告義務を見落とすに注意してください。,「休復職支援」の数値暗記のコツは？,「休復職支援＝定義→主体→対象」 数値は条文・試験要項の表と照合し、旧要項との差分は更新日付で管理してください。 試験では用語の境界を表で整理をセットで確認してください。 誤答では記録・報告義務を見落とすに注意してください。,「休復職支援」の典型誤答は？,記録・報告義務を見落とす;旧要項・旧数値をそのまま適用;休復職支援の主体を固定せずに暗記 基礎整理では条件文の主語と数値が入れ替わる肢に注意してください。 試験では用語の境界を表で整理をセットで確認してください。,「休復職支援」の関連資料は？,用語集の「就業上の配慮」、関連法令・試験要項、直近の通知・ガイドラインを照合してください。 直前は本ページの確認表と過去問を往復してください。 試験では用語の境界を表で整理をセットで確認してください。
s41-sangyoui-mensetsu-num,産業医面接の数値整理（実務連動）,基礎・役割,メンタルヘルスII種;;数値,「産業医面接の数値」で押さえる数値の代表数値・条件・記録要件を、実務連動の観点で表に整理します。,産業医面接の配分 — 記録・保存：運転日誌・報告書 / 試験の確認点：誰が・いつ・何を,"[{""item"": ""関連制度"", ""value"": ""管理監督者への教育研修・情報提供"", ""note"": ""横串の比較表と併読"", ""nuance"": ""数値"", ""angle"": ""実務連動""}, {""item"": ""記録・保存"", ""value"": ""運転日誌・報告書"", ""note"": ""異常時は原因を併記"", ""nuance"": ""数値"", ""angle"": ""実務連動""}, {""item"": ""試験の確認点"", ""value"": ""誰が・いつ・何を"", ""note"": ""実務連動の観点で口述"", ""nuance"": ""数値"", ""angle"": ""実務連動""}, {""item"": ""確認テーマ"", ""value"": ""産業医面接の数値"", ""note"": ""現場フロー上の位置づけ"", ""nuance"": ""数値"", ""angle"": ""実務連動""}, {""item"": ""数値・条件"", ""value"": ""数値は試験要項・省令で確認"", ""note"": ""記録様式と照合"", ""nuance"": ""数値"", ""angle"": ""実務連動""}, {""item"": ""関連制度"", ""value"": ""管理監督者への教育研修・情報提供"", ""note"": ""横串の比較表と併読"", ""nuance"": ""目安"", ""angle"": ""実務連動""}, {""item"": ""記録・保存"", ""value"": ""運転日誌・報告書"", ""note"": ""異常時は原因を併記"", ""nuance"": ""目安"", ""angle"": ""実務連動""}, {""item"": ""試験の確認点"", ""value"": ""誰が・いつ・何を"", ""note"": ""実務連動の観点で口述"", ""nuance"": ""目安"", ""angle"": ""実務連動""}, {""item"": ""確認テーマ"", ""value"": ""産業医面接の目安"", ""note"": ""現場フロー上の位置づけ"", ""nuance"": ""目安"", ""angle"": ""実務連動""}, {""item"": ""数値・条件"", ""value"": ""目安は試験要項・省令で確認"", ""note"": ""記録様式と照合"", ""nuance"": ""目安"", ""angle"": ""実務連動""}, {""item"": ""数値・条件"", ""value"": ""比率は試験要項・省令で確認"", ""note"": ""記録様式と照合"", ""nuance"": ""比率"", ""angle"": ""実務連動""}, {""item"": ""関連制度"", ""value"": ""管理監督者への教育研修・情報提供"", ""note"": ""横串の比較表と併読"", ""nuance"": ""比率"", ""angle"": ""実務連動""}, {""item"": ""記録・保存"", ""value"": ""運転日誌・報告書"", ""note"": ""異常時は原因を併記"", ""nuance"": ""比率"", ""angle"": ""実務連動""}, {""item"": ""試験の確認点"", ""value"": ""誰が・いつ・何を"", ""note"": ""実務連動の観点で口述"", ""nuance"": ""比率"", ""angle"": ""実務連動""}, {""item"": ""確認テーマ"", ""value"": ""産業医面接の比率"", ""note"": ""現場フロー上の位置づけ"", ""nuance"": ""比率"", ""angle"": ""実務連動""}, {""item"": ""確認テーマ"", ""value"": ""産業医面接の回数"", ""note"": ""現場フロー上の位置づけ"", ""nuance"": ""回数"", ""angle"": ""実務連動""}, {""item"": ""数値・条件"", ""value"": ""回数は試験要項・省令で確認"", ""note"": ""記録様式と照合"", ""nuance"": ""回数"", ""angle"": ""実務連動""}, {""item"": ""関連制度"", ""value"": ""管理監督者への教育研修・情報提供"", ""note"": ""横串の比較表と併読"", ""nuance"": ""回数"", ""angle"": ""実務連動""}, {""item"": ""記録・保存"", ""value"": ""運転日誌・報告書"", ""note"": ""異常時は原因を併記"", ""nuance"": ""回数"", ""angle"": ""実務連動""}, {""item"": ""試験の確認点"", ""value"": ""誰が・いつ・何を"", ""note"": ""実務連動の観点で口述"", ""nuance"": ""回数"", ""angle"": ""実務連動""}, {""item"": ""記録・保存"", ""value"": ""運転日誌・報告書"", ""note"": ""異常時は原因を併記"", ""nuance"": ""配分"", ""angle"": ""実務連動""}, {""item"": ""試験の確認点"", ""value"": ""誰が・いつ・何を"", ""note"": ""実務連動の観点で口述"", ""nuance"": ""配分"", ""angle"": ""実務連動""}, {""item"": ""確認テーマ"", ""value"": ""産業医面接の配分"", ""note"": ""現場フロー上の位置づけ"", ""nuance"": ""配分"", ""angle"": ""実務連動""}, {""item"": ""数値・条件"", ""value"": ""配分は試験要項・省令で確認"", ""note"": ""記録様式と照合"", ""nuance"": ""配分"", ""angle"": ""実務連動""}, {""item"": ""関連制度"", ""value"": ""管理監督者への教育研修・情報提供"", ""note"": ""横串の比較表と併読"", ""nuance"": ""配分"", ""angle"": ""実務連動""}]",産業医面接の数値｜メンタルヘルスII種,「産業医面接の数値」では、数値だけでなく義務主体・実施条件・記録保存まで一体で確認してください。産業医面接は職場フロー（事前確認→実施→記録→報告）に沿って復習すると定着します。,産業医面接の実施フローを順序固定;記録・報告まで一体確認;担当者分担を明確化,管理監督者への教育研修・情報提供と類似制度を混同;手順を省略したまま正解と判断;記録・報告義務を見落とす,「産業医面接＝確認→実施→記録」,管理監督者への教育研修・情報提供;メンタルヘルス不調の定義;保健師,「産業医面接」で確認すべき数値・条件は？,産業医面接（実務連動）では管理監督者への教育研修・情報提供に関する数値だけでなく、義務主体・実施条件・記録保存までセットで確認してください。 試験では産業医面接の実施フローを順序固定をセットで確認してください。,「産業医面接」の数値暗記のコツは？,「産業医面接＝確認→実施→記録」 数値は条文・試験要項の表と照合し、旧要項との差分は更新日付で管理してください。 試験では産業医面接の実施フローを順序固定をセットで確認してください。 誤答では管理監督者への教育研修・情報提供と類似制度を混同に注意してください。,「産業医面接」の典型誤答は？,管理監督者への教育研修・情報提供と類似制度を混同;手順を省略したまま正解と判断;記録・報告義務を見落とす 実務連動では条件文の主語と数値が入れ替わる肢に注意してください。 試験では産業医面接の実施フローを順序固定をセットで確認してください。,「産業医面接」の関連資料は？,用語集の「管理監督者への教育研修・情報提供」、関連法令・試験要項、直近の通知・ガイドラインを照合してください。 直前は本ページの確認表と過去問を往復してください。 試験では産業医面接の実施フローを順序固定をセットで確認してください。
s41-kajurodo-cycle,過重労働対策の数値整理（実務連動）,職場環境・配慮,メンタルヘルスII種;;数値,「過重労働対策の周期」で押さえる周期の代表数値・条件・記録要件を、実務連動の観点で表に整理します。,過重労働対策の基準 — 関連制度：職場環境の改善 / 記録・保存：運転日誌・報告書,"[{""item"": ""記録・保存"", ""value"": ""運転日誌・報告書"", ""note"": ""異常時は原因を併記"", ""nuance"": ""周期"", ""angle"": ""実務連動""}, {""item"": ""試験の確認点"", ""value"": ""誰が・いつ・何を"", ""note"": ""実務連動の観点で口述"", ""nuance"": ""周期"", ""angle"": ""実務連動""}, {""item"": ""確認テーマ"", ""value"": ""過重労働対策の周期"", ""note"": ""現場フロー上の位置づけ"", ""nuance"": ""周期"", ""angle"": ""実務連動""}, {""item"": ""数値・条件"", ""value"": ""周期は試験要項・省令で確認"", ""note"": ""記録様式と照合"", ""nuance"": ""周期"", ""angle"": ""実務連動""}, {""item"": ""関連制度"", ""value"": ""職場環境の改善"", ""note"": ""横串の比較表と併読"", ""nuance"": ""周期"", ""angle"": ""実務連動""}, {""item"": ""数値・条件"", ""value"": ""頻度は試験要項・省令で確認"", ""note"": ""記録様式と照合"", ""nuance"": ""頻度"", ""angle"": ""実務連動""}, {""item"": ""関連制度"", ""value"": ""職場環境の改善"", ""note"": ""横串の比較表と併読"", ""nuance"": ""頻度"", ""angle"": ""実務連動""}, {""item"": ""記録・保存"", ""value"": ""運転日誌・報告書"", ""note"": ""異常時は原因を併記"", ""nuance"": ""頻度"", ""angle"": ""実務連動""}, {""item"": ""試験の確認点"", ""value"": ""誰が・いつ・何を"", ""note"": ""実務連動の観点で口述"", ""nuance"": ""頻度"", ""angle"": ""実務連動""}, {""item"": ""確認テーマ"", ""value"": ""過重労働対策の頻度"", ""note"": ""現場フロー上の位置づけ"", ""nuance"": ""頻度"", ""angle"": ""実務連動""}, {""item"": ""確認テーマ"", ""value"": ""過重労働対策の時間"", ""note"": ""現場フロー上の位置づけ"", ""nuance"": ""時間"", ""angle"": ""実務連動""}, {""item"": ""数値・条件"", ""value"": ""時間は試験要項・省令で確認"", ""note"": ""記録様式と照合"", ""nuance"": ""時間"", ""angle"": ""実務連動""}, {""item"": ""関連制度"", ""value"": ""職場環境の改善"", ""note"": ""横串の比較表と併読"", ""nuance"": ""時間"", ""angle"": ""実務連動""}, {""item"": ""記録・保存"", ""value"": ""運転日誌・報告書"", ""note"": ""異常時は原因を併記"", ""nuance"": ""時間"", ""angle"": ""実務連動""}, {""item"": ""試験の確認点"", ""value"": ""誰が・いつ・何を"", ""note"": ""実務連動の観点で口述"", ""nuance"": ""時間"", ""angle"": ""実務連動""}, {""item"": ""関連制度"", ""value"": ""職場環境の改善"", ""note"": ""横串の比較表と併読"", ""nuance"": ""kijun"", ""angle"": ""実務連動""}, {""item"": ""記録・保存"", ""value"": ""運転日誌・報告書"", ""note"": ""異常時は原因を併記"", ""nuance"": ""kijun"", ""angle"": ""実務連動""}, {""item"": ""試験の確認点"", ""value"": ""誰が・いつ・何を"", ""note"": ""実務連動の観点で口述"", ""nuance"": ""kijun"", ""angle"": ""実務連動""}, {""item"": ""確認テーマ"", ""value"": ""過重労働対策の基準"", ""note"": ""現場フロー上の位置づけ"", ""nuance"": ""kijun"", ""angle"": ""実務連動""}, {""item"": ""数値・条件"", ""value"": ""基準は試験要項・省令で確認"", ""note"": ""記録様式と照合"", ""nuance"": ""kijun"", ""angle"": ""実務連動""}, {""item"": ""記録・保存"", ""value"": ""運転日誌・報告書"", ""note"": ""異常時は原因を併記"", ""nuance"": ""確認"", ""angle"": ""実務連動""}, {""item"": ""試験の確認点"", ""value"": ""誰が・いつ・何を"", ""note"": ""実務連動の観点で口述"", ""nuance"": ""確認"", ""angle"": ""実務連動""}, {""item"": ""確認テーマ"", ""value"": ""過重労働対策の確認"", ""note"": ""現場フロー上の位置づけ"", ""nuance"": ""確認"", ""angle"": ""実務連動""}, {""item"": ""数値・条件"", ""value"": ""確認は試験要項・省令で確認"", ""note"": ""記録様式と照合"", ""nuance"": ""確認"", ""angle"": ""実務連動""}, {""item"": ""関連制度"", ""value"": ""職場環境の改善"", ""note"": ""横串の比較表と併読"", ""nuance"": ""確認"", ""angle"": ""実務連動""}]",過重労働対策の周期｜メンタルヘルスII種,「過重労働対策の周期」では、数値だけでなく義務主体・実施条件・記録保存まで一体で確認してください。過重労働対策は職場フロー（事前確認→実施→記録→報告）に沿って復習すると定着します。,記録・報告まで一体確認;担当者分担を明確化;過重労働対策の実施フローを順序固定,記録・報告義務を見落とす;旧要項・旧数値をそのまま適用;過重労働対策の主体を固定せずに暗記,「過重労働対策＝確認→実施→記録」,職場環境の改善;過重労働防止;ストレスチェック,「過重労働対策」で確認すべき数値・条件は？,過重労働対策（実務連動）では職場環境の改善に関する数値だけでなく、義務主体・実施条件・記録保存までセットで確認してください。 試験では記録・報告まで一体確認をセットで確認してください。 誤答では記録・報告義務を見落とすに注意してください。,「過重労働対策」の数値暗記のコツは？,「過重労働対策＝確認→実施→記録」 数値は条文・試験要項の表と照合し、旧要項との差分は更新日付で管理してください。 試験では記録・報告まで一体確認をセットで確認してください。 誤答では記録・報告義務を見落とすに注意してください。,「過重労働対策」の典型誤答は？,記録・報告義務を見落とす;旧要項・旧数値をそのまま適用;過重労働対策の主体を固定せずに暗記 実務連動では条件文の主語と数値が入れ替わる肢に注意してください。 試験では記録・報告まで一体確認をセットで確認してください。,「過重労働対策」の関連資料は？,用語集の「職場環境の改善」、関連法令・試験要項、直近の通知・ガイドラインを照合してください。 直前は本ページの確認表と過去問を往復してください。 試験では記録・報告まで一体確認をセットで確認してください。
s42-shokuba-kaizen-num,職場環境改善の数値整理（試験頻出）,職場環境・配慮,メンタルヘルスII種;;数値,「職場環境改善の数値」で押さえる数値の代表数値・条件・記録要件を、試験頻出の観点で表に整理します。,職場環境改善の比率 — 記録・保存：過去問の条件メモ / 試験の確認点：逆転肢の型分類,"[{""item"": ""数値・条件"", ""value"": ""数値は試験要項・省令で確認"", ""note"": ""逆転肢の数値混同に注意"", ""nuance"": ""数値"", ""angle"": ""試験頻出""}, {""item"": ""関連制度"", ""value"": ""職場環境の改善"", ""note"": ""横串の比較表と併読"", ""nuance"": ""数値"", ""angle"": ""試験頻出""}, {""item"": ""記録・保存"", ""value"": ""過去問の条件メモ"", ""note"": ""異常時は原因を併記"", ""nuance"": ""数値"", ""angle"": ""試験頻出""}, {""item"": ""試験の確認点"", ""value"": ""逆転肢の型分類"", ""note"": ""試験頻出の観点で口述"", ""nuance"": ""数値"", ""angle"": ""試験頻出""}, {""item"": ""確認テーマ"", ""value"": ""職場環境改善の数値"", ""note"": ""条件文の主語を下線"", ""nuance"": ""数値"", ""angle"": ""試験頻出""}, {""item"": ""確認テーマ"", ""value"": ""職場環境改善の目安"", ""note"": ""条件文の主語を下線"", ""nuance"": ""目安"", ""angle"": ""試験頻出""}, {""item"": ""数値・条件"", ""value"": ""目安は試験要項・省令で確認"", ""note"": ""逆転肢の数値混同に注意"", ""nuance"": ""目安"", ""angle"": ""試験頻出""}, {""item"": ""関連制度"", ""value"": ""職場環境の改善"", ""note"": ""横串の比較表と併読"", ""nuance"": ""目安"", ""angle"": ""試験頻出""}, {""item"": ""記録・保存"", ""value"": ""過去問の条件メモ"", ""note"": ""異常時は原因を併記"", ""nuance"": ""目安"", ""angle"": ""試験頻出""}, {""item"": ""試験の確認点"", ""value"": ""逆転肢の型分類"", ""note"": ""試験頻出の観点で口述"", ""nuance"": ""目安"", ""angle"": ""試験頻出""}, {""item"": ""記録・保存"", ""value"": ""過去問の条件メモ"", ""note"": ""異常時は原因を併記"", ""nuance"": ""比率"", ""angle"": ""試験頻出""}, {""item"": ""試験の確認点"", ""value"": ""逆転肢の型分類"", ""note"": ""試験頻出の観点で口述"", ""nuance"": ""比率"", ""angle"": ""試験頻出""}, {""item"": ""確認テーマ"", ""value"": ""職場環境改善の比率"", ""note"": ""条件文の主語を下線"", ""nuance"": ""比率"", ""angle"": ""試験頻出""}, {""item"": ""数値・条件"", ""value"": ""比率は試験要項・省令で確認"", ""note"": ""逆転肢の数値混同に注意"", ""nuance"": ""比率"", ""angle"": ""試験頻出""}, {""item"": ""関連制度"", ""value"": ""職場環境の改善"", ""note"": ""横串の比較表と併読"", ""nuance"": ""比率"", ""angle"": ""試験頻出""}, {""item"": ""数値・条件"", ""value"": ""回数は試験要項・省令で確認"", ""note"": ""逆転肢の数値混同に注意"", ""nuance"": ""回数"", ""angle"": ""試験頻出""}, {""item"": ""関連制度"", ""value"": ""職場環境の改善"", ""note"": ""横串の比較表と併読"", ""nuance"": ""回数"", ""angle"": ""試験頻出""}, {""item"": ""記録・保存"", ""value"": ""過去問の条件メモ"", ""note"": ""異常時は原因を併記"", ""nuance"": ""回数"", ""angle"": ""試験頻出""}, {""item"": ""試験の確認点"", ""value"": ""逆転肢の型分類"", ""note"": ""試験頻出の観点で口述"", ""nuance"": ""回数"", ""angle"": ""試験頻出""}, {""item"": ""確認テーマ"", ""value"": ""職場環境改善の回数"", ""note"": ""条件文の主語を下線"", ""nuance"": ""回数"", ""angle"": ""試験頻出""}, {""item"": ""記録・保存"", ""value"": ""過去問の条件メモ"", ""note"": ""異常時は原因を併記"", ""nuance"": ""配分"", ""angle"": ""試験頻出""}, {""item"": ""試験の確認点"", ""value"": ""逆転肢の型分類"", ""note"": ""試験頻出の観点で口述"", ""nuance"": ""配分"", ""angle"": ""試験頻出""}, {""item"": ""確認テーマ"", ""value"": ""職場環境改善の配分"", ""note"": ""条件文の主語を下線"", ""nuance"": ""配分"", ""angle"": ""試験頻出""}, {""item"": ""数値・条件"", ""value"": ""配分は試験要項・省令で確認"", ""note"": ""逆転肢の数値混同に注意"", ""nuance"": ""配分"", ""angle"": ""試験頻出""}, {""item"": ""関連制度"", ""value"": ""職場環境の改善"", ""note"": ""横串の比較表と併読"", ""nuance"": ""配分"", ""angle"": ""試験頻出""}]",職場環境改善の数値｜メンタルヘルスII種,「職場環境改善の数値」では、数値だけでなく義務主体・実施条件・記録保存まで一体で確認してください。職場環境改善は過去問の逆転肢・数値混同を型別に分類し、条件文を最後まで読んでください。,条件文の主語を下線;数値+条件のセット暗記;職場環境改善の逆転肢パターンを分類,旧要項・旧数値をそのまま適用;職場環境改善の主体を固定せずに暗記;職場環境の改善と類似制度を混同,「職場環境改善＝主語→条件→数値」,職場環境の改善;過重労働防止;ストレスチェック,「職場環境改善」で確認すべき数値・条件は？,職場環境改善（試験頻出）では職場環境の改善に関する数値だけでなく、義務主体・実施条件・記録保存までセットで確認してください。 試験では条件文の主語を下線をセットで確認してください。 誤答では旧要項・旧数値をそのまま適用に注意してください。,「職場環境改善」の数値暗記のコツは？,「職場環境改善＝主語→条件→数値」 数値は条文・試験要項の表と照合し、旧要項との差分は更新日付で管理してください。 試験では条件文の主語を下線をセットで確認してください。 誤答では旧要項・旧数値をそのまま適用に注意してください。,「職場環境改善」の典型誤答は？,旧要項・旧数値をそのまま適用;職場環境改善の主体を固定せずに暗記;職場環境の改善と類似制度を混同 試験頻出では条件文の主語と数値が入れ替わる肢に注意してください。 試験では条件文の主語を下線をセットで確認してください。,「職場環境改善」の関連資料は？,用語集の「職場環境の改善」、関連法令・試験要項、直近の通知・ガイドラインを照合してください。 直前は本ページの確認表と過去問を往復してください。 試験では条件文の主語を下線をセットで確認してください。
s42-harass-taiou-cycle,ハラスメント対応の数値整理（試験頻出）,職場環境・配慮,メンタルヘルスII種;;数値,「ハラスメント対応の周期」で押さえる周期の代表数値・条件・記録要件を、試験頻出の観点で表に整理します。,ハラスメント対応の頻度 — 関連制度：職場環境の改善 / 記録・保存：過去問の条件メモ,"[{""item"": ""記録・保存"", ""value"": ""過去問の条件メモ"", ""note"": ""異常時は原因を併記"", ""nuance"": ""周期"", ""angle"": ""試験頻出""}, {""item"": ""試験の確認点"", ""value"": ""逆転肢の型分類"", ""note"": ""試験頻出の観点で口述"", ""nuance"": ""周期"", ""angle"": ""試験頻出""}, {""item"": ""確認テーマ"", ""value"": ""ハラスメント対応の周期"", ""note"": ""条件文の主語を下線"", ""nuance"": ""周期"", ""angle"": ""試験頻出""}, {""item"": ""数値・条件"", ""value"": ""周期は試験要項・省令で確認"", ""note"": ""逆転肢の数値混同に注意"", ""nuance"": ""周期"", ""angle"": ""試験頻出""}, {""item"": ""関連制度"", ""value"": ""職場環境の改善"", ""note"": ""横串の比較表と併読"", ""nuance"": ""周期"", ""angle"": ""試験頻出""}, {""item"": ""関連制度"", ""value"": ""職場環境の改善"", ""note"": ""横串の比較表と併読"", ""nuance"": ""頻度"", ""angle"": ""試験頻出""}, {""item"": ""記録・保存"", ""value"": ""過去問の条件メモ"", ""note"": ""異常時は原因を併記"", ""nuance"": ""頻度"", ""angle"": ""試験頻出""}, {""item"": ""試験の確認点"", ""value"": ""逆転肢の型分類"", ""note"": ""試験頻出の観点で口述"", ""nuance"": ""頻度"", ""angle"": ""試験頻出""}, {""item"": ""確認テーマ"", ""value"": ""ハラスメント対応の頻度"", ""note"": ""条件文の主語を下線"", ""nuance"": ""頻度"", ""angle"": ""試験頻出""}, {""item"": ""数値・条件"", ""value"": ""頻度は試験要項・省令で確認"", ""note"": ""逆転肢の数値混同に注意"", ""nuance"": ""頻度"", ""angle"": ""試験頻出""}, {""item"": ""関連制度"", ""value"": ""職場環境の改善"", ""note"": ""横串の比較表と併読"", ""nuance"": ""時間"", ""angle"": ""試験頻出""}, {""item"": ""記録・保存"", ""value"": ""過去問の条件メモ"", ""note"": ""異常時は原因を併記"", ""nuance"": ""時間"", ""angle"": ""試験頻出""}, {""item"": ""試験の確認点"", ""value"": ""逆転肢の型分類"", ""note"": ""試験頻出の観点で口述"", ""nuance"": ""時間"", ""angle"": ""試験頻出""}, {""item"": ""確認テーマ"", ""value"": ""ハラスメント対応の時間"", ""note"": ""条件文の主語を下線"", ""nuance"": ""時間"", ""angle"": ""試験頻出""}, {""item"": ""数値・条件"", ""value"": ""時間は試験要項・省令で確認"", ""note"": ""逆転肢の数値混同に注意"", ""nuance"": ""時間"", ""angle"": ""試験頻出""}, {""item"": ""関連制度"", ""value"": ""職場環境の改善"", ""note"": ""横串の比較表と併読"", ""nuance"": ""kijun"", ""angle"": ""試験頻出""}, {""item"": ""記録・保存"", ""value"": ""過去問の条件メモ"", ""note"": ""異常時は原因を併記"", ""nuance"": ""kijun"", ""angle"": ""試験頻出""}, {""item"": ""試験の確認点"", ""value"": ""逆転肢の型分類"", ""note"": ""試験頻出の観点で口述"", ""nuance"": ""kijun"", ""angle"": ""試験頻出""}, {""item"": ""確認テーマ"", ""value"": ""ハラスメント対応の基準"", ""note"": ""条件文の主語を下線"", ""nuance"": ""kijun"", ""angle"": ""試験頻出""}, {""item"": ""数値・条件"", ""value"": ""基準は試験要項・省令で確認"", ""note"": ""逆転肢の数値混同に注意"", ""nuance"": ""kijun"", ""angle"": ""試験頻出""}, {""item"": ""関連制度"", ""value"": ""職場環境の改善"", ""note"": ""横串の比較表と併読"", ""nuance"": ""確認"", ""angle"": ""試験頻出""}, {""item"": ""記録・保存"", ""value"": ""過去問の条件メモ"", ""note"": ""異常時は原因を併記"", ""nuance"": ""確認"", ""angle"": ""試験頻出""}, {""item"": ""試験の確認点"", ""value"": ""逆転肢の型分類"", ""note"": ""試験頻出の観点で口述"", ""nuance"": ""確認"", ""angle"": ""試験頻出""}, {""item"": ""確認テーマ"", ""value"": ""ハラスメント対応の確認"", ""note"": ""条件文の主語を下線"", ""nuance"": ""確認"", ""angle"": ""試験頻出""}, {""item"": ""数値・条件"", ""value"": ""確認は試験要項・省令で確認"", ""note"": ""逆転肢の数値混同に注意"", ""nuance"": ""確認"", ""angle"": ""試験頻出""}]",ハラスメント対応の周期｜メンタルヘルスII種,「ハラスメント対応の周期」では、数値だけでなく義務主体・実施条件・記録保存まで一体で確認してください。ハラスメント対応は過去問の逆転肢・数値混同を型別に分類し、条件文を最後まで読んでください。,ハラスメント対応の逆転肢パターンを分類;条件文の主語を下線;数値+条件のセット暗記,旧要項・旧数値をそのまま適用;ハラスメント対応の主体を固定せずに暗記;職場環境の改善と類似制度を混同,「ハラスメント対応＝主語→条件→数値」,職場環境の改善;過重労働防止;ストレスチェック,「ハラスメント対応の周期」の試験での位置づけは？,数値は職場環境改善・ハラスメント対応と条件のセットで覚えると得点が安定します。数値・日程・合格基準は日本産業衛生協会の公開資料とメンタルヘルス・マネジメント検定II種の試験要項で必ず確認してください。 試験では数値と条件をセットを軸に、関連条文・数値・主体の取り違えを照合してください。,「ハラスメント対応の周期」でよくある誤答パターンは？,数値のみ暗記;他設備の値を流用;旧要項の使用 誤答肢では単位を確認の主語や条件が入れ替わることが多いので、比較表で整理してください。 過去問で正誤の型を分類し、試験要項で数値・期限を照合してください。,「ハラスメント対応の周期」の覚え方・確認手順は？,覚え方：「数値・単位・条件・対象」を1行で書く。 早見の要点：代表値は要項・法令で確認 用語集→本ページ→過去問の順で往復し、正誤理由をメモに残してください。 過去問で正誤の型を分類し、試験要項で数値・期限を照合してください。,「ハラスメント対応の周期」の公式情報はどこで確認しますか？,「ハラスメント対応の周期」では数値と条件をセットを軸に、条文・数値・主体の取り違えを比較表で整理してください。 典型誤答は数値のみ暗記;他設備の値を流用;旧要項の使用。 過去問では条件文の主語入れ替え肢に注意してください。
s43-linecare-kyoka-num,ラインケア強化の数値整理（判例・ガイド）,基礎・役割,メンタルヘルスII種;;数値,「ラインケア強化の数値」で押さえる数値の代表数値・条件・記録要件を、判例・ガイドの観点で表に整理します。,ラインケア強化の数値 — 記録・保存：条文×通知の対応表 / 試験の確認点：優先関係の整理,"[{""item"": ""記録・保存"", ""value"": ""条文×通知の対応表"", ""note"": ""異常時は原因を併記"", ""nuance"": ""数値"", ""angle"": ""判例・ガイド""}, {""item"": ""試験の確認点"", ""value"": ""優先関係の整理"", ""note"": ""判例・ガイドの観点で口述"", ""nuance"": ""数値"", ""angle"": ""判例・ガイド""}, {""item"": ""確認テーマ"", ""value"": ""ラインケア強化の数値"", ""note"": ""通知・ガイドとの対応"", ""nuance"": ""数値"", ""angle"": ""判例・ガイド""}, {""item"": ""数値・条件"", ""value"": ""数値は試験要項・省令で確認"", ""note"": ""改正差分を更新日で管理"", ""nuance"": ""数値"", ""angle"": ""判例・ガイド""}, {""item"": ""関連制度"", ""value"": ""管理監督者への教育研修・情報提供"", ""note"": ""横串の比較表と併読"", ""nuance"": ""数値"", ""angle"": ""判例・ガイド""}, {""item"": ""記録・保存"", ""value"": ""条文×通知の対応表"", ""note"": ""異常時は原因を併記"", ""nuance"": ""目安"", ""angle"": ""判例・ガイド""}, {""item"": ""試験の確認点"", ""value"": ""優先関係の整理"", ""note"": ""判例・ガイドの観点で口述"", ""nuance"": ""目安"", ""angle"": ""判例・ガイド""}, {""item"": ""確認テーマ"", ""value"": ""ラインケア強化の目安"", ""note"": ""通知・ガイドとの対応"", ""nuance"": ""目安"", ""angle"": ""判例・ガイド""}, {""item"": ""数値・条件"", ""value"": ""目安は試験要項・省令で確認"", ""note"": ""改正差分を更新日で管理"", ""nuance"": ""目安"", ""angle"": ""判例・ガイド""}, {""item"": ""関連制度"", ""value"": ""管理監督者への教育研修・情報提供"", ""note"": ""横串の比較表と併読"", ""nuance"": ""目安"", ""angle"": ""判例・ガイド""}, {""item"": ""記録・保存"", ""value"": ""条文×通知の対応表"", ""note"": ""異常時は原因を併記"", ""nuance"": ""比率"", ""angle"": ""判例・ガイド""}, {""item"": ""試験の確認点"", ""value"": ""優先関係の整理"", ""note"": ""判例・ガイドの観点で口述"", ""nuance"": ""比率"", ""angle"": ""判例・ガイド""}, {""item"": ""確認テーマ"", ""value"": ""ラインケア強化の比率"", ""note"": ""通知・ガイドとの対応"", ""nuance"": ""比率"", ""angle"": ""判例・ガイド""}, {""item"": ""数値・条件"", ""value"": ""比率は試験要項・省令で確認"", ""note"": ""改正差分を更新日で管理"", ""nuance"": ""比率"", ""angle"": ""判例・ガイド""}, {""item"": ""関連制度"", ""value"": ""管理監督者への教育研修・情報提供"", ""note"": ""横串の比較表と併読"", ""nuance"": ""比率"", ""angle"": ""判例・ガイド""}, {""item"": ""数値・条件"", ""value"": ""回数は試験要項・省令で確認"", ""note"": ""改正差分を更新日で管理"", ""nuance"": ""回数"", ""angle"": ""判例・ガイド""}, {""item"": ""関連制度"", ""value"": ""管理監督者への教育研修・情報提供"", ""note"": ""横串の比較表と併読"", ""nuance"": ""回数"", ""angle"": ""判例・ガイド""}, {""item"": ""記録・保存"", ""value"": ""条文×通知の対応表"", ""note"": ""異常時は原因を併記"", ""nuance"": ""回数"", ""angle"": ""判例・ガイド""}, {""item"": ""試験の確認点"", ""value"": ""優先関係の整理"", ""note"": ""判例・ガイドの観点で口述"", ""nuance"": ""回数"", ""angle"": ""判例・ガイド""}, {""item"": ""確認テーマ"", ""value"": ""ラインケア強化の回数"", ""note"": ""通知・ガイドとの対応"", ""nuance"": ""回数"", ""angle"": ""判例・ガイド""}, {""item"": ""数値・条件"", ""value"": ""配分は試験要項・省令で確認"", ""note"": ""改正差分を更新日で管理"", ""nuance"": ""配分"", ""angle"": ""判例・ガイド""}, {""item"": ""関連制度"", ""value"": ""管理監督者への教育研修・情報提供"", ""note"": ""横串の比較表と併読"", ""nuance"": ""配分"", ""angle"": ""判例・ガイド""}, {""item"": ""記録・保存"", ""value"": ""条文×通知の対応表"", ""note"": ""異常時は原因を併記"", ""nuance"": ""配分"", ""angle"": ""判例・ガイド""}, {""item"": ""試験の確認点"", ""value"": ""優先関係の整理"", ""note"": ""判例・ガイドの観点で口述"", ""nuance"": ""配分"", ""angle"": ""判例・ガイド""}, {""item"": ""確認テーマ"", ""value"": ""ラインケア強化の配分"", ""note"": ""通知・ガイドとの対応"", ""nuance"": ""配分"", ""angle"": ""判例・ガイド""}]",ラインケア強化の数値｜メンタルヘルスII種,「ラインケア強化の数値」では、数値だけでなく義務主体・実施条件・記録保存まで一体で確認してください。ラインケア強化は法令条文とガイドライン・通知の対応表を作成し、優先関係を確認してください。,優先順位を表で整理;ラインケア強化のガイドと条文の対応;通知・通達の位置づけ確認,記録・報告義務を見落とす;旧要項・旧数値をそのまま適用;ラインケア強化の主体を固定せずに暗記,「ラインケア強化＝条文→ガイド→事例」,管理監督者への教育研修・情報提供;メンタルヘルス不調の定義;保健師,「ラインケア強化」で確認すべき数値・条件は？,ラインケア強化（判例・ガイド）では管理監督者への教育研修・情報提供に関する数値だけでなく、義務主体・実施条件・記録保存までセットで確認してください。 試験では優先順位を表で整理をセットで確認してください。,「ラインケア強化」の数値暗記のコツは？,「ラインケア強化＝条文→ガイド→事例」 数値は条文・試験要項の表と照合し、旧要項との差分は更新日付で管理してください。 試験では優先順位を表で整理をセットで確認してください。 誤答では記録・報告義務を見落とすに注意してください。,「ラインケア強化」の典型誤答は？,記録・報告義務を見落とす;旧要項・旧数値をそのまま適用;ラインケア強化の主体を固定せずに暗記 判例・ガイドでは条件文の主語と数値が入れ替わる肢に注意してください。 試験では優先順位を表で整理をセットで確認してください。,「ラインケア強化」の関連資料は？,用語集の「管理監督者への教育研修・情報提供」、関連法令・試験要項、直近の通知・ガイドラインを照合してください。 直前は本ページの確認表と過去問を往復してください。 試験では優先順位を表で整理をセットで確認してください。
s43-shudan-katsuyo-cycle,集団分析活用の数値整理（判例・ガイド）,職場環境・配慮,メンタルヘルスII種;;数値,「集団分析活用の周期」で押さえる周期の代表数値・条件・記録要件を、判例・ガイドの観点で表に整理します。,集団分析活用の周期 — 関連制度：職場環境の改善 / 記録・保存：条文×通知の対応表,"[{""item"": ""関連制度"", ""value"": ""職場環境の改善"", ""note"": ""横串の比較表と併読"", ""nuance"": ""周期"", ""angle"": ""判例・ガイド""}, {""item"": ""記録・保存"", ""value"": ""条文×通知の対応表"", ""note"": ""異常時は原因を併記"", ""nuance"": ""周期"", ""angle"": ""判例・ガイド""}, {""item"": ""試験の確認点"", ""value"": ""優先関係の整理"", ""note"": ""判例・ガイドの観点で口述"", ""nuance"": ""周期"", ""angle"": ""判例・ガイド""}, {""item"": ""確認テーマ"", ""value"": ""集団分析活用の周期"", ""note"": ""通知・ガイドとの対応"", ""nuance"": ""周期"", ""angle"": ""判例・ガイド""}, {""item"": ""数値・条件"", ""value"": ""周期は試験要項・省令で確認"", ""note"": ""改正差分を更新日で管理"", ""nuance"": ""周期"", ""angle"": ""判例・ガイド""}, {""item"": ""確認テーマ"", ""value"": ""集団分析活用の頻度"", ""note"": ""通知・ガイドとの対応"", ""nuance"": ""頻度"", ""angle"": ""判例・ガイド""}, {""item"": ""数値・条件"", ""value"": ""頻度は試験要項・省令で確認"", ""note"": ""改正差分を更新日で管理"", ""nuance"": ""頻度"", ""angle"": ""判例・ガイド""}, {""item"": ""関連制度"", ""value"": ""職場環境の改善"", ""note"": ""横串の比較表と併読"", ""nuance"": ""頻度"", ""angle"": ""判例・ガイド""}, {""item"": ""記録・保存"", ""value"": ""条文×通知の対応表"", ""note"": ""異常時は原因を併記"", ""nuance"": ""頻度"", ""angle"": ""判例・ガイド""}, {""item"": ""試験の確認点"", ""value"": ""優先関係の整理"", ""note"": ""判例・ガイドの観点で口述"", ""nuance"": ""頻度"", ""angle"": ""判例・ガイド""}, {""item"": ""数値・条件"", ""value"": ""時間は試験要項・省令で確認"", ""note"": ""改正差分を更新日で管理"", ""nuance"": ""時間"", ""angle"": ""判例・ガイド""}, {""item"": ""関連制度"", ""value"": ""職場環境の改善"", ""note"": ""横串の比較表と併読"", ""nuance"": ""時間"", ""angle"": ""判例・ガイド""}, {""item"": ""記録・保存"", ""value"": ""条文×通知の対応表"", ""note"": ""異常時は原因を併記"", ""nuance"": ""時間"", ""angle"": ""判例・ガイド""}, {""item"": ""試験の確認点"", ""value"": ""優先関係の整理"", ""note"": ""判例・ガイドの観点で口述"", ""nuance"": ""時間"", ""angle"": ""判例・ガイド""}, {""item"": ""確認テーマ"", ""value"": ""集団分析活用の時間"", ""note"": ""通知・ガイドとの対応"", ""nuance"": ""時間"", ""angle"": ""判例・ガイド""}, {""item"": ""記録・保存"", ""value"": ""条文×通知の対応表"", ""note"": ""異常時は原因を併記"", ""nuance"": ""kijun"", ""angle"": ""判例・ガイド""}, {""item"": ""試験の確認点"", ""value"": ""優先関係の整理"", ""note"": ""判例・ガイドの観点で口述"", ""nuance"": ""kijun"", ""angle"": ""判例・ガイド""}, {""item"": ""確認テーマ"", ""value"": ""集団分析活用の基準"", ""note"": ""通知・ガイドとの対応"", ""nuance"": ""kijun"", ""angle"": ""判例・ガイド""}, {""item"": ""数値・条件"", ""value"": ""基準は試験要項・省令で確認"", ""note"": ""改正差分を更新日で管理"", ""nuance"": ""kijun"", ""angle"": ""判例・ガイド""}, {""item"": ""関連制度"", ""value"": ""職場環境の改善"", ""note"": ""横串の比較表と併読"", ""nuance"": ""kijun"", ""angle"": ""判例・ガイド""}, {""item"": ""数値・条件"", ""value"": ""確認は試験要項・省令で確認"", ""note"": ""改正差分を更新日で管理"", ""nuance"": ""確認"", ""angle"": ""判例・ガイド""}, {""item"": ""関連制度"", ""value"": ""職場環境の改善"", ""note"": ""横串の比較表と併読"", ""nuance"": ""確認"", ""angle"": ""判例・ガイド""}, {""item"": ""記録・保存"", ""value"": ""条文×通知の対応表"", ""note"": ""異常時は原因を併記"", ""nuance"": ""確認"", ""angle"": ""判例・ガイド""}, {""item"": ""試験の確認点"", ""value"": ""優先関係の整理"", ""note"": ""判例・ガイドの観点で口述"", ""nuance"": ""確認"", ""angle"": ""判例・ガイド""}, {""item"": ""確認テーマ"", ""value"": ""集団分析活用の確認"", ""note"": ""通知・ガイドとの対応"", ""nuance"": ""確認"", ""angle"": ""判例・ガイド""}]",集団分析活用の周期｜メンタルヘルスII種,「集団分析活用の周期」では、数値だけでなく義務主体・実施条件・記録保存まで一体で確認してください。集団分析活用は法令条文とガイドライン・通知の対応表を作成し、優先関係を確認してください。,通知・通達の位置づけ確認;優先順位を表で整理;集団分析活用のガイドと条文の対応,旧要項・旧数値をそのまま適用;集団分析活用の主体を固定せずに暗記;職場環境の改善と類似制度を混同,「集団分析活用＝条文→ガイド→事例」,職場環境の改善;過重労働防止;ストレスチェック,「集団分析活用」で確認すべき数値・条件は？,集団分析活用（判例・ガイド）では職場環境の改善に関する数値だけでなく、義務主体・実施条件・記録保存までセットで確認してください。 試験では通知・通達の位置づけ確認をセットで確認してください。 誤答では旧要項・旧数値をそのまま適用に注意してください。,「集団分析活用」の数値暗記のコツは？,「集団分析活用＝条文→ガイド→事例」 数値は条文・試験要項の表と照合し、旧要項との差分は更新日付で管理してください。 試験では通知・通達の位置づけ確認をセットで確認してください。 誤答では旧要項・旧数値をそのまま適用に注意してください。,「集団分析活用」の典型誤答は？,旧要項・旧数値をそのまま適用;集団分析活用の主体を固定せずに暗記;職場環境の改善と類似制度を混同 判例・ガイドでは条件文の主語と数値が入れ替わる肢に注意してください。 試験では通知・通達の位置づけ確認をセットで確認してください。,「集団分析活用」の関連資料は？,用語集の「職場環境の改善」、関連法令・試験要項、直近の通知・ガイドラインを照合してください。 直前は本ページの確認表と過去問を往復してください。 試験では通知・通達の位置づけ確認をセットで確認してください。
s44-kiroku-kanri-num,記録管理の数値整理（横断総合）,相談・連携・復職,メンタルヘルスII種;;数値,「記録管理の数値」で押さえる数値の代表数値・条件・記録要件を、横断総合の観点で表に整理します。,記録管理の配分 — 関連制度：就業上の配慮 / 記録・保存：弱点タグ付きノート,"[{""item"": ""確認テーマ"", ""value"": ""記録管理の数値"", ""note"": ""関連制度との境界"", ""nuance"": ""数値"", ""angle"": ""横断総合""}, {""item"": ""数値・条件"", ""value"": ""数値は試験要項・省令で確認"", ""note"": ""類似制度の数値流用に注意"", ""nuance"": ""数値"", ""angle"": ""横断総合""}, {""item"": ""関連制度"", ""value"": ""就業上の配慮"", ""note"": ""横串の比較表と併読"", ""nuance"": ""数値"", ""angle"": ""横断総合""}, {""item"": ""記録・保存"", ""value"": ""弱点タグ付きノート"", ""note"": ""異常時は原因を併記"", ""nuance"": ""数値"", ""angle"": ""横断総合""}, {""item"": ""試験の確認点"", ""value"": ""同型誤答の再演習"", ""note"": ""横断総合の観点で口述"", ""nuance"": ""数値"", ""angle"": ""横断総合""}, {""item"": ""確認テーマ"", ""value"": ""記録管理の目安"", ""note"": ""関連制度との境界"", ""nuance"": ""目安"", ""angle"": ""横断総合""}, {""item"": ""数値・条件"", ""value"": ""目安は試験要項・省令で確認"", ""note"": ""類似制度の数値流用に注意"", ""nuance"": ""目安"", ""angle"": ""横断総合""}, {""item"": ""関連制度"", ""value"": ""就業上の配慮"", ""note"": ""横串の比較表と併読"", ""nuance"": ""目安"", ""angle"": ""横断総合""}, {""item"": ""記録・保存"", ""value"": ""弱点タグ付きノート"", ""note"": ""異常時は原因を併記"", ""nuance"": ""目安"", ""angle"": ""横断総合""}, {""item"": ""試験の確認点"", ""value"": ""同型誤答の再演習"", ""note"": ""横断総合の観点で口述"", ""nuance"": ""目安"", ""angle"": ""横断総合""}, {""item"": ""数値・条件"", ""value"": ""比率は試験要項・省令で確認"", ""note"": ""類似制度の数値流用に注意"", ""nuance"": ""比率"", ""angle"": ""横断総合""}, {""item"": ""関連制度"", ""value"": ""就業上の配慮"", ""note"": ""横串の比較表と併読"", ""nuance"": ""比率"", ""angle"": ""横断総合""}, {""item"": ""記録・保存"", ""value"": ""弱点タグ付きノート"", ""note"": ""異常時は原因を併記"", ""nuance"": ""比率"", ""angle"": ""横断総合""}, {""item"": ""試験の確認点"", ""value"": ""同型誤答の再演習"", ""note"": ""横断総合の観点で口述"", ""nuance"": ""比率"", ""angle"": ""横断総合""}, {""item"": ""確認テーマ"", ""value"": ""記録管理の比率"", ""note"": ""関連制度との境界"", ""nuance"": ""比率"", ""angle"": ""横断総合""}, {""item"": ""数値・条件"", ""value"": ""回数は試験要項・省令で確認"", ""note"": ""類似制度の数値流用に注意"", ""nuance"": ""回数"", ""angle"": ""横断総合""}, {""item"": ""関連制度"", ""value"": ""就業上の配慮"", ""note"": ""横串の比較表と併読"", ""nuance"": ""回数"", ""angle"": ""横断総合""}, {""item"": ""記録・保存"", ""value"": ""弱点タグ付きノート"", ""note"": ""異常時は原因を併記"", ""nuance"": ""回数"", ""angle"": ""横断総合""}, {""item"": ""試験の確認点"", ""value"": ""同型誤答の再演習"", ""note"": ""横断総合の観点で口述"", ""nuance"": ""回数"", ""angle"": ""横断総合""}, {""item"": ""確認テーマ"", ""value"": ""記録管理の回数"", ""note"": ""関連制度との境界"", ""nuance"": ""回数"", ""angle"": ""横断総合""}, {""item"": ""関連制度"", ""value"": ""就業上の配慮"", ""note"": ""横串の比較表と併読"", ""nuance"": ""配分"", ""angle"": ""横断総合""}, {""item"": ""記録・保存"", ""value"": ""弱点タグ付きノート"", ""note"": ""異常時は原因を併記"", ""nuance"": ""配分"", ""angle"": ""横断総合""}, {""item"": ""試験の確認点"", ""value"": ""同型誤答の再演習"", ""note"": ""横断総合の観点で口述"", ""nuance"": ""配分"", ""angle"": ""横断総合""}, {""item"": ""確認テーマ"", ""value"": ""記録管理の配分"", ""note"": ""関連制度との境界"", ""nuance"": ""配分"", ""angle"": ""横断総合""}, {""item"": ""数値・条件"", ""value"": ""配分は試験要項・省令で確認"", ""note"": ""類似制度の数値流用に注意"", ""nuance"": ""配分"", ""angle"": ""横断総合""}]",記録管理の数値｜メンタルヘルスII種,「記録管理の数値」では、数値だけでなく義務主体・実施条件・記録保存まで一体で確認してください。記録管理は関連制度との違いを横断マップにまとめ、直前総仕上げに使ってください。,記録管理と関連制度の違い;横断マップで弱点可視化;直前は誤答型の反復,旧要項・旧数値をそのまま適用;記録管理の主体を固定せずに暗記;就業上の配慮と類似制度を混同,「記録管理＝関連制度と境界線」,就業上の配慮;復職;再発予防,「記録管理」で確認すべき数値・条件は？,記録管理（横断総合）では就業上の配慮に関する数値だけでなく、義務主体・実施条件・記録保存までセットで確認してください。 試験では記録管理と関連制度の違いをセットで確認してください。 誤答では旧要項・旧数値をそのまま適用に注意してください。,「記録管理」の数値暗記のコツは？,「記録管理＝関連制度と境界線」 数値は条文・試験要項の表と照合し、旧要項との差分は更新日付で管理してください。 試験では記録管理と関連制度の違いをセットで確認してください。 誤答では旧要項・旧数値をそのまま適用に注意してください。,「記録管理」の典型誤答は？,旧要項・旧数値をそのまま適用;記録管理の主体を固定せずに暗記;就業上の配慮と類似制度を混同 横断総合では条件文の主語と数値が入れ替わる肢に注意してください。 試験では記録管理と関連制度の違いをセットで確認してください。,「記録管理」の関連資料は？,用語集の「就業上の配慮」、関連法令・試験要項、直近の通知・ガイドラインを照合してください。 直前は本ページの確認表と過去問を往復してください。 試験では記録管理と関連制度の違いをセットで確認してください。
s44-2shu-chokuzen-cycle,二種直前の数値整理（横断総合）,基礎・役割,メンタルヘルスII種;;数値,「二種直前の周期」で押さえる周期の代表数値・条件・記録要件を、横断総合の観点で表に整理します。,二種直前の周期 — 記録・保存：弱点タグ付きノート / 試験の確認点：同型誤答の再演習,"[{""item"": ""記録・保存"", ""value"": ""弱点タグ付きノート"", ""note"": ""異常時は原因を併記"", ""nuance"": ""周期"", ""angle"": ""横断総合""}, {""item"": ""試験の確認点"", ""value"": ""同型誤答の再演習"", ""note"": ""横断総合の観点で口述"", ""nuance"": ""周期"", ""angle"": ""横断総合""}, {""item"": ""確認テーマ"", ""value"": ""二種直前の周期"", ""note"": ""関連制度との境界"", ""nuance"": ""周期"", ""angle"": ""横断総合""}, {""item"": ""数値・条件"", ""value"": ""周期は試験要項・省令で確認"", ""note"": ""類似制度の数値流用に注意"", ""nuance"": ""周期"", ""angle"": ""横断総合""}, {""item"": ""関連制度"", ""value"": ""管理監督者への教育研修・情報提供"", ""note"": ""横串の比較表と併読"", ""nuance"": ""周期"", ""angle"": ""横断総合""}, {""item"": ""確認テーマ"", ""value"": ""二種直前の頻度"", ""note"": ""関連制度との境界"", ""nuance"": ""頻度"", ""angle"": ""横断総合""}, {""item"": ""数値・条件"", ""value"": ""頻度は試験要項・省令で確認"", ""note"": ""類似制度の数値流用に注意"", ""nuance"": ""頻度"", ""angle"": ""横断総合""}, {""item"": ""関連制度"", ""value"": ""管理監督者への教育研修・情報提供"", ""note"": ""横串の比較表と併読"", ""nuance"": ""頻度"", ""angle"": ""横断総合""}, {""item"": ""記録・保存"", ""value"": ""弱点タグ付きノート"", ""note"": ""異常時は原因を併記"", ""nuance"": ""頻度"", ""angle"": ""横断総合""}, {""item"": ""試験の確認点"", ""value"": ""同型誤答の再演習"", ""note"": ""横断総合の観点で口述"", ""nuance"": ""頻度"", ""angle"": ""横断総合""}, {""item"": ""数値・条件"", ""value"": ""時間は試験要項・省令で確認"", ""note"": ""類似制度の数値流用に注意"", ""nuance"": ""時間"", ""angle"": ""横断総合""}, {""item"": ""関連制度"", ""value"": ""管理監督者への教育研修・情報提供"", ""note"": ""横串の比較表と併読"", ""nuance"": ""時間"", ""angle"": ""横断総合""}, {""item"": ""記録・保存"", ""value"": ""弱点タグ付きノート"", ""note"": ""異常時は原因を併記"", ""nuance"": ""時間"", ""angle"": ""横断総合""}, {""item"": ""試験の確認点"", ""value"": ""同型誤答の再演習"", ""note"": ""横断総合の観点で口述"", ""nuance"": ""時間"", ""angle"": ""横断総合""}, {""item"": ""確認テーマ"", ""value"": ""二種直前の時間"", ""note"": ""関連制度との境界"", ""nuance"": ""時間"", ""angle"": ""横断総合""}, {""item"": ""数値・条件"", ""value"": ""基準は試験要項・省令で確認"", ""note"": ""類似制度の数値流用に注意"", ""nuance"": ""kijun"", ""angle"": ""横断総合""}, {""item"": ""関連制度"", ""value"": ""管理監督者への教育研修・情報提供"", ""note"": ""横串の比較表と併読"", ""nuance"": ""kijun"", ""angle"": ""横断総合""}, {""item"": ""記録・保存"", ""value"": ""弱点タグ付きノート"", ""note"": ""異常時は原因を併記"", ""nuance"": ""kijun"", ""angle"": ""横断総合""}, {""item"": ""試験の確認点"", ""value"": ""同型誤答の再演習"", ""note"": ""横断総合の観点で口述"", ""nuance"": ""kijun"", ""angle"": ""横断総合""}, {""item"": ""確認テーマ"", ""value"": ""二種直前の基準"", ""note"": ""関連制度との境界"", ""nuance"": ""kijun"", ""angle"": ""横断総合""}, {""item"": ""記録・保存"", ""value"": ""弱点タグ付きノート"", ""note"": ""異常時は原因を併記"", ""nuance"": ""確認"", ""angle"": ""横断総合""}, {""item"": ""試験の確認点"", ""value"": ""同型誤答の再演習"", ""note"": ""横断総合の観点で口述"", ""nuance"": ""確認"", ""angle"": ""横断総合""}, {""item"": ""確認テーマ"", ""value"": ""二種直前の確認"", ""note"": ""関連制度との境界"", ""nuance"": ""確認"", ""angle"": ""横断総合""}, {""item"": ""数値・条件"", ""value"": ""確認は試験要項・省令で確認"", ""note"": ""類似制度の数値流用に注意"", ""nuance"": ""確認"", ""angle"": ""横断総合""}, {""item"": ""関連制度"", ""value"": ""管理監督者への教育研修・情報提供"", ""note"": ""横串の比較表と併読"", ""nuance"": ""確認"", ""angle"": ""横断総合""}]",二種直前の周期｜メンタルヘルスII種,「二種直前の周期」では、数値だけでなく義務主体・実施条件・記録保存まで一体で確認してください。二種直前は関連制度との違いを横断マップにまとめ、直前総仕上げに使ってください。,横断マップで弱点可視化;直前は誤答型の反復;二種直前と関連制度の違い,旧要項・旧数値をそのまま適用;二種直前の主体を固定せずに暗記;管理監督者への教育研修・情報提供と類似制度を混同,「二種直前＝関連制度と境界線」,管理監督者への教育研修・情報提供;メンタルヘルス不調の定義;保健師,「二種直前」で確認すべき数値・条件は？,二種直前（横断総合）では管理監督者への教育研修・情報提供に関する数値だけでなく、義務主体・実施条件・記録保存までセットで確認してください。 試験では横断マップで弱点可視化をセットで確認してください。 誤答では旧要項・旧数値をそのまま適用に注意してください。,「二種直前」の数値暗記のコツは？,「二種直前＝関連制度と境界線」 数値は条文・試験要項の表と照合し、旧要項との差分は更新日付で管理してください。 試験では横断マップで弱点可視化をセットで確認してください。 誤答では旧要項・旧数値をそのまま適用に注意してください。,「二種直前」の典型誤答は？,旧要項・旧数値をそのまま適用;二種直前の主体を固定せずに暗記;管理監督者への教育研修・情報提供と類似制度を混同 横断総合では条件文の主語と数値が入れ替わる肢に注意してください。 試験では横断マップで弱点可視化をセットで確認してください。,「二種直前」の関連資料は？,用語集の「管理監督者への教育研修・情報提供」、関連法令・試験要項、直近の通知・ガイドラインを照合してください。 直前は本ページの確認表と過去問を往復してください。 試験では横断マップで弱点可視化をセットで確認してください。
